date,RiskScore,Regime,MRDI_Short,MRDI_Long,MA20_MRDI,MA60_MRDI
2005-01-03,,,,,,
2005-01-04,,,,,,
2005-01-05,,,,,,
2005-01-06,,,,,,
2005-01-07,,,,,,
2005-01-10,,,,,,
2005-01-11,,,,,,
2005-01-12,,,,,,
2005-01-13,,,,,,
2005-01-14,,,,,,
2005-01-19,,,,,,
2005-01-20,,,,,,
2005-01-21,,,,,,
2005-01-24,,,,,,
2005-01-25,,,,,,
2005-01-26,,,,,,
2005-01-27,,,,,,
2005-01-28,,,,,,
2005-01-31,,,,,,
2005-02-01,,,,,,
2005-02-02,,,,,,
2005-02-03,,,,,,
2005-02-04,,,,,,
2005-02-07,,,,,,
2005-02-08,,,,,,
2005-02-09,,,,,,
2005-02-10,,,,,,
2005-02-11,,,,,,
2005-02-14,,,,,,
2005-02-15,,,,,,
2005-02-16,,,,,,
2005-02-17,,,,,,
2005-02-18,,,,,,
2005-02-23,,,,,,
2005-02-24,,,,,,
2005-02-25,,,,,,
2005-02-28,,,,,,
2005-03-01,,,,,,
2005-03-02,,,,,,
2005-03-03,,,,,,
2005-03-04,,,,,,
2005-03-07,,,,,,
2005-03-08,,,,,,
2005-03-09,,,,,,
2005-03-10,,,,,,
2005-03-11,,,,,,
2005-03-14,,,,,,
2005-03-15,,,,,,
2005-03-16,,,,,,
2005-03-17,,,,,,
2005-03-18,,,,,,
2005-03-21,,,,,,
2005-03-22,,,,,,
2005-03-23,,,,,,
2005-03-24,,,,,,
2005-03-29,,,,,,
2005-03-30,,,,,,
2005-03-31,,,,,,
2005-04-01,,,,,,
2005-04-04,,,,,,
2005-04-05,,,1.3193514761103713,,,
2005-04-06,,,2.0263450882832643,,,
2005-04-07,,,2.70819137978911,,,
2005-04-08,,,2.6301795536750894,,,
2005-04-11,,,2.536788858073594,,,
2005-04-12,,,2.4232674379978376,,,
2005-04-13,,,5.175333440778557,,,
2005-04-14,,,3.531874843941513,,,
2005-04-15,,,5.523925319055384,,,
2005-04-18,,,2.7616426949313584,,,
2005-04-19,,,3.391696410634189,,,
2005-04-20,,,2.991574222987705,,,
2005-04-21,,,4.4934463595942455,,,
2005-04-22,,,2.9496136553490335,,,
2005-04-25,,,1.6200621981335928,,,
2005-04-26,,,2.378625731324115,,,
2005-04-27,,,2.596902766039696,,,
2005-04-28,,,2.7714724850658365,,,
2005-04-29,,,3.8879555360950473,,,
2005-05-02,,,2.039898727829164,,,
2005-05-03,,,1.9461736093975395,,,
2005-05-04,,,3.731606354915226,,,
2005-05-05,,,1.2999738731038197,,,
2005-05-06,,,3.040062613877256,,,
2005-05-09,,,1.994759235642863,,,
2005-05-10,,,2.2274637197702343,,,
2005-05-11,,,1.2264714157896937,,,
2005-05-12,,,3.4496926399603915,,,
2005-05-13,,,3.710914961825762,,,
2005-05-16,,,2.2515353350514125,,,
2005-05-17,,,2.013856934542119,,,
2005-05-18,,,2.4801393460595,,,
2005-05-19,,,1.9307160157718528,,,
2005-05-20,,,1.7783317110366066,,,
2005-05-23,,,1.8625714267157611,,,
2005-05-24,,,1.4897885726449511,,,
2005-05-25,,,1.9977172903772593,,,
2005-05-26,,,1.5601245087274955,,,
2005-05-27,,,0.9754851256616244,,,
2005-06-01,,,4.6585957594372385,,,
2005-06-02,,,2.7872698864274374,,,
2005-06-03,,,3.188461939529517,,,
2005-06-06,,,2.0574170675621235,,,
2005-06-07,,,2.404914279349756,,,
2005-06-08,,,1.9015940975561991,,,
2005-06-09,,,1.5345140339015506,,,
2005-06-10,,,5.220570063699756,,,
2005-06-13,,,2.3868462254654945,,,
2005-06-14,,,2.126381113495337,,,
2005-06-15,,,0.8477273635327615,,,
2005-06-16,,,3.2787355071011444,,,
2005-06-17,,,2.0521145736341047,,,
2005-06-20,,,1.7601430951892045,,,
2005-06-21,,,2.5804725240704682,,,
2005-06-22,,,2.4694004253024433,,,
2005-06-23,,,2.923786904352537,,,
2005-06-24,,,2.7347193998083323,,,
2005-06-27,,,1.2529778969733474,,,
2005-06-28,,,3.093803932794498,,,
2005-06-29,,,1.8564593551004405,,,
2005-06-30,,,2.254200076808419,,,
2005-07-01,,,4.145237623891849,,,
2005-07-06,,,3.2047928625195183,,,
2005-07-07,,,1.6367711659634236,,,
2005-07-08,,,3.0568372495443823,,,
2005-07-11,,,2.0520048814333376,,,
2005-07-12,,,2.4799379738454923,,,
2005-07-13,,,2.1926039763693557,,,
2005-07-14,,,2.4892567809395274,,,
2005-07-15,,,1.299461988642926,,,
2005-07-18,,,2.3706410264291633,,,
2005-07-19,,,2.67029948989652,,,
2005-07-20,,,1.9595246257570158,,,
2005-07-21,,,6.559070860720034,,,
2005-07-22,,,2.758239747728295,,,
2005-07-25,,,1.8319513043486986,,,
2005-07-26,,,1.702450789514514,,,
2005-07-27,,,1.682397597801191,,,
2005-07-28,,,2.7394874851732336,,,
2005-07-29,,,3.4967684035692326,,,
2005-08-01,,,2.5107440821155347,,,
2005-08-02,,,2.366220188997293,,,
2005-08-03,,,1.8401347845502638,,,
2005-08-04,,,2.276798046435099,,,
2005-08-05,,,2.7364464833569317,,,
2005-08-08,,,2.308833039653473,,,
2005-08-09,,,2.0567746014730948,,,
2005-08-10,,,2.89147091492254,,,
2005-08-11,,,3.8091684481920813,,,
2005-08-12,,,3.025466033280065,,,
2005-08-15,,,1.9651764291667264,,,
2005-08-16,,,3.756610247512625,,,
2005-08-17,,,2.810498856082267,,,
2005-08-18,,,2.115343220995615,,,
2005-08-19,,,1.2083966911315038,,,
2005-08-22,,,1.54884332772025,,,
2005-08-23,,,1.5885889084884668,,,
2005-08-24,,,2.131717888610592,,,
2005-08-25,,,1.0855572539031129,,,
2005-08-26,,,2.117330638859132,,,
2005-08-29,,,1.7360078656068791,,,
2005-08-30,,,3.4443316023774306,,,
2005-08-31,,,3.1280139447879267,,,
2005-09-01,,,3.829605521293732,,,
2005-09-02,,,1.3513340378634058,,,
2005-09-07,,,4.462562486333143,,,
2005-09-08,,,1.980472654412483,,,
2005-09-09,,,2.781642554572798,,,
2005-09-12,,,2.5486944734036774,,,
2005-09-13,,,2.7328680778226784,,,
2005-09-14,,,2.9201937979703274,,,
2005-09-15,,,3.115950899682603,,,
2005-09-16,,,3.8690523047951535,,,
2005-09-19,,,2.244561259365907,,,
2005-09-20,,,1.9212860640949339,,,
2005-09-21,,,3.4379342472588257,,,
2005-09-22,,,3.2769584592626444,,,
2005-09-23,,,2.3292804924618795,,,
2005-09-26,,,1.5254098328015935,,,
2005-09-27,,,2.066854126482489,,,
2005-09-28,,,1.935738934153479,,,
2005-09-29,,,2.5771806060370563,,,
2005-09-30,,,1.829328013692575,,,
2005-10-03,,,2.703528987494592,,,
2005-10-04,,,2.0964534316438477,,,
2005-10-05,,,3.2100255692278643,,,
2005-10-06,,,3.7497392747377374,,,
2005-10-07,,,1.8516836935561614,,,
2005-10-10,,,1.6969318603196122,,,
2005-10-11,,,2.6431821194370935,,,
2005-10-12,,,3.8001556079140215,,,
2005-10-13,,,2.1825905147730897,,,
2005-10-14,,,2.8199419003755146,,,
2005-10-17,,,3.0092402087252523,,,
2005-10-18,,,2.255210198573631,,,
2005-10-19,,,3.9683026082757102,,,
2005-10-20,,,4.973442163575499,,,
2005-10-21,,,4.35853975894348,,,
2005-10-24,,,3.249974609245514,,,
2005-10-25,,,2.9169468475870652,,,
2005-10-26,,,2.438485123142112,,,
2005-10-27,,,3.0076824866664453,,,
2005-10-28,,,3.8272313167119183,,,
2005-10-31,,,5.416385324943088,,,
2005-11-01,,,2.498857954207803,,,
2005-11-02,,,2.7301230374451,,,
2005-11-03,,,2.7621866323705118,,,
2005-11-04,,,2.1413661639994923,,,
2005-11-07,,,2.3071117583315854,,,
2005-11-08,,,2.401043855587579,,,
2005-11-09,,,2.7321647682870434,,,
2005-11-10,,,3.414455984766449,,,
2005-11-11,,,1.1159954809830106,,,
2005-11-14,,,2.310164491654724,,,
2005-11-15,,,1.9988588066354043,,,
2005-11-16,,,4.118540419240578,,,
2005-11-17,,,3.108731787571798,,,
2005-11-18,,,1.2021048491721873,,,
2005-11-21,,,2.092724039937973,,,
2005-11-22,,,1.6073804655834898,,,
2005-11-23,,,2.225781536142215,,,
2005-11-28,,,3.058060207010489,,,
2005-11-29,,,2.4856779280429033,,,
2005-11-30,,,3.195589674802714,,,
2005-12-01,,,3.6568241534176584,,,
2005-12-02,,,1.5729443467271862,,,
2005-12-05,,,2.204236369789683,,,
2005-12-06,,,2.1878364508661243,,,
2005-12-07,,,1.717591921113416,,,
2005-12-08,,,2.783115085336143,,,
2005-12-09,,,2.153571051715954,,,
2005-12-12,,,2.4471388266459653,,,
2005-12-13,,,2.9416417274237907,,,
2005-12-14,,,7.016191059858619,,,
2005-12-15,,,3.0806620434097494,,,
2005-12-16,,,1.8308934178391536,,,
2005-12-19,,,2.860193861109689,,,
2005-12-20,,,3.6942410542802504,,,
2005-12-21,,,1.0114472350225288,,,
2005-12-22,,,2.6019509570209265,,,
2005-12-23,,,1.4588029730585612,,,
2005-12-28,,,4.262304233990911,,,
2005-12-29,,,1.1969902358088593,,,
2005-12-30,,,1.3635642095867109,,,
2006-01-04,,,6.872648830906266,,,
2006-01-05,,,2.3222736997328473,,,
2006-01-06,,,4.145643004925968,,,
2006-01-09,,,1.7255212199924357,,,
2006-01-10,,,1.996912711415742,,,
2006-01-11,,,1.4644612810003423,,,
2006-01-12,,,2.098335205297079,,,
2006-01-13,,,2.0672014338546076,,,
2006-01-18,,,3.7572495780899224,,,
2006-01-19,,,2.6262418262014307,,,
2006-01-20,,,4.689564070280446,,,
2006-01-23,,,1.7962019736181847,,,
2006-01-24,,,1.7963386001792414,,,
2006-01-25,,,2.8386054418744724,,,
2006-01-26,,,2.121101979876781,,,
2006-01-27,,,2.992024190463731,,,
2006-01-30,,,1.8874396055905915,,,
2006-01-31,,,1.5778942191079628,,,
2006-02-01,,,2.4475382284926877,,,
2006-02-02,,,2.2836395367552687,,,
2006-02-03,,,2.807147383185403,,,
2006-02-06,,,1.155549728351335,,,
2006-02-07,,,4.802496185800267,,,
2006-02-08,,,2.263560974983078,,,
2006-02-09,,,3.2768565062466446,,,
2006-02-10,,,2.9605418562715156,,,
2006-02-13,,,2.2229947353893746,,,
2006-02-14,,,2.5579885793365476,,,
2006-02-15,,,2.4199705525745325,,,
2006-02-16,,,1.7079147723434027,,,
2006-02-17,,,2.361081320991471,,,
2006-02-22,,,1.7618560128821792,,,
2006-02-23,,,3.078314559084121,,,
2006-02-24,,,2.0306797713545026,,,
2006-02-27,,,2.3881975132398394,,,
2006-02-28,,,2.7694396665740264,,,
2006-03-01,,,2.3483594834038137,,,
2006-03-02,,,2.137590287163524,,,
2006-03-03,,,1.8613308242023339,,,
2006-03-06,,,3.1999050117730543,,,
2006-03-07,,,2.025224675994352,,,
2006-03-08,,,1.6984139652780863,,,
2006-03-09,,,1.3172052594446246,,,
2006-03-10,,,2.8708244861278476,,,
2006-03-13,,,1.6057646546356903,,,
2006-03-14,,,3.2432346812625927,,,
2006-03-15,,,3.1862445871201426,,,
2006-03-16,,,3.546110574131571,,,
2006-03-17,,,1.8281111936995915,,,
2006-03-20,,,2.098102779075916,,,
2006-03-21,,,2.626668150584759,,,
2006-03-22,,,1.8397413060997725,,,
2006-03-23,,,1.9411513004615901,,,
2006-03-24,,,2.4034649044926475,,,
2006-03-27,,,2.037208927254959,,,
2006-03-28,,,3.1860006212743985,,,
2006-03-29,,,2.468567758829234,,,
2006-03-30,,,3.4535088590768965,,,
2006-03-31,,,1.9468243689016218,,,
2006-04-03,,,1.6127472670030598,,,
2006-04-04,,,1.5271313771842427,,,
2006-04-05,,,1.9391173244896944,,,
2006-04-06,,,2.1994999066886693,,,
2006-04-07,,,2.9106319484686147,,,
2006-04-10,,,1.7762500249983235,,,
2006-04-11,,,2.1636908720100205,,,
2006-04-12,,,1.6274895060527808,,,
2006-04-13,,,1.558601878801556,,,
2006-04-18,,,4.902145145055861,,,
2006-04-19,,,2.759015979310657,,,
2006-04-20,,,4.09343557347572,,,
2006-04-21,,,4.12834220570102,,,
2006-04-24,,,4.101638346932232,,,
2006-04-25,,,3.0070182690926455,,,
2006-04-26,,,2.2378357671820615,,,
2006-04-27,,,2.1909121854501037,,,
2006-04-28,,,3.8126070405319843,,,
2006-05-01,,,3.2532566472934343,,,
2006-05-02,,,1.8421780178419316,,,
2006-05-03,,,1.5459988318240403,,,
2006-05-04,,,1.6912253178200842,,,
2006-05-05,,,2.9120263825465553,,,
2006-05-08,,,1.9676376481759872,,,
2006-05-09,,,2.9327901729213854,,,
2006-05-10,,,2.1082205134802545,,,
2006-05-11,,,4.0370688526661045,,,
2006-05-12,,,4.144653559042523,,,
2006-05-15,,,4.825968906028753,,,
2006-05-16,,,2.739273157040145,,,
2006-05-17,,,6.242462114180484,,,
2006-05-18,,,4.22980601437399,,,
2006-05-19,,,3.223809127586694,,,
2006-05-22,,,1.570065148981216,,,
2006-05-23,,,2.3536097997606977,,,
2006-05-24,,,3.3589248078508116,,,
2006-05-25,,,3.45065800581501,,,
2006-05-26,,,3.0869327204102373,,,
2006-05-31,,,3.7448471210394207,,,
2006-06-01,,,4.303090486337572,,,
2006-06-02,,,3.5137562490383143,,,
2006-06-05,,,3.5866474748513633,,,
2006-06-06,,,2.6562802195016904,,,
2006-06-07,,,1.6030842459900267,,,
2006-06-08,,,2.292042364209579,,,
2006-06-09,,,2.1799924393371115,,,
2006-06-12,,,3.037736162673266,,,
2006-06-13,,,4.570445391374841,,,
2006-06-14,,,3.8968140496185906,,,
2006-06-15,,,4.737100498454077,,,
2006-06-16,,,2.1554484482937615,,,
2006-06-19,,,1.8383493969762186,,,
2006-06-20,,,1.9761279796445277,,,
2006-06-21,,,2.2280504420302236,,,
2006-06-22,,,2.7642158972527606,,,
2006-06-23,,,1.1630469978943405,,,
2006-06-26,,,1.2989642918634765,,,
2006-06-27,,,2.5862238412868006,,,
2006-06-28,,,1.496711845011651,,,
2006-06-29,,,3.9393082731279376,,,
2006-06-30,,,2.9437569055509565,,,
2006-07-03,,,2.178741545758723,,,
2006-07-06,,,3.5124032714194526,,,
2006-07-07,,,3.6935301955583326,,,
2006-07-10,,,1.8597480174994163,,,
2006-07-11,,,2.192796055291873,,,
2006-07-12,,,2.770625753894911,,,
2006-07-13,,,3.65302392339725,,,
2006-07-14,,,2.3311362788588785,,,
2006-07-17,,,2.3295708030696307,,,
2006-07-18,,,2.335251709806247,,,
2006-07-19,,,3.6475557228737907,,,
2006-07-20,,,2.617256667290186,,,
2006-07-21,,,2.1913303546095864,,,
2006-07-24,,,2.891591280763433,,,
2006-07-25,,,1.5890593635489894,,,
2006-07-26,,,1.5173188114254161,,,
2006-07-27,,,1.7177641189123736,,,
2006-07-28,,,3.1183768536231065,,,
2006-07-31,,,1.088280388259214,,,
2006-08-01,,,2.2650267224736442,,,
2006-08-02,,,1.527314489869824,,,
2006-08-03,,,1.5687420932758966,,,
2006-08-04,,,1.624846811439808,,,
2006-08-07,,,1.7219166208360515,,,
2006-08-08,,,1.529567013808225,,,
2006-08-09,,,2.758802230887989,,,
2006-08-10,,,1.9300353963110264,,,
2006-08-11,,,2.2167019272226693,,,
2006-08-14,,,1.6788837928598317,,,
2006-08-15,,,3.2194434662324474,,,
2006-08-16,,,2.948116107229177,,,
2006-08-17,,,1.5398021259189714,,,
2006-08-18,,,1.228993311386182,,,
2006-08-21,,,1.931573125288089,,,
2006-08-22,,,0.9812450394274975,,,
2006-08-23,,,1.0667791626777616,,,
2006-08-24,,,0.6524356670856353,,,
2006-08-25,,,1.8847793898401028,,,
2006-08-28,,,1.750840701480597,,,
2006-08-29,,,1.3925191717352998,,,
2006-08-30,,,1.525684898589596,,,
2006-08-31,,,1.85925350027606,,,
2006-09-01,,,1.3551335066164711,,,
2006-09-06,,,4.854861347788955,,,
2006-09-07,,,2.2456537462168686,,,
2006-09-08,,,1.869009817681326,,,
2006-09-11,,,2.8116590211091284,,,
2006-09-12,,,2.447798505216324,,,
2006-09-13,,,1.1724394250307801,,,
2006-09-14,,,2.158463100704163,,,
2006-09-15,,,1.1972479463072396,,,
2006-09-18,,,1.6213846504426483,,,
2006-09-19,,,3.9750820214866702,,,
2006-09-20,,,1.62736217986385,,,
2006-09-21,,,3.561613022407034,,,
2006-09-22,,,2.3816707987442745,,,
2006-09-25,,,2.205896781614517,,,
2006-09-26,,,2.3134018717953126,,,
2006-09-27,,,1.9513891906399625,,,
2006-09-28,,,1.6755993410403864,,,
2006-09-29,,,0.9741755574267975,,,
2006-10-02,,,2.1452928794221737,,,
2006-10-03,,,2.8684349036536103,,,
2006-10-04,,,3.266034551013821,,,
2006-10-05,,,2.894735347527281,,,
2006-10-06,,,3.810203648538878,,,
2006-10-09,,,1.4666987825607187,,,
2006-10-10,,,2.2833445147324856,,,
2006-10-11,,,1.494607242781417,,,
2006-10-12,,,2.1781851120442943,,,
2006-10-13,,,2.4617529095761848,,,
2006-10-16,,,2.1762548485251636,,,
2006-10-17,,,2.240269171487774,,,
2006-10-18,,,2.3237967742854653,,,
2006-10-19,,,3.165666913363035,,,
2006-10-20,,,1.6646765749090993,,,
2006-10-23,,,4.592148096931341,,,
2006-10-24,,,2.1727763503305297,,,
2006-10-25,,,2.294048683925382,,,
2006-10-26,,,2.1109152209880078,,,
2006-10-27,,,3.6339938562911676,,,
2006-10-30,,,2.29550646006915,,,
2006-10-31,,,2.3646460162682255,,,
2006-11-01,,,3.7855489580369968,,,
2006-11-02,,,1.976372361776882,,,
2006-11-03,,,4.0359227011553855,,,
2006-11-06,,,3.217476621178965,,,
2006-11-07,,,1.9191800065410374,,,
2006-11-08,,,1.6838406675679314,,,
2006-11-09,,,3.0336881351222877,,,
2006-11-10,,,1.7900342064336752,,,
2006-11-13,,,1.7763474673674253,,,
2006-11-14,,,1.76019799193824,,,
2006-11-15,,,1.6138090014801416,,,
2006-11-16,,,1.719160586867396,,,
2006-11-17,,,2.3642590812972246,,,
2006-11-20,,,2.0391728568870624,,,
2006-11-21,,,1.0300592016804573,,,
2006-11-22,,,3.020429400218403,,,
2006-11-27,,,6.395517295654381,,,
2006-11-28,,,1.841848821729886,,,
2006-11-29,,,2.295264969824142,,,
2006-11-30,,,2.3006190048080613,,,
2006-12-01,,,2.184853130984388,,,
2006-12-04,,,1.9347912196016261,,,
2006-12-05,,,2.8031360646809746,,,
2006-12-06,,,2.335175296619218,,,
2006-12-07,,,3.351425579044251,,,
2006-12-08,,,2.8564225391342135,,,
2006-12-11,,,3.834679215363043,,,
2006-12-12,,,1.460219800994252,,,
2006-12-13,,,2.641402565775367,,,
2006-12-14,,,2.1324005560136174,,,
2006-12-15,,,2.0590690416737023,,,
2006-12-18,,,1.990512830315148,,,
2006-12-19,,,2.1259440764181594,,,
2006-12-20,,,1.3299653938469471,,,
2006-12-21,,,2.0444645551985907,,,
2006-12-22,,,3.290607390348995,,,
2006-12-27,,,4.168236772145129,,,
2006-12-28,,,1.6463186118357453,,,
2006-12-29,,,2.128823489598839,,,
2007-01-04,,,5.819491439444451,,,
2007-01-05,,,4.139401110907044,,,
2007-01-08,,,1.278291556700528,,,
2007-01-09,,,2.135103686939416,,,
2007-01-10,,,2.2179295380906,,,
2007-01-11,,,2.219908211429598,,,
2007-01-12,,,3.0348422341799752,,,
2007-01-17,,,2.6798215607223805,,,
2007-01-18,,,4.1013420787981,,,
2007-01-19,,,1.870529429971509,,,
2007-01-22,,,2.3699128960358014,,,
2007-01-23,,,2.947212049155453,,,
2007-01-24,,,2.9624823216936953,,,
2007-01-25,,,3.9109345980922665,,,
2007-01-26,,,1.5166966681875138,,,
2007-01-29,,,1.4581336641409606,,,
2007-01-30,,,1.7834376929749525,,,
2007-01-31,,,3.16973747325519,,,
2007-02-01,,,1.6197760100992602,,,
2007-02-02,,,2.096362903175443,,,
2007-02-05,,,2.5027716443404184,,,
2007-02-06,,,1.552558441308892,,,
2007-02-07,,,2.32027098561295,,,
2007-02-08,,,2.4508075784175793,,,
2007-02-09,,,2.5608179641419775,,,
2007-02-12,,,1.4126195948755635,,,
2007-02-13,,,3.3681171817205247,,,
2007-02-14,,,3.6608555836102754,,,
2007-02-15,,,2.2000032383989856,,,
2007-02-16,,,1.571435401878981,,,
2007-02-21,,,5.324173149602818,,,
2007-02-22,,,2.3818558371676684,,,
2007-02-23,,,2.0308789257966553,,,
2007-02-26,,,1.892214012323248,,,
2007-02-27,,,13.400255160235464,,,
2007-02-28,,,2.2313342772827314,,,
2007-03-01,,,2.2147092861318947,,,
2007-03-02,,,3.2679104316879997,,,
2007-03-05,,,3.3469611612656127,,,
2007-03-06,,,3.1296258923814464,,,
2007-03-07,,,2.281497571520446,,,
2007-03-08,,,2.454924012272844,,,
2007-03-09,,,2.715688150988789,,,
2007-03-12,,,1.7401953141647122,,,
2007-03-13,,,3.852056839317748,,,
2007-03-14,,,2.2282598965672973,,,
2007-03-15,,,1.245969206099764,,,
2007-03-16,,,1.621303135059856,,,
2007-03-19,,,1.9624917649590836,,,
2007-03-20,,,1.6726656026318778,,,
2007-03-21,,,3.0623882190023552,,,
2007-03-22,,,2.4572743575322513,,,
2007-03-23,,,1.5857343152552974,,,
2007-03-26,,,1.4601353683738185,,,
2007-03-27,,,1.5523582304520416,,,
2007-03-28,,,2.104969313917396,,,
2007-03-29,,,2.1378236704840288,,,
2007-03-30,,,0.9934821595515817,,,
2007-04-02,,,0.6871971098058579,,,
2007-04-03,,,2.1907872351223556,,,
2007-04-04,,,1.4528181858315066,,,
2007-04-05,,,1.310282970500337,,,
2007-04-10,,,1.4394799168394485,,,
2007-04-11,,,1.487543059754924,,,
2007-04-12,,,1.4769109563385316,,,
2007-04-13,,,1.2783698271684674,,,
2007-04-16,,,2.5648462174132844,,,
2007-04-17,,,2.018802059817631,,,
2007-04-18,,,1.6171979248437776,,,
2007-04-19,,,1.917610608771367,,,
2007-04-20,,,2.42774994378412,,,
2007-04-23,,,1.355424114102601,,,
2007-04-24,,,1.6794315556043282,,,
2007-04-25,,,2.567144184879171,,,
2007-04-26,,,2.98836144382396,,,
2007-04-27,,,1.283629126424447,,,
2007-04-30,,,3.3000564367940792,,,
2007-05-01,,,1.7833285415148024,,,
2007-05-02,,,1.4558324009882915,,,
2007-05-03,,,1.637899509951787,,,
2007-05-04,,,1.5168404822042183,,,
2007-05-07,,,1.120332566727365,,,
2007-05-08,,,1.2286652983026305,,,
2007-05-09,,,1.5669630260025127,,,
2007-05-10,,,3.146837567252897,,,
2007-05-11,,,1.6423049445733129,,,
2007-05-14,,,1.8807318636777137,,,
2007-05-15,,,2.241050631121161,,,
2007-05-16,,,2.694008499225895,,,
2007-05-17,,,2.0324081650249974,,,
2007-05-18,,,2.356079885596322,,,
2007-05-21,,,2.205549431438136,,,
2007-05-22,,,1.8616271987983724,,,
2007-05-23,,,1.5293127755757296,,,
2007-05-24,,,2.1778549769945306,,,
2007-05-25,,,1.254931696698997,,,
2007-05-30,,,3.7492110093752746,,,
2007-05-31,,,2.2565819373850937,,,
2007-06-01,,,2.7643523688959255,,,
2007-06-04,,,1.7275115604319433,,,
2007-06-05,,,2.9094463914783613,,,
2007-06-06,,,2.276751016379096,,,
2007-06-07,,,6.433167069071236,,,
2007-06-08,,,3.604175502723513,,,
2007-06-11,,,1.3628028036786035,,,
2007-06-12,,,4.472749816732387,,,
2007-06-13,,,4.264516058231674,,,
2007-06-14,,,1.4971514324126525,,,
2007-06-15,,,2.8781740802591176,,,
2007-06-18,,,3.1310516102819568,,,
2007-06-19,,,2.9150401388894336,,,
2007-06-20,,,3.256789505763331,,,
2007-06-21,,,1.6704110358337638,,,
2007-06-22,,,4.210394901172841,,,
2007-06-25,,,2.3648900505713955,,,
2007-06-26,,,4.1156837256383065,,,
2007-06-27,,,4.176990191258976,,,
2007-06-28,,,2.4575455034372404,,,
2007-06-29,,,2.895792831708148,,,
2007-07-02,,,4.149909874383247,,,
2007-07-03,,,1.5158620217410623,,,
2007-07-06,,,4.273226178904956,,,
2007-07-09,,,1.5721016183272,,,
2007-07-10,,,6.416169238586155,,,
2007-07-11,,,2.6866422219067974,,,
2007-07-12,,,4.017255576458438,,,
2007-07-13,,,1.9488969030476548,,,
2007-07-16,,,2.2299154465979774,,,
2007-07-17,,,1.713914277391497,,,
2007-07-18,,,3.0851427328779626,,,
2007-07-19,,,1.5825260793770506,,,
2007-07-20,,,3.2570399822853586,,,
2007-07-23,,,1.979399891378479,,,
2007-07-24,,,3.3667155075637436,,,
2007-07-25,,,2.178731252022729,,,
2007-07-26,,,6.459225349297003,,,
2007-07-27,,,4.297068044224918,,,
2007-07-30,,,2.5276992164707375,,,
2007-07-31,,,3.1534269453180848,,,
2007-08-01,,,3.090712929507562,,,
2007-08-02,,,2.169263093562285,,,
2007-08-03,,,4.224438513446024,,,
2007-08-06,,,3.840726447738851,,,
2007-08-07,,,1.4259462112325736,,,
2007-08-08,,,3.6631612604756,,,
2007-08-09,,,4.55372317802077,,,
2007-08-10,,,3.587226003194057,,,
2007-08-13,,,2.404538979321362,,,
2007-08-14,,,3.016332996291836,,,
2007-08-15,,,3.154519309215918,,,
2007-08-16,,,6.659045706925664,,,
2007-08-17,,,3.8604792410580173,,,
2007-08-20,,,3.0554065031284128,,,
2007-08-21,,,2.518625137283831,,,
2007-08-22,,,2.637788744177214,,,
2007-08-23,,,1.9896616476870024,,,
2007-08-24,,,2.240599070361473,,,
2007-08-27,,,1.5395932397859233,,,
2007-08-28,,,2.649386602100667,,,
2007-08-29,,,3.6394733478603047,,,
2007-08-30,,,2.431996213763954,,,
2007-08-31,,,2.385298601696108,,,
2007-09-05,,,3.1606218754685345,,,
2007-09-06,,,2.779381781390996,,,
2007-09-07,,,3.5100040918011026,,,
2007-09-10,,,1.5698471722561105,,,
2007-09-11,,,1.8700923513223842,,,
2007-09-12,,,2.0323379761550036,,,
2007-09-13,,,2.687547290618488,,,
2007-09-14,,,1.8409508594289858,,,
2007-09-17,,,2.578999240322096,,,
2007-09-18,,,3.8151094075668266,,,
2007-09-19,,,2.1309010718837547,,,
2007-09-20,,,7.238916437846574,,,
2007-09-21,,,2.8682986449942476,,,
2007-09-24,,,1.6733066730788213,,,
2007-09-25,,,2.0411571431904374,,,
2007-09-26,,,1.8195314784909202,,,
2007-09-27,,,1.711948845462417,,,
2007-09-28,,,1.814172663624977,,,
2007-10-01,,,2.7581739698878103,,,
2007-10-02,,,3.0943851862649545,,,
2007-10-03,,,2.68514769519806,,,
2007-10-04,,,1.6137882538437385,,,
2007-10-05,,,3.572956874879931,,,
2007-10-08,,,2.422547776377314,,,
2007-10-09,,,1.630473538091996,,,
2007-10-10,,,1.6860660758117292,,,
2007-10-11,,,3.1325676199972476,,,
2007-10-12,,,2.2214570220548664,,,
2007-10-15,,,1.433329151109544,,,
2007-10-16,,,0.7055774710723794,,,
2007-10-17,,,3.4501318978651803,,,
2007-10-18,,,3.002266309475124,,,
2007-10-19,,,3.481277544348418,,,
2007-10-22,,,2.406202833644356,,,
2007-10-23,,,2.134036080516041,,,
2007-10-24,,,2.3048525450700184,,,
2007-10-25,,,2.4078037278649242,,,
2007-10-26,,,2.6542616788108657,,,
2007-10-29,,,1.4460617347300906,,,
2007-10-30,,,2.013419228818451,,,
2007-10-31,,,2.5720145896286786,,,
2007-11-01,,,3.678410110555106,,,
2007-11-02,,,3.745427874391047,,,
2007-11-05,,,1.5917312635967538,,,
2007-11-06,,,2.378792033769364,,,
2007-11-07,,,3.9350417116186835,,,
2007-11-08,,,5.703720942893355,,,
2007-11-09,,,4.065757858108647,,,
2007-11-12,,,6.1157932306840745,,,
2007-11-13,,,3.07737116276525,,,
2007-11-14,,,2.4303659695817794,,,
2007-11-15,,,3.566291757268632,,,
2007-11-16,,,1.7521379477238028,,,
2007-11-19,,,3.2095635367983584,,,
2007-11-20,,,2.7672611064459964,,,
2007-11-21,,,2.146090290425825,,,
2007-11-26,,,5.0460899887891415,,,
2007-11-27,,,3.300901431448343,,,
2007-11-28,,,4.155684117048767,,,
2007-11-29,,,2.4313647535897487,,,
2007-11-30,,,4.740423721808425,,,
2007-12-03,,,2.398977264726321,,,
2007-12-04,,,1.5031672389444475,,,
2007-12-05,,,3.5649797466224213,,,
2007-12-06,,,2.0004826842516894,,,
2007-12-07,,,3.088629235570551,,,
2007-12-10,,,1.8808501508742048,,,
2007-12-11,,,3.20033755013115,,,
2007-12-12,,,2.9555723696758793,,,
2007-12-13,,,2.955172407612677,,,
2007-12-14,,,4.139625348932162,,,
2007-12-17,,,2.7217317918689825,,,
2007-12-18,,,2.35886774171712,,,
2007-12-19,,,3.1983513684140354,,,
2007-12-20,,,3.070609918266547,,,
2007-12-21,,,2.694656085618365,,,
2007-12-24,,,1.5812449656054792,,,
2007-12-27,,,2.273805138664809,,,
2007-12-28,,,3.527081299399922,,,
2007-12-31,,,1.4598637252677515,,,
2008-01-03,,,4.583665232146839,,,
2008-01-04,,,4.316798670256642,,,
2008-01-07,,,1.861832192626321,,,
2008-01-08,,,3.2526353958931336,,,
2008-01-09,,,4.1767829969284325,,,
2008-01-10,,,2.8305375886213753,,,
2008-01-11,,,2.7564398052571812,,,
2008-01-14,,,2.7798262305215427,,,
2008-01-15,,,3.5096143201312366,,,
2008-01-16,,,2.46253629249965,,,
2008-01-17,,,3.025907134326169,,,
2008-01-18,,,2.542240764203069,,,
2008-01-23,,,8.312956791649558,,,
2008-01-24,,,4.246247574633829,,,
2008-01-25,,,3.081981835947036,,,
2008-01-28,,,2.0345718446317096,,,
2008-01-29,,,1.7184650813944033,,,
2008-01-30,,,1.9349161792888276,,,
2008-01-31,,,2.9223201731257897,,,
2008-02-01,,,2.816232341239713,,,
2008-02-04,,,2.386821049020741,,,
2008-02-05,,,3.2060363778348844,,,
2008-02-06,,,1.9117669488202627,,,
2008-02-07,,,2.819051291118676,,,
2008-02-08,,,2.831518339443225,,,
2008-02-11,,,1.9896713117094502,,,
2008-02-12,,,2.661547047886505,,,
2008-02-13,,,2.658988111428362,,,
2008-02-14,,,2.8343327826265616,4.7825684874096055,4.007101979832112,4.742157406656199
2008-02-15,,,1.5849669042954533,2.6903809513059476,2.8401635209995066,4.5015696018791145
2008-02-20,,,4.28822435199829,7.6086083961554305,3.1791438990957923,3.9441083905159493
2008-02-21,,,1.7757783764336659,4.336760717674179,2.8078504901596744,4.214294593885401
2008-02-22,,,1.7020402243995274,3.0157164243800647,3.70826882017139,4.203297064977549
2008-02-25,,,2.19416751055698,4.174513601592474,2.817238803407352,3.7946298602471966
2008-02-26,,,2.0641552430467387,3.1893720557921674,3.483198865055549,3.7092224166142578
2008-02-27,,,2.1211962874733037,2.4422899150332325,2.990005705042239,3.8912442088423456
2008-02-28,,,2.3641557871287238,3.9827602991678512,2.7373196498626067,3.8121580550070795
2008-02-29,,,2.928968503452269,6.195675530894593,3.1719265645314736,4.33211807000914
2008-03-03,,,1.1045801657457146,2.1174585100937477,3.211451865162113,4.777297762246482
2008-03-04,,,3.0170656372116205,3.5590129489817923,3.9757700681788073,4.7805009779579954
2008-03-05,,,2.2625521670090647,3.676835201334897,3.785573271215679,4.586650120379488
2008-03-06,,,2.7016500862949426,3.8313066881020625,3.521570236397821,4.710440367699341
2008-03-07,,,2.59163578337525,5.139676178615105,4.36110044996347,5.135322349317379
2008-03-10,,,1.8944626718634312,3.4069286217654757,4.268779693640269,4.968968490958191
2008-03-11,,,4.457198083902753,8.09116750972473,2.8322856651138633,4.075935225293619
2008-03-12,,,3.0119710189282434,4.613318836501364,3.119181677663964,4.281169235474365
2008-03-13,,,2.361788816494835,3.0444598917786547,3.4321567608063543,4.360272909104943
2008-03-14,,,2.798406904922563,4.21165181956451,4.521405164231808,4.335680377446913
2008-03-17,,,3.435675409376723,6.443368122383649,4.879301437881615,5.072402562491285
2008-03-18,,,5.468392176712479,9.09895283877998,3.790967325813148,4.170691522152734
2008-03-19,,,4.176550362049707,4.82422329678047,4.713776605540077,4.518748120538684
2008-03-20,,,3.4501456509898087,4.961274232363537,4.514976528212584,4.428370874418428
2008-03-25,,,4.218568520859339,7.320762792448782,3.9314954417735497,3.693065262554884
2008-03-26,,,1.59737493156096,3.004434383634457,4.3985075142035175,4.215755668075991
2008-03-27,,,2.586473795790585,3.634505604053051,4.245548119478854,3.9667870288177594
2008-03-28,,,1.8100652907257169,2.8446203177466156,4.604478897711217,4.375827356989396
2008-03-31,,,1.8053065926607184,2.73554893127472,3.6954443950363896,4.2652170925015245
2008-04-01,,,5.516955256884536,7.422764742444927,4.968555808376397,4.976233149420597
2008-04-02,,,5.048421716555492,6.027951395195019,3.805046300202959,3.6121769882478922
2008-04-03,,,0.5912685189080731,1.2252513244018493,3.654783748720826,3.4994481552453087
2008-04-04,,,2.2127352440632726,3.568257395620672,3.458579753717845,3.419531730858271
2008-04-07,,,1.69903229042508,2.9976533727378922,3.590719146537081,2.668002557349226
2008-04-08,,,7.968444582469739,11.031853683666643,4.0866431186941234,2.4132940660763693
2008-04-09,,,5.45275357823286,9.779033659971548,3.7281300056749243,2.8051170206472342
2008-04-10,,,1.482733219458696,3.045940520636363,3.225687413041583,3.327105648675981
2008-04-11,,,1.793300389479452,3.512762481625541,2.8462625996348554,3.66472763083446
2008-04-14,,,1.0692268666365583,1.6137822978999148,3.040833149095948,3.5031294001447755
2008-04-15,,,1.5718092114934374,2.419682280801994,3.082458699859877,3.426736552723424
2008-04-16,,,2.2644737467497924,4.477729766752026,4.636374306420589,2.8273986689897996
2008-04-17,,,1.0208439875061304,1.9611313127995464,3.297895575357814,3.020759245445935
2008-04-18,,,3.277858771026429,4.659537716196739,3.374288994276631,3.0998452661237277
2008-04-21,,,1.215459667077141,1.8678181657822852,3.6186654954038824,3.223205704084472
2008-04-22,,,1.3937590987140218,2.623924934559215,3.089139077226513,5.639614798243125
2008-04-23,,,1.55909725953335,2.699744698145991,2.769535401535119,4.535118566982387
2008-04-24,,,2.170564305715315,3.1935568082956785,2.9866815588262154,4.931168641870803
2008-04-25,,,1.370176742223513,2.820178429201322,3.1994702549083174,5.327100550413655
2008-04-28,,,0.7122334846852488,0.9784133686011011,3.2655594111181845,4.943703321059466
2008-04-29,,,2.0881644097310814,2.912030447765566,3.247321785714594,4.8354964252393025
2008-04-30,,,1.5991303241302477,2.2717764844453003,2.4574655207827343,4.596405328932265
2008-05-01,,,3.001816691409072,4.388564119180714,2.6541550091033654,4.8225183516552494
2008-05-02,,,1.9264185946236778,3.2366391047037713,3.2031279042858265,4.8673300255175915
2008-05-05,,,1.5713914931160995,2.1805566086764023,2.8831245196104476,4.602693582320974
2008-05-06,,,1.1701795898265757,2.2198187704444083,5.366616422415282,5.081201452529357
2008-05-07,,,2.0268299819373423,2.5048783023907175,3.7495118025425835,4.632804383180249
2008-05-08,,,3.935427065919704,6.789198188482834,2.844491085946116,3.7198050979193926
2008-05-09,,,4.086774147675344,8.459148814971398,3.103658976747733,4.774270340799083
2008-05-12,,,1.8301120895325245,2.2551015491655493,3.1211545261968032,4.589527499882747
2008-05-13,,,2.775482797798886,4.160663445785489,3.9243243695669667,5.467528230069972
2008-05-14,,,1.2370587947321476,2.0655665864414043,3.222064984123059,4.715704433161766
2008-05-15,,,3.3347374381203494,3.439613717147067,2.977582939923329,4.340537679198937
2008-05-16,,,1.9376037422636236,2.863635938905594,3.0593107124696237,4.317135575507582
2008-05-19,,,1.8203368466079914,2.0998602471625523,2.1892746587110703,3.953014673645204
2008-05-20,,,2.0313362622807527,3.7013529313728992,2.8071315966544312,3.9152109037844953
2008-05-21,,,2.6072183785335175,4.187435376108274,3.2091840057908385,4.228465758847286
2008-05-22,,,1.925315447241829,2.847497453138063,3.283594327109326,4.5703051237633
2008-05-23,,,2.20373805934609,3.648539735034989,3.2896158678369205,4.455919597220698
2008-05-28,,,2.916155268368092,4.850850140886018,3.6549116897734155,4.974910021838692
2008-05-29,,,2.0980685489845947,3.0158467002140887,3.6319653382373067,5.622027631396348
2008-05-30,,,1.6196870142626594,1.9056593981480885,4.309958996112157,5.572541138117813
2008-06-02,,,2.56554227622358,2.7307739928786843,4.072630255739376,4.722098300774429
2008-06-03,,,1.6600883339179113,2.8340702222053253,3.973773496643231,4.44017754548003
2008-06-04,,,2.326848013778589,3.192087002647948,4.066726202158233,4.5489864809730625
2008-06-05,,,1.9794489855663178,2.936791687225668,3.614859263574127,4.639035369153275
2008-06-06,,,5.317256216381041,5.27225073167241,3.9982241748213316,4.546350985223445
2008-06-09,,,2.322369232730606,4.176635667713024,4.399426030170232,4.3030984840593085
2008-06-10,,,2.517116033210174,3.9102374528142776,4.082461758715855,4.738943132559412
2008-06-11,,,2.516452108443923,3.6364456946399932,4.383178023007979,4.548137819352108
2008-06-12,,,1.9667543916668793,3.4887274398072625,3.9440205092034337,5.056065947084931
2008-06-13,,,1.7157366102751397,2.39726838993317,3.817877410355521,5.737633871648027
2008-06-16,,,1.7191885040603951,2.650005520903387,4.505543309642405,5.342982170419141
2008-06-17,,,1.0984746054410632,1.7596561192263191,4.86814043556457,5.214740476459303
2008-06-18,,,1.5344347212482277,2.0863603572411478,5.210559972569505,5.5206501972467725
2008-06-19,,,1.5492126915229163,2.440579600433025,5.21623582468705,5.0954657427126815
2008-06-20,,,2.151646199983355,3.122988915412979,4.525449789003678,4.915328804817098
2008-06-23,,,2.5276893621454746,3.512233037904493,4.28011400865687,4.733147014156143
2008-06-24,,,1.6026436191341344,1.9888609851917702,4.380114211738572,4.520819089949717
2008-06-25,,,2.146223330636019,2.921490320471706,4.058337991576706,4.856773938244525
2008-06-26,,,3.4413121696394966,5.3377185970234695,4.77428179458332,5.497908585065244
2008-06-27,,,3.079866705697193,3.929832040834263,5.164211854803025,5.352138910822417
2008-06-30,,,2.2672509789763935,2.7292666475368104,5.15311393085769,5.005582071900786
2008-07-01,,,2.004775275267283,3.033748556389415,5.062321638765477,5.1778390459475485
2008-07-02,,,1.9807586428356623,2.581000690936409,5.819268301875597,5.045648646609952
2008-07-03,,,2.1620785360525723,2.937972622455769,5.882942981947169,5.2920924830730565
2008-07-08,,,4.58004392817449,6.344401059412014,5.569778350615636,4.918070123152263
2008-07-09,,,2.772690712658347,3.9389277870633057,5.246244252651046,4.827319967161838
2008-07-10,,,2.7774083593124548,2.971268417393568,4.7679797257026895,4.381492455364031
2008-07-11,,,3.793238631583124,4.861323495447626,4.172219800329359,4.620827548092906
2008-07-14,,,1.920047903349664,2.9860472629484094,4.675864444546342,4.718740332696453
2008-07-15,,,2.6713217394389375,4.290370355192182,5.214970697457609,4.952237343425785
2008-07-16,,,4.2132769072332446,5.268428521940218,4.027815450814666,4.531122639488876
2008-07-17,,,3.641611072166355,4.887794991187317,3.3164934631429692,4.499719055492756
2008-07-18,,,3.634354003723017,4.681033428585703,3.4089966972022694,4.387777262841503
2008-07-21,,,1.9615930005177509,2.4950184495229832,3.5269523574227915,4.087359317751686
2008-07-22,,,2.9542791242508377,4.234735075570023,2.93302487715129,3.763645198325277
2008-07-23,,,2.4510890106703447,3.0027371164864953,2.588527242937814,3.6932382927302547
2008-07-24,,,2.8634495145043575,4.267835492549881,2.849355886147541,4.2319336756414625
2008-07-25,,,2.240942446000813,2.8723324151010003,3.060893356354181,4.378949747873222
2008-07-28,,,2.354884590569735,3.2881077522160673,2.704602130336852,4.518080367426716
2008-07-29,,,2.825732903544564,3.451742791277133,3.0035528291412765,4.126713264317028
2008-07-30,,,3.204916831045064,4.145221682751683,2.819921770583497,3.6838821946608875
2008-07-31,,,2.706737017748454,4.220857032523336,3.489721302947114,4.1538065488205405
2008-08-01,,,1.8664035365111142,2.6598870291543943,4.055333130881567,4.292211912478831
2008-08-04,,,2.0153316085962056,2.4569936606568756,4.0086153432058635,4.510899326610581
2008-08-05,,,3.742151171950927,4.9797622385548195,4.242579045602523,3.440252622811087
2008-08-06,,,1.8187288282182852,2.2448319750682058,4.03072608976843,4.004270148298286
2008-08-07,,,3.2993140618368253,4.301266502173591,4.352796934018032,3.924977397159231
2008-08-08,,,4.530209314861942,5.3717673343644465,4.352045006395914,3.759302675071952
2008-08-11,,,3.730713675358089,4.060608035467517,5.217666245866178,3.6339957061247246
2008-08-12,,,2.2332257722523634,3.1283424890017497,4.750754752359798,4.070357023259329
2008-08-13,,,1.9017422880412242,3.0668670805352622,3.754872482817132,4.309526767956667
2008-08-14,,,3.0054077584033796,3.027974949773547,4.4999815899611555,4.748945470536607
2008-08-15,,,2.7250177227850805,2.985032811061689,4.994075944129048,4.82678851974805
2008-08-18,,,1.627343066605537,2.461200240430266,4.91033671668098,4.871068103350528
2008-08-19,,,2.487075279574763,2.828881797980751,4.259795695768093,4.588703926403111
2008-08-20,,,1.712210753436909,1.9416506828137385,4.237058317838893,4.3019958277999155
2008-08-21,,,2.9951907239529074,2.8194482618639705,3.116976552719927,3.701063027720771
2008-08-22,,,2.269910982107202,3.4681326038346048,3.318795161177617,3.781032421103139
2008-08-25,,,2.2540581933417667,2.8420723316179357,3.226603988163625,3.9629133651878985
2008-08-26,,,1.5853330641545578,1.6885743221150715,2.913538371132126,3.6937310968173227
2008-08-27,,,1.4472553745438315,1.316840978720482,3.04569155719617,3.677335507351806
2008-08-28,,,3.0480561344900567,3.530034396223605,2.7118583146079676,3.4055145246435745
2008-08-29,,,2.344372698389783,2.7102695322866857,2.225660022047523,3.642359824666725
2008-09-03,,,4.467793961510033,4.8716097956337485,3.1199904083751395,4.25138018328853
2008-09-04,,,3.1415073757753897,3.9580474968772807,3.53818324402063,4.494761124396258
2008-09-05,,,2.267433446304434,2.3005220293793833,3.8916929543632084,4.186482273619446
2008-09-08,,,4.064170124439677,5.870330525811279,4.473337151286618,3.9883792526058293
2008-09-09,,,4.343140613385164,5.680391914213262,4.389545086435554,4.658466978247312
2008-09-10,,,2.3976550410351125,2.8885659830356336,4.37469812172478,4.501351714472833
2008-09-11,,,3.3729707843510646,3.7490119480507835,4.272948616677486,4.458405980781263
2008-09-12,,,4.368123316095596,4.2377792736754,4.130188586060357,4.049059320975989
2008-09-15,,,7.042790423432946,7.498458063052243,4.357155096772832,4.572309136628266
2008-09-16,,,1.9170105274672902,3.3971010023772132,3.8238205384139925,4.394887649499691
2008-09-17,,,7.482767006189896,10.251969005381996,4.5525309142351915,4.476989986480556
2008-09-18,,,4.6783943751448716,8.491943127437192,4.900274029507578,4.1790290299816295
2008-09-19,,,7.330385229498025,9.83301521402136,5.598120057066053,3.3294798711177123
2008-09-22,,,4.360146863026281,7.358316123079344,5.8780690254551144,3.852007445965776
2008-09-23,,,2.1793741058685994,2.6943279946035945,5.206314190844256,3.960069414109067
2008-09-24,,,1.626208328824425,2.9351245749245183,4.193182379066064,3.3376851823635096
2008-09-25,,,2.1674576657594846,3.9573350802452243,4.552268013567417,3.3434567434830007
2008-09-26,,,2.517918680354085,4.446877078485033,5.372629382999445,4.1407070002260316
2008-09-29,,,5.6891580825356804,10.743769971454672,6.502976166280076,5.902796064830178
2008-09-30,,,3.8811790395142727,9.1833208373613,6.1636250871597245,5.448311496643137
2008-10-01,,,1.800082389592976,2.851942302372511,6.124962383867261,5.474381947312025
2008-10-02,,,4.126667380159062,5.798303888314373,5.762885670785912,5.98787328631342
2008-10-03,,,2.1565437073033147,3.856480841219284,6.031931610184247,5.905521711265031
2008-10-06,,,4.087864994091338,5.982935947948727,5.800010827957567,5.8356881701642775
2008-10-07,,,5.59095621836121,9.764042562572792,7.020724712699532,6.459450216064871
2008-10-08,,,13.148851675138205,14.260870983610694,8.951915791122047,6.757958025528526
2008-10-09,,,10.977065962700397,18.732073779227736,11.769580910896126,7.480806747590924
2008-10-10,,,4.592469103780116,7.1945759039465,10.65590123398635,7.5757702933452515
2008-10-13,,,7.181911496997133,14.212725015406802,5.587015152375879,4.975769400204802
2008-10-14,,,3.388555869511031,7.941516945834694,7.216119833721327,5.517773758508313
2008-10-15,,,3.4811955552127913,8.516198552417544,9.399342993315932,6.965121604700337
2008-10-16,,,3.208036727119819,7.5460851940394384,8.314158458086952,6.014074717185743
2008-10-17,,,1.8402899429520554,4.0617364915049485,8.221505176305357,5.699782481596327
2008-10-20,,,4.432107349176809,5.888266330836088,5.700270919098134,4.88354611065742
2008-10-21,,,3.931928465692467,7.77040372541827,6.3937179204848755,5.183040945180068
2008-10-22,,,4.777426791588598,8.268722417748009,7.78497126586358,6.098348577552184
2008-10-23,,,1.8863066636932841,5.185137815601931,7.697162758073366,6.139620276384811
2008-10-24,,,3.4730621504415495,7.000451609621902,8.772520353938996,6.974781899749913
2008-10-27,,,1.4955267965837895,3.9390301039411577,8.679945557748127,7.359250101166724
2008-10-28,,,4.875234360002159,12.479006206294068,6.137677688343213,5.719935142293848
2008-10-29,,,1.203469895673221,3.374167376268891,6.251258804123155,5.488857678661834
2008-10-30,,,1.520127504733909,2.9965686523112773,5.638088770617805,5.260424921166695
2008-10-31,,,1.9142651893327394,4.102618165435904,5.761985443083666,4.965131960542897
2008-11-03,,,2.16157766512334,3.3782407148095492,5.193154325461739,4.6522895775445825
2008-11-04,,,4.103387482850318,6.674993913839881,4.054958164081294,4.038718321590277
2008-11-05,,,2.114751313110621,5.039081161576635,7.306704844450059,4.687308988163596
2008-11-06,,,2.265271558307429,4.819853515941649,5.350280287237007,4.992552893793594
2008-11-07,,,1.3829154524958542,2.5997845584621353,4.792145626662171,4.82365386871961
2008-11-10,,,0.8327081049665547,2.2207292676148,3.7169606171930964,5.096895587777337
2008-11-11,,,1.0942034279272803,2.649923744397499,4.123988083181315,5.246041030004197
2008-11-12,,,2.0482228843709986,5.286256861494314,5.113078154661235,5.668517174155168
2008-11-13,,,3.027673370962485,6.804185041573998,3.761370557730662,4.722913960321082
2008-11-14,,,2.1329529149707183,4.905046557265752,3.7891349949236455,5.382407193583437
2008-11-17,,,1.1219201005034949,2.7554965104469575,4.098066900760311,5.2231720125844765
2008-11-18,,,1.887116660229574,4.395101904440964,3.544935419600199,4.969767281056015
2008-11-19,,,2.614970540151199,6.404421399407478,4.760595937317774,5.721757567813546
2008-11-20,,,4.824053547194678,9.245501776474494,6.276660604514467,7.001364820637025
2008-11-21,,,3.559575353974252,8.037392309662016,6.999275832176177,6.325580549809574
2008-11-24,,,2.808617575459718,6.657414381372504,5.5148858028465915,5.497649955426777
2008-11-25,,,2.997708692203062,5.7991501452014695,5.581674498805855,5.398680280918269
2008-11-26,,,2.215768801068253,5.1145086460582565,6.0437628023723615,4.421896599484174
2008-12-01,,,4.15656381013734,8.658468466862429,8.068358673461185,5.415484700810415
2008-12-02,,,1.5627512126788414,3.595779745737879,7.915766010742887,4.963318339987701
2008-12-03,,,1.1997816903586629,2.7289384220752537,7.010179568459841,4.512971289326551
2008-12-04,,,1.251442956814175,3.1430952584918193,7.089343343434721,4.542709732255599
2008-12-05,,,1.6400877544185632,3.781032028613721,5.5473404427195545,4.13774652773287
2008-12-08,,,9.466341978726318,21.43569682764696,10.928659383578498,7.889870328295909
2008-12-09,,,5.828759384241028,15.273636846459272,6.420437838250323,4.917887523512008
2008-12-10,,,1.7550165529548372,3.847297676918792,6.132582222021729,4.338662496628287
2008-12-11,,,1.6444566539752665,3.8660020204820116,6.003041322328882,4.6227762937065195
2008-12-12,,,1.6059623408411263,3.8455458860743708,6.260858706612205,3.7546742983306842
2008-12-15,,,1.1744924941142727,2.6017830521926717,6.658898030311727,5.017878532041454
2008-12-16,,,3.4052024455858643,7.545382704642357,7.30659532437858,5.368801482840941
2008-12-17,,,2.5366095242993194,5.265982729904158,8.064781784823863,5.9217569983860745
2008-12-18,,,2.7070672450327695,6.043029755570495,7.929961679113671,6.539924311963132
2008-12-19,,,2.0534181817700308,4.1808359398377695,7.5138856505345,5.948230920672751
2008-12-22,,,1.718777329803753,3.782740352204123,6.575300272068165,6.0857126944037425
2008-12-23,,,0.8965693196713534,1.8924616859578247,5.9049469795457075,5.925241148418756
2008-12-24,,,0.6610784519113497,1.1436538112011063,6.052040459686497,5.243771320691897
2008-12-29,,,2.407686963902536,5.089092196373637,5.5492050251548255,6.075078917821293
2008-12-30,,,1.5227240650216938,3.4443512931611027,4.795904895897677,5.655196538144108
2008-12-31,,,2.735392954623651,5.441650104692125,4.162433891341568,4.597275288831232
2009-01-05,,,4.061523275480293,7.684096886100932,3.0745367899867677,3.4276745666091952
2009-01-06,,,1.0721739206862155,2.459423154498654,3.069781051578948,2.9237975031814236
2009-01-07,,,1.5144119511872187,2.6209502549464383,2.758101112624607,3.197726017258007
2009-01-08,,,1.6818824586713197,3.711764477529116,3.2295469723078503,5.5031895191946685
2009-01-09,,,1.206958921692204,2.980411356403767,8.703285079837785,5.436210348846279
2009-01-12,,,1.7714689101914125,3.7761223097986605,4.523066882335176,5.567091719460253
2009-01-13,,,1.0076605933850211,1.8999334217536301,4.840268785203449,4.8520737291784135
2009-01-14,,,1.6311368488284521,2.9869188564093525,4.5433584313577935,5.768489637297292
2009-01-15,,,1.4575636569876214,2.8059893084905996,3.894415323665486,6.172603803988744
2009-01-16,,,2.4233306410824054,3.534493694397634,3.687226892756978,4.794813566828904
2009-01-21,,,3.7631742035004794,7.3007750902674795,4.092943629364453,4.0307075485030115
2009-01-22,,,2.190925354656519,4.850536708983691,4.685733647846366,3.8467597492072203
2009-01-23,,,2.4761107564448994,3.954037201968989,4.799536894717077,3.512181475593426
2009-01-26,,,0.8362969743366377,1.663930247107745,4.854135980766796,3.5982702532483595
2009-01-27,,,2.0423543940249664,3.8155179121103577,3.9535288661920127,3.751834904988432
2009-01-28,,,2.0868436208202255,3.7776117689691886,4.2759686741139635,3.9624329466266435
2009-01-29,,,3.0310416907677107,5.232661042493694,4.908878244179382,3.7989848410520555
2009-01-30,,,1.5326651334236565,2.3484585411874663,5.325991144287289,4.019057518510069
2009-02-02,,,2.4161362889303475,4.319577035983887,5.382947410627449,4.075017545800006
2009-02-03,,,1.7579119270791692,3.277585588692199,5.50763847466382,3.884324332603249
2009-02-04,,,1.5259939582895719,3.1556153918941368,5.217389201184592,4.2305811544822705
2009-02-05,,,1.3461708216424673,2.4653493240811835,4.7715396419113585,4.0637114099724245
2009-02-06,,,2.0744742696052954,3.538339715527242,4.081302223688773,3.4617905275598204
2009-02-09,,,1.4108284820284787,2.9596881014223686,4.15048409291143,3.2596388608925575
2009-02-10,,,2.656777745064514,4.966216048582311,4.343806131516537,3.8108922517649724
2009-02-11,,,1.6210263793068296,2.9252452923099184,4.54137516510188,4.014777558788482
2009-02-12,,,2.217052482510029,4.34716188159114,4.467543738889953,4.049192723280407
2009-02-13,,,2.2294712902397738,4.018543919527145,4.982694040565052,4.056317158639624
2009-02-18,,,3.8607042432162557,5.9976139498224,5.376260280038245,5.668485663597542
2009-02-19,,,2.4223639126745495,3.701784941739159,5.084682757129049,5.415205475829526
2009-02-20,,,1.913495354701805,3.0832541224405814,5.519847676932295,5.3024796909966225
2009-02-23,,,1.7732968113749676,3.7597335527432456,5.724700756567074,5.524775481732779
2009-02-24,,,3.197295706033605,3.645537754854221,5.196435415121662,5.182445440826028
2009-02-25,,,2.0734571165657854,4.134127659463985,5.432184904162822,4.654771349958908
2009-02-26,,,1.9914837697730514,3.3504335923382222,5.733420474823492,4.443180475359343
2009-02-27,,,1.3870336092993734,3.028781599123419,6.213340790483173,4.5329781847874395
2009-03-02,,,2.479648550878593,3.6729885710529526,6.462520014892953,5.577106248717812
2009-03-03,,,1.3565161814618187,2.3630289351074736,6.482765453663766,6.252868914722612
2009-03-04,,,1.6227492390423048,2.5251320846092753,5.908753467140182,5.9934327156459
2009-03-05,,,2.930573635180066,4.934022902206631,7.159488150226798,6.43073997538471
2009-03-06,,,1.4707781413506966,2.076722476072209,6.899179648754874,6.773673795958214
2009-03-09,,,2.0144890715262225,2.8776330290030727,6.614477850047952,7.0335536016535105
2009-03-10,,,3.791519299008675,5.372251706277344,5.634266428126163,5.931849742699765
2009-03-11,,,1.5446318285832599,2.5652632275347598,5.732383823328945,5.929316052614494
2009-03-12,,,2.5658527211008813,3.5921410200106636,3.8879862972282964,7.314045913441191
2009-03-13,,,1.6152031646748897,1.8904514559981767,4.033732198657242,5.35336313477466
2009-03-16,,,2.2633628004143453,3.5604354825920415,3.6634519605358586,5.536102746240512
2009-03-17,,,1.8784682822531518,2.9442329106062393,2.884740594189928,4.912202448036204
2009-03-18,,,5.147682994617846,10.837132770362441,2.9865777713852255,5.1077894312805245
2009-03-19,,,3.196454148743137,3.8611041493317844,2.3079977470006647,4.751767679202914
2009-03-20,,,1.81488242511705,2.4136433759779767,2.133121281002439,5.480334198372348
2009-03-23,,,4.391484269351822,5.566740763309892,3.5487492500667943,4.959934466056657
2009-03-24,,,2.2666588023654426,3.441004907720258,2.3892606332383295,4.551457200607271
2009-03-25,,,1.8684659129295362,2.9981055804327625,2.7686272984039926,4.580197057468493
2009-03-26,,,2.347786697479118,3.755929194634694,3.3847732560422448,3.9126784908070835
2009-03-27,,,2.236033832903814,3.39225543152824,2.824896716633788,3.6550043060329096
2009-03-30,,,2.1621587237000437,2.656764626414653,2.9789689541318722,3.958158419731663
2009-03-31,,,1.9578172482719354,2.4884084041776817,3.5063968063666118,3.826629056097686
2009-04-01,,,1.7457456121695156,2.4749718749252088,3.4708417834140297,3.849026521770996
2009-04-02,,,2.233993615969194,3.2032867132075253,5.019563177702435,3.8274578983028613
2009-04-03,,,1.905354451078083,3.3477782383704215,5.112848841377718,3.3341915375943807
2009-04-06,,,1.686960994303403,2.192004330532144,5.092761321101543,3.462768582964257
2009-04-07,,,2.0617297256594993,2.7337194711598496,3.0950376582075636,3.4672882425031184
2009-04-08,,,1.7719380544676855,2.3486943371275824,3.2441458336451974,3.3387293799063618
2009-04-09,,,1.7036303573628293,2.814326034547195,3.246250240278691,3.121064733228568
2009-04-14,,,1.9781436979743523,2.921253350565438,2.6580157318630846,3.196715563307827
2009-04-15,,,1.9254792775289222,2.5671780818011634,2.919910270359569,3.05600100610523
2009-04-16,,,1.8407923991744113,2.7885825712730874,2.7476601139040677,3.122285092493837
2009-04-17,,,1.6910901737758082,2.3996700584964215,4.5392601399564265,3.380622569098695
2009-04-20,,,3.0874413106975287,3.081360584125122,3.187965716764707,2.827687857525811
2009-04-21,,,1.2035339943902645,1.9903087804487258,3.75914273049869,2.67979245047296
2009-04-22,,,1.4976799704209125,2.2156394749383357,3.77562294402504,2.943357316764921
2009-04-23,,,1.5107608562505461,2.21946432998361,3.295329938804517,2.5489121671652915
2009-04-24,,,2.0588417085708195,2.7547466200873307,3.2422899703084345,2.619113629194698
2009-04-27,,,1.961413451082628,2.5935821518381403,2.656777795368337,2.540617233654301
2009-04-28,,,1.8691271645788115,2.5770934256148994,2.6825987935670192,2.3851685043193838
2009-04-29,,,1.798968624759119,2.45081291225562,3.2125807534928605,2.495971339124917
2009-04-30,,,1.7473235857801004,2.0045003793427787,3.1401386122257855,2.790021111230724
2009-05-01,,,0.9309712784206191,1.2375992723415492,3.200322633089422,2.4174197695245114
2009-05-04,,,2.403370771353444,3.278926866594608,3.1777243213554236,2.534486098003808
2009-05-05,,,1.2528566844759959,1.3483756587198326,2.6466755138943645,2.4189717925943954
2009-05-06,,,2.061750189490824,2.71512579235202,3.369174684383678,2.051318211233223
2009-05-07,,,2.9497400469081936,3.99116603083116,3.7113462225753096,2.21202716991755
2009-05-08,,,2.339874097103127,3.3831224392585746,4.192037133085277,2.5744578575877037
2009-05-11,,,2.4769113999117254,3.4362048784051695,2.9046138066624896,2.562405324457544
2009-05-12,,,2.465808725981901,2.74843247287244,3.2485495678732774,2.358236157912608
2009-05-13,,,1.9877290776868877,1.8987179852852811,2.9601217900905965,1.8964171169528796
2009-05-14,,,1.8653436201557372,1.9646290545696932,2.8328808860604386,1.9974681336473312
2009-05-15,,,1.716464791197232,1.7296944036156146,2.2386280992594196,3.414404523592559
2009-05-18,,,1.955919392442545,2.324128459559486,3.0650887086242995,3.4554378964773744
2009-05-19,,,1.9316255926032828,1.563990021554871,2.846942668673432,3.778530508599773
2009-05-20,,,1.715560246269957,1.802319636893169,2.9148462891460007,4.399333632717128
2009-05-21,,,4.0917662758630575,4.031927537610851,3.268424530703808,4.431229116961297
2009-05-22,,,1.954538463713562,1.7018874847769656,2.9205023929634164,4.273885332651079
2009-05-27,,,3.874342393374098,4.965998583533627,3.6130236493963586,4.987913642372305
2009-05-28,,,3.3645047851697565,3.4655563196261894,3.5009156985694805,4.381028004159812
2009-05-29,,,3.3674913225981675,3.816307899762647,3.068220805173995,5.038908959241266
2009-06-01,,,3.543235389155757,4.312738748054623,3.731645124604515,5.678726103451689
2009-06-02,,,1.1599570918849962,1.4446358704403848,3.576161105228447,5.404676578206513
2009-06-03,,,2.9788530893292857,2.469829500598549,2.5775275645099667,5.515252363403146
2009-06-04,,,2.9614190095329045,2.67811808911334,3.0621918618587776,5.697917891246455
2009-06-05,,,2.9888399732625803,3.4192089881116177,3.346754549784857,5.397504095364788
2009-06-08,,,0.8175455676230657,0.7901229037027834,3.5468156200615812,4.582608625949137
2009-06-09,,,2.015305954336207,1.9076610135377874,3.5381059388202685,4.529184513397556
2009-06-10,,,1.660120299653333,2.3730707311858574,3.219440868424155,4.088131967887813
2009-06-11,,,1.486082678624691,1.8387284923362779,2.9852649106454345,4.3321271463650515
2009-06-12,,,2.2971946255323408,1.9295853287268794,3.0117511920597355,4.190325280874004
2009-06-15,,,2.725034265037403,1.625549598814493,2.567453588625276,3.5951363575346034
2009-06-16,,,2.5012470857459603,3.1529327026291125,2.6615110525420618,5.344417606805677
2009-06-17,,,2.259261503835524,2.6045176841457933,2.4585408585542967,4.259109595199537
2009-06-18,,,2.5102025969674835,3.1174385656090218,2.7140063995337926,5.049783533930987
2009-06-19,,,2.643894433751637,3.0026431551735198,2.835456453205481,5.338623471961623
2009-06-22,,,3.3810419986055935,2.300021058899606,2.5376728555546717,5.035122065932373
2009-06-23,,,1.518106950320638,2.013698592411144,2.8105581483478677,4.6006284916353914
2009-06-24,,,2.8422685548749955,3.0613713033853696,2.541236881319421,4.641824911920276
2009-06-25,,,2.9378472477863244,2.998396447184972,2.3954561941326693,3.981667004848981
2009-06-26,,,1.4636821799391566,1.6101888310920036,2.310366279714863,4.325694792690268
2009-06-29,,,1.8128317793814963,1.4530993966118635,2.498648146660604,4.325461103709784
2009-06-30,,,1.4579218921625856,1.3306841791129946,2.4706752453056167,4.241919577649666
2009-07-01,,,1.7801465866437882,1.4004908560719276,2.4513498226357915,4.051634000394582
2009-07-02,,,2.482086671027783,2.195380643806262,2.761624623369478,3.674713943886844
2009-07-07,,,3.2857431326608344,2.395985381049671,2.8765781715278043,3.8382022690233164
2009-07-08,,,4.179599304051642,3.1114547111431627,3.4147598988184193,4.107222819998996
2009-07-09,,,2.096373632981344,2.1139175733182047,3.0091293841432396,3.978236536603484
2009-07-10,,,1.8630565826494085,2.2501442026428164,3.624675056259585,3.838727763968525
2009-07-13,,,2.005174157425146,1.6710373372200718,3.127068034332313,3.7700933401820493
2009-07-14,,,1.9204058061317903,2.113021874426465,3.1006069458259398,4.028429790155416
2009-07-15,,,4.851267734699033,4.346954780060127,2.1212778600459896,3.7213507555840915
2009-07-16,,,1.8653003216119892,2.1368868160094125,2.015015946432941,3.3712732702444352
2009-07-17,,,1.9369997792752316,2.3302705373895245,1.6708347496643128,3.678404073669998
2009-07-20,,,2.2610043735289476,1.7649276960018956,1.8503703931944966,3.423543432011894
2009-07-21,,,2.1193343002957006,2.8620877456189233,2.0198969179129356,3.213021730780399
2009-07-22,,,1.533268061567026,1.775500084258208,2.0694004310931127,3.3802318954531407
2009-07-23,,,2.5355204288192814,2.5085191638095763,2.2148544146526565,3.0313968120594423
2009-07-24,,,1.4241188023970317,1.481833348879958,2.07582665412778,3.2529369668848696
2009-07-27,,,2.2405762018058226,2.4807847514902757,2.276897934308746,2.8933884663489886
2009-07-28,,,3.2366759807103254,2.890139082948821,2.0889156219861547,2.7458414445654817
2009-07-29,,,2.296222919354714,2.2163570410832616,2.023817981069994,2.7590520670623264
2009-07-30,,,2.2655398439347163,3.0340397463720663,1.9832375999060714,2.9234180749521315
2009-07-31,,,2.680515591439619,2.5485181903846517,2.0057045982885313,2.8390061280639327
2009-08-03,,,1.593223943603716,1.9805578496551888,2.7144452526026575,3.058066269622041
2009-08-04,,,1.3229403002905298,1.3015127469550924,2.822148198414965,3.037601842424396
2009-08-05,,,2.0496627843211983,2.3480252414937146,3.0422342136033973,3.124366406060396
2009-08-06,,,2.091074090131992,1.2888701944937464,2.9619209345446778,2.821566811999124
2009-08-07,,,2.52898168161112,1.948614205791384,3.8146844782796956,3.0112928180155314
2009-08-10,,,1.524719055527852,1.6571070589252508,3.242673559736201,2.5995079280431006
2009-08-11,,,1.538180303127658,1.3432935828002321,3.0015449675062835,2.6486481406891764
2009-08-12,,,1.8350529870278278,2.397241875710199,2.3025105887347146,2.241168374821821
2009-08-13,,,1.7110525545071484,1.967056628302246,1.9940180181293037,2.111261871816769
2009-08-14,,,1.9058053342369545,1.4180925776392492,1.941209248008107,2.032988311004519
2009-08-17,,,3.7849453958287245,2.7659203352952337,2.2902922962923395,2.0369776755602005
2009-08-18,,,1.4249187583206873,1.1414724781502716,1.9125053724053809,1.7789416181685764
2009-08-19,,,1.4672552390860358,1.3628678775980108,2.0859609829796657,2.09345120086889
2009-08-20,,,1.5938374964206088,1.6757128111348019,2.127268548344258,2.39392894477711
2009-08-21,,,2.6610344332140374,2.775650196761195,1.8570782095078036,2.4883502637370336
2009-08-24,,,2.1737590734903414,2.8816955588512596,2.6708762724596986,2.3885779161142517
2009-08-25,,,0.7779563679905692,0.8401710790523818,2.463244494142897,2.1055965116174438
2009-08-26,,,0.8751433527871413,0.8158137997056625,2.5039938507726758,2.2322862891960775
2009-08-27,,,1.2210201535433367,0.8776930345660845,1.8249857662294746,2.200014244151334
2009-08-28,,,1.5793917611064994,1.0062665688685704,1.6262371189314966,2.4687798544630652
2009-08-31,,,1.749238976263983,1.5912997369232105,1.377805630962361,2.3449580043827383
2009-09-01,,,3.8133315871923563,2.32471857059215,1.201193981438163,2.0901984246205227
2009-09-02,,,3.9276514179793782,2.240320682569182,1.5749871078839468,2.229254702112252
2009-09-03,,,2.154075296814982,1.3650905950711483,1.412119185436875,2.041875525239348
2009-09-04,,,2.7006343503628205,2.2050611149603907,1.7062582648779188,2.3050408198279486
2009-09-09,,,3.5356164150648777,2.078533708349598,1.9581161747390476,2.143647629353824
2009-09-10,,,2.359906739018921,2.4089585084222236,2.0277922751862034,2.4831307230567865
2009-09-11,,,2.554571621323209,1.6880841294109528,2.55357676657122,2.851233855783666
2009-09-14,,,1.7845535143332198,1.4729985872773497,2.0851204734239275,2.4088272310733707
2009-09-15,,,1.4880276209459613,1.2008232731362998,2.1404037270669423,2.500645787353491
2009-09-16,,,2.1587669270065164,1.836067972111526,2.620151185110219,2.669538636366839
2009-09-17,,,1.7898878412400183,1.6333752307483431,2.4389041085777086,2.440453363434947
2009-09-18,,,1.6849683497121883,1.2706361669487556,2.2109538884360806,2.616883225381226
2009-09-21,,,2.2941483047006748,1.4372139497172687,1.9750924384143256,2.3255141608628866
2009-09-22,,,2.9645714166966988,1.769068936745331,2.2805651468808597,2.6284441977360777
2009-09-23,,,2.431567266819954,1.4345727597009204,1.8332262467363605,2.098869481141761
2009-09-24,,,2.286177746595316,1.6394323543453755,1.5326831033815207,2.07664502242741
2009-09-25,,,1.9154673004899267,1.8540661640679188,1.8340514906040695,2.287869318670205
2009-09-28,,,2.239004681439647,2.0587175824659636,1.9379914175050759,2.611291115632367
2009-09-29,,,1.7222873154702265,1.052676165586356,1.637758959190155,2.4520997027723066
2009-09-30,,,2.2123270243953397,1.11168561761284,1.900887494931486,2.8077985242984482
2009-10-01,,,3.3829798254827965,2.2709811816289234,1.8806576950615699,2.60563570026879
2009-10-02,,,1.4283678062121712,1.2317597380509868,1.3424014297045883,2.541345017314189
2009-10-05,,,2.3461562580164657,1.5480208750052031,1.5809564101430698,2.6523105628538466
2009-10-06,,,3.2333100111978164,2.6304718765732136,1.7696659509159107,2.9331541933834133
2009-10-07,,,1.964055060484987,1.6752974798276679,1.6544885528157494,2.7166186405280968
2009-10-08,,,1.9545688453464976,1.4517771137635496,1.440244254148424,2.9385828995599432
2009-10-09,,,3.2595792314120833,2.7248623662441367,0.8973650003914674,2.5605842355899715
2009-10-12,,,1.0623314434064548,0.9522064419819618,0.9848955176472755,2.4381960035653485
2009-10-13,,,1.9322110422126815,1.3348291986934435,0.8620375993650485,2.583095120359621
2009-10-14,,,3.1864494170188005,2.1716757551440837,1.0025977929843295,2.5474619310818163
2009-10-15,,,3.8147733266269057,1.9807103388873901,1.2668293377773938,2.3535320458728655
2009-10-16,,,1.9911893858307754,1.216187337640071,1.2417380856602398,2.427768171691743
2009-10-19,,,2.003947558044017,1.7303226498189697,1.4331620260655409,2.5656724778240885
2009-10-20,,,2.6596193622122324,1.7369962077588015,1.2768394653763575,2.2098399369017074
2009-10-21,,,3.222361633063293,1.7638609913410093,1.0859691636227684,2.4658178134682744
2009-10-22,,,2.934213333424584,1.741189717778933,1.6112207643148748,2.470334159004128
2009-10-23,,,3.298721159299382,2.009862235919227,1.7867020407990741,2.2096249220162067
2009-10-26,,,3.7366677236794437,2.547518843655279,2.123081138628237,1.3084015042982027
2009-10-27,,,3.1997631851766855,2.397515773431876,1.875684259476203,1.2589274904831131
2009-10-28,,,3.8248239077627724,2.5918399191505666,2.1571306021945107,1.1246214389907787
2009-10-29,,,3.555454756937049,2.1913169901285845,2.436345651364933,1.324423991050322
2009-10-30,,,5.4842336863460055,3.563399674122549,1.8629754588009422,1.3044793537755757
2009-11-02,,,2.0417917295183106,1.397446714794397,2.13501318274257,1.3696600952982283
2009-11-03,,,3.3301833974807526,2.2008762508834363,2.0273307577360775,1.6071545846068924
2009-11-04,,,2.0274915848316732,1.4849798222839152,2.5950277323342945,1.6619336528003787
2009-11-05,,,3.168569270053842,1.787319780852197,2.4315634549137144,1.7067876131737962
2009-11-06,,,2.618582260458688,1.431490109446813,1.9173953409368591,1.757592881339706
2009-11-09,,,2.815320314921978,1.6574408588085798,2.042266110648428,1.8032493515374854
2009-11-10,,,1.0307744632378755,1.0394484177742191,2.1933573009218406,1.9422341425293341
2009-11-11,,,1.8539196535008524,1.2186453623536901,2.1307039334208384,2.208827268618452
2009-11-12,,,2.4192632001709624,1.821392946590321,2.419336060381007,1.9609726713227875
2009-11-13,,,1.839861426812239,1.5082009835720407,2.455305670567776,2.0554793057957004
2009-11-16,,,3.033706496660129,2.231437934203644,2.516145214496852,2.312405906821045
2009-11-17,,,1.2263079733855493,1.1096015379970303,2.401240851816207,2.0960374848554477
2009-11-18,,,2.19122120244169,1.3610767440476377,2.3220417490111944,2.2841065337186417
2009-11-19,,,2.0084739597158072,1.1972217466742672,2.253777074159617,2.2831154941549126
2009-11-20,,,1.4169610995031139,0.8900928309071993,2.391504879571466,2.4191018321235096
2009-11-23,,,1.5740247175317013,1.2038742594190635,2.8018435917307736,2.421214387520361
2009-11-24,,,1.6871535013085406,1.1518638459060053,2.692699043233768,2.4416967311835185
2009-11-25,,,2.4539616082111277,1.6289989492608887,2.9907869774011107,2.572998841718833
2009-11-30,,,4.303468484521148,3.313575265554537,2.7232295372900777,2.446676371640049
2009-12-01,,,2.3491115456998872,2.1242074639492308,3.0881429818924246,2.5636829890618746
2009-12-02,,,3.3455331119184137,2.2147278005734465,2.786977727111372,2.437220952946535
2009-12-03,,,2.4866556366953696,1.8916668771532725,2.2266096686164887,2.2545374159893767
2009-12-04,,,6.484800467026189,3.782337354934121,1.511172201245294,2.1152254287841417
2009-12-07,,,2.6592019189736464,1.597812025227128,1.246698213273079,2.0653926875843536
2009-12-08,,,3.1644763224176766,2.107589089913696,1.1021213853202096,1.9076864919587153
2009-12-09,,,2.0709421571146187,1.3575353158158945,1.1295914111376677,2.054371556224078
2009-12-10,,,1.684409432352325,1.4924483304125329,1.1569852447102833,2.110180841209256
2009-12-11,,,3.0391597551150484,2.343126764457957,1.21624633335842,2.259741903678588
2009-12-14,,,1.7374490686445578,1.2704508639482472,1.4486939979068243,2.188037727090991
2009-12-15,,,1.867351536030014,1.2044106730590616,1.1939566208615204,2.1166617236971517
2009-12-16,,,1.9109652707444384,1.3903588644755123,1.4124329488948448,2.319632664812533
2009-12-17,,,4.332004383513893,3.221185924652373,1.3907905142156682,1.8747736830951394
2009-12-18,,,3.0716215119811796,2.177735772623922,1.1663077944777378,1.7284663940473257
2009-12-21,,,3.360617510162078,2.2702282623057144,1.7331938186972424,1.8401567105890984
2009-12-22,,,1.4971786806686096,1.3057202286136862,2.015239244001911,2.2115475853983986
2009-12-23,,,1.4024536998959911,1.0450516055481749,2.192138937657149,2.3386432219873057
2009-12-24,,,1.878234833060932,1.7503367491214539,2.211753495299859,2.532403358228726
2009-12-29,,,1.9196337383429163,1.3301876206353973,2.6353259444137906,2.4730598426150423
2009-12-30,,,1.6876153324353884,1.164429568206368,2.923882927431533,2.50570073799087
2009-12-31,,,2.616614444744321,1.7244396585643869,2.9646243166771784,2.3081206757909434
2010-01-05,,,3.6749237315454626,2.8672376775709747,2.317551895306795,2.134560115081919
2010-01-06,,,3.3505499345026903,2.4297952594417667,2.179904875219687,2.2882429872560164
2010-01-07,,,2.1392925696393954,1.3858018144986552,1.468693234512245,2.598438718166015
2010-01-08,,,2.2667362422963127,1.4175658093203716,1.6465325288333172,2.3000751479417816
2010-01-11,,,2.3120535333009125,1.8259979782356492,1.908234154135842,2.0587628645183824
2010-01-12,,,3.5967240163269145,2.7530186089089095,1.665097018476688,1.9108944931501748
2010-01-13,,,1.8800064723018426,1.6675443613569687,1.6833906058442802,1.9593266078687614
2010-01-14,,,2.422326312934645,2.1882356958281415,1.5112688958915663,1.8693608711924048
2010-01-15,,,2.1840153363643386,1.2213157463828554,1.2710156032921596,1.515342483717796
2010-01-20,,,2.388653716129992,1.9546389834928193,1.3009226051286187,1.2433131176087269
2010-01-21,,,3.6361806478723966,3.2920225439740225,1.4924931543893247,1.255532428917041
2010-01-22,,,4.183208864502738,3.5258508540179534,1.5139033220964622,1.5976366784479723
2010-01-25,,,1.6766655983978187,1.4288420392870698,1.2548151160715788,1.4638891189982568
2010-01-26,,,2.345605569426273,1.500287298827722,0.863872628947525,1.4315632049061966
2010-01-27,,,1.6051536496915784,1.2737115299476132,0.9632322211242261,1.231538222502326
2010-01-28,,,3.456602065250931,2.1543408348374355,1.0229636084504614,0.9517046383340939
2010-01-29,,,2.928059193610328,1.8636041648288664,1.5492218620367737,0.8772884838892481
2010-02-01,,,2.192004381594029,1.9950964942768659,1.4069555963177438,1.2264226664987463
2010-02-02,,,1.7093885872320982,1.2807690303293036,1.5879850126811121,0.99009495974771
2010-02-03,,,2.4576195127971303,1.9844918431755274,1.4401269424754692,1.572444262447113
2010-02-04,,,4.701582827097896,3.792193446762226,1.7412290772025834,1.3190320659439705
2010-02-05,,,2.319321557335874,1.6332094265740325,1.902510925743327,1.594397138508383
2010-02-08,,,2.4287979407772906,1.6810922908928936,2.1087411876517543,1.5410878353090611
2010-02-09,,,2.772024569180266,1.8276569411734955,1.812347980073626,1.2991403436966553
2010-02-10,,,1.7249412271954714,1.3320413482432927,1.939083474333272,1.2954995279381833
2010-02-11,,,1.9071743872787674,1.6801105662015647,1.3380095670928231,1.286785564361656
2010-02-12,,,2.617275346410451,1.6726543330134738,1.4030992585039712,1.415555616411108
2010-02-17,,,3.700048625549742,2.033329543649701,1.4980737286127506,1.5142819990212608
2010-02-18,,,1.6428804503687893,1.325263060771222,1.3567814990666565,1.4088068781111889
2010-02-19,,,1.4716283908986072,1.200991141666817,1.0946493772342458,1.4817013706281532
2010-02-22,,,1.2145645036388613,0.8712389058875015,1.504548076484697,1.7051907430676412
2010-02-23,,,2.320048941495937,1.8601006696405225,1.8231022212850259,1.6812474596420757
2010-02-24,,,1.7376609929499724,1.1220053239749037,1.736434384327669,1.6286876086278599
2010-02-25,,,2.115408884252256,1.3361483835196084,1.4748763922975414,1.702094673202004
2010-02-26,,,1.6695530879802487,1.0860541898907856,1.3483625747919616,1.731247022131351
2010-03-01,,,2.185377055234354,1.2106735736562129,1.1854278691206606,1.9134774712394103
2010-03-02,,,1.401380162011658,1.0486959373488447,1.668991801732254,1.8697052991292562
2010-03-03,,,0.8162792313564331,0.6523411815748394,1.6426386041701642,1.914222869347307
2010-03-04,,,1.8977943141459839,1.176975723569737,1.4371364833080684,1.9633479691481666
2010-03-05,,,2.196314403840617,1.6515873376539663,1.3953064933721957,2.0183635422153317
2010-03-08,,,1.25040304649144,1.066836025295313,2.008216027488672,2.3997334430100166
2010-03-09,,,0.9756516814632796,0.6374563859355012,1.8938131506147378,2.3963729899475137
2010-03-10,,,2.147304291594487,1.6336228727235194,1.9190752300171026,2.2246684899008558
2010-03-11,,,1.1152469528380977,0.9231819058604279,1.8294237363991437,1.8335864498472365
2010-03-12,,,1.4234160838306564,1.3691756950890481,1.8529372819181567,1.6138835171571002
2010-03-15,,,1.3246370642537524,0.8780526281927863,1.5671085866884755,1.5547359272814167
2010-03-16,,,2.7383317050277367,1.6568131208529318,1.5751637599845603,1.656780071951103
2010-03-17,,,1.5156599885973645,1.2746838628786812,1.935046326708471,1.685852420768767
2010-03-18,,,1.4746014671251215,1.2678435594932111,1.8051038427425643,1.45778259158097
2010-03-19,,,1.8516524351998211,1.4470141998261667,1.532846467739805,1.5580814770530043
2010-03-22,,,1.6451235394506165,0.9517475335043422,1.5786809026377622,1.6638110311261751
2010-03-23,,,1.4523434420608832,1.0882948274763717,1.4476775268877633,1.398159195141756
2010-03-24,,,4.517297760569601,2.951731858885107,1.1584772443827953,1.448484727781686
2010-03-25,,,2.0648080241192597,1.4155353139577516,1.5242023631567536,1.073806807592494
2010-03-26,,,2.5758212537916627,1.4365039555413104,1.6123065272421127,0.9229906967390127
2010-03-29,,,1.0361226621215716,0.7985002026091469,1.5914066594215166,1.0757274699245802
2010-03-30,,,1.4250329912506672,1.1432017242038743,1.7907918210177018,1.2862135156300296
2010-03-31,,,3.2078112666273904,1.3804892360770267,2.1180255014680323,1.3113728726720535
2010-04-01,,,1.8072563757632363,1.2427837933972241,2.0995521564787043,1.3723467696153475
2010-04-06,,,3.5181035751131837,2.2575392066531603,1.6063566075137619,1.5361073225037032
2010-04-07,,,3.1851787648626746,1.6464567372615684,1.4351004388311916,1.270163956078503
2010-04-08,,,1.1902241785321725,0.8858850925274011,1.7303889322359933,1.2094785019793124
2010-04-09,,,1.406469994936189,0.8453399727834275,1.8005157380026864,1.0190448197338526
2010-04-12,,,1.6083064042595123,1.0873721963850769,1.6094589620662554,1.2336363856441273
2010-04-13,,,1.6803020183988955,1.1391526779276226,1.4482391897168514,1.312849984209649
2010-04-14,,,1.9887873394837008,1.2483522779755887,1.5024326474796663,1.359330453896681
2010-04-15,,,1.2808066857027784,0.8503057106470847,1.3168852243715372,1.3430024519743327
2010-04-16,,,3.307499140345015,2.9150493652655483,1.4179916618287534,1.319387349327695
2010-04-19,,,2.0517460882047307,1.5683563174172142,1.2401131482215775,1.1828842389564322
2010-04-20,,,2.7556527837234084,2.2670515668726754,1.3536079481202061,1.2382057749425526
2010-04-21,,,2.3952745992562905,1.5500088726330714,1.4619595824568825,1.6210976845828626
2010-04-22,,,1.3307536575070729,0.8529467615336886,1.5828744171604778,2.1401195859669917
2010-04-23,,,2.053969146373965,1.2178360587264385,1.5512931999167634,2.0620723769899705
2010-04-26,,,1.4111074467531677,1.241762720702495,1.349746993128839,2.1734511044480374
2010-04-27,,,8.185157774324294,5.5193537319256745,2.5859459284561415,2.147503856040657
2010-04-28,,,2.5070348094379353,2.0124335503911253,2.274920374137959,2.197992075597997
2010-04-29,,,3.2524753935293607,2.314464349914566,1.9554611816062266,1.9180299632659727
2010-04-30,,,4.075599802646276,3.415206065621709,2.5021185127398478,2.0632870912945305
2010-05-03,,,2.2312793581054766,1.566761453699382,2.3184491202694217,2.3012826428661204
2010-05-04,,,4.5928781366258,3.3315209352428736,3.4302929611242794,2.879941756043176
2010-05-05,,,2.15413713005316,1.2429653138773307,3.2921056566100857,2.9586358517752904
2010-05-06,,,8.074885654459322,6.195507382451212,4.63871193237751,3.571863356001397
2010-05-07,,,5.458416457468293,5.087651638318697,5.785239733866889,3.8656490195610846
2010-05-10,,,5.2336627361655985,4.605047768271211,4.845910521232903,3.260625223081638
2010-05-11,,,3.3071753364599408,2.0362145016355484,4.3123722998503515,3.3248778237198615
2010-05-12,,,1.803213116981201,1.9689594163490702,4.087402122048939,3.2660297636088416
2010-05-13,,,2.2880648054493267,1.6353116316976335,3.859411383200143,3.393986117822199
2010-05-14,,,2.866981784353658,2.828059781129364,4.101787475473686,3.4277404100541764
2010-05-17,,,1.37168529402535,0.796985248948928,4.205129537053996,3.1904447608369777
2010-05-18,,,1.9653328506501326,1.7434595337373362,4.783232215266216,3.4385366820238152
2010-05-19,,,3.0448776384590466,1.88443197100582,4.510953071102074,3.531726720669232
2010-05-20,,,4.538414742842874,4.516529250329173,5.428764147270391,3.9762255018532366
2010-05-21,,,3.4284100416809276,2.7536316892354424,4.799127139343927,3.7326627741501146
2010-05-24,,,4.074686800912479,2.3281435709267764,4.258121392417736,3.5933800339688147
2010-05-25,,,2.8700699722645937,2.551670660521013,2.7295326313175807,3.401039890131155
2010-05-26,,,2.840630370210126,1.82695117450826,2.9097914745253832,3.3087706784863538
2010-05-27,,,3.6821243587597174,2.837453665481639,2.705957930264581,3.035299541661275
2010-05-28,,,1.8662249267906164,1.457696232607937,2.323387074475394,3.2888240272412643
2010-06-02,,,2.289833664690488,1.7406964470444972,2.482466266397577,3.237202931269963
2010-06-03,,,2.1921272637521967,1.7105366463698404,2.0647166314739596,3.129948502288058
2010-06-04,,,3.888273703209068,3.381213402607849,2.600970553252968,3.6574789136272723
2010-06-07,,,2.936169966860907,2.133032818279239,1.9509749758835184,3.867468841609079
2010-06-08,,,3.4785248234767634,2.9151736291831125,1.7099557725426746,3.5000614306187363
2010-06-09,,,1.4401400466823586,1.0082562109480389,1.6422253583047486,3.3412947669447584
2010-06-10,,,4.330276046022641,2.6251287650342574,1.3186972635134604,3.0781852452660785
2010-06-11,,,2.972648959529256,2.3060051648478983,1.6173211075502274,3.03834644428195
2010-06-14,,,1.592715641403607,1.0412167489793376,1.4354202127883864,2.759969953395731
2010-06-15,,,2.851993801266878,1.8174832063143815,1.3504510738137294,2.68154313784747
2010-06-16,,,1.2559827483657202,1.0456374035286946,1.4763556318726738,2.6805279777825954
2010-06-17,,,2.246098149861775,1.82840043281441,1.7169828938479823,2.661777771962571
2010-06-18,,,1.4217016181936202,1.176433016675386,2.050356370608657,2.6801814004132916
2010-06-21,,,2.4319583751542777,1.848564194771178,2.818918475772642,2.7239457872789306
2010-06-22,,,1.662480726463316,1.7588779122896245,2.162453504783826,2.7397957906042176
2010-06-23,,,1.8448960009399664,1.2038058428883898,1.901059409843107,2.49552794054473
2010-06-24,,,2.6599866017878444,2.0177138149990204,1.2864046995699392,2.501333311830425
2010-06-25,,,1.6995020657651918,1.5277798060078072,1.4133443285366452,2.5285352728878374
2010-06-28,,,2.464945546715209,1.6404107785779185,1.4236544763229195,2.575166253784164
2010-06-29,,,2.7268928965041495,2.642084471525368,1.536687780325969,2.6757921877381508
2010-06-30,,,1.574088431635787,1.400771424969213,1.6987615563025833,2.665763087560148
2010-07-01,,,4.952118597010245,3.032379964853519,2.3186278429904896,2.6702166994417333
2010-07-02,,,2.9299348500883253,2.322929691038377,2.6944102755189605,2.2027273553917524
2010-07-07,,,4.09099768822905,2.613986941897834,2.7117548998548755,2.1513924419482215
2010-07-08,,,1.6843444185021086,1.3293490026231058,2.3160600552099724,2.059959084286101
2010-07-09,,,1.3673584800612721,0.935059173697447,2.120278630753529,1.963768370222106
2010-07-12,,,0.9691401903876522,0.958926170449023,2.052623561790607,1.8084553486059398
2010-07-13,,,2.5164338890995284,2.077550054710005,1.701824492333279,1.821123565160584
2010-07-14,,,1.657904113226016,1.2779531935675332,1.7306049642912502,1.893307882528985
2010-07-15,,,1.9944033150221752,1.3554270396583135,1.8744584163267142,1.7244850351664078
2010-07-16,,,3.34939675738713,2.1219013408996497,2.2400954957738577,1.8879136633508324
2010-07-19,,,1.2848492110903684,1.0038867248862349,2.0604751266161725,2.0930621622963224
2010-07-20,,,1.8375262545518163,1.6916663769765097,2.07152613172665,1.8968697298265969
2010-07-21,,,2.4352072375500096,2.550610916465922,1.9402910211493614,1.984292157008308
2010-07-22,,,2.4613790383746443,1.9834957561454098,1.8191461580639996,2.04476054548583
2010-07-23,,,1.560981666775592,1.5238888784559135,1.703675334097792,1.8132433646094304
2010-07-26,,,1.7784123625408952,1.2313271644185382,2.1549066193169044,1.7580301520140678
2010-07-27,,,2.504113464940737,1.9075782586232732,2.151688540316467,1.9523246178583755
2010-07-28,,,1.2248148788950632,1.3248274144723815,2.0226457553019,2.019538382510869
2010-07-29,,,1.7692787966499068,1.0394250689838862,2.413702471651527,2.1306444557243327
2010-07-30,,,2.310786954367896,1.8705181380646452,2.429569415886712,2.4084169143957475
2010-08-02,,,2.0375389822752927,1.9241950423134806,2.345769656167517,2.7186801375851735
2010-08-03,,,1.3420823104088941,0.913915534105345,2.3802153127363828,2.6566146821045677
2010-08-04,,,1.3902215427518667,1.0897717504399935,1.9463421627270792,3.2186268651948606
2010-08-05,,,1.8671311437901998,1.1318769064411707,1.8524714333304648,3.4270145452938467
2010-08-06,,,1.999245009289247,1.6096468631643481,2.073524555033115,3.11355247067157
2010-08-09,,,1.823873346758212,1.3369834308372808,2.2280603186812202,3.3129832479050108
2010-08-10,,,2.463656884411849,1.7978891405324453,2.602200897240344,3.3013351004204274
2010-08-11,,,2.2939271750821035,2.100913820534186,2.832702706429233,3.6122973241183973
2010-08-12,,,2.443111424481169,1.622930951568014,2.293846062046557,3.3001982906141523
2010-08-13,,,3.5850697879740134,1.941158891137959,2.172492822155548,3.083361624492474
2010-08-16,,,3.694746611252597,2.922694078684717,1.9876248512553651,3.032904380174057
2010-08-17,,,3.1736947592638085,2.2041304523120546,1.26961486845454,2.8126610197888176
2010-08-18,,,1.2376980646429752,0.7074504389192205,1.4609544355596165,3.266868232029985
2010-08-19,,,1.791265622634388,1.7206284154088216,1.4380511692969893,2.702771679513097
2010-08-20,,,2.0539193903478252,1.592943374160251,1.5405799906186812,2.669276401175434
2010-08-23,,,1.43863826754097,1.0533954176645186,1.8385617268738048,2.388775035028251
2010-08-24,,,2.1447772426469083,1.9124789395900625,2.1257170636146028,2.6316903213474006
2010-08-25,,,3.0612387130119543,1.7423547198906029,2.0335101517438496,2.4465095281851115
2010-08-26,,,2.10215238028545,1.4026683367480448,2.156644519023076,2.607752838190398
2010-08-27,,,4.121489703381172,3.3762248955645093,1.4687278670521666,2.513682643080991
2010-08-30,,,4.285307973475001,3.0267878713148106,2.065724610656713,2.4303645532198113
2010-08-31,,,2.847250113859571,1.843570805926844,2.217575497494311,2.807325300568733
2010-09-01,,,3.0897615870552193,2.609851353308888,1.959085432552841,2.8744718320212934
2010-09-02,,,1.9256681196084287,1.3814079427687664,1.674906255071144,2.4923609910760995
2010-09-03,,,1.8129116702881347,1.737636388410864,1.7908900968070836,2.61747777507836
2010-09-08,,,3.451754106251051,2.5013170608380926,2.2699524536148745,2.3949982293576983
2010-09-09,,,2.6934842298106494,2.174361595287462,2.434516050549535,2.3104094670745594
2010-09-10,,,0.9445943628274487,0.8527705890463433,2.8949245024383146,2.3570656212746823
2010-09-13,,,2.842906865659231,2.1536947834041484,2.0821160795666276,2.32047377694389
2010-09-14,,,2.7339640695445087,1.861260945662663,2.1792441561798928,2.316234113008612
2010-09-15,,,2.687226624637135,2.151557012530331,2.2167655495781404,2.319890240061484
2010-09-16,,,6.205756754685393,3.012715760522361,1.2221730373133943,2.134656645969426
2010-09-17,,,1.2132913554617977,0.973864995921739,1.1251953829834231,1.9675668417320853
2010-09-20,,,2.1243942667354356,1.4536216997612093,1.5912128200613709,2.1440568557436497
2010-09-21,,,2.387066303246515,2.1993546620082975,2.064268800050075,2.270252745457985
2010-09-22,,,1.3629905436651844,1.210764789529939,2.087130561520431,2.269565305236077
2010-09-23,,,2.3721120062991763,1.508933677903819,2.167848035155644,2.248202125599507
2010-09-24,,,1.8826571647169599,1.7496552269673262,2.313468584482658,2.1096447884311456
2010-09-27,,,1.7343349340856997,1.7122809144022189,2.522685524892962,2.3695248827200057
2010-09-28,,,1.9734843838481733,1.5727368377596795,2.974135563152409,2.7128511952149013
2010-09-29,,,2.001801530913797,1.3938110524032719,2.562834747633184,2.162277974698972
2010-09-30,,,1.0724719898947102,0.618582407820077,2.554585562514274,2.2719220612301987
2010-10-01,,,2.2824663049004115,1.4534324540392058,2.280572962083738,1.9623461181856845
2010-10-04,,,1.9112197923595209,1.5146742071359276,2.365490467477743,2.307100564770561
2010-10-05,,,3.4248286962854464,2.1843935134282626,3.058469963829102,2.6195729119632882
2010-10-06,,,2.8231986352177274,1.9799470492902878,2.9426108483270212,2.539872012524535
2010-10-07,,,2.9354660647541104,2.159482669399068,3.5120434000015246,3.026162555595957
2010-10-08,,,2.0379667531705956,1.7379821180351356,4.043113348950779,3.227707172299525
2010-10-11,,,3.0079716972237747,1.909783742369128,3.4717045975422316,2.976312677471761
2010-10-12,,,1.7076300222706775,1.3016753292972565,3.229453756668524,3.0403493643628976
2010-10-13,,,2.9052206115910284,1.3600774663417445,3.0246001654037387,2.8997587785290304
2010-10-14,,,3.229006170450545,2.078579796974355,3.028999718116705,2.9070865088306754
2010-10-15,,,5.074206780290282,3.0740248120668423,3.135603414707692,3.4737123054394483
2010-10-18,,,2.9031607127601817,2.400441867836126,3.2778473892063995,3.4133881622487925
2010-10-19,,,5.647193311475787,2.6691946512061704,2.8377722254684654,3.4334427672683385
2010-10-20,,,2.0104518554304405,1.1971195148347213,2.660242019943591,3.050943152669657
2010-10-21,,,2.6435878136906816,1.85674523865655,2.88434461076297,3.094789984448763
2010-10-22,,,2.860153899624015,2.754977611975806,2.04065103132847,2.485388237275142
2010-10-25,,,2.465295721777507,1.5432969376843602,2.0831094049175003,2.459263361243431
2010-10-26,,,2.3604793315423396,1.9092642927240446,2.3878047902114217,2.716280384932683
2010-10-27,,,2.5645632691450735,1.784506554602995,2.282693072862436,2.5433463157267515
2010-10-28,,,2.0655303295211973,1.7013585981995438,2.385139125466838,2.478318626038032
2010-10-29,,,1.3573738917576146,1.2078607138026403,2.172819957038743,2.2808953673318375
2010-11-01,,,2.757568231401475,1.7269721829623557,2.374076537749752,2.8007345191411703
2010-11-02,,,2.388548718354086,2.128243726412265,2.0056521058472683,2.4959878170545506
2010-11-03,,,4.04791620145306,3.966730077939786,2.606036134394512,2.479928085203954
2010-11-04,,,4.958262304897759,4.171452108112831,2.340952167499368,2.8581561979408434
2010-11-05,,,2.2059595566105448,2.343035510235638,2.3571428837473825,2.9980710391371113
2010-11-08,,,2.3138298474878853,1.9621878285131857,2.105419752123335,2.864384084956326
2010-11-09,,,3.2487644996442597,2.8844076250495316,2.2592845096672995,3.6332117652953033
2010-11-10,,,1.9290722085757945,1.3125075580999634,2.121696803219041,3.855552456468997
2010-11-11,,,2.1685546171453507,1.3557342751950476,1.9363340796349755,3.8625583152436476
2010-11-12,,,4.945581474219578,3.8076701546858516,1.6835009158498748,3.527915691466086
2010-11-15,,,2.8586816481593798,2.750221555972814,1.8623901595226073,3.6699547632057232
2010-11-16,,,3.711147169259322,3.789478322739613,1.8581264357165128,3.1288484684184508
2010-11-17,,,1.631112597979521,1.2440608672868234,1.828863503989705,3.274202394107918
2010-11-18,,,3.863055818581763,3.2792105490965455,1.8799343737320218,2.7129720739268532
2010-11-19,,,1.728725538149327,1.1963542281566402,1.6179247630587414,2.4284989574332907
2010-11-22,,,2.2414466776871667,1.9720722839088196,1.4122203303373875,2.875154384667664
2010-11-23,,,3.2341733465650173,2.0839131723306785,1.5015628796073313,3.03336118256967
2010-11-24,,,2.8844962314203784,2.585404284392867,1.326294051608252,3.049509356394215
2010-11-29,,,3.596799444398797,3.24728969155948,1.5383012855760116,2.8060813779041154
2010-11-30,,,3.093954167430041,2.0031274110274846,1.76549858753378,2.6062744998365934
2010-12-01,,,3.976918077005987,3.1391299919290194,2.184106992964363,2.377760511924684
2010-12-02,,,2.3368345362956493,1.638054728455843,2.3652159728983575,2.095552673052795
2010-12-03,,,3.327114851072623,2.2535735639314862,2.6467216505668962,2.1800884754466336
2010-12-06,,,2.622126993138056,1.6895333143630673,3.3085183813777603,2.0030832896477504
2010-12-07,,,3.3783090065219024,3.8378727255033835,4.5686216076280495,1.973243748247499
2010-12-08,,,2.2699300571745358,1.4507834141644123,4.094743417213472,1.8887846924798417
2010-12-09,,,1.7779007079906293,1.4307637972359326,4.3953309234225175,1.722339946060859
2010-12-10,,,1.7387267175411796,1.5505656906235792,4.651495430486582,1.7002172513243725
2010-12-13,,,1.5327503992264295,1.0710010443458575,4.757922983082036,1.9838306410785906
2010-12-14,,,2.7425678054949105,2.820057546528871,4.751082051792632,2.5384161796685176
2010-12-15,,,2.234587558210299,1.8921224112229849,3.93633905276674,2.564257937327673
2010-12-16,,,2.437303045692766,1.3397460151758325,3.5672381669966726,2.7528821583450473
2010-12-17,,,3.399374632615376,2.6538351222625067,3.5921114600335016,2.5955916830179553
2010-12-20,,,1.3111226561410434,1.0852001463229928,2.823622268632319,2.639563875323659
2010-12-21,,,1.7226466129773403,1.1804173527176047,2.953277886048558,2.522700664709398
2010-12-22,,,1.8414385543243825,1.6722477699378218,3.3165276550790397,2.7820626227866527
2010-12-23,,,1.90866300066237,1.7837575897155793,3.8416730442201845,3.0067208333571114
2010-12-28,,,3.7833128408759804,2.5393283835228257,3.442505864779882,3.0826953979331364
2010-12-29,,,2.505811697400855,1.848405291635065,3.4443346848741143,2.7575888732123897
2010-12-30,,,1.9687965235041902,1.0900901800316714,3.902238918196913,2.8544042292630114
2010-12-31,,,1.7541104318511207,1.4150081086543693,3.0904645094944283,3.060953904500269
2011-01-03,,,2.7317362793712614,1.5120501358728105,2.847663034093116,3.1945137868783062
2011-01-04,,,3.207282188080978,1.9560237953300712,2.747055340931307,3.162046678394879
2011-01-05,,,2.4145527095683597,2.2112448199451418,2.6269496095495772,3.453207771638452
2011-01-06,,,3.1180721980246684,1.9535217544457613,1.3298033579788793,3.1275757600915615
2011-01-07,,,1.7364605696306152,1.6880196312483557,0.8873591257925382,2.703427354286635
2011-01-10,,,1.5721741839855463,1.0737672382535288,0.9393144953665652,2.7083747699438168
2011-01-11,,,1.3703576028850821,1.0402059751264103,0.6949987290513364,2.7359833962289146
2011-01-12,,,2.0281081610961866,1.4231580852526466,0.894926416073825,2.615322199303542
2011-01-13,,,1.9817424699200432,1.1757667694977134,1.3986172066233127,2.4857013000231634
2011-01-14,,,1.9976628096244704,1.443347128432671,1.6036105774108182,2.7738014799597157
2011-01-19,,,4.262744902453413,3.476652567804151,1.0487774798634415,2.7605658302143925
2011-01-20,,,2.918470897328892,2.6156751747857063,1.632689759479624,2.924265239968584
2011-01-21,,,3.345357439192182,1.9323602002341627,1.709527941181325,2.9303032347197524
2011-01-24,,,2.642894958327367,1.6047887351641452,1.7998624241756656,2.5156028840527602
2011-01-25,,,1.5408676279250009,1.2156107667055538,1.8594092880913375,2.3872810545391747
2011-01-26,,,2.4559013837770913,2.041382330925112,1.4680391522495215,2.4629040548605223
2011-01-27,,,3.3442841802715466,2.0092845062261957,1.8387275007534205,2.261350892470957
2011-01-28,,,5.582702577235077,4.682931178437602,2.2307413380400796,2.311574225491323
2011-01-31,,,2.032863216654203,1.4079043242657132,2.3227868323881005,2.4728896311600663
2011-02-01,,,2.3815931953803293,1.8355629276930931,2.130677730041071,2.6569027624681656
2011-02-02,,,2.1711530163275867,1.6595816708057929,1.7049291227342376,2.7354165586208605
2011-02-03,,,1.9039084812886784,1.3377497857344456,1.3966492658972303,3.028544412220713
2011-02-04,,,1.4910423560260704,1.5512402904810616,1.1199257947778354,3.7236531826643136
2011-02-07,,,2.3209551669842043,1.3347107431339567,1.3351310353762016,3.8869772559519835
2011-02-08,,,1.7751167857488233,1.3708551234216921,1.7869062589543159,3.680120229001101
2011-02-09,,,1.5655871029353712,1.197584273031845,1.8522547401233345,3.6962359828651117
2011-02-10,,,1.4395420231563028,1.3912904463928044,1.804590221926038,3.5746068534099558
2011-02-11,,,2.8679813627138517,2.241355570164198,1.7876030716746116,3.68177933345242
2011-02-14,,,1.210904909848489,1.0626525051947704,1.6308486325051503,3.052344325720332
2011-02-15,,,1.566710400262251,1.1636559460042455,1.8575329207603277,2.9406315257683184
2011-02-16,,,1.8609931567599827,1.0847766548518216,1.3754299963508636,2.4399704573706806
2011-02-17,,,1.4103156030807877,1.081352637601685,1.151722056604747,2.398414568226928
2011-02-18,,,1.8619859817772881,1.3215416915767184,0.9041448548442811,1.9461847676539505
2011-02-23,,,6.8655537290869235,6.296164535438252,1.9941901442792056,2.390556716051036
2011-02-24,,,2.3313943953050105,1.6830601252508532,1.7275273257626713,2.3509169472038955
2011-02-25,,,2.6103992093920203,2.421524529857666,1.649003927301023,2.461726907132436
2011-02-28,,,2.060246341920527,1.5218312122833857,1.8495392549496945,2.23984753879429
2011-03-01,,,3.3495668696015577,2.6117271214010147,1.7137426018730855,2.2555025731461718
2011-03-02,,,1.9899261549276719,2.157142874697414,1.451685460693747,2.018188595071202
2011-03-03,,,2.7711115789845313,2.146323854299254,1.2905673653031913,1.790586493797265
2011-03-04,,,2.4960967683191093,1.4912577387782444,1.5585943345641144,1.5029871356078022
2011-03-07,,,2.2579597861488114,2.180979407189241,1.898179077410501,1.757085151969535
2011-03-08,,,1.9466377624529478,1.2288132425136988,2.0344586953996227,1.9579517342570487
2011-03-09,,,1.953862507399699,1.412132911884327,2.0525762502249028,1.9447481780769733
2011-03-10,,,4.584038381515241,2.183467509450057,2.2875740139528253,1.7715882999819865
2011-03-11,,,1.7909743083447534,1.8483017754246505,2.0739429217672107,1.6972338484691032
2011-03-14,,,4.433965022101485,2.109177900965149,1.977198797380121,1.7298150604100673
2011-03-15,,,4.162463170481963,3.6163022358346955,2.4652905003906014,1.9212854702801057
2011-03-16,,,4.176195082792476,3.765974072617303,3.228492443705512,2.7257445529982403
2011-03-17,,,4.8304322502420804,3.080690745578676,2.8419830218671733,2.476506338381866
2011-03-18,,,3.0816778682319192,2.4154738542812506,2.2781480100966562,2.036163742390575
2011-03-21,,,4.126765103542645,2.936909485857476,1.538511760512955,1.8323624368440468
2011-03-22,,,1.5625512467984681,1.1732858799206132,1.433215585707158,1.6276063347809413
2011-03-23,0.26250550764002045,Low,1.523427105819847,1.3464890767073736,1.2209020133735975,1.5192386252620567
2011-03-24,0.35268500986170304,Neutral,2.1563364590392533,1.6527811818095712,1.1514508048617633,1.488473758781389
2011-03-25,0.14467163521888293,Low,0.8693168302435131,0.6996723563440616,1.1455830336262542,1.367989984512701
2011-03-28,0.3100843135218526,Low,1.7029894245728463,1.7175030078180145,0.9305674316953413,1.5817205965255172
2011-03-29,0.23089461933905553,Low,1.2861410549830166,1.2532811793029988,1.1768184635559766,1.6662758101727813
2011-03-30,0.32160459842045436,Low,2.0644827224180067,1.358587779047227,1.473414214199952,1.9587193606278017
2011-03-31,0.31125617254999066,Low,2.0192426359919313,1.2848359165092802,1.4730528093333803,2.0460776062479593
2011-04-01,0.24786790366222117,Low,1.4589358690265408,1.2344947036535026,1.5804853759813093,2.305635477684072
2011-04-04,0.2805618329149132,Low,1.7722441059795033,1.2259900740353584,2.0248711885036204,2.401067364883818
2011-04-05,0.37117216554852916,Neutral,2.419088843989745,1.5163624134802662,1.967491832768552,2.4508598080709127
2011-04-06,0.48794463561725,Neutral,3.074398332720226,2.1433105335885685,1.877177262641706,2.517639274673974
2011-04-07,0.10164984004465,Low,0.6685788290669425,0.4066510304263774,2.13125324010695,2.5199111318209284
2011-04-08,0.261466368770224,Low,1.4883157229440327,1.374030305848138,1.8986156044825424,2.7130398990784865
2011-04-11,0.4240101589523769,Neutral,2.626483242784893,1.9263796515226654,2.7052491756773085,2.8501320349546453
2011-04-12,0.3532822142576864,Neutral,2.3706832144750325,1.3466172160302727,2.7006619639614056,2.4071302283611846
2011-04-13,0.42057369258436217,Neutral,2.8454925521886416,1.5701536285762563,3.3203742058578505,2.1565778491375482
2011-04-14,0.30478423932423804,Low,1.9231630587425368,1.3347965857545951,3.52499744127859,2.58743069832453
2011-04-15,0.47798441297412286,Neutral,2.936487187824145,2.151472486111105,3.2421617359176023,2.6527566328193872
2011-04-18,0.3913086446544938,Neutral,2.2596431272406523,1.9608842863167222,1.8926102070895523,2.437876523800602
2011-04-19,0.35036162192895554,Neutral,2.053108317865666,1.7143381721215607,1.739342431310314,1.9295553626973316
2011-04-20,0.4814049012749238,Neutral,3.2816686531888957,1.718745439666756,1.5707046135632503,2.053043221607467
2011-04-21,0.14962640108288955,Low,0.9570084515697719,0.6184666559703131,1.6380509210169094,2.0608942363817047
2011-04-26,0.619125235531097,Neutral,4.025520494599744,2.4274883342069384,1.3263545704632451,1.973668214765884
2011-04-27,0.4333919601792763,Neutral,2.716992981523761,1.835788454002088,1.7345434014752021,2.425303383459054
2011-04-28,0.4071107260393212,Neutral,2.5333674313390975,1.749991463774756,1.9341940752142786,2.624156267431933
2011-04-29,0.3775228050063575,Neutral,2.4720080817150234,1.4449714403780864,1.9826909297157662,2.9257493695249153
2011-05-02,0.4391598158527452,Neutral,2.695106222143331,1.9231605625624335,1.6872931982940287,2.5089370955962207
2011-05-03,0.2822414484304722,Low,1.604772482496189,1.4068964879966817,1.7552909151940497,2.5705117822329298
2011-05-04,0.37727354473986074,Neutral,2.602443544469431,1.2667511231535065,1.818411354895328,2.2404452281778093
2011-05-05,0.648706598338125,Neutral,4.2356590238793,2.499106773126511,1.8359784135235344,2.0189439155370534
2011-05-06,0.33275681139695523,Low,1.9118948452522033,1.547695026187627,2.3001112193140534,1.8138311321905023
2011-05-09,0.35755286339316295,Neutral,2.0403330079603834,1.682048065073287,2.193021602548857,1.9352235943714666
2011-05-10,0.33969452319254345,Low,2.002048429820725,1.511774550253483,2.345318282103487,1.6431994589580106
2011-05-11,0.4002823275678069,Neutral,2.4781341660404355,1.62006636345678,2.1220936362129232,1.8572169605947517
2011-05-12,0.34930392663431087,Low,2.180325907006431,1.389610539176812,2.029752744474179,1.5651165676091607
2011-05-13,0.30439380735222116,Low,1.7053200845089656,1.4274123362137818,1.3810639492815209,1.5751637905603841
2011-05-16,0.4644533488681736,Neutral,2.6367028384723654,2.1064354688772493,1.4976060638777065,1.661695527894438
2011-05-17,0.4518989530477401,Neutral,2.441703098359989,2.1565738618261183,1.6288928736642607,1.598811930152162
2011-05-18,0.4472313680220512,Neutral,2.4363593522257174,2.0299911697584,0.9462732484464714,1.5785262017128654
2011-05-19,0.17515192656911815,Low,0.8383986271631282,0.9348660339721545,0.8241961832325687,1.6236357766864016
2011-05-20,0.46241236346129705,Neutral,2.291520704640809,2.359115306741253,1.110020218836708,1.8102142273352777
2011-05-23,0.35955348538022147,Neutral,2.3247066278692174,1.076648473035562,1.2694696000600583,1.9400334797578331
2011-05-24,0.29538018073332606,Low,1.65911644575615,1.2343388564730262,1.3439322114576704,2.2162171877345362
2011-05-25,0.25057821378637596,Low,1.345089751845297,1.1341783789874358,1.5757212272582277,2.1464343738240554
2011-05-26,0.5005395630723672,Neutral,3.00382475407173,1.823208990890338,1.3854665604725473,2.340816087873023
2011-05-27,0.3110653447838505,Low,1.9175051945491488,1.0622257366235035,1.390046999621098,2.2997030640940945
2011-06-01,0.6479347786891452,Neutral,3.5634283361190118,2.8135928129866965,1.6428158197734102,2.1150245605906774
2011-06-02,0.700397330731693,High,4.09550371232504,2.657831870633264,1.833973493328046,1.5656161294478264
2011-06-03,0.4647603805038004,Neutral,2.870072444091522,1.5492835540727257,1.8944468116929865,1.8862031398488013
2011-06-06,0.5589670581595134,Neutral,3.27137491578304,2.1171025335087603,2.0318033110302913,1.5997448172000832
2011-06-07,0.30462772002230604,Low,1.6674558325659339,1.3160567405909611,1.7359211490697575,1.4864342307445013
2011-06-08,0.3539987551097162,Neutral,2.028480830857388,1.4016859723962831,1.4946116122790025,1.6280768021843048
2011-06-09,0.3376997981150035,Low,1.9193477364847293,1.3592797954561533,1.6588978148139268,1.6111042506321724
2011-06-10,0.433785449072096,Neutral,2.627126950091701,1.518682555630679,1.7628426508694799,1.9947084397327048
2011-06-13,0.3843431164663648,Neutral,2.32849635249363,1.344451359912548,1.9908386830119935,2.0143046421515822
2011-06-14,0.5344181053328837,Neutral,3.268001901986152,1.8268182566518958,1.7229110527932359,2.7677979977850136
2011-06-15,0.7087273687356752,High,3.927482337843805,2.9942298393532654,1.59960131054792,2.5351568348991953
2011-06-16,0.6083498400889588,Neutral,3.6179396869459777,2.214934626273357,2.2585900382858357,2.250057197085123
2011-06-17,0.39028540299464926,Neutral,2.2460535075231736,1.507068652910716,1.987773059879474,1.7639478735415328
2011-06-20,0.42486117973453297,Neutral,2.267031439960731,1.8868632247262944,1.6799366376910236,1.684614075698052
2011-06-21,0.5530956242850549,Neutral,3.3714850832912493,1.8474715499866812,1.2453321844255967,1.5011291997234342
2011-06-22,0.31592582861548235,Low,1.9507678470012262,1.020487769536201,1.2550264027253695,1.798472355919477
2011-06-23,0.7401146850840973,High,4.316347528958101,2.778968330796545,1.308683452005314,1.6783148518169562
2011-06-24,0.733260469450915,High,4.0976019232503065,3.0005789393402917,1.912424347649216,1.9965352993067047
2011-06-27,0.4878194609381773,Neutral,2.9026349594282244,1.7518597576742791,2.0491986010450622,1.9474371466828768
2011-06-28,0.7167426311170959,High,4.401973836775227,2.421516047687965,1.5414284169927197,1.5004335075365076
2011-06-29,0.445352907082314,Neutral,2.345964052541097,2.039858790042092,1.6329742236888756,1.3925258262361795
2011-06-30,0.520054444537944,Neutral,3.137777998897013,1.8342965812660952,1.329333879277012,1.2146777132796684
2011-07-01,0.45836978136316164,Neutral,2.9305507514047977,1.3899034686065221,1.3874929187484342,1.0942718438155727
2011-07-06,0.8786839881193316,High,5.3965544165410515,3.0633911595195182,1.0304719611080368,1.3179058917947764
2011-07-07,0.37445247192428927,Neutral,2.2033065942977417,1.4363941044727553,1.1026886228895085,1.144434280998194
2011-07-08,0.5786558201598926,Neutral,3.419614619930481,2.1996776178477266,1.1245194967475431,1.3350527047313523
2011-07-11,0.642322317160816,Neutral,3.648003114078663,2.6424147580101316,1.5543476956908362,1.4863426250436882
2011-07-12,0.37724223822060154,Neutral,2.1601418431603445,1.5279779147259427,1.642309852157561,1.6221536479590282
2011-07-13,0.4256368672329219,Neutral,2.7421207688774283,1.3101284805145403,1.7632498550925761,1.7653776281392166
2011-07-14,0.5933835247791122,Neutral,3.3723672948854646,2.3787461876239773,1.8646406654430892,1.572579751269986
2011-07-15,0.44771409730297507,Neutral,2.5128946885571644,1.8382308874887348,1.6841942960268863,1.7869125889383246
2011-07-18,0.5558510743070149,Neutral,2.936746433974004,2.533989674649229,1.9545293879392251,2.5253902751329536
2011-07-19,0.9758942897802165,High,5.224708055364567,4.446081618369681,2.2586547363235545,1.7221169019252198
2011-07-20,0.38227542989111396,Neutral,2.0495310056657066,1.737648616599342,2.0667861583485,1.7949134285116208
2011-07-21,0.5222245980757574,Neutral,2.924719606288706,2.2042833307292065,1.5490896409076804,1.400678179701806
2011-07-22,0.5063364020634297,Neutral,2.929335162392139,2.0101575932607973,1.9715387247630574,1.4636251005036764
2011-07-25,0.5961512473907185,Neutral,3.272529346790485,2.606215737178997,2.0595784981958656,1.711731607483201
2011-07-26,0.36228686833769125,Neutral,1.9766565869486703,1.6002366329595885,2.549496268534454,1.8547879850973685
2011-07-27,0.6539571839358908,High,3.85399661490562,2.5003389528872817,2.478203895993461,2.3103564147806828
2011-07-28,0.23348466783418945,Low,1.2302673557023336,1.0905515721050822,2.568722486140031,2.5198029128884523
2011-07-29,0.5717982545524481,Neutral,3.2528537152525128,2.3449796829826695,3.371112172563973,2.508886586193403
2011-08-01,0.5817920779222522,Neutral,3.516667680509993,2.105006661465287,3.1731773212888816,2.3028838146478705
2011-08-02,1.0095118013436175,High,6.128175130527193,3.7329073252336795,3.4979487137257097,1.9136861211351623
2011-08-03,0.30564901174915005,Low,1.6422487513581998,1.4155719130206819,3.027267254673387,1.7800923892366767
2011-08-04,1.1901428174193016,High,6.469808478882118,5.575124218841327,4.219932138531379,2.4188178116712487
2011-08-05,1.2885885352881998,High,8.561441047978944,4.455358466312539,3.69285505370091,2.461383579930937
2011-08-08,1.4837623853877733,High,8.034217658548073,7.913856695290835,5.259456983035901,4.330446673915942
2011-08-09,1.3432040744671145,High,7.756490237568764,6.7291306754266484,4.7507350397195705,3.983496023926975
2011-08-10,0.9891982812698068,High,5.343117300686751,5.480173728420112,5.266465773470376,4.614320797937278
2011-08-11,1.0208169197022485,High,5.933100302318569,5.334569169859266,4.651427403221724,4.3737571590318876
2011-08-12,0.5091232795279418,Neutral,2.6889832072683317,2.9651338057278878,4.397883418180705,4.0236907522105225
2011-08-15,0.38746583700727505,Neutral,2.2124550856866434,2.06331171440323,3.487589407488311,3.8633581109187114
2011-08-16,0.2972966357492856,Low,1.4661264017244462,1.8526260900122613,4.023995210656664,3.9425186603361198
2011-08-17,0.37116300215105336,Neutral,1.7574877155491626,2.3978199905288964,3.8692037288800236,3.799655404103098
2011-08-18,0.7419462128860472,High,3.2416109071859815,5.109363190806861,5.459607412847113,4.2057622484628965
2011-08-19,0.33913116526271003,Low,1.8298505270871936,1.9300460907559598,5.2088156029665456,4.079224021853251
2011-08-22,0.4337688400382254,Neutral,2.74242574745831,2.000677581677113,4.951367716326559,4.233061160080664
2011-08-23,0.6999385359484492,High,4.051953398866509,3.6629377230312166,3.996981050846571,3.8999090831729064
2011-08-24,0.6794826959064253,High,3.7827808275973482,3.731405597489449,3.282095729155266,3.7860200729913562
2011-08-25,0.3003065843557837,Low,1.5421875760740813,1.800108979641973,3.5413553810122678,3.9117400740908637
2011-08-26,0.6321909352030721,Neutral,3.6013969029495567,3.3763515123509134,3.216218924671205,3.3503374439096874
2011-08-29,0.529494004931049,Neutral,2.8433794898177407,3.0292776010091975,2.7840279783255677,3.106295881373469
2011-08-30,0.5027696944676543,Neutral,2.7896719129565346,2.7718319984368436,2.9933664006871314,3.5404707115435317
2011-08-31,0.32761068277936756,Low,1.6235844886853277,2.032258600442054,2.907901814943971,3.277800205968426
2011-09-01,0.36528160852567226,Neutral,1.8154925859118674,2.259867405127231,2.1866100947000406,3.3756275903124973
2011-09-02,0.5587545635242519,Neutral,2.6727600483160434,3.5782677981892537,2.599566594686735,3.6481653863802306
2011-09-07,0.6217605805821085,Neutral,3.7482922849486626,3.0804405656129337,1.979930123608309,3.820084263590399
2011-09-08,0.3596741652049624,Neutral,1.8624986357108133,2.1380004981432905,2.2127573599633785,3.9291375870575247
2011-09-09,0.4678827277780879,Neutral,2.5882979527171086,2.588576957477794,1.3553912749878556,4.144714425705978
2011-09-12,0.3559204146344496,Neutral,1.9229496794552918,2.0226746217251987,2.3769621184201686,4.354523670986753
2011-09-13,0.39060873943191293,Neutral,2.188723488949616,2.128572370401107,1.8990904131886923,3.8577242885851466
2011-09-14,0.40148386224868016,Neutral,1.792991528361406,2.7195219645917037,2.5788717452700873,3.881320255372037
2011-09-15,0.3536996364832901,Neutral,1.7143372230952587,2.2389663202846157,2.2227484524678816,3.837468407876796
2011-09-16,0.23946526652622668,Low,1.1001993418348226,1.5862373676940873,2.304827268139446,3.9814887827221654
2011-09-19,0.6096295707596817,Neutral,3.166684896633572,3.6123423504006036,2.7278231470273813,4.186221901447342
2011-09-20,0.3150768133317158,Low,1.557906364427576,1.958655108401156,2.718395132808987,4.173566962018574
2011-09-21,0.6348536246544383,Neutral,3.0064096685857797,4.1009591523167135,3.7886745130466193,4.508564458802606
2011-09-22,0.8218452281515639,High,4.552859868672188,4.539361116587098,4.044695386636741,4.957911868917665
2011-09-23,0.743602638859409,High,3.936768786937551,4.319843400154382,4.745052798265438,5.10254390848656
2011-09-26,0.5376120819528246,Neutral,2.5961375381852214,3.414333814545384,4.358739348367672,4.764720241032233
2011-09-27,0.5540404657839949,Neutral,2.7624529831305478,3.332990120252238,4.204281234041393,4.909857186233633
2011-09-28,0.5138331034083303,Neutral,2.826078047159168,2.7755579508867387,4.205868471892346,4.8336280513589704
2011-09-29,0.5958083707253996,Neutral,3.0238141582649565,3.5208046838680707,3.876006862911534,4.236129505191394
2011-09-30,0.4936366199935107,Neutral,2.088319061918218,3.4152355002990884,4.840169412966984,4.607178223909769
2011-10-03,0.5628704513721707,Neutral,2.571627505195265,3.666716820218159,4.413031162708781,4.592556348012235
2011-10-04,0.576884355665377,Neutral,2.5764286380510244,3.8287717289697585,3.999432344292647,4.145941807271493
2011-10-05,0.7598681234706054,High,3.4443018199891426,4.9827167204688685,4.2188768994619,4.30352099085758
2011-10-06,0.32845277827654995,Low,1.6980181069172278,1.9037966191987057,4.266197990556715,4.011925302320955
2011-10-07,0.45634128563591725,Neutral,2.183769854823617,2.8546434185466376,5.100010453902643,4.169423373074016
2011-10-10,0.5815260579536545,Neutral,3.1840967198693244,3.1582896196613444,4.0001369627313945,4.002831874027944
2011-10-11,0.4170457337830351,Neutral,1.754826450657754,2.896662620401957,4.686129771037507,4.392193525868339
2011-10-12,0.27333763876696004,Low,1.3924482951004211,1.6089944709329116,3.9077366540835894,4.433877638027808
2011-10-13,0.39323249543029165,Neutral,1.9979681411782864,2.321029455400856,3.5668025055465336,3.7989303069971663
2011-10-14,0.286128265798114,Low,1.4772131088950353,1.6608600634924033,3.2298121069782737,3.9200230078799883
2011-10-17,0.4611399633895077,Neutral,2.100402587612134,3.0117084554076747,3.6013644991067717,4.231453672628699
2011-10-18,0.33184056830418673,Low,1.6206478899699825,2.0368033625983264,3.1190547950543936,3.7559591714786893
2011-10-19,0.3763930948127445,Neutral,1.7812295916308134,2.3783728165801867,2.823133882164626,3.803983974512552
2011-10-20,0.2960712178646079,Low,1.3520317502872203,1.9054125377405546,3.392682160484109,3.5340907970416398
2011-10-21,0.3853517527186254,Neutral,1.788956692013308,2.445515656074411,3.2680446488184414,3.192428018101171
2011-10-24,0.4568099455278303,Neutral,2.2292264641770565,2.7285233370454307,2.516029131274133,3.2736345164432508
2011-10-25,0.4153025243319253,Neutral,1.6775851370215942,2.8748282439187633,1.6242547824195128,3.3746112741216696
2011-10-26,0.4692040964248058,Neutral,2.1829052845544368,2.801562063437255,2.740997796799245,3.122878063885341
2011-10-27,0.6183739134296824,Neutral,2.723539620507194,3.8240138259028007,3.2956436493615904,2.6428614562645203
2011-10-28,0.32433004593927794,Low,1.4559708130303588,1.9515591356641757,3.1146738914894088,2.562523608957998
2011-10-31,0.7416729378348307,High,3.162390366457414,4.653395791198049,3.219396338837838,2.7185587100314854
2011-11-01,1.125151139905194,High,6.745450150227923,4.944790152101083,2.666655756920566,3.3516938079051455
2011-11-02,0.3699921715265383,Neutral,1.5585897039422014,2.3678672965162937,2.162919032993059,3.5234476800923056
2011-11-03,0.3262060309776661,Low,1.528841260851306,1.9007172683019011,2.0763388932880145,3.807654255323327
2011-11-04,0.22543986319930093,Low,1.2844159702790772,1.0511601609306116,2.1542954446045415,3.4508579529431933
2011-11-07,0.3940542060014463,Neutral,1.8685801983150139,2.2548160730508213,1.917670249713134,3.8304182743220108
2011-11-08,0.3097078523794585,Low,1.4433314431341127,1.7875264849686567,2.270453569127088,3.46001144671648
2011-11-09,0.8499082052064393,High,4.32595626591249,4.503375004455143,2.482318892637873,3.1978853279725397
2011-11-10,0.5362246434960629,Neutral,2.50337124077036,3.0550915433232193,2.516412373273495,3.185431868687707
2011-11-11,0.38308276901797567,Neutral,1.8828720568165704,2.0621723591419534,2.8073712793747196,2.7233020189898864
2011-11-14,0.43596072168369987,Neutral,2.0150053949804416,2.463490114972683,2.609464811909823,3.2882845260739844
2011-11-15,0.25537397617258717,Low,1.2070386874617653,1.3890164540529428,2.3086645671127353,3.273605803903488
2011-11-16,0.276674338447768,Low,1.410148370348731,1.3863312438211826,1.9387830422048344,3.4349380979439768
2011-11-17,0.6030425862627529,Neutral,2.7854849373912374,3.302975901395072,2.052013639882576,3.0948495802526423
2011-11-18,0.5509928184740678,Neutral,2.480890422362607,3.0476888995474254,2.1108323215767295,3.4562048966608265
2011-11-21,0.5654625593744045,Neutral,2.733131170407049,2.918770134604532,2.3103089305547004,3.3774837984089863
2011-11-22,0.3621259642657514,Neutral,1.580887563777019,2.039950306412744,1.9951941987078758,3.4171433367037456
2011-11-23,0.3883858529708155,Neutral,1.8689364961249173,1.929132954107741,2.218586873255047,3.3366255646152214
2011-11-28,0.525147974454395,Neutral,2.8896281858794373,2.212347023511031,2.70154453414074,3.4064410302121515
2011-11-29,0.4087748818514002,Neutral,1.9974769068820448,1.9805566940263009,2.690060559788507,3.6354148756511444
2011-11-30,0.7142864666692894,High,3.533410718757886,3.377688518007032,2.420810151597029,3.193353750730951
2011-12-01,0.3695860945489838,Neutral,1.7277087427967281,1.8448738215675728,1.8822424819649146,3.2425764727499895
2011-12-02,0.3342017840440436,Low,1.569414065119675,1.659277794561869,1.6845387684230695,3.107426809334444
2011-12-05,0.3781370051900129,Neutral,1.8745587686239116,1.7728798668452188,1.6344069861511146,3.3260088157459586
2011-12-06,0.33964922704819006,Low,1.6585894412790136,1.6138534256078887,1.770980388857831,3.482762012914303
2011-12-07,0.4519615651498556,Neutral,1.8226027292527343,2.55283860795682,1.7901407247082028,3.0731891453496325
2011-12-08,0.3991038165199793,Neutral,1.6872387200153078,2.1722584162435417,2.0408642748552484,3.3867760697494647
2011-12-09,0.45841371668731934,Neutral,2.013114153217982,2.4158500553223616,2.4691096988897487,3.1288426030000878
2011-12-12,0.5747258300063294,Neutral,2.6408782720346573,2.905477274267774,2.3563291688252295,3.193582004082133
2011-12-13,0.4963105411421257,Neutral,2.1721824260644946,2.616232221503324,3.01545957945514,3.4614332300605373
2011-12-14,0.6636822406648204,High,2.8712623929528367,3.5161980188125215,3.7102725341499365,3.810769372458256
2011-12-15,0.2425307351250975,Low,0.9318840717825249,1.4077325326256604,4.140457045199321,3.8856164101222936
2011-12-16,0.46195439905870284,Neutral,2.344029906409851,2.085949839806251,3.808415289664278,3.6672428152775614
2011-12-19,0.24473092867946455,Low,1.0169845443839947,1.3403078808115125,3.2952298855007847,3.584720184089918
2011-12-20,0.569923286527659,Neutral,2.5121912333755128,2.970751739487334,2.6993767080765836,3.760398690103193
2011-12-21,0.6900702855703538,High,2.976634398049046,3.629290252273082,2.8997630187077617,3.6700537787936556
2011-12-22,0.29754416787008797,Low,1.5411728944392178,1.2606991899489295,3.140273827886323,3.6854956752650914
2011-12-23,0.36967338383029047,Neutral,1.484995558156087,1.9717339683937432,3.1189109721891595,3.7532500675016958
2011-12-28,0.8510609967084664,High,3.82785654938431,4.133190714819688,3.2452276241433538,2.9706849216777784
2011-12-29,0.28959486938841883,Low,1.4227666386066866,1.2870538122657849,3.2334561488661504,3.106154506239713
2011-12-30,0.319769073681892,Low,1.7518931472512869,1.2299643536738432,3.3550077969049497,2.7799457951864537
2012-01-04,0.9293881299795994,High,4.153368712434792,4.437896377119816,2.764765777081402,2.7011971413535614
2012-01-05,0.322019706879793,Low,1.4816372930248187,1.4853561461387055,2.598938885566149,2.549743524469825
2012-01-06,0.41939868347114745,Neutral,1.9773001683269014,1.8821611797611035,2.596998499205032,2.6137031578599164
2012-01-09,0.28901650543545254,Low,1.2094774117441125,1.43142655593709,2.6417138252682806,2.685945161843199
2012-01-10,0.27732203601656535,Low,1.1840011698709492,1.3454460420144363,2.3210676047146075,2.495771136325156
2012-01-11,0.3579173158200833,Neutral,1.6815908590122095,1.5879982375166786,2.1088152324653198,2.939437059824114
2012-01-12,0.2507216331068941,Low,1.0274729606893502,1.2547067227939628,1.8499440801004872,2.807177348253286
2012-01-13,0.4261963381931663,Neutral,1.6372670812815575,2.236224757948225,1.6542229252748668,2.9501004847500183
2012-01-18,0.5342649340546526,Neutral,2.2467675155198874,2.619462006364993,1.343255241769102,2.757459058384263
2012-01-19,0.38744344376411965,Neutral,1.7933008385397968,1.7445436699406953,1.734551612851085,2.643669068265341
2012-01-20,0.5572943895942888,Neutral,2.210299925432119,2.813319258860366,1.8040953518687262,2.7511137050978665
2012-01-23,0.3004524970931694,Low,1.453752847511485,1.266113085791831,1.78117227873192,2.583760621092466
2012-01-24,0.23219860703940143,Low,0.8487828097620422,1.2328525903193464,1.954366129052775,2.5225743436667276
2012-01-25,0.8011691965859478,High,3.3620244199701426,3.852488416945478,1.6694252801276595,2.4394520582453927
2012-01-26,0.3880353998596556,Neutral,1.5292099887147745,1.9576944779435284,1.8827410509005416,2.9002076340170726
2012-01-27,0.463997961136706,Neutral,1.987559026485047,2.1937301519444183,2.1956382648339727,2.798973669723595
2012-01-30,0.513390459776768,Neutral,2.4557405705372126,2.179393039508357,2.5694754837137017,2.7221797097959888
2012-01-31,0.3442216636978901,Low,1.784411704127549,1.3320489637698747,2.7850865957502227,3.089158869083149
2012-02-01,0.3408589291114803,Low,1.3524232132298741,1.6984111376136397,3.0147735072664394,2.669798031514617
2012-02-02,0.32669862914872294,Low,1.3412115400612492,1.5865264726972141,3.135732703915883,2.910889603750268
2012-02-03,0.7605759023336787,High,3.6314182274229947,3.2257960558487278,2.768309248819811,2.3014540942330917
2012-02-06,0.4066178026841313,Neutral,2.0662808521094003,1.60982972832504,2.4668407979070692,2.1507569528826322
2012-02-07,0.4758660759383171,Neutral,2.266569097314964,2.023308665498967,2.2557003259431245,1.945553780398435
2012-02-08,0.34589983591862355,Low,1.7566711095168963,1.3362189923197845,2.1564546458058813,1.7878149155281409
2012-02-09,0.5559387719834227,Neutral,2.6095564024463034,2.3391828412726223,1.8812047271760377,1.8424421982967054
2012-02-10,0.7048060406922478,High,3.324996594366341,2.8239588926579926,1.7654431450572545,1.7565194151879044
2012-02-13,0.42187428279885236,Neutral,1.813566920684002,1.8461387063417698,1.7063855058525177,2.184968774717172
2012-02-14,0.48330361118497245,Neutral,1.8828177852005645,2.2912878077692573,1.8285460568978429,2.3940490753674792
2012-02-15,0.8126110340193449,High,4.522273762319919,2.6246901750227822,1.7298097652501159,2.2527846670955527
2012-02-16,0.48145290880039754,Neutral,2.191431216712884,1.9966668645962031,1.8077194945252095,2.4171088041152693
2012-02-17,0.5333068466557299,Neutral,2.3736328111452267,2.26042761030046,1.974468312362122,2.5155544921516784
2012-02-22,0.9988002113953067,High,5.040467617345035,3.8192809392893414,2.532036810328984,2.5486700561887865
2012-02-23,0.5105806721645865,Neutral,2.4968630608334,2.0226442465585177,2.9050391294923235,2.781238570402768
2012-02-24,0.37844644704910957,Neutral,1.815765206151355,1.52995207275716,1.9777596979031595,2.7972925104705038
2012-02-27,0.9196596271285817,High,4.624706223330151,3.5503816422801155,2.7022699833312775,3.403883733358003
2012-02-28,0.6038450945907488,Neutral,2.9863143419714038,2.3751984663616392,2.3316677284999474,3.0777412900266032
2012-02-29,1.0551830234210406,High,4.895604817167136,4.559127156332051,2.571388665271224,3.044003207683837
2012-03-01,0.6078493941528347,Neutral,2.756432680387482,2.6647121370255515,2.9884970318945485,2.9007008677500568
2012-03-02,0.3639100990348257,Neutral,1.4927840135476866,1.7284490559005055,3.1090227123826955,3.0469559339332526
2012-03-05,0.5654408669020399,Neutral,2.904593342714185,2.1909248293878,3.4173981622228284,3.0735128519069272
2012-03-06,0.748751109817624,High,3.6733823178186236,3.0473493311765116,3.8079385640989645,3.4988940821728214
2012-03-07,0.5646714813925784,Neutral,2.6807084026955,2.305442662175716,2.869813385220136,3.020538637288322
2012-03-08,0.4885473916358811,Neutral,2.181089344323264,2.0842510915631616,3.140619640122577,2.768220453955966
2012-03-09,0.4320212720276926,Neutral,1.790916798192868,1.9613949524896812,2.868073703271962,2.9095051198931046
2012-03-12,0.6515122514833216,High,2.9501904759898676,2.725329619597417,3.3064231769431673,3.0830701677271612
2012-03-13,0.6379986577854373,Neutral,3.342079552327766,2.2825100734404296,2.938530963862489,3.1150659436510386
2012-03-14,0.9947974000142203,High,4.798708165127638,3.991970622386654,3.1679919486829817,3.0192489365574633
2012-03-15,0.49388488584480783,Neutral,2.247666942987393,2.094475793091224,3.38284709456629,2.986139837943574
2012-03-16,0.4774593543329298,Neutral,2.1205367365092322,2.0685866741036687,3.1657131480157434,2.7302508907622554
2012-03-19,0.5400385824887332,Neutral,2.3299098410830483,2.3970010524793492,3.004101486274484,2.7287351654547995
2012-03-20,0.3606535076122242,Neutral,1.5391556978080592,1.605501946717685,2.994623895808997,2.802217787361631
2012-03-21,0.4465707101961575,Neutral,1.8715844466960647,2.0164205003471767,2.932112511702835,2.8300030387617467
2012-03-22,0.3512201736763313,Neutral,1.8502787831014325,1.2692767050424143,3.0521334591645197,2.7555444593061322
2012-03-23,0.565349634772219,Neutral,2.859095832962361,2.132068492482434,2.482981265557231,2.4634695696711186
2012-03-26,0.5337244927422484,Neutral,2.6603798764712403,2.000895380327102,2.4588503701274926,2.83284187999235
2012-03-27,0.5606255857340322,Neutral,2.26423306651956,2.530024951329747,2.356454713296313,2.8616749890295634
2012-03-28,0.3744113970241597,Neutral,1.9300012313006003,1.352169134291782,1.851655159553244,2.9120573793268454
2012-03-29,0.3933117115147904,Neutral,1.9677945283125418,1.4314258854877562,1.4353882554755977,2.623684221725343
2012-03-30,0.7134868938318837,High,3.6059414415978175,2.566700767955982,1.6532181551432172,2.358596137220487
2012-04-02,0.5139498530402336,Neutral,2.3269685071125332,2.054973784798195,1.6677802722382928,2.6559840415114833
2012-04-03,0.9616514233547105,High,4.328797718137442,3.8758983833104206,2.356731737117519,2.4862549645166494
2012-04-04,0.8582702900621633,High,3.911622724970619,3.4196260242891636,2.025399809582912,2.7015444012780683
2012-04-05,0.4950723012576017,Neutral,2.099996757486668,2.100993594717476,1.8152190580202088,2.5510605742179533
2012-04-10,1.2363754900443382,High,6.667968709195988,4.271816697870356,2.1213904059569466,2.6923256722894533
2012-04-11,0.5900145484969799,Neutral,2.650644308403997,2.4664016519444854,2.598240671737396,2.526528762189408
2012-04-12,0.6081759961419896,Neutral,2.8663865494009935,2.413206342991199,1.618655593788354,2.28691943142862
2012-04-13,0.6262363522939434,Neutral,2.9255353506954855,2.505597233061036,2.0269304853618237,2.4961201923838945
2012-04-16,0.7879602618531507,High,3.56346284649756,3.2465090477140444,2.1009837805138756,2.1755877711632783
2012-04-17,0.6825864097782275,High,3.3482777202447522,2.5969116965379895,2.189270246030307,2.131406886370577
2012-04-18,0.4583562044432735,Neutral,1.8767292624260123,2.0396590904734,2.3720550383431704,2.562600603268221
2012-04-19,0.547666054016663,Neutral,2.361962366648189,2.341912335835725,2.449177737781003,2.909501706760828
2012-04-20,0.49345936006122837,Neutral,2.0589279657107706,2.1652430375607454,2.018023205846737,2.883291575913349
2012-04-23,0.33986567756809893,Low,1.5518432805480042,1.3848020133006365,2.2232909479488634,3.011071466661834
2012-04-24,0.6102798801026115,Neutral,2.7563694109453385,2.510658923129404,2.4514796541456874,2.599658882903115
2012-04-25,0.8064199870599611,High,3.7020287217076366,3.2588559941956214,2.2190305395741996,2.6947713650648515
2012-04-26,0.4059107320021105,Neutral,1.9574127052213008,1.561498040441399,1.8763356256564097,2.6465795290209297
2012-04-27,0.32530237633738146,Low,1.288909770900753,1.4727625361142291,1.900370565360563,2.536517201147588
2012-04-30,0.48081849617213474,Neutral,2.172468195628451,1.9623071299034562,2.015042406939326,2.6605982622465563
2012-05-01,0.4132255307763416,Neutral,1.6128568385757978,1.8872606722992116,1.816011884276876,2.844787272216952
2012-05-02,0.3864556770312091,Neutral,1.5013669366992013,1.7705322966485064,2.0634311584116114,3.050312745373837
2012-05-03,0.3933622986973028,Neutral,1.7621088546238954,1.6173966483536113,2.4200177400445377,3.169646083656153
2012-05-04,0.6552945869249356,High,3.12330397056523,2.5460036748274826,2.60262887452645,3.012707232237243
2012-05-07,0.297498687882166,Low,1.2120212347372084,1.318544944402458,2.505884621542321,3.1459003377292882
2012-05-08,0.5493191265157784,Neutral,2.2759104858147468,2.4046501571814383,2.774381003149127,3.3600079614701626
2012-05-09,0.33811084597022867,Low,1.452457350390622,1.4393110035663272,2.616360965811576,3.575848539155049
2012-05-10,0.5584938418407989,Neutral,2.1368335589678624,2.584704829898265,2.5353735290235058,2.8166921976657147
2012-05-11,0.4042260884872873,Neutral,1.601077443325844,1.827716459585267,2.414106331468177,3.2558538782624487
2012-05-14,0.4963914633111471,Neutral,2.073408596530788,2.159699183763873,2.2267270836493456,3.326795242222128
2012-05-15,0.32509114110813275,Low,1.3766084931442903,1.3996220731516222,2.8087920197545744,3.390663807338509
2012-05-16,0.3054227566105535,Low,1.2170227806996583,1.3752163010557859,2.695459553280291,3.6925125126534404
2012-05-17,0.7464292647281134,High,3.5329003720280188,2.919658713688772,2.3875492003408345,3.493191115249294
2012-05-18,0.6111398675916684,Neutral,2.7656294105208628,2.490748555892823,2.473347471264329,3.7830913508988546
2012-05-21,0.8048774739594005,High,3.4764247331651417,3.4114244344751836,1.840988799853268,3.5674168793587597
2012-05-22,0.5284227936435035,Neutral,2.1463954210813716,2.3470956532967104,1.949339349057604,3.756968708219987
2012-05-23,0.6955497670925674,High,2.65442096169117,3.2243681636823833,2.4293296007171605,3.7839886048587084
2012-05-24,0.570794309622974,Neutral,2.197408695831424,2.6309568402068715,2.6214645415646216,3.7739214746623064
2012-05-25,0.4187968422277771,Neutral,1.7056683269421176,1.8565666668453185,2.6190786696995834,2.8104376667568474
2012-05-30,0.9588643873130887,High,3.923527772975327,4.242767807104306,2.862349101479795,3.618571345830322
2012-05-31,0.41632105161720934,Neutral,1.9248316551526585,1.667039735821854,3.2202451913613097,3.6899419672311957
2012-06-01,1.1904021734415373,High,5.762550407972735,4.68353384003055,3.3652921851433133,3.4360251652274854
2012-06-04,0.6675780954930728,High,2.6162269382044383,3.10309075503307,2.941097454467349,2.7548823231379065
2012-06-05,0.4968010673123506,Neutral,2.089921418763855,2.1985609094162846,2.839105360325371,2.8872626473939267
2012-06-06,0.7598475147449117,High,3.5646021249109614,3.077601194167687,1.9327889927878115,2.548624102535298
2012-06-07,0.599490031862406,Neutral,2.516858101650278,2.6569155266634463,1.5487483244172235,2.879620741197559
2012-06-08,0.3820983203859142,Neutral,1.7514696210678231,1.579383055782683,1.5881140542584617,2.9754290687934986
2012-06-11,0.49401987642849576,Neutral,2.104719889745735,2.165733268344733,1.9220523569030368,3.096399760402607
2012-06-12,0.5501972681274623,Neutral,2.2532167245176016,2.4823545519619232,1.2576620402398002,2.988846366096849
2012-06-13,0.5052928406504849,Neutral,1.8874006132518397,2.420631216003153,1.5102316026713423,3.3384982479433654
2012-06-14,0.5827965169690763,Neutral,2.5601034984534876,2.4883632841778307,2.0187967975065155,3.2907744210809984
2012-06-15,0.4209296753467371,Neutral,2.065580156991685,1.6300274147621603,1.8929964574246878,3.4919707518619165
2012-06-18,0.8820644262937968,High,4.016089042660028,3.6569754142438846,2.058394466761597,3.2320160757724317
2012-06-19,0.4829058753687463,Neutral,2.3444815345115924,1.8895091037552267,1.8596139370804905,3.085239973176405
2012-06-20,0.5958310333472908,Neutral,2.383511037109103,2.724611154499258,1.5568744111619695,2.79530212041714
2012-06-21,0.8348258382377785,High,3.931379400916173,3.360447207599129,1.6468044343672494,3.28502505269015
2012-06-22,0.6401270592215453,Neutral,3.078956791960525,2.526943035020447,1.26593006448046,3.1391939352588056
2012-06-25,0.634670161195332,Neutral,2.636955313453461,2.8264740514394897,1.7163546923993405,3.0269972753023984
2012-06-26,0.523763372233522,Neutral,2.33398450996873,2.2106695684447697,1.1166467666835695,2.960386715366445
2012-06-27,0.33034704873191756,Low,1.5813078021417082,1.309961419920674,1.266234879540584,2.9250792005167843
2012-06-28,0.6743932184305422,High,2.554993753299877,3.189259734459197,1.5023878046873629,3.4050825112984175
2012-06-29,1.0026740114478623,High,4.4849810399362875,4.218988498822034,1.8994033493305145,2.6854247825466553
2012-07-02,0.724040495414489,High,2.7717232888603065,3.4019642518211906,2.262370111753017,3.2781508448401344
2012-07-03,0.5798122465856963,Neutral,2.5852461142452965,2.4423496391375696,1.7762000485754132,2.720143251201671
2012-07-06,0.855477871880205,High,3.536466904132892,3.817829726033383,2.2477843823245536,3.0842917945863064
2012-07-09,0.32483748387411593,Low,1.4009864749696013,1.403115791120572,2.1028764298686298,3.048126282633957
2012-07-10,0.34093340602035094,Low,1.404867285648326,1.5231148430679509,1.8590436942433108,3.160595993362955
2012-07-11,0.512824882255423,Neutral,1.87561659320908,2.473986312907718,2.070677784335074,3.310158385853449
2012-07-12,0.3417747039190677,Low,1.3740550767385182,1.553272599800679,2.6893603112368805,3.275215743032765
2012-07-13,0.5095482842998615,Neutral,2.3221665321416003,2.105047785230915,2.555503670704402,3.023057938653548
2012-07-16,0.3225634629393144,Low,1.1053595436875165,1.6134118405470472,2.522003300808363,3.5092368002101546
2012-07-17,0.3910081657368084,Neutral,1.634681947053511,1.7287449297429247,2.2672334124170854,3.2106041771768137
2012-07-18,0.5215813969268666,Neutral,2.0940761343160754,2.333191778974655,2.160138521082861,2.7979069703881785
2012-07-19,0.5317525438412175,Neutral,1.930777425040105,2.5397474271691194,1.6277735908260529,2.6287081182001137
2012-07-20,0.38311151947123023,Neutral,1.438177585932092,1.7926411066223735,2.1655352246214465,2.7822644692140424
2012-07-23,0.6181261289806514,Neutral,2.8433488770709707,2.4797254899667083,2.1370550100947794,2.831336235866435
2012-07-24,0.3723762659741011,Neutral,1.6921288518727238,1.5102525348542193,2.605846433300976,2.9342079118933424
2012-07-25,0.6673858183204293,High,2.6450236839787986,3.0125889186588677,2.242191613566865,2.7981354190207273
2012-07-26,0.5010718416635385,Neutral,2.4922692819563372,1.8623151900763908,2.450890117565014,2.6799000671229036
2012-07-27,1.172628663325403,High,4.662467821431895,5.28795111997718,1.7015580926699032,2.3015847827648126
2012-07-30,0.5795326507098206,Neutral,2.126323875049313,2.7539624386942774,1.741092289793265,2.3234575488591913
2012-07-31,0.3939610873265433,Neutral,1.889063170011253,1.4842433319154078,1.7840702989167805,2.439355633546305
2012-08-01,0.5649099500342397,Neutral,2.142119207669154,2.587152779406536,2.1502919923112565,2.4097636433310576
2012-08-02,0.8960927867913923,High,3.494961320594344,4.031485654033185,2.0097575137726,2.4675568269779413
2012-08-03,0.7287717901793567,High,2.46696616581919,3.5831745993980078,2.30033118534772,2.2289279001166586
2012-08-06,0.4879096550716222,Neutral,2.139235566239665,2.003460292115127,1.8703753538391632,1.916483227866481
2012-08-07,0.5863266120406743,Neutral,2.4177113754219275,2.5316925701281163,2.4992519213017435,1.8818225060285076
2012-08-08,0.4297154444593637,Neutral,2.04308912850065,1.635546859805281,2.3279686766353636,1.6869373443129998
2012-08-09,0.5184610214255305,Neutral,1.7831839214802987,2.5263104893282717,3.155847164981876,2.202167736833975
2012-08-10,0.3834162425910542,Neutral,1.5104480503891036,1.7127772304081155,2.3980713663933746,2.5817092949608655
2012-08-13,0.5667617090579411,Neutral,2.3533603628809314,2.4339739972710626,2.9339240196200045,2.9959647514837986
2012-08-14,0.721761437011555,High,3.0961987732176524,2.9747424418382593,3.0621289043305415,2.7406271147662653
2012-08-15,0.700048154430204,High,3.0489248500688424,2.8473909744643513,3.783433283776027,2.781497735293501
2012-08-16,0.3615723525866191,Neutral,1.58520032768224,1.4459249340033642,3.3326705568228494,2.589490010194637
2012-08-17,0.38388308363792584,Neutral,1.6178625440560714,1.574933758572405,3.493445034104471,2.213894171617713
2012-08-20,0.31302089899141355,Low,1.3800902210043375,1.2220574834492373,3.7507007822077676,2.1478086324807673
2012-08-21,0.4361792176397151,Neutral,1.83239356075274,1.7435975846042575,3.911811897661915,2.3527740351120054
2012-08-22,0.6415165734631463,Neutral,2.6508732256680507,2.5645350305164505,3.4484446911283904,2.2699457461374832
2012-08-23,0.7159587420852318,High,2.986718713531598,2.7771351489679694,3.2542466631843947,1.7905860719197986
2012-08-24,0.2868973250560509,Low,1.0964525334482729,1.2035975625347288,2.338210846288947,2.52315078391815
2012-08-27,0.5157521456869494,Neutral,2.11009862546257,2.038010226569164,2.5521659943338166,2.1660890238889747
2012-08-28,0.21378168874725773,Low,0.6833866894453152,1.0176788467534035,2.4375858599618647,1.945373080223841
2012-08-29,0.3673520758783505,Neutral,1.6038447769524975,1.3603846344948922,2.3346918352285497,1.480024799155581
2012-08-30,0.3684994085548086,Neutral,1.4728056272354166,1.4876324076121277,2.2710087445262723,1.3187771050750274
2012-08-31,0.8034519566930833,High,3.703611356286873,2.7983636707621256,1.9151275888743702,1.3597244511044484
2012-09-05,0.4419181416153111,Neutral,1.6924445022446468,1.8507438885894096,1.9373037256099532,1.5654865013545014
2012-09-06,0.6195686792539742,Neutral,2.6116337346285863,2.3788197685879315,1.697363438301972,1.8775750376848466
2012-09-07,0.9787593735501146,High,4.601915225163764,3.419891076188085,2.1448710268546924,2.6402459053093734
2012-09-10,0.8860144800316383,High,3.7910362507649724,3.427158382913856,1.8203772481981872,2.1884003726938692
2012-09-11,0.42660651316630316,Neutral,1.8734568885770397,1.6076087268597996,2.0606003671018254,2.322342136356224
2012-09-12,0.6089012552437105,Neutral,2.5266626431097143,2.4248146623697457,2.529572690375374,2.5231779835844805
2012-09-13,0.6914186769284331,High,3.0003808814581023,2.637347489707434,2.5135114397029286,2.8215696518052624
2012-09-14,0.9540817829929295,High,4.086974577210951,3.686296395546356,2.5644162777340433,2.4830370670175324
2012-09-17,0.6748322431723144,High,3.2521015798583885,2.287937639672705,2.0292524442226347,2.303838238788378
2012-09-18,0.4093536832188226,Neutral,1.7134315222768626,1.6170773103070386,2.0529657100293024,2.1063845826892345
2012-09-19,0.2628337031112009,Low,1.1619832898495221,0.9836109022180461,1.9765639637077217,2.6223060462874255
2012-09-20,0.32939294167463795,Low,1.5308619276148527,1.1667335936436904,1.6453501189205004,2.2563478320590438
2012-09-21,0.26004043537079646,Low,1.0234694445055397,1.0846851910812156,1.8228479332544385,2.6035618878778926
2012-09-24,0.40045995085231045,Neutral,1.6435464774717763,1.6108138523577422,1.5376874197370123,2.4064919860460945
2012-09-25,0.4734965677793434,Neutral,2.237983954736438,1.6441008800345915,1.5256714899740236,2.155599212203049
2012-09-26,0.5751518266299425,Neutral,2.248144005956028,2.4128236282442166,1.718329833733931,1.89264593010434
2012-09-27,0.6643679187197509,High,2.7012637924195224,2.6948126948678444,1.8386871627640358,1.8192942990394319
2012-09-28,0.33703693259390377,Low,1.4504472618293118,1.2962984519773009,1.9563740881718197,1.9225952847087726
2012-10-01,0.6000868947636411,Neutral,2.704699599621622,2.1999995286171505,2.1122383880789446,1.5762703617974423
2012-10-02,0.4271884686751846,Neutral,1.6379107312305203,1.8202797870344392,1.8883039481664687,2.1292330770159373
2012-10-03,0.3153710368655266,Low,1.3414051107491467,1.2269369782035295,1.758298261609085,2.2891826261979507
2012-10-04,0.5012701379660848,Neutral,2.2756545276659255,1.7775407730412478,2.1081738421685237,2.820017297758218
2012-10-05,0.7023941904016645,High,3.1627421306156682,2.5142211093803453,1.9423819969872964,2.5199199713382723
2012-10-08,0.730156888165991,High,3.00106620709196,2.8727854206059864,1.8609789878819996,2.7094868848205778
2012-10-09,0.7156857604543923,High,3.0879956699241795,2.6834839971811366,1.8249794555663272,2.4928941746725504
2012-10-10,0.5527036398469414,Neutral,2.366902527443487,2.0885322490482214,1.8475753659140093,2.4985348095298368
2012-10-11,0.48332246570202153,Neutral,2.051568039533909,1.8428264713907905,1.7603626855813022,2.4735313719204304
2012-10-12,0.474143440520706,Neutral,2.1825629776875366,1.654172955802446,2.4029526282103113,2.638536384780819
2012-10-15,0.5849970233793268,Neutral,3.235154996489846,1.550617837485344,2.3441282504249576,2.5354619996859746
2012-10-16,0.6081510853610855,Neutral,2.6302658036689497,2.2746256039581905,2.0954239019644207,2.520146546389599
2012-10-17,0.7811345728460021,High,2.7076491054587066,3.5280587242961854,2.3716134515594103,3.239587246515753
2012-10-18,0.6992974637262892,High,3.1794841557608406,2.475393718004723,2.9347932456851282,3.569070884050659
2012-10-19,0.7877090281695225,High,3.6179556124320835,2.7553637317215256,3.497379822498263,3.3348328223258266
2012-10-22,0.36959987665323535,Neutral,1.4792635696422898,1.4902129228319445,3.078788092710933,3.277600154622763
2012-10-23,1.1180361230038929,High,5.326821451751805,3.8504831820544596,3.127297631635271,2.9837852130603904
2012-10-24,0.5739932561558055,Neutral,2.3519861229330794,2.3156976409508974,3.1928290763750065,3.095488944971545
2012-10-25,0.4669541232773613,Neutral,1.7635342310676208,2.0165300488953344,3.5564245543971658,3.5638159667132823
2012-10-26,0.615427726245318,Neutral,2.6002178620793344,2.4134045153594115,2.9946719934380757,3.1915895471485567
2012-11-01,0.773587272806567,High,3.6139513103924945,2.727745418739143,2.893693739978486,3.095266598765359
2012-11-02,0.7377371935194084,High,3.5296851269380234,2.527662436368614,3.205438293641667,3.20380542193438
2012-11-05,0.5917270308398743,Neutral,2.610121986774856,2.223039104799282,3.11374025271609,3.1812739224658406
2012-11-06,0.7864324588727909,High,3.538198290286077,2.893233144173221,2.8293574128259458,3.4826917490545273
2012-11-07,1.0186206601522831,High,4.968091403564345,3.478182864086701,3.052535051110684,3.688932556643174
2012-11-08,1.0704135748474493,High,4.927177726917672,4.018970477235193,2.8707548216558774,3.9320299959619778
2012-11-09,0.4640476393437666,Neutral,2.3791156148253965,1.5349119095493269,2.552239287298368,3.6760696491697145
2012-11-12,0.6407064278874042,Neutral,2.7874170101041305,2.5436399195469654,2.476934299558711,3.8339584173399106
2012-11-13,0.3296207398948219,Low,1.3073148271634498,1.4167269785852599,2.5307792424548556,4.275078231136626
2012-11-14,0.5430652718962868,Neutral,2.680816529069721,1.884510014757375,2.858047384651628,4.235599597453913
2012-11-15,0.5517437320115021,Neutral,2.8000704003770167,1.8494277675998503,3.170977275577446,4.581134499781002
2012-11-16,0.7391216356646515,High,3.511513907730227,2.611916677848478,3.898919310892109,4.822200314256707
2012-11-19,0.7414577586155721,High,3.5156867392091122,2.626219414870432,3.7717878822370325,4.681230885323983
2012-11-20,0.39280691296018605,Neutral,1.6711631308583539,1.558398509680059,3.440103970317509,4.482108012351522
2012-11-21,0.48508464581279037,Neutral,1.9608375286593231,2.0143536070021435,3.141186741974485,4.213931229528251
2012-11-26,0.921771075580744,High,4.175470818003665,3.4353097172318847,3.192377141346852,4.044799446472717
2012-11-27,0.5609525542667021,Neutral,2.8411207475583806,1.8285617451036071,2.794814350437683,3.866287625914746
2012-11-28,0.7040768350532207,High,3.3742255386092,2.4625730984315686,2.8029780152678936,3.742311812427734
2012-11-29,0.22351749352918182,Low,0.997523228601946,0.8460924597470666,3.175075096487673,3.684482802934877
2012-11-30,0.4577730213262735,Neutral,1.8607773607456846,1.8919111415889034,2.5954642511562174,3.7597679728504647
2012-12-03,0.4399679951084852,Neutral,1.8494952311048334,1.764982938423277,2.2592312662337255,3.4482583370212234
2012-12-04,0.4439431934475129,Neutral,2.2735724855489514,1.4252406001039624,2.007956173403638,3.258302968681564
2012-12-05,0.864992164161524,High,3.502390260519507,3.5868267039207042,1.8526222223922375,3.4872655809535393
2012-12-06,0.4155683448063905,Neutral,1.8141192581160295,1.6084318653598733,2.4669078691413753,3.7783215367465197
2012-12-07,0.6416398618831685,Neutral,2.553776854338462,2.699297991047462,1.7818969847796093,3.4168377059162514
2012-12-10,0.2642715688084736,Low,1.192301640645583,0.9890979578201797,2.098848087030059,3.5039334997225096
2012-12-11,0.4929342533930353,Neutral,2.3773043065197164,1.7110197098761852,2.04948099775001,3.107566856491503
2012-12-12,0.4832451609253986,Neutral,2.1039833804128567,1.8752358169947307,2.2340106622852907,3.4483761190385405
2012-12-13,0.6259137715317382,Neutral,2.705818101176508,2.4457356436779776,2.4507464269004298,3.5302235888647346
2012-12-14,0.44294424912341746,Neutral,1.796005499285448,1.8345508483333657,2.89660439759036,4.007018857104282
2012-12-17,0.5889948740610562,Neutral,2.72830316645274,2.142490128792155,2.688318974300208,3.825258485192555
2012-12-18,0.8039472479561003,High,4.450129552752045,2.3484271856067562,2.6633451850063623,3.417323262045376
2012-12-19,0.6545340276099612,High,2.8058998630198118,2.614821780054196,3.0483240696210334,3.5554744668012113
2012-12-20,0.5620954855251548,Neutral,2.633376366739986,2.0530908944972186,3.430968576896935,3.75871409153805
2012-12-21,0.46708609408008744,Neutral,2.178013161059557,1.7148797696718003,2.9857422140111263,3.8365885780006974
2012-12-24,0.2935303120889698,Low,1.20045087459313,1.222412361384358,2.5234621739155463,3.7008498195206703
2012-12-27,0.9595767812425973,High,4.398980782752719,3.587973973424277,3.4423106133815478,4.147538598091546
2012-12-28,0.872658695529043,High,3.6201203758780474,3.590159150042365,3.891458664105033,4.33099244364967
2012-12-31,0.9934953000913711,High,4.266932247946133,3.9723852115288167,3.037639558957558,4.089194376130529
2013-01-03,1.2886557289547969,High,6.471200276203084,4.39785291182315,3.088968210962023,4.160869449174527
2013-01-04,0.6335783848919126,Neutral,2.4696548607804334,2.772447429489927,3.1470380669834794,4.264989800674675
2013-01-07,0.35869775385106556,Neutral,1.45448833289694,1.5213532422303837,3.3613537323546065,4.266328604590075
2013-01-08,0.619496580280106,Neutral,3.052088832964448,2.164593986304655,2.90315009284487,3.96700916882745
2013-01-09,0.45437794337603876,Neutral,1.9987728448212871,1.7931950692355059,2.5574772030321102,3.6207286117439135
2013-01-10,0.7623293290802466,High,3.2061010016300826,3.1347891360139446,2.9430261343441,3.8683051899787477
2013-01-11,0.6281115821898146,Neutral,2.668855021573634,2.559532702702393,3.317537891596589,4.098748116326055
2013-01-14,0.4279886038475734,Neutral,1.687863550303692,1.8560290043400294,3.598937872733691,4.263498735340216
2013-01-15,0.41238988147085065,Neutral,1.8261006317000466,1.6171793081102974,3.64837751875904,4.170982428974265
2013-01-16,0.46195740994984436,Neutral,2.1506229986671195,1.7215366805807157,2.9766810583572036,3.8898010808957
2013-01-17,0.4326872964241465,Neutral,2.004693874360367,1.6207404916595354,2.5420078255671372,3.625025404465548
2013-01-18,0.7986275021628764,High,3.4412343456508334,3.213364064613192,3.0533831699676606,4.0876951809122435
2013-01-23,0.8263865967406077,High,3.658273866808485,3.2415533748134937,2.846399678718594,3.587099168755263
2013-01-24,0.7845036689169302,High,3.0920089887864775,3.4036866850640597,3.1239903437803926,3.803956429634996
2013-01-25,1.0777200542184955,High,4.213192300933092,4.754513228231318,3.7214901984544837,4.0372488282308545
2013-01-28,0.4333911083929491,Neutral,1.590876558422919,2.001515333833905,3.6730005420192824,3.983451936336475
2013-01-29,0.49714674758817484,Neutral,2.053180840554807,2.09826790954552,3.582687090997008,3.767381117762984
2013-01-30,0.48404286771531124,Neutral,2.2266389646856855,1.8458763636571134,3.0857780002049715,3.738837929215797
2013-01-31,0.34787419441004996,Low,1.4374881599544531,1.4675588438982983,3.0940790973534438,3.73979026623863
2013-02-01,0.5936395079690528,Neutral,2.51539581525197,2.450356121330465,3.498805691645236,4.077878534051483
2013-02-04,0.7819197104531252,High,3.1687006099629764,3.352643365036299,3.618380757197191,4.164350402235425
2013-02-05,0.4958726154836628,Neutral,2.1456509615292303,2.008252467679477,2.892378144841143,3.8897207172719273
2013-02-06,0.6882764817169096,High,2.766102957232483,2.971143900341363,3.4670304507487457,4.3203818475282345
2013-02-07,0.3755938653532191,Neutral,1.5055469849707657,1.6247548636477243,3.7611302880068274,4.101004092382518
2013-02-08,0.4196476084963823,Neutral,1.9703977722583506,1.565682248365461,3.622521699637026,4.086315839932132
2013-02-11,0.6310610338790337,Neutral,2.845413195434733,2.4563388174179526,2.6532523446677625,3.5761504128352692
2013-02-12,0.7279962729181566,High,2.5414790471873654,3.4753758428169963,2.893087676625653,4.210179605017286
2013-02-13,0.5888363217500896,Neutral,2.5245459472269025,2.404980480764398,2.16090225824634,3.977633128634397
2013-02-14,0.4452707475461699,Neutral,2.1320699611055476,1.6254603316741811,1.949424439211586,3.9588466105057165
2013-02-15,0.5670902995994094,Neutral,2.8370120413227116,1.9648209494645885,2.422046971491318,3.9035599354758004
2013-02-20,1.1829376445745514,High,5.635840379609595,4.4817548682494985,3.405822785559159,4.657950516566602
2013-02-21,0.48761079993979717,Neutral,2.453004330272701,1.7343141201003602,3.374726384495401,4.471672508578056
2013-02-22,0.428897959826505,Neutral,2.042091355953184,1.626079548011439,3.1828080143804436,4.237910291590831
2013-02-25,1.4950665352856278,High,6.2546628815622825,6.498925483456635,4.223031529989102,5.1589681896279815
2013-02-26,0.9831168339467593,High,3.910749048528263,4.471826602345735,2.7701312727973697,4.796203042404007
2013-02-27,0.6241061966553725,Neutral,2.793708285240719,2.569126785070763,2.1732277209826476,4.471824982167428
2013-02-28,0.3588532485980047,Neutral,1.4946432954262892,1.574062320393789,2.7893343055252457,4.429685163400043
2013-03-01,0.35298108694168595,Neutral,1.7605214081040734,1.2965855637499237,3.010924249070015,4.617745502731865
2013-03-04,0.5325434012529132,Neutral,2.0757687590756544,2.4593073309801747,2.7465085833446037,4.0407741213072175
2013-03-05,0.42114465716165406,Neutral,2.1896519163076387,1.4696665168796785,2.655438869355946,4.092491435468723
2013-03-06,0.4545174029391364,Neutral,2.278763122057561,1.6593042874346793,2.1608295704080196,3.8292554888682275
2013-03-07,0.4047283936945305,Neutral,1.6169007755659617,1.8349497028136845,2.1753230579164713,3.85459726464859
2013-03-08,0.5113922367344115,Neutral,1.9267661068367328,2.419336408455125,2.097377011560843,3.9671490053147886
2013-03-11,0.5694132828705891,Neutral,2.1650740681475056,2.645897114309363,1.9737350809742453,3.9597141823289848
2013-03-12,0.43794348952749285,Neutral,1.9194078120483484,1.8109663625347858,2.2695643160897068,3.9453002037898934
2013-03-13,0.4252495971368626,Neutral,1.692181297067786,1.9096890347074214,2.237361403128444,3.554954277970599
2013-03-14,0.20491674338807875,Low,0.8274384644196168,0.8979152935434709,1.9178258790888505,3.533477672741493
2013-03-15,0.2634372294761207,Low,1.2449243083928596,0.992109633893244,2.260694683327138,3.5555822903880494
2013-03-18,0.92046791855234,High,3.746259938686868,3.9737230746924386,2.5604783596711904,3.5151708454877375
2013-03-19,0.48782240591466197,Neutral,1.9615942342627406,2.1275021213181864,3.0313791149417026,3.8246347215089602
2013-03-20,0.5835660573429261,Neutral,2.227906057937801,2.652386097334545,2.075662225334504,3.4327038380286745
2013-03-21,0.6407632224806559,Neutral,2.481741755543967,2.8802787181963274,1.995713597514995,3.5368196984327964
2013-03-22,0.5753459944479709,Neutral,2.338434323994234,2.486698215466347,1.8299442504775638,3.5801573925723065
2013-03-25,0.29614988469537556,Low,1.511260434844185,1.0018398981516166,1.7968174086599955,3.2280932440443273
2013-03-26,0.5157084558135797,Neutral,2.043619944892305,2.2763450206052287,1.5359410302492242,3.0262186740263775
2013-03-27,0.5159013262056467,Neutral,2.3828115893066215,1.9711635400511904,1.6512233840715929,3.2191665501503404
2013-03-28,0.33019839074337,Low,1.3206850013882472,1.4464742235133237,1.6276031478062007,3.4108234027044113
2013-04-02,0.908248618443777,High,3.7385625929303647,3.882960490601338,1.4096753365074934,2.9613977779447613
2013-04-03,0.5687152819369472,Neutral,2.6128053453326032,2.1521734850168346,1.6722034827937886,3.2376837394407256
2013-04-04,0.5952670280821479,Neutral,2.6984029507703995,2.2860215609670522,1.8784451248005927,3.5457226124577526
2013-04-05,1.5164057889314067,High,5.836414939058435,6.889664007354369,3.0683946233500983,4.025235182369566
2013-04-08,0.8506314788796954,High,3.0892115188611484,4.0458078505149775,3.7052933359447078,4.2085981442357046
2013-04-09,0.37922051621107467,Neutral,1.7466304497854055,1.4665621477849158,3.7616059553755967,4.181866302021797
2013-04-10,0.8176974727166603,High,4.143749940240354,2.8177613542985447,2.972821407576554,4.273054894705347
2013-04-11,0.3438936609199339,Low,1.337720788428628,1.554599192222303,2.998191351670927,4.308201747792999
2013-04-12,1.481997304649597,High,7.495390102656615,5.219021560769086,4.068997157142235,4.575583326415822
2013-04-15,2.549021399424176,High,11.10883400075712,10.88835952074855,6.33274348605549,6.393136070290706
2013-04-16,0.8284408746683701,High,2.9562151618044026,4.162941615922091,5.323262146435751,5.519809681827879
2013-04-17,0.7464724641992335,High,3.135893664945525,3.3201808600083162,5.192538242550356,5.796725404991756
2013-04-18,0.5415069935492108,Neutral,2.547233642687142,2.1599701264991555,4.69422653368949,5.7383853672649465
2013-04-19,0.8146430711146613,High,3.2746629743323172,3.758090119415766,4.395917046424686,4.899759969612101
2013-04-22,0.7054254776026323,High,2.659700335141357,3.414793679361108,4.21668476585982,4.686015488953858
2013-04-23,0.4572143160101007,Neutral,2.0530511335965085,1.912869662474364,4.14450345991235,4.5733728928147235
2013-04-24,0.37928692125012486,Neutral,1.5110008989725778,1.7621617480902192,4.098855352880062,4.199655096702086
2013-04-25,0.5521579496460809,Neutral,2.36315543937092,2.4161475142255644,3.8697335587468267,3.9391602163943547
2013-04-26,0.41600929504688,Neutral,1.8321018370435629,1.7463850092867959,3.5757069195651265,3.9941829950059278
2013-04-29,0.6273181306426687,Neutral,2.561433085990342,2.820063764732942,3.2638551310793233,3.9950734133845436
2013-04-30,0.2987158778225344,Low,1.3988567894115296,1.1767458058331035,3.4427661616865857,3.910968742818104
2013-05-01,0.5546696715462835,Neutral,2.655458017316523,2.131264836086687,3.2184315940617942,3.9929365645938826
2013-05-02,0.3890355880151639,Neutral,1.9208556501709995,1.4407177299205052,3.080883693578435,4.0156927091130115
2013-05-03,0.9461947314359308,High,4.8644462172419916,3.396802478914954,2.722555018708488,3.5618512768724244
2013-05-06,0.429058508683562,Neutral,1.5714037116920179,2.1192145885950193,2.807689867707099,3.4805801438905752
2013-05-07,0.4525634288785131,Neutral,1.9602956517543253,1.958995221069212,3.2347538200171764,3.7306983642992817
2013-05-08,0.3974282655701708,Neutral,1.67198935430653,1.7654905329728754,2.4533153986211778,3.5133796320152437
2013-05-09,0.5776608160921427,Neutral,2.5260730807776324,2.4786785440260615,2.8159249397764783,3.5249521120017886
2013-05-10,0.8414205593532964,High,3.274162188707774,3.980298352418535,2.501209041444482,3.201407339018684
2013-05-13,0.5118310975210065,Neutral,2.0647617802604543,2.354479121776113,2.5958511202415155,3.4310011903332147
2013-05-14,0.5500675149896498,Neutral,2.5357714442189634,2.2413214292802732,2.5028285503579903,3.547151171179758
2013-05-15,0.61562936447036,Neutral,2.464229680933526,2.849538863947515,2.5712455592381636,3.904861376628585
2013-05-16,0.5193379156244409,Neutral,2.286913859033445,2.2139279518544397,2.575494928263066,3.9235199838865618
2013-05-17,0.6199687879195097,Neutral,2.6454562014795355,2.7201028626964487,2.3237014720655016,3.351569169062499
2013-05-20,0.6705951109994062,High,2.6284951951165496,3.154829618293057,2.1485633726456386,3.09695713337852
2013-05-21,0.48685510026414575,Neutral,1.8044616999682084,2.3851741474915125,2.3064572816112308,3.3577753733312994
2013-05-22,0.8214281814605309,High,4.202417969551017,2.967689200338281,2.6928958668643883,2.93834977151703
2013-05-23,0.5035262478937359,Neutral,1.9311727850314284,2.407606463478727,2.731868275567285,2.907722845370477
2013-05-24,0.3222144231051662,Low,1.2942887640810936,1.4872827598618217,2.900443499635351,2.922093495977565
2013-05-29,0.7606469619918546,High,3.242729017324624,3.340074677524417,3.6599983514361534,2.8407531529253336
2013-05-30,0.6198895219806726,Neutral,2.4684657241586474,2.880952870518273,3.4407931659283193,2.576595231206735
2013-05-31,0.7646072931013764,High,3.554051801752329,3.0887845494453807,4.187041691031012,3.372517462076703
2013-06-03,0.6390934986397641,Neutral,2.7556531559320905,2.777923153445412,4.120161453803453,3.0527211185408665
2013-06-04,0.6644479384633535,High,2.9867849120489067,2.776978635243339,3.711559908254858,3.1695196725795682
2013-06-05,0.6091506336764339,Neutral,3.2426014095772193,2.085611110296404,3.732370866042475,3.0681901950473978
2013-06-06,0.5636788190205756,Neutral,2.0764314135897965,2.7731947090820057,3.365404111814398,3.0834468286321384
2013-06-07,0.8521100883579558,High,3.4257345178284755,3.9005018422295623,4.247708699361696,4.08088247635573
2013-06-10,0.42913827159617346,Neutral,1.515624863745962,2.154201495541337,3.7416922754169115,4.007586705987674
2013-06-11,0.4903962697151282,Neutral,1.9788998265720583,2.2381039787401886,3.721539823629405,3.972752806468354
2013-06-12,1.1752346851727462,High,5.039637658664823,5.224637168190236,5.064150584659883,4.678528802746901
2013-06-13,0.8241729454041447,High,3.603286181676432,3.602171886189064,4.17300775444414,4.394482647374679
2013-06-14,0.5866158326745268,Neutral,2.4186146060420275,2.6945485322485356,4.35478308009869,3.91990002434175
2013-06-17,0.49174062732429935,Neutral,1.8618333973932244,2.4068842928793543,5.08493693650281,4.27649785079719
2013-06-18,0.44076383619510734,Neutral,1.8711220170978595,1.9613351394312797,4.51358780390628,4.389414845723453
2013-06-19,1.0668538284335982,High,4.66641863038249,4.625355401754671,5.035290679692602,4.616851083094901
2013-06-20,1.3792546291961054,High,5.275192078315451,6.687524764234533,6.034993099123158,5.75440366506387
2013-06-21,0.7480448459237498,High,3.2064735398346618,3.3226809368842454,5.432893620917014,5.338014009739111
2013-06-24,0.5836558186576601,Neutral,2.0823688062527794,2.9620183760720105,5.643442318388822,5.528209517216955
2013-06-25,0.4289268632795166,Neutral,1.6290125173315173,2.0898396105125707,5.52461458923691,5.713174748540998
2013-06-26,0.9356135283092245,High,3.565853580887568,4.582512010080435,4.912048390965604,5.723452815519253
2013-06-27,0.6014595304180878,Neutral,2.122864938159975,3.0962928616990895,4.848524601245848,5.519210245940415
2013-06-28,0.7106967581005224,High,2.768364754529194,3.4278796469925923,3.638212070235576,4.9688278077568535
2013-07-01,0.4796935219026386,Neutral,1.6937270588787836,2.46887929653374,3.665322886700047,4.876002398650607
2013-07-02,0.32097688136752733,Low,1.2045346624795645,1.5766512785339963,3.4101646678625794,5.54882372163655
2013-07-03,0.4397062505117863,Neutral,1.5009746177010337,2.2912213371222445,3.165596478119462,5.592947205601868
2013-07-08,0.7676373537264005,High,3.6914051942944988,3.056487114579625,3.6647200691608974,5.718614360493737
2013-07-09,0.320534356654423,Low,1.2079504340313971,1.570005434934549,2.9623578014045338,5.023621449490883
2013-07-10,0.36841130893026497,Neutral,1.4167754712480005,1.7794932142278774,2.9206271326236393,5.265168337865563
2013-07-11,1.1508188179355694,High,4.5094846079063045,5.526985113330898,2.3734935384804428,4.71743769430667
2013-07-12,0.30387271880177724,Low,1.0678176087176976,1.5685057054059293,2.4603858420720526,3.843820586147139
2013-07-15,0.22597395979016888,Low,1.103861751837277,0.8914083135105393,2.4869218752251534,3.585762293165568
2013-07-16,0.3516754868650114,Neutral,1.4727335010997167,1.6049134564786292,2.682250557605309,3.53242054350302
2013-07-17,0.4882085526941682,Neutral,1.9949011346926637,2.2720307625311627,2.7768652796504916,3.8044848601258736
2013-07-18,0.5493232079037029,Neutral,2.4282974350136364,2.3933945283846794,2.6516347938436007,3.5929754878878333
2013-07-19,1.0488805129001184,High,4.934433325791411,4.415561473196463,2.341340773181718,3.49969372712885
2013-07-22,0.5373919446478947,Neutral,2.102513046818022,2.6350909521122423,3.3912284696371073,3.3247547709002485
2013-07-23,0.5654968602179625,Neutral,2.5137600957093222,2.5090234787266668,2.7913006843636134,3.530040861408633
2013-07-24,0.5537149396041336,Neutral,2.054775702703211,2.8128738846548624,2.4107864116330546,3.848231191333678
2013-07-25,0.4451884388332902,Neutral,1.8244623001124145,2.1105500653336193,2.4854719218414596,3.8711116503317258
2013-07-26,0.47587137892389264,Neutral,1.9188222273960045,2.2834993055279003,2.6197689749786837,3.771454392869006
2013-07-29,0.51452881748809,Neutral,1.9830024487520854,2.549309720294708,2.539881020475824,3.9008636791599467
2013-07-30,0.26663575981597365,Low,1.116454798164886,1.2432805702320133,1.973490029634165,3.9486060011386344
2013-07-31,0.21525299015568228,Low,0.9254963790877028,0.9825034001693185,1.7829701081732126,4.009148774443383
2013-08-01,0.603115671033262,Neutral,2.741996978320034,2.622495114245967,2.1248873486994087,3.9998843277894487
2013-08-02,0.8561459543268541,High,3.70850998773909,3.8837647220544644,2.1632921353657664,3.624137129917548
2013-08-05,0.3613915374040717,Neutral,1.4241486632352098,1.7631196994722762,2.437584860455552,3.881672296411126
2013-08-06,0.4512427054154723,Neutral,2.011561282035703,1.9971147649636647,2.1330083455544124,4.091432863359868
2013-08-07,0.376958063125729,Neutral,1.6890761348329275,1.660757777226344,2.214037490782335,3.8068635198504066
2013-08-08,0.4568309161982673,Neutral,1.7421159440867426,2.2796554855032585,1.8661096952342702,3.5975769607087127
2013-08-09,0.272996785234264,Low,1.164955473841373,1.2537901147497623,1.7813536025224055,3.707146143508767
2013-08-12,0.5556653558499135,Neutral,2.1987215642290003,2.7030480348999273,2.356656798677464,3.7986800671358076
2013-08-13,0.6001674544025986,Neutral,2.50349417172034,2.8068256037293295,2.635145914450176,3.9363087513080988
2013-08-14,0.4761794761173678,Neutral,1.9278038398704986,2.2781993708086796,2.4511410628182784,3.8377926121445927
2013-08-15,0.9039752012813639,High,3.6930347457810706,4.314582828018497,3.090311114219027,3.8995686957853497
2013-08-16,0.5390965076404401,Neutral,2.19012850933682,2.5838359336064296,3.9475159938133495,4.2109875457131665
2013-08-19,0.4114794644369998,Neutral,1.471876615369951,2.1479363538913008,4.216660244669976,4.420850222207377
2013-08-20,0.45293807384653617,Neutral,1.8547292573787542,2.1580198975462825,4.023559704246211,3.9861892477120917
2013-08-21,0.4633141789022037,Neutral,1.6444983076860469,2.429768918230547,4.081964145756234,4.228473388286409
2013-08-22,0.764444903600699,High,2.98986988571526,3.76573721839674,3.6563070895658605,4.039503759106635
2013-08-23,0.5824829004506827,Neutral,2.481302406218672,2.6906963878434693,3.39938664755129,3.5945548463165116
2013-08-26,0.3927536351151506,Neutral,1.7694490278856827,1.7294955591324672,3.5043277887999364,3.4531476352493407
2013-08-27,0.7223802970915114,High,3.965953147287663,2.5551574298276,3.186574655981353,3.004335367284955
2013-08-28,0.4722037848037158,Neutral,1.8160328364719207,2.3532501814158984,3.1150977405967444,3.376424215638094
2013-08-29,0.5014199584690916,Neutral,2.1696191590210887,2.2866502140810474,3.0937782661936013,3.2952396295688064
2013-08-30,0.42966072212019135,Neutral,1.8535949429232432,1.9642637525544075,3.101424779875797,2.9198516771454956
2013-09-04,0.7561240970518542,High,3.6033452448737915,3.156458957180845,3.2037118430797786,3.2227554163189156
2013-09-05,0.44465364559102466,Neutral,1.715526217615472,2.2111606567355855,3.2584495066589936,3.3644469278129994
2013-09-06,0.32727522019512384,Low,1.4104138558094974,1.4974944662262861,3.511352750825166,3.160720277031233
2013-09-09,0.4622153155541996,Neutral,2.1771720647548185,1.9519936845228552,3.283706259369025,3.007913074619829
2013-09-10,0.48249354070514244,Neutral,2.1587269501995725,2.1378807135810636,2.80383322277299,3.1181557108116493
2013-09-11,0.6764112132331417,High,2.8063031515404067,3.190667793965903,2.3997172226144876,3.1104481162606077
2013-09-12,0.6136270566725475,Neutral,2.524639686349484,2.913146487048148,1.84157567507907,3.2299981999190726
2013-09-13,0.2998477291107161,Low,1.2647556248663725,1.3961499796661911,1.3768898782659091,3.2172887608219374
2013-09-16,0.6774202270338677,High,2.8335736302345684,3.1751206407772146,1.3071459318336793,2.805415075781433
2013-09-17,0.395143885579637,Neutral,1.7156569534082309,1.7968137081390367,1.710384130490847,2.1587687464170564
2013-09-18,0.9591607881648254,High,3.9789561464675396,4.569776092882132,1.9030693930894786,2.2498073128955443
2013-09-19,0.5150409479494378,Neutral,2.3857211008104264,2.232492731439002,1.2989090882442373,2.3087940762681205
2013-09-20,0.8865688597936998,High,4.081435437645008,3.865338799712518,2.0086756037902513,2.732973088974446
2013-09-23,0.4879208629252413,Neutral,2.558011468456898,1.850264535694663,1.7835926710524945,2.6093858903120175
2013-09-24,0.45208051498975443,Neutral,2.110501559669208,1.9449974274934256,1.9295511001640226,2.952072944975278
2013-09-25,0.34904621894395693,Low,1.5419140895096501,1.5795187671604267,1.8233817716581207,3.0591382578297845
2013-09-26,0.34768445017520583,Low,1.5780244061717252,1.5359306895792013,2.4263185192188303,2.5988982968157566
2013-09-27,0.5530527438289603,Neutral,2.72938493342811,2.248367749792323,2.4944966444143404,2.459345373604376
2013-09-30,0.5598477013741885,Neutral,2.3984282335069556,2.5998144868542012,2.429970481735489,2.6016805607730333
2013-10-01,0.6879115318686787,High,3.078103309390461,3.078096354155735,3.1935569728745854,3.093829196707541
2013-10-02,0.5396531328930748,Neutral,2.193703805438467,2.611055404419445,3.3386171138231626,3.5776167826006904
2013-10-03,0.4834313787611888,Neutral,2.2836203438216445,2.0561049660266435,3.3091317946037395,3.6195169565488405
2013-10-04,0.3692572718820193,Neutral,1.7244467805044252,1.5881328381371518,3.4247766807671565,3.6182954132088554
2013-10-07,0.684570191377524,High,3.3774953350534047,2.7838750707604856,3.1776757791820396,3.473183619967284
2013-10-08,0.6835170517601089,High,3.645118779296565,2.5372127859624363,3.0301776616009204,3.0765375328648883
2013-10-09,0.5443219011445848,Neutral,2.4503688394987386,2.42247820518994,3.606122945518831,2.8615538343664815
2013-10-10,0.9068516090609395,High,4.423914042357163,3.7324587245946566,2.814840109051653,2.6053579830598275
2013-10-11,0.4383725407947472,Neutral,1.9022639684129328,2.014170384291495,2.882176642379483,2.298211967313454
2013-10-14,0.43112818912716994,Neutral,1.9842961270718071,1.8800771468199253,2.8350673266027706,2.4173678083010834
2013-10-15,0.7406273064142972,High,3.3980372421212794,3.2393002710771945,3.025712974385764,2.9929144074194083
2013-10-16,0.9664845931757171,High,4.3359317605101735,4.34014399204539,2.7300811886287706,2.664399330136414
2013-10-17,0.8437600327064023,High,3.6619665896521103,3.899302221971786,2.8429615889857747,2.9183609347192903
2013-10-18,0.7042826727568834,High,3.3629482745242356,2.9809697041486274,2.7465247059951903,3.3645439428601467
2013-10-21,0.1369861849789275,Low,0.5400573310213308,0.6817402074944388,2.745595071214042,3.2606192664721365
2013-10-22,0.6063382886297286,Neutral,2.753695429886986,2.692927352913181,2.666278124266061,3.25468679832838
2013-10-23,0.2753445884785042,Low,1.4688844414765565,1.0276998272212063,2.448292933651644,3.3384360948135288
2013-10-24,0.47669326490348424,Neutral,2.1748935189367224,2.108213585296693,2.151350135024696,3.049972560467602
2013-10-25,0.31588294648405124,Low,1.2647058602147567,1.5547532155033013,2.3556247914148036,2.78194710267874
2013-10-28,0.2311945795094989,Low,0.9470508707178844,1.118786071229495,2.383421483865667,2.6400767347238814
2013-10-29,0.40055880835174296,Neutral,1.9282762874897208,1.6814685707025807,2.3915845385905627,2.568989939144463
2013-10-30,0.48584896565489266,Neutral,2.0666825356681833,2.2827460189045534,2.1137924900928398,2.2707264839315413
2013-10-31,0.37160946680495405,Neutral,1.7578150936933032,1.587739025585804,2.2797661039409247,2.2088386011907075
2013-11-01,0.44221065458965825,Neutral,2.2945618061899116,1.708161477958003,2.1623619034880073,1.929643351434225
2013-11-04,0.2744197490388607,Low,1.1626102214731822,1.2935566755377759,2.6327046566793104,2.0191624531541907
2013-11-05,0.4361457121005321,Neutral,1.8439144993996062,2.0593537316481596,2.339989346044503,1.792545016093891
2013-11-06,0.545914005689378,Neutral,2.3176709061596785,2.5689935300447186,2.466390808916759,1.6419822128363872
2013-11-07,0.6187300466003507,Neutral,3.4029976307997147,2.2179750333436976,1.6795325127270269,1.5893093780881808
2013-11-08,0.7710635334745701,High,4.057348992706976,2.7891387352302273,1.6935589895399952,1.668757764426224
2013-11-11,0.5025422711710918,Neutral,2.424057634625027,2.0222766615826457,1.7481435167662975,1.7995900816071153
2013-11-12,0.39604746051028494,Neutral,1.774009421705779,1.720265496995176,2.349615386346056,2.0941403546159294
2013-11-13,0.46046761499638544,Neutral,2.0778003522330604,1.985943080620068,1.4744150275544463,2.5604028721391
2013-11-14,0.40758849436028555,Neutral,1.7250323654987394,1.8638123995724483,1.5220373364302902,2.2261240637296895
2013-11-15,0.4558061212935727,Neutral,2.1500347124123116,1.8792914650012926,1.751331742871598,2.2760309610551914
2013-11-18,0.6038238391081808,Neutral,2.747814554158881,2.5827513753817555,2.1965289879196117,2.1542839377420724
2013-11-19,0.3749539045422454,Neutral,1.7361358718196338,1.5761131173004836,2.574216610477924,2.271211968528632
2013-11-20,0.7014257371464019,High,3.042921874913094,3.0734020164722917,3.0131047548923076,2.6093069937262294
2013-11-21,0.3392449586789632,Low,1.4452402230033925,1.4988607500389692,2.7762716785171593,2.779084666333913
2013-11-22,0.520927032942749,Neutral,2.321776719590351,2.203325034873781,2.566751295285943,2.694548924141152
2013-11-25,0.3072676042077602,Low,1.3095433440268096,1.3570678589837213,2.4500902365820343,2.570743822810456
2013-11-26,0.4252901100693381,Neutral,1.9039495869056513,1.7907421349155608,2.4067230754246305,2.641003550084909
2013-11-27,0.34692194378188745,Low,1.5507351284126543,1.463036746452371,2.0547752750877755,2.791163695382876
2013-12-02,0.8387962834526155,High,3.902682942357345,3.390504025756602,2.5237555542748975,2.684289072633963
2013-12-03,0.3496784616759073,Low,1.5790590409202263,1.459329054170534,2.548386784332889,2.7767718379235165
2013-12-04,0.6423539008538597,Neutral,3.2511895554365107,2.344953536487206,2.4302609804169495,2.2687436172472335
2013-12-05,0.33667505600086745,Low,1.3601962484744745,1.5585004158673363,2.3536080378302926,2.3111206236095807
2013-12-06,0.6953122976668251,High,3.0602676938214572,2.978032870914703,2.163906487784229,2.3927458621199555
2013-12-09,0.6442352748456317,Neutral,3.05538330214526,2.5485550379658632,2.256911317698453,2.0477849909672283
2013-12-10,0.4168960683604076,Neutral,1.9079898194535307,1.7155211697725616,2.4815006013981065,2.152719541955097
2013-12-11,0.5867059825668011,Neutral,2.6684518055442785,2.430286956860976,2.380605022025996,1.9932939724737764
2013-12-12,0.5492975194054981,Neutral,2.3095489829712545,2.456191751422672,2.177494717487882,2.113371775758984
2013-12-13,0.5097823343456683,Neutral,2.4414661768900032,1.9939152282787196,2.2371262530540945,2.188225650204768
2013-12-16,0.45375980453936615,Neutral,2.1670551671960996,1.7806443933633287,2.6600413270811174,2.0766520002217272
2013-12-17,0.3757644762208721,Neutral,1.829159879080219,1.4414302474758545,2.676100276636692,1.7750346449835523
2013-12-18,0.7714537991618938,High,3.4820668577439235,3.2210977581661346,2.024215542693925,1.5836410089739528
2013-12-19,0.7913327486059712,High,3.7453863825643046,3.137773179227454,2.4521586846852053,1.957067774132253
2013-12-20,0.7502589709453436,High,3.400748462403957,3.1188548136561534,2.7457018080220355,1.8293065382304605
2013-12-23,0.39816802123111705,Neutral,1.797453504893801,1.6622408557566506,2.650906962438643,1.7454191595486972
2013-12-24,0.4133471256929946,Neutral,2.227664340506618,1.3790621517729564,2.228419742013568,1.866494656484941
2013-12-27,0.5846993877983715,Neutral,2.771526109484007,2.314471216706303,1.9841563730373686,2.118800234752941
2013-12-30,0.6542616846543505,High,3.128414435570674,2.563806108392084,2.1954322809490034,2.0206420204027835
2013-12-31,0.382830500611292,Neutral,1.9092742751623546,1.4247311101645947,2.0974156886629554,2.4274545267732215
2014-01-03,0.8792523049626519,High,4.269115619500169,3.383289008950591,1.9607121939089467,2.394679645861791
2014-01-06,0.3057022071473463,Low,1.5563220599932268,1.0986879358513053,2.1089416719985654,2.3981612779111265
2014-01-07,0.48881954801709054,Neutral,2.3920161650998786,1.8498531633673287,2.150495073430588,2.770623523990604
2014-01-08,0.5013684992685515,Neutral,2.2532557373491118,2.090240896221509,2.0986724412562174,2.703679404625901
2014-01-09,0.3046142369925672,Low,1.3709917551734543,1.2680395589215914,1.7747219957479239,2.4568064804538152
2014-01-10,0.6119215256232122,Neutral,2.866013081308381,2.439445183007274,1.9262797123484512,2.006998080674345
2014-01-13,0.679157873767466,High,3.772775295260026,2.10831383794249,1.901786503797702,1.4344507871268248
2014-01-14,0.6880369629987753,High,3.2595907938298407,2.6822525615137,2.273279941367812,1.6368470966132647
2014-01-15,0.5242804483965082,Neutral,2.4595617656583832,2.067395864914745,2.4487827470890626,2.2465238960495415
2014-01-16,0.3455332526646103,Low,1.5490850309947692,1.4056791647874447,2.21187928606011,1.6753766143338162
2014-01-17,0.5804410668966401,Neutral,2.418912495182626,2.542527027175053,2.5800585777155924,2.194910509533112
2014-01-22,0.8401656136323763,High,3.4793940404813735,3.7018442864191217,2.3804351422263954,1.9835197814674996
2014-01-23,0.7515489198084071,High,3.675595534468661,2.7546387578010787,2.84886576399026,2.0011109315149813
2014-01-24,1.5017436288532955,High,7.837313950517947,5.1917517746320865,3.164660193307403,2.2223628753059463
2014-01-27,0.8679204830483562,High,4.06357072594321,3.4565665088700257,1.9696682532069918,2.0435263744030676
2014-01-28,0.5677837072512628,Neutral,2.4595665676522906,2.4557960751241956,1.84917851285252,1.7226471879532095
2014-01-29,0.5816640585888171,Neutral,2.7370301796324297,2.3031162649255386,2.414792719713569,1.8376653648456869
2014-01-30,0.8594283716768181,High,4.089076782974406,3.358867589833695,3.0081771606354084,1.958804052732118
2014-01-31,0.43194915692516966,Neutral,1.844009763591502,1.8948421185787447,3.1126434406384123,2.108270592409639
2014-02-03,0.7869220358385693,High,3.9959172541647656,2.8290287590987524,3.4476167314617836,2.2663883686643094
2014-02-04,0.6532576414380196,High,2.938057970630775,2.7195621691866,3.4445161915093943,1.8711020834596548
2014-02-05,0.5078951603685686,Neutral,2.289210515051967,2.109584282720006,3.218640169678685,1.961789336123378
2014-02-06,0.5225430316876525,Neutral,2.2926138837689027,2.2317125223020042,2.848672624322264,1.5589247138708366
2014-02-07,0.5985948927439956,Neutral,2.801503159239274,2.385026735059339,2.581787672306459,1.3310850155875082
2014-02-10,0.32475260123224314,Low,1.4052861818260092,1.406098982984295,2.5845723418760116,1.96025979675803
2014-02-11,0.5291766244062042,Neutral,2.719190021732766,1.871021436247568,2.263721157506473,1.8804145408041348
2014-02-12,0.35847981416775876,Neutral,1.6599166126704914,1.4457556589306366,2.253510299274102,2.133694302282798
2014-02-13,0.3874443562288449,Neutral,1.6532642740756747,1.7003483606226937,2.1013314715545466,2.412045833081726
2014-02-14,0.49633327860135534,Neutral,2.115022208865616,2.1810419594766954,1.9854859688090334,2.1065559040423314
2014-02-19,0.6508643733368664,High,2.6839870585490178,2.9477336221019335,2.2032829014994912,2.135038832940079
2014-02-20,0.32817797371159074,Low,1.5635002147963137,1.2805866599051698,2.5555898117664455,2.2883067317480923
2014-02-21,0.22505077359173226,Low,1.1441210280342458,0.807764452896618,1.9285050589061126,2.2379756057027254
2014-02-24,0.3295693329860901,Low,1.6359307772095335,1.2216128526050745,1.6946118325455881,2.5116891335523674
2014-02-25,0.40118148396541486,Neutral,2.0078933338443017,1.4709167850804536,2.174704322445744,2.8406023132847107
2014-02-26,0.4440520974592635,Neutral,2.074965009984453,1.7724584391967333,1.8910252454523218,3.295942813942047
2014-02-27,0.28042902706477735,Low,1.3340451108169658,1.096193458013744,1.8765581047492943,3.1276785941972087
2014-02-28,0.3947095442013236,Neutral,1.680126715177867,1.7362834199958348,1.888251481155988,2.6084849548227274
2014-03-03,0.7621451252332064,High,3.261832393310584,3.335293684011828,1.9243107453930743,2.9741795137889415
2014-03-04,0.6494131829982737,Neutral,3.120661837130863,2.507912273916786,2.061891518592248,2.790833590578018
2014-03-05,0.3813564948175152,Neutral,1.6828806157886913,1.5899711985990632,2.524487236093792,2.671103590084584
2014-03-06,0.5329586269366039,Neutral,2.547825758286123,2.0268555576014617,2.2107216606404947,2.5910179994321347
2014-03-07,0.5188901493957849,Neutral,2.525937043768171,1.9281626336409319,2.321385728725037,2.317427689539919
2014-03-10,0.16929197732310508,Low,0.6625407140414159,0.779608960961776,2.075919141217692,2.2781899818138784
2014-03-11,0.2267776759917391,Low,0.9487655132717234,0.9823636280753532,1.8633910598135213,2.316749645944637
2014-03-12,0.43751382631262764,Neutral,1.9297250477730024,1.79475639764799,1.880385165023966,2.5689379156307472
2014-03-13,0.5865923681018125,Neutral,2.601462659548701,2.3919312390499465,2.083768041132786,2.8918909582590713
2014-03-14,0.6299664195315158,Neutral,2.5886343420125546,2.7553547222927173,2.672320847980727,3.2161292233426515
2014-03-17,0.5805998287640488,Neutral,2.387070351301564,2.5381378137041875,1.9403703859794925,2.9926085416704975
2014-03-18,0.5124858257027479,Neutral,2.2838794962278053,2.0627846112868413,1.6997945372266008,3.0986066498038882
2014-03-19,0.8033004110608984,High,4.148603802272694,2.6622483705345967,1.6959439426047629,2.6653413442301135
2014-03-20,0.5114507943098242,Neutral,2.3337411909759687,2.0039177665447516,1.3630530952076187,2.4038463702637713
2014-03-21,0.6970087981691007,High,3.1294746955581623,2.7821298422101934,2.0735899894591405,2.772895779067208
2014-03-24,0.7679098521363776,High,3.575383141586026,2.9370305610754723,2.363706645751196,2.6847691685744617
2014-03-25,0.40071610041787104,Neutral,1.6592470486350788,1.739964853520543,2.2322646350695727,2.574717135629132
2014-03-26,0.5677442295536654,Neutral,2.5962857887848187,2.2187791095577563,2.7478309730964914,2.1939292975761764
2014-03-27,0.4417293370402082,Neutral,2.05655544354245,1.689619456200129,3.049000179715188,2.3506386035872113
2014-03-28,0.3311423064886869,Low,1.5120336876255298,1.2964088890919303,2.8551145840582612,2.5036009210677297
2014-03-31,0.4866788108812193,Neutral,2.199046926640503,1.9286087320597516,2.800057399395857,2.590187335214655
2014-04-01,0.6839615595520785,High,2.960734346877966,2.8406694880827557,2.2776674669540027,2.2751550654930055
2014-04-02,0.3831981756810455,Neutral,2.004314124625767,1.2445596034862283,2.3160154346904998,2.3483316288694396
2014-04-03,0.5032191502437736,Neutral,2.0576532982422617,2.2111841419905196,2.7550535210807943,2.402347249451464
2014-04-04,0.9373372805557543,High,4.046328797162562,3.9042700679479623,3.2183976624462445,2.6043196816498795
2014-04-07,0.4550096190288041,Neutral,2.032962913287119,1.8154094867030441,3.1838212835241353,2.8663540820646842
2014-04-08,0.45842635841860324,Neutral,2.035337503429686,1.8419100958419732,2.9324423017575874,2.7503671662757165
2014-04-09,0.7325306351293465,High,3.4586190277495534,2.7372947817544926,2.746817504292006,2.246209118739989
2014-04-10,0.7921796622885193,High,3.346798378097088,3.3529436445219143,3.130897458060024,2.498153188235083
2014-04-11,0.555209087790843,Neutral,2.465587395665055,2.230223633361297,3.5769785751164975,2.6100307877440327
2014-04-14,0.39872592187505074,Neutral,1.742895323936796,1.6293734286106882,3.4595657320360114,2.8304718900789174
2014-04-15,0.7064074850403067,High,3.3282360873680004,2.6467095883189677,4.016902420969801,3.1639578797307943
2014-04-16,0.4176694517797272,Neutral,1.8262940995266184,1.6801490119729252,3.9348387713890633,3.0326640361128807
2014-04-17,0.6813559014551023,High,3.366343950424559,2.3489812600598508,3.7078140287725407,3.208182993810498
2014-04-22,0.618459897835908,Neutral,2.6640316433264037,2.5286016996011615,2.8183711164805247,2.813646331631936
2014-04-23,0.41203765723616065,Neutral,1.700358893140184,1.7600690739465814,2.543074648214234,3.0799859722526777
2014-04-24,0.46830206918782197,Neutral,1.910953641912407,2.0222710462954097,2.283300819024453,3.1872485452215904
2014-04-25,0.5875276201156412,Neutral,2.159201886426492,2.748109837767319,2.39035852158694,3.2751221582613157
2014-04-28,0.4742748151024642,Neutral,1.958929316870142,1.9814632389558569,2.4919591583125427,3.393146097718207
2014-04-29,0.2991233518205477,Low,1.3522800045455192,1.1289064068388794,2.143767453177639,3.3574565187461345
2014-04-30,0.41599087280252117,Neutral,2.208036460573029,1.2313233446640262,2.4481411470310515,3.471604533108171
2014-05-01,0.5077881926622559,Neutral,2.425398872838926,1.7821832749731945,2.7358450041936435,3.3787648839784215
2014-05-02,0.45094968191691287,Neutral,2.1676812686043085,1.5684594823411788,2.81896816047433,3.4903512211852528
2014-05-05,0.4576400560829639,Neutral,2.1039693760005793,1.69088865297866,2.295083580737123,3.279752306291147
2014-05-06,0.4090080504026812,Neutral,1.8270883110340281,1.5663292577939008,2.1228622694392945,3.326864524913387
2014-05-07,0.7967478509803313,High,3.65011274851737,2.957147853432887,2.488474584788727,3.303999957831351
2014-05-08,0.43675317146590786,Neutral,1.7538967503384852,1.8764729323712597,2.644792573302592,3.481408639966236
2014-05-09,0.3636532795669817,Neutral,1.6142164894189113,1.4032581128480337,2.581355392554026,3.4605060707394673
2014-05-12,0.5532826053163451,Neutral,2.360152628623008,2.2340883567644507,2.3971678342003413,2.9810693342994523
2014-05-13,0.49179180003993295,Neutral,2.0218998181859518,2.0643498363249875,2.745321195561239,3.3033774285530293
2014-05-14,0.5520894288694056,Neutral,2.762803493550109,1.8075495008332685,2.615146519669244,3.604189104392081
2014-05-15,0.5272801920801908,Neutral,2.659591896419441,1.704665201878591,2.11255118924686,3.2431910970261217
2014-05-16,0.3643974351642426,Neutral,1.6929800988451777,1.3223775557726245,2.1392670316980125,3.655816532317465
2014-05-19,0.5096011837644938,Neutral,2.320600857142859,1.8980749701295059,1.986235616149636,3.4465072280698053
2014-05-20,0.47246091290830117,Neutral,2.1928878450973475,1.7167668994072294,2.5466478134054005,3.562621909230808
2014-05-21,0.4436470380155719,Neutral,1.9691050437289368,1.705503226929066,2.819774737312063,3.7801814528968665
2014-05-22,0.3080146821433427,Low,1.4288024819448375,1.1200764912389132,2.39964827925395,3.5284699271958013
2014-05-23,0.4180626691513788,Neutral,1.9419755069944018,1.5174698678113023,2.451750426207239,3.6246557475213885
2014-05-28,1.249150455244407,High,6.381719851587437,3.9546230097460224,2.5379796660186296,3.4757270204121187
2014-05-29,0.34596131513543804,Low,1.6863449075473083,1.1791618660882686,2.62001609710657,3.2546565406662182
2014-05-30,0.2244186440239754,Low,0.7739660031432523,1.095804412080278,2.436124026426562,3.797996484943194
2014-06-02,0.5620120514938751,Neutral,2.955568275170677,1.6920201742217447,2.029797196882173,3.901718164340458
2014-06-03,0.6162003432084614,Neutral,3.0351997720606754,2.067542167753681,2.264116626712979,3.802326590245489
2014-06-04,0.245943038517076,Low,1.1969890509234309,0.8401553113410816,2.0768761744899,3.655208546560909
2014-06-05,0.442493556040631,Neutral,2.0844387551208294,1.5831030204262355,2.220384152610466,3.279447705085131
2014-06-06,0.4396436367949398,Neutral,2.0342487892317322,1.604078175050098,2.3114615738484767,3.326782401086607
2014-06-09,0.45863252512424846,Neutral,1.9022502474707415,1.901500923438322,2.297417632614861,2.972402268139663
2014-06-10,0.2949027711420664,Low,1.3477460258656058,1.09339136823245,2.0820707019372535,3.0738686002498725
2014-06-11,0.40666319125239403,Neutral,1.8544070758992728,1.5120117708174272,1.8422827230193712,3.143018925892102
2014-06-12,0.5305794211617834,Neutral,2.611558650130352,1.7734239690420353,1.8670984387867704,3.2529928157332786
2014-06-13,0.2788116518093654,Low,1.4320657742068206,0.8699286019375799,1.9625747843202612,2.9007762335001135
2014-06-16,0.353317862763857,Neutral,1.6771548361051107,1.245177836688707,1.8655093210299472,2.693937709441178
2014-06-17,0.4858634481389704,Neutral,2.2473400316624965,1.7735138574904963,1.910370556198589,2.4691231243657468
2014-06-18,0.7735529697934729,High,3.8675504760117225,2.523229694107558,1.7018982711587904,2.661540918039474
2014-06-19,1.1672525138891074,High,5.662688367023296,4.006281455691325,1.6506855059857037,2.5786213420664845
2014-06-20,0.5041295176294587,Neutral,2.295181590548214,1.8859500395342979,1.9075918091091377,2.176842463762941
2014-06-23,0.2569620848548997,Low,1.1907814148145266,0.9396852626872326,1.5915425380339492,1.919375858844878
2014-06-24,0.6308741638553457,Neutral,3.0336075773527575,2.1931807822502156,1.666843761148866,1.751440325137989
2014-06-25,0.318929400671885,Low,1.488449390779149,1.150411391454098,1.5726830891495507,1.8081227291378261
2014-06-26,0.22842505507024666,Low,1.1489004900740032,0.7379969389452551,1.5372870097025075,1.7643008275733487
2014-06-27,0.27215469911739865,Low,1.2238372899021324,1.0297479258140285,1.723510612572282,1.9581490047490977
2014-06-30,0.3875711555321743,Neutral,1.8434431411895977,1.3620634154204707,2.103010028303331,1.8398751584720179
2014-07-01,0.4568519746760197,Neutral,2.088429904511257,1.693264936973989,2.2858176311417036,1.771135115940765
2014-07-02,0.5369530627500705,Neutral,2.636514158787102,1.7936624748176322,2.11481923529781,1.8182082193288587
2014-07-03,0.3014409510301338,Low,1.5411516900422857,0.9399276331916366,1.8703151217417662,2.146313037539233
2014-07-08,1.016516648733496,High,4.284357148289268,4.131188744076041,1.3476610965693163,2.048309055409385
2014-07-09,0.3573667823374002,Neutral,1.7396289858509653,1.2094683649565243,1.3589630385834446,1.9452412914689854
2014-07-10,0.43159242047345214,Neutral,1.9765724940953637,1.5901050495126563,1.5064658930663832,1.7444520134781907
2014-07-11,0.4657822051939503,Neutral,2.102974246963894,1.7474722969195668,1.410086736427309,2.2737531154839514
2014-07-14,0.696740693559054,High,3.5221527591625477,2.2222636598105563,1.209475753277898,2.464923930569321
2014-07-15,0.46014395240840655,Neutral,2.2124149488623845,1.585947367888973,1.2608008171101706,2.3617438399720436
2014-07-16,0.5487723658056389,Neutral,2.5674062958151778,1.965446673276587,1.7847487026715116,2.4629924921132793
2014-07-17,1.6924182837575543,High,7.95829968376132,6.078620303474266,2.430650386276843,1.765682571107218
2014-07-18,0.8521839646509131,High,3.774645098138007,3.303562758273962,2.269329703285296,2.0517374813504308
2014-07-21,0.29930954995982517,Low,1.2753385819818752,1.2129245307553704,2.5401949223327476,1.9458665254011764
2014-07-22,0.2698299617086869,Low,1.1834255235973468,1.0582869992604995,2.304345870769037,2.04438015727138
2014-07-23,0.5130278255509002,Neutral,2.183962488885309,2.0811024026995226,2.3109868590607423,2.0435202181158747
2014-07-24,0.46832079300300844,Neutral,2.503795308668263,1.3598643914630038,1.924602645018285,2.1271079008540337
2014-07-25,0.5958589864708933,Neutral,2.7962579026498404,2.137806483585791,1.9947224211546095,2.053009291063737
2014-07-28,0.2519124013214885,Low,1.204194237282066,0.8807596689205448,2.0154764856099816,1.9578546342877063
2014-07-29,0.4126158855990112,Neutral,1.9255080743813957,1.4917013660943494,2.1453052729599897,1.869715300387512
2014-07-30,0.7487536347495082,High,3.7978519263881565,2.3889845363526856,2.1460820530742817,1.7538969830186624
2014-07-31,1.3729088999761747,High,6.923700549395565,4.476657804869042,3.3382210976873874,2.195113746830712
2014-08-01,0.3964354473430512,Neutral,2.0140036559423193,1.271172882293592,3.2736995796117845,1.99098280322962
2014-08-04,0.5330210114672704,Neutral,2.1721627087528894,2.2742096432401486,2.8823051062123306,2.053094394390132
2014-08-05,0.4781238313089836,Neutral,2.1292673477289945,1.8492589741611887,2.550334187830741,2.2222860327175495
2014-08-06,0.44440625221289143,Neutral,2.157797133274475,1.530375096917089,2.3508344697463532,2.274838526493411
2014-08-07,0.49979967241756995,Neutral,2.7469042246471553,1.38345032656524,1.9428825751168741,2.320363178546128
2014-08-08,0.6024376233879618,Neutral,3.196715580522897,1.7881001919702844,1.9592474085534344,2.132557454609334
2014-08-11,0.49066415054775003,Neutral,1.8871341830657649,2.212060924937185,1.6270702933166958,2.1540798205514555
2014-08-12,0.37920017382689863,Neutral,1.6035112104613616,1.5565260921661697,1.6661398832735836,1.9924622842088113
2014-08-13,0.5094609519317832,Neutral,2.350728658909452,1.8840719931422274,1.8709287586973422,1.9267740547620047
2014-08-14,0.4347555867580656,Neutral,1.9606102768119842,1.655703045849795,2.3440555233785108,1.8888097854148829
2014-08-15,0.5755076356792368,Neutral,2.5498298469531173,2.2397576967091966,1.8834249505776985,2.0427758668202953
2014-08-18,0.5208259084958212,Neutral,2.552281209034558,1.768822189085152,1.7436072448388729,1.8695998558497873
2014-08-19,0.29294681811401085,Low,1.5366175923668501,0.8883218169109811,1.5190967074503032,1.9431432651584564
2014-08-20,0.3937710925626954,Neutral,2.0389640417617616,1.2220252651334607,1.021521242351047,1.6749000811471202
2014-08-21,0.7028345852127279,High,3.898523102432896,1.9077588765987383,1.1910536566996368,1.6265830486916724
2014-08-22,0.4071469696787672,Neutral,1.8809179885288414,1.503291528747412,1.5528953976015747,1.2383069746824868
2014-08-25,0.44668846040563626,Neutral,2.247316332869525,1.4555004098084041,1.5175680906665876,1.2881156956922495
2014-08-26,0.2988069135749518,Low,1.2633512420434472,1.2267457771262655,1.4078591673727912,1.3272378526030986
2014-08-27,0.30533350371104545,Low,1.3517227034346118,1.189434886844348,1.6018444743943347,1.551385753847684
2014-08-28,0.28260796047894315,Low,1.3897617046971327,0.9546679771262309,2.7305778021854783,1.7124224470934266
2014-08-29,0.3140952000240118,Low,1.5139737003205784,1.085050252055306,2.5706704179480337,1.7387619125373197
2014-09-03,1.1904693389319987,High,6.771022988022193,3.0513279393729236,1.9857448084559932,1.4574369735513426
2014-09-04,0.664484398679827,High,3.334188221550696,2.1678631136112037,1.8995649435020299,1.3148186700779734
2014-09-05,0.5152257457939102,Neutral,2.927077538692983,1.3241060966326261,1.9668999879680908,1.3831177880471734
2014-09-08,0.5738825762502611,Neutral,2.7987058333354535,1.9566897025309724,1.8781949993474718,1.42653476765711
2014-09-09,0.6676149137933687,High,3.508003888291883,2.0130403152057528,1.80504277836182,1.3726729467480723
2014-09-10,0.38318691020649714,Neutral,1.6902001331160197,1.492846117937939,1.7466273773258483,1.5420673537578027
2014-09-11,0.5119314931886645,Neutral,2.424654888282298,1.820543839012085,1.8445480656111257,1.6745755427320541
2014-09-12,0.6619106769808337,High,3.2725642066877056,2.210310737691789,1.9681249870166924,1.795026288398227
2014-09-15,0.8011093968846925,High,3.668702378981863,2.9800110521407346,2.2944537512341237,1.8288340971230193
2014-09-16,0.44218573300654873,Neutral,1.778484180664866,1.9021869520988628,2.2293619273150207,2.005274122038801
2014-09-17,0.29735079069576664,Low,1.485188202866662,0.977229612641176,2.1599085499862922,2.100474749083751
2014-09-18,0.9223534681523657,High,4.89568290092485,2.7302211851288063,2.272050942922186,2.3643877865899525
2014-09-19,0.5932798869014361,Neutral,2.6760624375314395,2.219819838325441,2.210605975790812,2.487155803983352
2014-09-22,0.5216592224603136,Neutral,2.075376439850757,2.2162907970099814,2.297314267728794,2.454778194097766
2014-09-23,0.4553709124721881,Neutral,1.9899116439851765,1.7501849281980648,2.6090367626457103,2.5358154559042863
2014-09-24,0.5136417628358104,Neutral,2.0497285516708117,2.1590193597013743,2.3417168478217185,2.5822768342280433
2014-09-25,0.8732121929741685,High,3.983535554279847,3.1308925868871422,2.808969773118261,2.6555944344657374
2014-09-26,0.6052814064695757,Neutral,2.9891272637899697,1.9437658702025633,2.5957777838740403,2.68026823934204
2014-09-29,0.5518399376599149,Neutral,2.610475349974967,1.8861730664510419,2.9633321931448227,2.78713846676455
2014-09-30,0.4994314043779664,Neutral,1.8722385555161662,2.19432653062053,3.4861381808027043,2.905446495647033
2014-10-01,0.9586470981139543,High,5.068754655942844,2.7839798743469433,2.776668021024266,2.9145712910509687
2014-10-02,0.6021226301602864,Neutral,2.850956915333684,2.0642190252863304,2.350413701663899,2.45601651500923
2014-10-03,0.9238800224059822,High,4.318680456862041,3.3095458999624374,2.118530494453368,2.472926327229554
2014-10-06,0.8360210051230177,High,3.9853503763200417,2.9205362724682637,2.500775847405591,2.567432978087705
2014-10-07,0.8455304054668237,High,4.354436787524176,2.714434213292474,2.23407631413239,2.5042198938344207
2014-10-08,0.8463310783818976,High,4.2248045670217405,2.8432244996671896,2.031820258219828,2.040412373802214
2014-10-09,1.0297221931567715,High,4.009812182766404,4.553609278703888,3.2066273247419446,2.4277557474373612
2014-10-10,1.14074026967456,High,5.298269559603503,4.310936058370618,3.7731197369666605,2.887789362554621
2014-10-13,0.7313956701323152,High,2.98651729861004,3.1562468602185563,3.8613326562612307,2.4988159647070733
2014-10-14,0.8015275506309009,High,3.698434596839347,3.052276737281007,3.8678743838964245,2.682357020529337
2014-10-15,1.1225859659105009,High,5.038684040789688,4.46448438688241,4.527600491015504,2.989433096559011
2014-10-16,1.0656650628495081,High,4.809924894547472,4.240579206390504,4.61897273899169,2.9714246552491774
2014-10-17,0.757925141990592,High,2.9348061593241415,3.4793312450987903,3.9522427843363963,2.7879452020363575
2014-10-20,0.9831066273707325,High,4.129131401163978,4.242670325520873,2.668822710736516,2.2595053978954494
2014-10-21,0.8197781946922238,High,3.7001031503932054,3.290745397833759,1.971446605672046,1.8446967692961624
2014-10-22,0.5555927765509017,Neutral,2.218553740722576,2.508257191410833,2.651956020327528,2.009105904939907
2014-10-23,0.518545424955954,Neutral,2.3017598158674923,2.1096522338143213,1.7102994396166584,1.6857677434212714
2014-10-24,0.500083983821329,Neutral,2.2156896772825636,2.038523262397482,1.7407732601721295,1.7127906805401718
2014-10-27,0.27119127863485615,Low,0.9328451705640362,1.3648937597486326,1.6634407809230989,1.7035550031795301
2014-10-28,0.5171730184712928,Neutral,2.1364824243926055,2.257753893254892,1.7625833204794648,1.8510619364983474
2014-10-29,0.6507320986698208,High,3.026711650035419,2.4959194962567994,1.4588669439955695,1.4820276867238544
2014-10-30,0.8655039819090913,High,3.5421285701922143,3.7894127783236993,1.4162065612510635,1.9238765600959804
2014-10-31,0.7784323487508951,High,3.7853227546347696,2.825778577232062,1.6566210515656232,2.110862444064659
2014-11-03,1.3915237272613776,High,6.4680072286797845,5.453367308141795,1.939764220246521,2.422004242131672
2014-11-04,0.41012006399557915,Neutral,1.5273533144764027,1.9543582944595828,2.268589432874971,2.694387017535371
2014-11-05,0.7968694940071431,High,3.804878810854043,2.9646121413312527,2.2733018780506704,2.5723011899596937
2014-11-06,0.4710857082667188,Neutral,2.0233972980422417,1.9684068194991213,2.8699067230534188,2.6570833792181974
2014-11-07,0.8985888862616751,High,4.810242028658372,3.0730204212066936,3.5232449047944,2.5739528044976274
2014-11-10,0.6414657811025833,Neutral,3.136311287590081,2.4638994197225728,4.238172377889021,2.450417897644342
2014-11-11,0.44196046158482927,Neutral,2.3224520345253885,1.5508515226730273,3.612320460782348,2.4650241800553387
2014-11-12,0.3882487493136894,Neutral,1.4222606929618147,1.9235604908908377,4.0938677318377374,2.6090347955539515
2014-11-13,0.47726602388094597,Neutral,2.033515528650092,2.105623862040608,4.474811418411804,2.6789937457900383
2014-11-14,0.6759957057505052,High,3.291736336406399,2.6087012188853507,3.9854993733009594,2.733883328698209
2014-11-17,0.4686759556062864,Neutral,1.7752471428839833,2.264135314330299,3.6489333458975537,2.7956674232043
2014-11-18,0.38693088915243534,Neutral,1.8229120262018903,1.5454514437503493,3.592923616513207,2.7165245264110593
2014-11-19,0.4590395892305938,Neutral,2.0558888617352555,1.9301916084082744,3.662572539719998,2.831997600674488
2014-11-20,0.518792093126359,Neutral,2.1532972961451664,2.335678598304943,3.891438449427653,2.956190652486938
2014-11-21,0.39082028555906656,Neutral,1.6383936763314808,1.7447997108510378,3.544046753262258,2.8539903106196034
2014-11-24,0.44804827767042416,Neutral,1.858148488208395,2.01855662132705,3.255017755510422,2.6377489336646405
2014-11-25,0.4328584076970727,Neutral,1.9012428065341802,1.8539853296559934,3.7066891973212868,3.057729063264858
2014-11-26,0.39339319544201634,Neutral,1.757179364066494,1.658418217896486,3.547955099920601,2.705870110972815
2014-12-01,0.9834475637681374,High,3.6241410161005607,4.852915469443671,3.89136587606509,3.3756086798149236
2014-12-02,0.5844188143024682,Neutral,2.676718577170306,2.4088583047275556,3.542879206745257,2.9815724804235257
2014-12-03,0.470455374727865,Neutral,2.007793471123788,2.07258263308934,2.816093629473422,2.9840669613892477
2014-12-04,0.36325480114068276,Neutral,1.703419167311515,1.461244902202172,2.6987872059307576,2.931999503586078
2014-12-05,0.45718142292231156,Neutral,1.943214485400354,2.0213050836256996,2.946166424424634,2.846914894323019
2014-12-08,0.9172477673832695,High,3.6977749927511514,4.275004799590505,3.560137659074067,3.3973172056004173
2014-12-09,0.8297009316814574,High,3.6423197962641054,3.5944501965122106,3.1674836981287706,3.4306286509181
2014-12-10,0.7912360413625552,High,3.3938916825536487,3.5007075065006763,4.1543404070634455,3.4817446603983737
2014-12-11,0.8776037209057019,High,3.8520416304667773,3.8024957243200146,4.289657392867307,3.9407288961703477
2014-12-12,0.8851372364494674,High,4.083437121570231,3.6534444847231944,4.408566723196842,4.2598240554605065
2014-12-15,0.8255806720707375,High,3.7469938429751233,3.434010297776875,3.4427998177910117,3.6044081009547084
2014-12-16,0.7511168166810989,High,2.785792920128787,3.682304408581361,4.299682518752552,4.0964138936468775
2014-12-17,0.812079707563123,High,3.236830129857854,3.7773383685874404,4.085308846615488,3.1892091260960673
2014-12-18,1.1518739071497248,High,5.050327565915974,5.191513398051978,2.97774429855677,2.6709838591472868
2014-12-19,0.6668119481703888,High,2.8740890222042164,3.0479521595294177,4.328058429476045,3.307041722526601
2014-12-22,0.698868436392408,High,2.790609297373829,3.3852816419080662,3.7824923814321942,2.67479691233093
2014-12-23,0.8732374257176198,High,4.4686722292071215,3.384756815479488,2.6527427160499655,2.353171163790398
2014-12-24,0.4084732425478041,Neutral,1.658474096081549,1.9507945163164357,3.0594720479606408,2.3188753740282504
2014-12-29,0.6031364152016492,Neutral,2.5091678196296874,2.828652169501953,3.7087671143741514,2.9887194360855562
2014-12-30,0.38994569113392397,Neutral,1.660139070957699,1.7962641883572945,3.9080466887030063,2.814008681554922
2014-12-31,0.8454180835414618,High,3.4275348892169464,4.041870305311056,4.329649227591906,3.3414005738490262
2015-01-05,1.0382402823365307,High,4.686990815407718,4.5632536696314885,4.756392979251255,3.8528329392596086
2015-01-06,0.6782595286141146,High,2.907498850457995,3.113992484583287,4.890116632461828,3.9201754230516754
2015-01-07,0.5223700838744838,Neutral,2.1993541207352147,2.4326209283232716,4.350259654775206,3.4902639814649983
2015-01-08,0.5722664956479995,Neutral,2.3043084623737697,2.7554785669675943,4.0263946617364645,3.3009971600772214
2015-01-09,0.44736463112333635,Neutral,1.7582335189539855,2.1912093315796963,3.3591704148084585,3.834302868463049
2015-01-12,0.7541366029156882,High,3.098962108561934,3.5775335896596885,3.149384068074877,3.7110158080607576
2015-01-13,0.34427499145429286,Low,1.3627784678462727,1.677915302107641,2.7574940558222862,3.6086457910074667
2015-01-14,0.5797698489171057,Neutral,2.1428842437501747,2.956573832770168,2.4758439131001686,3.4925367428233165
2015-01-15,0.7937457141386466,High,3.443222805394342,3.609198457422148,2.842312358782486,3.5311989172708915
2015-01-16,0.699849255137565,High,3.275112547600848,2.976331342652454,3.2922410979927705,3.333807923105326
2015-01-21,1.08550932395321,High,4.191909763920612,5.428084462063378,2.9537434549433135,3.886773649365642
2015-01-22,0.6598811518445017,High,2.913928624197973,2.982196197708261,3.274880771692343,3.7712346256399845
2015-01-23,0.7925289190794313,High,3.650019065769958,3.451119063392739,3.604856915986474,4.023789294110941
2015-01-26,0.6515494208701369,High,2.480213650334846,3.289221916201491,3.1116198812882847,3.852345398250568
2015-01-27,1.1254471706639118,High,4.717578043708344,5.3654886489136135,3.6993403461692056,4.097182978868602
2015-01-28,0.9166575442581115,High,3.9310114933703173,4.309249998768921,4.1056070500888024,3.9826228838148894
2015-01-29,0.6102553359738194,Neutral,2.3264581909030526,3.125040426563648,3.4366631817645685,3.6781842080905216
2015-01-30,0.6750929985051711,High,2.519386737122058,3.5048989837387228,3.8409330168976945,4.239465629661214
2015-02-02,0.6252174116781506,Neutral,2.510159523627307,3.089979842587031,3.2559350374026264,3.738055283691922
2015-02-03,0.7972597749125312,High,3.4069948121619,3.7585263956468142,2.778649340583739,3.3831078890549997
2015-02-04,0.5514149208927304,Neutral,2.0681258181107354,2.8537191883995825,2.0553874435487245,3.6745945897243923
2015-02-05,0.544443078175846,Neutral,2.2517500957904817,2.632678574941496,2.309277080103139,3.2787870729758826
2015-02-06,1.0251568480415088,High,5.0293760505231,4.262720492629166,1.3133532005453215,2.815844826555619
2015-02-09,0.49929104565851595,Neutral,2.1320100431618014,2.356150757476352,1.358408793145037,3.307671052738545
2015-02-10,0.47305632687469007,Neutral,2.0633311407362918,2.1941168157300712,1.161888842201961,3.10573160610589
2015-02-11,0.3934959153465523,Neutral,1.7638779235793371,1.783146870464732,0.9552999607912097,2.705215443214317
2015-02-12,0.4789748033837947,Neutral,1.9915787245406151,2.3076262328046266,1.623763190518093,2.819718585005519
2015-02-13,0.6044489142212727,Neutral,2.930494457237586,2.544157264687973,2.0625478917199853,2.4237533202942907
2015-02-18,0.4732528492722937,Neutral,2.1764653159927216,2.095994983751146,2.523236948898201,2.370005239952196
2015-02-19,0.5255455980693953,Neutral,2.437717379364817,2.3092833186318895,2.7427071205233875,2.1242988597126016
2015-02-20,0.4891229233195654,Neutral,1.8942421696431204,2.478661335437487,3.089475639521199,2.1435416559581686
2015-02-23,0.39253137006003547,Neutral,1.7081561860119954,1.823426619751861,2.7808292547526166,2.3761149566766258
2015-02-24,0.603975569910502,Neutral,2.723474457861414,2.721719531052731,2.6449780959374336,2.518692602070461
2015-02-25,0.27146045634708565,Low,0.8778169625693437,1.5285998138860617,2.194686156209977,2.9990830049576753
2015-02-26,0.6623497034139051,High,2.8327547855312547,3.1205068878815774,3.9111948282020053,2.58441295495106
2015-02-27,0.4915580777443812,Neutral,1.860588930886164,2.5289893300032364,3.569418919431521,2.541170684814677
2015-03-02,0.5972253678806678,Neutral,2.332325852090296,3.009343982821725,3.2944818771104347,2.2607009869059955
2015-03-03,0.36587576987141496,Neutral,1.6255750034341905,1.6701413330774755,3.8286111321112535,2.1526023843339064
2015-03-04,0.3322089333982363,Low,1.2804496003500017,1.68887411788776,3.758287269296351,2.2241303100703598
2015-03-05,0.26021157903467723,Low,0.9017446414196618,1.412087182392511,3.401951409235093,2.367492146527757
2015-03-06,1.1466961281708623,High,5.08480221445843,5.280866235844969,4.12632552055457,2.195723204103098
2015-03-09,0.5395716541866468,Neutral,2.1415655363941375,2.704565740080441,3.6179487473694385,2.271141809698578
2015-03-10,0.6211935135322797,Neutral,2.4016638151907332,3.1695681467242744,3.3829088396130063,2.4309309778938135
2015-03-11,0.4382737650023319,Neutral,1.4923348350684627,2.413102697585529,3.4718187444587567,2.5999539962756453
2015-03-12,0.6004449044008835,Neutral,2.408096791010536,2.9878791448900044,3.367755125390554,2.574196633094318
2015-03-13,0.36789338010015116,Neutral,1.4292525333101127,1.8710959186094336,3.153071339134642,2.4563501017500813
2015-03-16,0.7243959481716495,High,2.8660316671404007,3.6389504456085424,2.5953061107530355,2.814534668882374
2015-03-17,0.49752183179247045,Neutral,1.9323831339040736,2.53079513308054,2.9483046988232537,3.307455713985531
2015-03-18,0.8489734277362253,High,3.447004081949518,4.187677153183309,3.2553152490163684,3.3280210546022904
2015-03-19,0.6467594368409998,Neutral,2.6636702216036565,3.157244461061568,3.3352890217709095,3.2308336197324583
2015-03-20,0.5166874378222726,Neutral,2.048595512169594,2.591734761252082,2.9162768722794667,3.7621978833914
2015-03-23,0.37447197618342404,Neutral,1.6225744624393121,1.7577575686324591,2.555762010678833,3.072190487761657
2015-03-24,0.354924662595107,Neutral,1.2360840645210318,1.930077319397218,2.5291855640816983,3.3835922756745664
2015-03-25,0.9369189697697717,High,3.895798953562713,4.5466428380918265,2.062622512903865,2.7977101514556053
2015-03-26,0.6069994127262631,Neutral,2.5740529623434765,2.9017394282741673,2.1114084600015,2.434795936507541
2015-03-27,0.49942417550360296,Neutral,1.9775426000013245,2.5104130890325864,1.9461531520435587,2.8295070999542578
2015-03-30,0.5735712973846199,Neutral,2.3109281285008882,2.84826428129685,1.8342590331265904,2.650779690555962
2015-03-31,0.4982424232015653,Neutral,1.9353378085786415,2.5373475344062575,2.3241262123187623,2.793844449890131
2015-04-01,0.4784932250465196,Neutral,1.9154269176162435,2.3870111707722037,2.479386358103615,2.999581087059269
2015-04-02,0.3635893426122347,Neutral,1.5202080357737857,1.757080315624903,2.2948007871678597,3.3493109677997714
2015-04-07,0.3930253615506338,Neutral,1.6581713650809207,1.8862898637045267,2.50030302603537,2.997329779101693
2015-04-08,0.4547095692877581,Neutral,1.9543303460104677,2.150875003141522,2.477316184957271,3.4139902387090255
2015-04-09,0.43405911993226554,Neutral,1.7627092557838633,2.1433109200763933,2.3204245730821556,3.213171294855566
2015-04-10,0.32449249757639004,Low,1.4927971666245892,1.4489462364115282,2.423880087851216,3.054549465265622
2015-04-13,0.5097425552889071,Neutral,2.4041329876311677,2.224353155293079,1.7480211315705174,2.8575138777807134
2015-04-14,0.4350137695620325,Neutral,2.0067541632633867,1.9376225593009413,1.921767652869876,2.9985012686384356
2015-04-15,0.350168940157467,Neutral,1.6417034040860057,1.5347986632637864,2.6101046219377704,3.2845231855360986
2015-04-16,0.5148109082959753,Neutral,1.9969317614040185,2.6210184245559285,3.4239433473012384,3.6484489887577203
2015-04-17,0.6861325762875773,High,2.587083914461729,3.5583553302869313,2.902504189434204,3.3151862883967533
2015-04-20,0.5376598781327304,Neutral,2.0793434680005265,2.7427890480350148,2.589177235332204,3.433773221617296
2015-04-21,0.4855933991668103,Neutral,2.023716134686624,2.349659655559881,2.4701840902954837,3.5665900934501917
2015-04-22,0.5177030646394415,Neutral,2.1678493569538064,2.496003408329884,2.559690402521997,3.601720916246737
2015-04-23,0.2677513548897871,Low,1.268179019719233,1.1622941735857977,2.738950804148559,3.3759176334276146
2015-04-24,0.7830582455362369,High,3.2072358536830796,3.8381628441767126,2.707067339267829,3.1714808155936622
2015-04-27,0.7395400362104274,High,3.5500239001163294,3.16894794823001,2.672901994914639,3.658083228533715
2015-04-28,0.6160623300152489,Neutral,2.799708076633772,2.7777318919958995,3.1886623924178554,3.9986812080498724
2015-04-29,0.5368013178355739,Neutral,2.3305797759524935,2.5156673668456504,3.243883720146288,3.345506128632294
2015-04-30,0.7135846093990634,High,3.382674164348674,3.095140189926949,2.8163250894339917,3.419961761529533
2015-05-01,0.574228433766877,Neutral,2.8791837232864497,2.3532123170616472,3.3451701880174087,3.7472809224384234
2015-05-04,0.565084222529401,Neutral,2.6134841048251025,2.508112253663935,3.398145274268948,3.4673804951768465
2015-05-05,0.6771314990640064,High,3.0315190304379813,3.0930886562190096,3.3663298395916494,3.315926914728224
2015-05-06,0.6307721279621029,Neutral,2.349753710241154,3.296268731548406,4.42697362066028,3.2919367127931802
2015-05-07,0.6044809122035406,Neutral,2.774858019313726,2.7012033165278737,3.4597638065848297,2.9649160984173206
2015-05-08,0.652493091871144,High,2.8410107069754584,3.050720519069429,3.3847148383507806,3.374361022454615
2015-05-11,0.7847432418691572,High,3.009792233762899,4.025227550019052,4.083889319763934,3.5915215746027402
2015-05-12,0.32562495478731723,Low,1.6081128086600294,1.3559257886673164,4.2376870436882355,3.6765029506179805
2015-05-13,0.5734490202171147,Neutral,2.648712642485688,2.548265190678036,4.7776737070242445,4.09014613041777
2015-05-14,0.557877057584815,Neutral,2.5266424308568327,2.522944739691587,4.091323948575126,3.8957543107406294
2015-05-15,0.5570516717846681,Neutral,2.2266025273835264,2.7784815403015486,3.940892996646148,3.6517234785017716
2015-05-18,0.5660716876467807,Neutral,2.453492114045035,2.656487260405695,4.038476132481572,3.666782772094574
2015-05-19,0.4752868363734232,Neutral,2.267140785831686,2.0492033398489773,4.314382944307419,4.02659476512367
2015-05-20,0.330714513738857,Low,1.9553038041457995,1.0953140713503946,3.7950667101845514,4.054668857179569
2015-05-21,0.5725064817123728,Neutral,2.5200084322859175,2.652885972670109,3.256603583251073,3.680908670348762
2015-05-22,0.36489846437862306,Neutral,1.4826777630365193,1.798259497435737,3.2980443669867388,3.4479966989166724
2015-05-27,1.2192216881783557,High,6.726779799942005,4.586780093717108,2.364997018478091,2.398888008376397
2015-05-28,0.3426261507362187,Low,1.587960389867579,1.5478647137197317,2.286535788091966,2.831096522551013
2015-05-29,0.33790546755692286,Low,1.4850602873967538,1.595900572319585,2.4655462397116166,2.8234532832430554
2015-06-01,0.5648118475840875,Neutral,2.5777915771912006,2.5858031988043546,2.4540387701459903,2.6127658408278593
2015-06-02,0.5124386741039227,Neutral,2.184234581703136,2.478320250118216,2.894944145352688,2.8326990681424604
2015-06-03,0.6154798791741745,Neutral,2.7910152728747746,2.833200545067555,2.4058225418033934,2.7717875388589164
2015-06-04,0.4543744302685516,Neutral,2.1263501046699855,2.0351773848818056,2.226930725233889,2.279631097434801
2015-06-05,0.6611562107112885,High,2.700930623591656,3.2979033987288267,2.321347440655131,2.429466529281638
2015-06-08,0.6151131974198323,Neutral,3.0524781993674686,2.6062509100579265,3.064374210522094,2.6902499149312495
2015-06-09,0.5573343653654432,Neutral,2.735877649160953,2.3870164935810703,3.291422134010505,3.1554097967595687
2015-06-10,0.5351816664911618,Neutral,2.5125855237908348,2.342665565138921,2.4649878755154466,3.234146528559516
2015-06-11,0.8764141791466549,High,4.051893666756684,3.89123292758146,1.819902557591531,2.60640501010074
2015-06-12,0.39958569869447785,Neutral,1.7587929061227165,1.8516636003255738,2.100793581674067,3.1116046141171574
2015-06-15,0.5733451296284553,Neutral,2.8402175180018916,2.379813295039353,2.508753345985063,3.442255555992437
2015-06-16,0.36280378348152703,Neutral,1.5549861613844311,1.7178894360840467,2.440319823533515,3.4746364805768613
2015-06-17,0.5032167257579665,Neutral,1.846241334721994,2.65449420940448,2.118007422643457,3.8448955598684074
2015-06-18,0.5755493197536545,Neutral,2.819210703978327,2.4168980612398814,1.892898595144379,3.7509823500589734
2015-06-19,0.519882626665758,Neutral,2.399581789558154,2.31172763335225,1.7874990209121522,3.2837634915479255
2015-06-22,0.6642103027319268,High,3.0343827411387125,2.980941473573455,1.8950859251603862,3.6518703118102205
2015-06-23,0.4284363030735526,Neutral,2.086176368984873,1.8100055668844242,2.029594134381841,3.5076722438686208
2015-06-24,0.4909121969210077,Neutral,2.1981917799106205,2.242122276686115,2.3623865009944103,3.0895960628000325
2015-06-25,0.27221336983200034,Low,1.2026992172551976,1.2574521582133722,2.268269875689961,3.344501630261784
2015-06-26,0.6447673431753973,Neutral,2.9201352847510393,2.9159290493790166,2.499260056793988,3.498300096692013
2015-06-29,1.3637086295674774,High,6.751099966563515,5.798897075565145,2.594038866813957,3.5410453068705827
2015-06-30,0.42398498478054314,Neutral,1.5654153845632635,2.2602199570038386,2.4547554797205593,3.7188320971658264
2015-07-01,0.5690807153931113,Neutral,2.1908963562364168,2.956769934657984,1.936758231680242,3.551163986245138
2015-07-02,0.39028963129067307,Neutral,1.842047975892002,1.701961026418522,2.0567624866715075,3.4946810810433235
2015-07-07,0.9654042702315295,High,4.106403980394787,4.623685629167514,2.010462060928486,3.1266210406159725
2015-07-08,0.6942810679494642,High,3.0395163461108194,3.2492042476730383,2.255364752121459,3.667407001616462
2015-07-09,0.8076840459419236,High,3.692092178187004,3.6425865755300437,2.7825603013959515,4.161762859852231
2015-07-10,0.6801921704486127,High,2.997867022347295,3.165645981374249,2.130312232518646,3.4249101638446398
2015-07-13,0.7072116928713533,High,2.7592762211998005,3.606073225367016,1.776618339868522,3.3169193935505876
2015-07-14,0.42784122971949656,Neutral,2.0066873267510705,1.8847152124854325,1.7014709237751444,3.264048931777063
2015-07-15,0.3810259369220769,Neutral,1.4896185696448663,1.9402145431375553,1.798663846470292,2.9561405206340545
2015-07-16,0.6244103659995115,Neutral,2.600766206095049,3.0391011123951643,1.718591844630506,2.9067186175668835
2015-07-17,0.8236435538227456,High,3.391671450633149,4.025888107505895,2.8167030207619477,2.9111625875319755
2015-07-20,0.7106224493030711,High,3.7816412474642735,2.7241004437586644,3.060097347740229,2.865898102927895
2015-07-21,0.6636305798618366,High,2.868479560271838,3.1248602915428774,3.479370840144903,2.698732037527833
2015-07-22,0.6685121664385474,High,2.7187312724669384,3.297517760179412,3.4291144687399076,2.5411839582739835
2015-07-23,0.38462670824386486,Neutral,1.523465669328525,1.9329163468225856,3.804341110945184,2.4347246050154263
2015-07-24,0.49635552569612834,Neutral,2.3482442053288874,2.159548382939357,3.3373672520624575,2.6235724102157394
2015-07-27,0.5337857313492722,Neutral,1.979823638521808,2.8002855666499293,3.3555928658784833,2.8028171075424173
2015-07-28,0.5525675869485571,Neutral,2.477316466582795,2.5240169769568586,3.512439866126428,2.401820104606003
2015-07-29,0.36182289639506793,Neutral,1.679688522259031,1.602330993469759,4.078110921662892,2.0784880715988665
2015-07-30,0.4342030078722412,Neutral,1.6364333711485215,2.243608927084822,4.733593096478173,2.2219309608659383
2015-07-31,0.42070429332588066,Neutral,1.926892527210275,1.872433233298844,4.329586104860307,2.5337973424473543
2015-08-03,0.3953279369388065,Neutral,1.5078263903396527,2.026921457862186,4.6238517020770455,3.0484840562110382
2015-08-04,0.35483250774790176,Neutral,1.4103384095990708,1.7689878319117132,3.8266532277760503,3.205796840452947
2015-08-05,0.44416056792118896,Neutral,1.7904247223140295,2.192215091280764,4.746968475792811,3.5036284193549374
2015-08-06,0.6837295847022311,High,3.1756328599440256,3.0041894958654587,4.970168694606734,3.4948231709525075
2015-08-07,0.45363065021137244,Neutral,1.8957966133837107,2.1796149110199847,4.987886793691923,3.8853261633265928
2015-08-10,0.6258251538813883,Neutral,3.1492208338150656,2.535594156364566,4.267824470157584,3.4624344228756647
2015-08-11,0.6132134709354089,Neutral,2.4720427068073363,3.0264569355101307,4.448904911698884,3.8580439749473467
2015-08-12,0.6079445182036565,Neutral,2.9005924927825197,2.6032507645852325,4.000489013244654,3.9267283987737263
2015-08-13,0.58719542767384,Neutral,2.4891301335345166,2.7668098583994216,3.4317220738077903,3.800201793004263
2015-08-14,0.3045969746581925,Low,1.304338715231742,1.4234977363862202,3.3080177462244027,3.951631398225896
2015-08-17,0.5443703478606681,Neutral,2.671202357983039,2.2404897273279545,3.222638843322947,3.8094305830438175
2015-08-18,0.42195270086493875,Neutral,1.791444426678851,1.9857197720911137,2.8115100364206516,3.558534920356555
2015-08-19,0.5686541875585951,Neutral,2.7937508316475292,2.3374113060039137,2.7415396185462897,3.282733783542571
2015-08-20,0.9770945750891051,High,4.3216623903587745,4.462494463637499,3.772309742041827,3.7654072403797603
2015-08-21,1.5660695290692632,High,5.831900666138059,8.223173569715286,5.51902013482736,5.051394227563039
2015-08-24,1.5079624268726852,High,6.352814199577397,7.351060473754645,6.462094310784982,6.79859307743739
2015-08-25,1.8166158485683686,High,7.630280398202451,9.027193417440499,5.939650743135162,6.0692918253511134
2015-08-26,1.6908796510186788,High,7.529254551772153,8.149137767308932,5.465999564382893,5.168003410656019
2015-08-27,0.7968140699604613,High,3.2815186305269157,4.069063653725893,5.256672066462744,4.356320420348275
2015-08-28,0.5190873404376228,Neutral,2.2502792090518553,2.554213138661173,5.0790973793004035,4.299657486761642
2015-08-31,0.46778387918042263,Neutral,1.8101589612254942,2.4886647025849102,5.50098991951293,4.397866487435072
2015-09-01,0.9474162334312787,High,3.499220452473748,5.223983370750382,5.393015168308704,4.854620756555617
2015-09-02,0.7998394431253564,High,3.388418700368176,4.034571436556162,4.88891572671799,3.970918979000261
2015-09-03,0.486858790739514,Neutral,2.26512417821137,2.280548130970832,4.389905762766055,3.896768976951773
2015-09-04,0.5301411762425013,Neutral,1.7721585399623068,3.0839685388335933,4.828814435448137,4.550101929248681
2015-09-09,0.4751261373753265,Neutral,2.134840557355343,2.2910760335595697,4.857393348055353,4.378737452737123
2015-09-10,0.3519712569758635,Neutral,1.3124802205541428,1.9299321925829551,4.346617198350076,3.86473070561026
2015-09-11,0.33382703474281616,Low,1.281898484836084,1.78449256803041,3.985909293583482,3.277277240830235
2015-09-14,0.1367689872714421,Low,0.5498840067786669,0.7099121906431054,4.193308848573772,3.5124876670313485
2015-09-15,0.5530183882892276,Neutral,2.3173287489818697,2.78988595730012,4.483981140485964,3.260629473626521
2015-09-16,0.46961265164684385,Neutral,2.354080298654652,2.0058579656990982,4.069887798275299,3.362985496458973
2015-09-17,0.528888830162962,Neutral,2.4778988241819597,2.4101628402371973,3.787544501567743,3.120665706663546
2015-09-18,0.6590459258789494,High,2.5448484576038353,3.4766004564961936,3.709210495905956,3.5336162621687826
2015-09-21,0.6306894878454671,Neutral,2.385561925698826,3.3704266714311686,3.8362807434305193,3.4276647924907535
2015-09-22,0.5377313989336202,Neutral,2.347564795342957,2.600217348109246,4.2949503983039525,3.492705588965042
2015-09-23,0.33066983884989687,Low,1.2168552706348397,1.7966617291214713,4.576719700230362,3.33892383275767
2015-09-24,0.5726183019290116,Neutral,2.961732180942067,2.366219011958329,2.950638812819267,3.4315796957809157
2015-09-25,0.7903752901130762,High,3.0115383024102154,4.204637520674967,3.0915107956154264,2.7957093714425416
2015-09-28,0.8556300991242801,High,3.4472020450452874,4.422838136995403,4.280918766594208,3.6497379888033037
2015-09-29,0.5535647819724789,Neutral,2.2327089046437365,2.8592516200156486,4.546325361022699,3.7411411979540867
2015-09-30,0.6156106562141263,Neutral,2.3049765021056183,3.336118329111993,3.780984812401525,3.250147385523453
2015-10-01,0.4141414109841025,Neutral,1.2451412631349965,2.5022699093750895,3.55777461428475,3.1071627094829566
2015-10-02,0.7666145738067408,High,3.7861673460747616,3.317901762327915,2.8879925824841557,2.509742029903909
2015-10-05,0.6003992191835743,Neutral,2.219661517254438,3.259933006476567,2.693402648380468,2.277401537913255
2015-10-06,0.49134999117300593,Neutral,1.7965747921313655,2.6855218015443056,3.5598439572918794,2.668503366368138
2015-10-07,0.31984057163007107,Low,1.1123940652107773,1.798748567530025,3.529137207148841,2.5685032510510175
2015-10-08,0.405970539809433,Neutral,1.5117285801873621,2.1946229126321177,3.5330410783153194,2.631833417245334
2015-10-09,0.4536120215665407,Neutral,2.018242838531433,2.1602179619109854,3.503159264883849,2.5182574368281143
2015-10-12,0.392070568892565,Neutral,1.4420566435984035,2.1353710434287465,3.8585510350342527,2.8327905116797916
2015-10-13,0.43184325320642236,Neutral,1.371513567125978,2.5443347494451154,3.8294752658434534,3.644152331656583
2015-10-14,0.65216991306505,High,2.666670765113086,3.265694191526409,3.636231670860582,3.7911647254058014
2015-10-15,0.5616964494424257,Neutral,2.3854999987464915,2.7322927990840915,3.3761093377616573,3.6576048804310277
2015-10-16,0.2918163194497806,Low,1.3406049362164707,1.3278155013986266,3.5978951890668447,3.5592049653950335
2015-10-19,0.33155585741527693,Low,1.3653074047096023,1.6515495660674504,3.0530683947724686,3.7132150878776558
2015-10-20,0.427620862580404,Neutral,1.8824626740123884,2.020010884801877,3.3100565345264568,3.579482280817862
2015-10-21,0.46029839489840935,Neutral,2.0561151188511344,2.147395995736886,3.304784186184909,3.500314437971441
2015-10-22,0.5663253575967324,Neutral,1.9102814316657437,3.2028236697857313,4.092565682671972,3.6230628624027355
2015-10-23,1.0305603413492719,High,4.3110519909276475,5.085834014778108,3.8147583821148583,3.7075558321155744
2015-10-26,0.31022688530955767,Low,1.3340589826649947,1.4973839973525978,4.1913601972737995,3.9478249266543397
2015-10-27,0.3237411688411924,Low,1.0577373292699908,1.8719735504653239,4.278053631555515,4.152023879317671
2015-10-28,0.6637247226864947,High,2.3601049577720996,3.6335544077945694,4.058724865140427,4.0484822456941085
2015-10-29,0.6588652972326124,High,2.988690392482296,2.9200698504069034,3.841618977736115,4.0442213819098125
2015-10-30,0.2898544331939108,Low,1.3114648930077535,1.287853687727205,3.3573344065363653,4.0862236468005015
2015-11-02,0.46521550420192576,Neutral,1.640840706905503,2.5143288341816086,3.1652511165211523,3.734643281323561
2015-11-03,0.4961462408829176,Neutral,2.256129336528836,2.1935526518667436,3.1655751040133646,4.076164358868498
2015-11-04,0.3897032915167345,Neutral,1.8109017097001634,1.6855466495670972,3.1946781060652953,3.8344946635127206
2015-11-05,0.3133933249731903,Low,1.4162516783118861,1.3940940129660875,3.06042561175287,3.9411995472122303
2015-11-06,0.6662897576825271,High,2.6715840429523876,3.291113746953575,3.0790507851912103,4.0048735529334545
2015-11-09,0.7855147920492624,High,3.668907224633943,3.3794676612708026,2.758142280823243,3.9119161219712453
2015-11-10,0.42227236850095484,Neutral,1.6227927089392775,2.1536307894536564,2.36797678231645,3.874949437740475
2015-11-11,0.21141776151133257,Low,0.725441754438386,1.1621505285878997,2.989674043849322,3.9796433888497424
2015-11-12,0.44810743357718463,Neutral,1.5605582568514806,2.4410880968764532,3.067854184606491,3.9165272372493294
2015-11-13,0.509808255480164,Neutral,1.6279876819649148,2.9193380713909325,2.8082640725520585,3.7294970868541366
2015-11-16,0.4813440006194103,Neutral,1.6008457569623844,2.631899678511527,2.4573256504844814,3.5707475954256513
2015-11-17,0.49929093559571336,Neutral,2.373445409838126,2.0147682305331194,2.7282594136913123,4.340142675425394
2015-11-18,0.4713126461111671,Neutral,1.703861501346416,2.440222707293192,2.532282335716583,5.199718113431489
2015-11-19,0.3719494962538036,Neutral,1.6648268468755976,1.6045372037181689,2.30870218660051,4.512685627392264
2015-11-20,0.4516411698581402,Neutral,1.8753933566242065,2.063541136074403,1.7607710954646794,4.061145114737465
2015-11-23,0.3152504266705636,Low,1.3022001175100955,1.4473559189579748,1.9350937605238336,3.7864911975359745
2015-11-24,0.2779678653935168,Low,1.308469935215123,1.1127039544855457,1.9650921736465246,3.772987224387324
2015-11-25,0.3810814883804011,Neutral,1.5135282863239785,1.81140802544,1.8046333162660695,4.202172233039534
2015-11-30,0.3268880655481563,Low,1.5074245164412714,1.3404848156752833,1.9430386796073638,4.051515274326117
2015-12-01,0.6841610348124303,High,3.297109492429718,2.6605807236097765,1.7163140305238915,3.5217999019464443
2015-12-02,0.668400138391845,High,3.0005211703068793,2.824342456691468,2.185169722461785,3.587990770381246
2015-12-03,1.3693243642858168,High,6.731381521696766,5.320918277188339,1.9953984479520839,3.4101258498803486
2015-12-04,0.948435222609465,High,4.183109930154147,4.167904283119208,1.301790649679565,3.7800521292062577
2015-12-07,0.5498774506441705,Neutral,2.4574366813548942,2.384041840630767,1.295648064486405,3.426753207841638
2015-12-08,0.5946206885267051,Neutral,2.553384079576273,2.6827438025236487,1.5378553031323592,2.9979579624348367
2015-12-09,0.7234522242153594,High,3.2403438476422286,3.1293513641803927,1.3627496039707088,2.946997561112757
2015-12-10,0.7474727524830904,High,3.5985822271853043,2.9809149126508627,2.0171483496372695,2.9904832574985947
2015-12-11,0.8951895538036978,High,4.211206765337796,3.669205366708309,2.4676761388295354,2.870624599893117
2015-12-14,0.7046854733405292,High,3.1099627998573585,3.094811117232598,2.1300257521515404,3.320226881512702
2015-12-15,0.4327311512463836,Neutral,1.7010199459563036,2.1105955000678596,2.1833365215697893,3.3869974168878247
2015-12-16,0.615532340555538,Neutral,3.0514510909094943,2.3660704155270142,2.0703263033456327,2.9568140925640143
2015-12-17,0.8556930347635755,High,3.8954204191558017,3.6381770715222057,2.168719055514046,2.9431744789639835
2015-12-18,0.8474528875844454,High,3.606114743686756,3.856632270456921,2.294797748697633,2.3952306586514713
2015-12-21,0.613348454178668,Neutral,2.9697177743880925,2.4290603123368824,2.1182465699477144,2.7143691678895188
2015-12-22,0.42564344453600167,Neutral,1.8088141049974402,1.9394568588383763,1.8638502275556161,2.57336515530297
2015-12-23,0.4813752659509026,Neutral,1.7838422925580237,2.4569742618225057,1.4842426707051082,2.7161381416646884
2015-12-24,0.2980455454380466,Low,1.3269314662136635,1.297289303202997,1.700199938691211,2.5604671568240103
2015-12-29,0.7577208621029605,High,3.347325863253644,3.3244037702305658,1.5282185606384227,2.621883261100568
2015-12-30,0.32352034420423437,Low,1.3671922087187396,1.4818210613486578,1.5591325172956123,2.446181931171683
2015-12-31,0.4069514638914477,Neutral,1.6900547978533016,1.8938771445091653,1.941823176380687,2.2250191117957057
2016-01-05,1.0000795403699205,High,4.338786704049353,4.492377966342375,2.694366919874937,1.9848732533236177
2016-01-06,0.6734985076594315,High,2.9195759455074133,2.981609552503481,2.2662804488200066,1.741507273833459
2016-01-07,0.8779567511902504,High,3.678233952174817,4.017460508248978,3.524099283367508,2.0909143205792193
2016-01-08,0.58714861721817,Neutral,2.8815793450593703,2.254978162363574,3.6815478857210038,2.486766895863938
2016-01-11,0.8053462024071698,High,3.233645710387973,3.818547813047835,4.106512539282977,2.5909813849580487
2016-01-12,0.6289964510234332,Neutral,2.793774749196616,2.70690637434109,3.4239733416027893,2.38887383112471
2016-01-13,0.9581424173748432,High,3.9264141060636057,4.492062970946181,4.641334135990149,2.742962275068875
2016-01-14,0.7392522770703659,High,3.184840238048201,3.305113883331112,4.097739916110138,2.6510388584614817
2016-01-15,0.8995399999917266,High,3.5438078645840907,4.364631460388438,4.906626602808743,3.1293066403222087
2016-01-20,0.8672563437323526,High,3.5298964510548143,4.039661289398174,5.335289857354717,3.2980181442897054
2016-01-21,0.45829410765219647,Neutral,1.8306807358638257,2.171071178419753,5.206447804519466,3.2305791554124883
2016-01-22,0.8378540834820921,High,3.452361189515862,3.858520782930015,4.441148620449735,2.7179875488258944
2016-01-25,0.5870394033604637,Neutral,2.3592706315770102,2.7659694338591017,4.164501763670284,2.83328563618882
2016-01-26,0.7977532811916052,High,3.280586830805971,3.6807045252029087,3.793990581339516,2.6983182083575143
2016-01-27,0.8685648577030032,High,2.9008068826315783,4.714518292378777,4.679626792488258,3.6637182972353886
2016-01-28,0.5871163135409208,Neutral,2.006418770709974,3.1389959035195694,4.46832886728469,3.478911181100183
2016-01-29,0.9951358249957449,High,3.934812339372991,4.767218989498413,3.7613744118344363,2.990360362782153
2016-02-01,1.0453386530897961,High,5.587683547284536,3.560451745863745,4.675491879513937,3.0589156473738717
2016-02-02,0.7479105173191904,High,3.0777760399044674,3.50097224518828,5.108407967408231,3.6025636970269175
2016-02-03,0.865804343633203,High,3.383455546882465,4.238844378863129,4.61055507946197,3.617184191152612
2016-02-04,0.7502695868605198,High,3.2689198152764454,3.3239702903341537,3.7766048378246087,3.98556750303048
2016-02-05,1.075128543687018,High,3.880613370789733,5.602333310055039,4.539253077217021,4.936756231752394
2016-02-08,0.7574086315004515,High,3.1349252066847106,3.530573662785636,4.587020357353457,5.368598306046932
2016-02-09,0.4603780421538031,Neutral,2.03175957014617,1.9854449866057076,4.518599445418242,5.3102193997979885
2016-02-10,0.6021953151676773,Neutral,2.269270581153627,3.005653080003848,4.0607162713769185,5.163255698613774
2016-02-11,1.3783307630077053,High,6.083754200806291,6.040499599069972,4.420418980713694,5.276446078546452
2016-02-12,0.9807696740299673,High,4.000639337335483,4.6474347446242,3.8004757492126546,4.845417627543481
2016-02-17,1.2888261632209832,High,5.029676917565997,6.3799422384516555,3.3011687762366893,3.917482617345273
2016-02-18,0.7070073194182867,High,2.8242502712062345,3.4320320463304284,3.9803180029001393,4.286392515751797
2016-02-19,0.5234255533204051,Neutral,2.2277871339994144,2.3984039034442493,4.077616617293378,4.065783908578782
2016-02-22,0.6358060756482128,Neutral,2.5739570272735954,3.0508759879691603,3.9255527233784773,3.8801234751274545
2016-02-23,0.47438038702326996,Neutral,1.8365244600027688,2.3576374535485822,4.109861441898811,4.16873007771292
2016-02-24,0.4422555748419695,Neutral,1.7884353745960806,2.1183397015272134,4.485396587715377,4.296621478628125
2016-02-25,0.5918971188643454,Neutral,2.2741412875790363,2.959790731152431,4.041063258205107,4.341519663671937
2016-02-26,0.64307426940487,Neutral,2.703057002102955,2.973183515524659,3.843356065175009,3.999433813778582
2016-02-29,0.412024085024814,Neutral,1.5696484769026622,2.0743216217673432,3.70206935039571,4.105395139701816
2016-03-01,0.8644629918204285,High,3.265596869185438,4.380993522587564,3.5761102913361835,3.6619411090257996
2016-03-02,0.663085594666877,High,2.8354762884197857,3.015270824901552,3.876015836241885,3.5793965350410377
2016-03-03,0.44449199259493216,Neutral,1.575401717823454,2.3609121020363966,4.555483901283297,3.9753739769115
2016-03-04,0.4153175407980795,Neutral,1.574620146748706,2.0988111994784613,4.117424468921367,4.025715175432477
2016-03-07,0.5036881035596859,Neutral,1.636333982908785,2.8307644390256472,3.780563269431728,4.445058068508683
2016-03-08,0.6258097406954718,Neutral,2.179466535968487,3.353947513321771,3.2936728162887987,4.165427182138394
2016-03-09,0.583405766535585,Neutral,2.2204431540640757,2.9303275491024396,4.2108849592247175,3.8590120981691665
2016-03-10,0.5605605015117586,Neutral,2.4104552145141844,2.5273045640900875,4.105094715561893,4.1389254329628375
2016-03-11,0.5561304077587379,Neutral,2.092343042711919,2.818611397414922,4.2269677225759335,4.126849749322763
2016-03-14,0.48585398278322417,Neutral,2.1178339934362693,2.160695740341116,4.150521514837087,3.661152393349445
2016-03-15,0.3678963579686955,Neutral,1.029278208862101,2.233957706019346,2.8265723332418684,3.557492801425344
2016-03-16,0.6523416071796357,High,2.784264368074136,2.9628116024771654,2.861311992435331,4.002524998320859
2016-03-17,0.5545277926435943,Neutral,2.0701820182918556,2.827279420715819,2.8753431120135096,4.1077209735614275
2016-03-18,0.6038331760186486,Neutral,2.286374041638107,3.011853954483094,3.166834389479831,4.190843158857687
2016-03-21,0.3768813169325854,Neutral,1.6553700725603475,1.6388475313106128,2.7557320342803138,3.87019249509805
2016-03-22,0.3660585787777453,Neutral,1.6144279643372728,1.5848253495724829,2.8219002289934663,3.92781054349496
2016-03-23,0.7960337005215435,High,3.625090500165518,3.325689091593045,2.4175075296156043,3.8596397401542903
2016-03-24,0.342505986850004,Low,1.3369628090489936,1.6660729034386392,2.8777909352028015,3.539737030550686
2016-03-29,0.8972345137668852,High,3.8119942374068576,4.037638253598031,2.401825678766558,3.40787186125845
2016-03-30,0.5701044308335113,Neutral,2.434351304845683,2.5526426826498287,2.649495173596497,3.3176093321637548
2016-03-31,0.3258502076198678,Low,1.1883959809290265,1.6732375834922166,1.9743796507973994,3.438035977882091
2016-04-01,0.35825357884377107,Neutral,1.5056644408883855,1.6294975247371382,2.473049041200316,3.387561368738434
2016-04-04,0.4412233477069575,Neutral,2.052934317708982,1.797305222204457,2.672546520890162,3.4600782368126555
2016-04-05,0.4752091010612164,Neutral,1.9019923097412275,2.2619546693862453,3.0169778629905344,3.5924692128613227
2016-04-06,0.532318747618469,Neutral,2.0724833154297038,2.5883789794838705,3.5796430695199257,3.6619256181693727
2016-04-07,0.6281641012252696,Neutral,2.770217141854399,2.712734479712082,3.0776836898643785,3.8751927743854084
2016-04-08,0.5212293705803386,Neutral,2.076838935566665,2.4844216335077287,3.285459396159248,4.310892603066993
2016-04-11,0.4361345936281653,Neutral,1.9949837072227548,1.808056202607861,3.7661621472214457,4.226388938762449
2016-04-12,0.5150404352899534,Neutral,1.9709549893692686,2.5404283317980405,3.380660633690841,4.235940666094089
2016-04-13,0.570322354776841,Neutral,2.1171659128248845,2.8818918521500123,3.6178796110543456,4.266022367788144
2016-04-14,0.46160371977289727,Neutral,2.15002638022326,1.8730694040693352,3.447641915867375,4.4797742631445425
2016-04-15,0.2978183511750817,Low,1.2349242143064318,1.3687296009767338,3.2806285376183366,4.194505729197988
2016-04-18,0.4611274881458386,Neutral,1.7122954927652998,2.329608753775919,3.1439474243588212,4.967224924887692
2016-04-19,0.686425992273834,High,2.7472330898484345,3.259016054095047,1.7048643852462044,4.96900395305153
2016-04-20,0.5005415887246873,Neutral,2.1250115155908302,2.2483259364333534,1.7034463970715965,4.660890733544524
2016-04-21,0.5513028897173728,Neutral,2.4894260945839535,2.3195733530918794,1.7321078846343048,4.499780182806004
2016-04-22,0.9074023226468068,High,3.3998410557039183,4.56399598045233,2.367761430613919,4.883325199679106
2016-04-25,0.7696770671247238,High,3.329399446374403,3.4009808744067236,2.141875432996856,3.9372250340740536
2016-04-26,0.38669335790122006,Neutral,1.218097596556519,2.188521108203386,2.67859899238764,4.2588730484691455
2016-04-27,0.6328408314603535,Neutral,2.281510170573507,3.27760052766129,2.9111656565081483,4.408690968873155
2016-04-28,0.5650568769298643,Neutral,2.384686992915048,2.5597122467318214,3.124550541703896,3.8625645903977057
2016-04-29,1.0742837118066897,High,4.119745860978184,5.31977722218584,3.644790032117192,4.801789605692531
2016-05-02,0.5648653168387243,Neutral,2.1946010707372476,2.7670935562328394,3.730977897744765,5.175929930225033
2016-05-03,0.4844882912256244,Neutral,2.16432442782559,2.0747984553893493,3.605985307551411,4.462200643755941
2016-05-04,0.36654942153446657,Neutral,1.7383394295046444,1.4629340245492446,3.550334718431373,3.7681533887990692
2016-05-05,0.3137791298544299,Low,1.2957268422684949,1.4559650621707232,3.3625962711704047,3.5877470524005326
2016-05-06,0.5052068273981396,Neutral,2.220238213994686,2.2023160353430087,2.993887454312743,3.6372693719472746
2016-05-09,0.5967516270700497,Neutral,2.640256103248024,2.5826373924373254,2.761083163176246,3.403114783239978
2016-05-10,0.5136316638242326,Neutral,2.2466906191144522,2.2502347345884157,2.5849385207985995,3.432390016268089
2016-05-11,0.5149601664135315,Neutral,2.2101324114315175,2.3009109840301036,2.890231951740185,3.1674548206820434
2016-05-12,0.4598947912030499,Neutral,1.908462515465866,2.124043891060157,3.0212223444593436,2.812194931191706
2016-05-13,0.588292116756423,Neutral,2.5632098047633236,2.5800422498624505,2.82868981097931,2.478862515716103
2016-05-16,0.5171648242174101,Neutral,2.2582984816305003,2.2628332783410983,2.6430442786014723,2.471675946434638
2016-05-17,0.4540875767456666,Neutral,2.072149176034235,1.892600771775164,2.263046110965301,2.199968542352282
2016-05-18,0.9856918354190992,High,4.0715906681045135,4.572378705663084,2.1635545660338784,2.1760057078666803
2016-05-19,0.513072181822689,Neutral,2.008837346293707,2.497006430274117,2.4785124924067774,1.983032255323039
2016-05-20,0.4702774852892564,Neutral,2.147537520687513,1.9584868387477004,1.785060008143493,2.052508249308598
2016-05-23,0.2661513554036591,Low,1.1835582842254442,1.1390348780476027,1.617360306637457,2.045202623949842
2016-05-24,0.6557919145557036,High,2.8987605235406426,2.824987978237669,1.5226481330788713,2.0931559760472
2016-05-25,0.4117272243583806,Neutral,1.855009334952212,1.7366947632341312,1.6165225795795386,2.2476476471343196
2016-05-26,0.5042822232899864,Neutral,2.1051059802170893,2.3028007319158545,2.244623032721727,1.9689854091726846
2016-05-27,0.3858036924738761,Neutral,1.5522487193464896,1.8231148546760014,2.3506344209681864,2.3030798220124358
2016-06-01,0.8115139817234116,High,3.7175460676107708,3.3584665628585673,2.565764066783278,1.986393327506533
2016-06-02,0.5350595128141177,Neutral,2.250034480364983,2.4260278465428575,2.5400754898332463,2.5833366476194994
2016-06-03,0.9054624959144328,High,3.825427884164194,4.086771855036796,2.21589370615124,2.72706683110126
2016-06-06,0.8084744205853673,High,3.4557268080069687,3.6068506594811343,2.0401555155514113,3.018313914828643
2016-06-07,0.3884163245547271,Neutral,1.6687241393580385,1.7239110107388576,2.251370580828611,2.8698733016586466
2016-06-08,0.5146346250856336,Neutral,2.3120333722208772,2.142704781480112,1.7685960757215187,3.261988557022733
2016-06-09,0.33169853156764406,Low,1.4605249275363446,1.4127093721230468,1.8352814750385535,2.9493023666584994
2016-06-10,0.7705682239478379,High,3.6345310196511336,3.023878069312092,2.038521751280145,3.0062434555020334
2016-06-13,1.0621068071795094,High,5.096422394976665,4.152466491542619,3.0334228169530673,3.607416667411343
2016-06-14,0.3763150203868044,Neutral,1.72980829179375,1.551166661023951,2.926937188185735,3.7492146913512516
2016-06-15,0.3096298859771327,Low,1.4144015157256111,1.285634122337576,2.5430467234039114,3.303244356842517
2016-06-16,0.5082966102822553,Neutral,2.165205676572912,2.275505737805011,3.0607109891569606,2.9599912450793435
2016-06-17,0.9059978263161161,High,3.7497826100703797,4.171202047826332,3.0741112111104414,3.061156750536026
2016-06-20,0.4442955671453521,Neutral,2.0112813297962986,1.864030045831612,3.192609141136782,3.1226854403629196
2016-06-21,0.5810531738264648,Neutral,2.4128246600427135,2.66680584418176,3.5062175494539685,3.1288523627141753
2016-06-22,0.7461029016231812,High,3.2408739056873554,3.2741177066548275,3.76581509953267,3.656282285407556
2016-06-23,0.6968510764328646,High,3.2300187900502335,2.8441985729234864,3.0498946607771393,3.387147531517746
2016-06-24,1.7928994794673723,High,7.664259192210386,8.130548895434442,4.48862337180328,4.3594966614125505
2016-06-27,1.6656158635531062,High,6.780568272317003,7.953226460125772,4.240144592142529,3.8265167557580066
2016-06-28,0.7417138006988955,High,3.360760410718988,3.1864109578359034,3.8978891471009067,3.6142220828376366
2016-06-29,0.677121354968516,High,3.1991846152823036,2.7724768074564956,3.9854661761259305,3.1400952843205325
2016-06-30,0.6376280985054854,Neutral,2.747273427173831,2.886910642595387,3.7187599106702467,3.0310964453478157
2016-07-01,0.6327780213933796,Neutral,2.8866505307391366,2.698140607760323,3.1458436319655534,2.8314066928691437
2016-07-06,0.8109308595918905,High,3.1804490193710473,3.997852864066828,3.217623114977985,2.7704614729557484
2016-07-07,0.277157558894074,Low,1.0576424301176017,1.3969339779218342,3.1685050766630742,2.5539663519132825
2016-07-08,0.6144982563041645,Neutral,2.9049595580946064,2.5143496334876834,3.252750221726033,2.7916621428515236
2016-07-11,0.6847070108941561,High,2.3597803098938757,3.7144777992318256,3.021942900418048,2.7167646421898852
2016-07-12,0.8352143889268389,High,3.275732871622821,4.11752325900189,2.6467650834863656,2.382489093401459
2016-07-13,0.8656421551097466,High,3.453994956958837,4.194922753490606,2.6329645142399296,2.3675604706548703
2016-07-14,0.5402139737948786,Neutral,2.1928273721060307,2.578923891475292,2.757391758141163,2.2193936916029413
2016-07-15,0.6007237932773409,Neutral,2.257513294266825,3.0566962126532737,2.8962693655429534,2.036904289307141
2016-07-18,0.28729226407039365,Low,1.1050306335800144,1.435337210458196,2.8457294788346865,1.612410566239307
2016-07-19,0.4450513049460493,Neutral,1.5996371337796238,2.340649546442926,2.3708436540626843,1.6058093505579174
2016-07-20,0.4887681677750355,Neutral,2.02697220798334,2.288461320246688,2.143393970833424,1.7179345937072714
2016-07-21,0.5042662413051799,Neutral,1.8967632007013884,2.564073104253678,2.792481982947083,1.6943607065122817
2016-07-22,0.49418753109772884,Neutral,1.703206285511377,2.667133250060563,2.9777581001194493,2.131833623748191
2016-07-25,0.36973089857294583,Neutral,1.5590088925218752,1.6990678960565393,2.5441164993872585,2.1494193896849576
2016-07-26,0.28158476560718876,Low,0.9503856999277355,1.5406254113645712,3.5240039394448077,2.430037089108807
2016-07-27,0.6634377897264097,High,2.5360136356272864,3.3208954046799835,3.6164403942573053,3.211819511081628
2016-07-28,0.2675258840906154,Low,0.9103870558640033,1.455949149041001,2.964109659058192,2.6403071331302264
2016-07-29,0.5309232306060991,Neutral,1.8080198207674851,2.880602859508947,2.8195445847881144,2.6352669270977582
2016-08-01,0.9541293715720984,High,3.8998127467866017,4.501349658090896,2.8300771017180364,2.858996373371111
2016-08-02,0.5885368768415631,Neutral,2.6733788857471503,2.4985005335241066,2.359751947483417,2.6234140686548804
2016-08-03,0.4328918936074194,Neutral,1.5061067005276956,2.3155757241367487,2.4586567735979403,2.9175679639546566
2016-08-04,0.34539105533356174,Low,1.2472094522692814,1.800255316646768,2.1323443113513925,3.0464698003386856
2016-08-05,0.6565616437872854,High,2.194322956283238,3.5949614272744688,2.8914905210342825,3.055579906982467
2016-08-08,0.32764725612283585,Low,1.3144019579389012,1.5669432975787765,2.101861997893617,2.9233756674187443
2016-08-09,0.30622410171300285,Low,1.2784280291429446,1.4127646347308251,2.290856652748063,3.3156682015492254
2016-08-10,0.30871218574399706,Low,0.9293160956141979,1.7963790024334885,2.7680360928402505,3.344414198532963
2016-08-11,0.5558265125697046,Neutral,1.8706277722195026,3.029960492808087,2.8445762177286262,3.63439740562129
2016-08-12,0.5466104898211335,Neutral,1.964626514674274,2.850312025123967,2.8917527033686574,3.2620939882051854
2016-08-15,0.4383652273700603,Neutral,1.7634584045852872,2.0913737575004236,2.8936543208895285,3.651250796630012
2016-08-16,0.37184730782666064,Neutral,1.515005278593204,1.7542186955230465,3.143904312170698,3.4361644865222267
2016-08-17,0.39558332517543043,Neutral,1.3080703606193038,2.1805099964622263,3.2378902131006986,3.9651938857638847
2016-08-18,0.3870697056554624,Neutral,1.2110179480698313,2.2026655355022466,3.847071252749842,3.7091328462544704
2016-08-19,0.43768741077912354,Neutral,1.8339526780035533,2.010302189053687,3.2854502065504185,3.5340581290351376
2016-08-22,0.46603629830695537,Neutral,1.849124949946422,2.247654271502511,3.0974415322581024,3.119821482708918
2016-08-23,0.2491137150422878,Low,0.6493596039362913,1.552082904925807,3.056583152251042,3.319419489901638
2016-08-24,0.4861892179073216,Neutral,2.255518783186943,2.007287460013194,2.6298199570448215,3.292723743793611
2016-08-25,0.22341037810783865,Low,1.0559764409830183,0.9021732783937464,2.7394607449998922,3.0481325444156036
2016-08-26,0.5347400902685239,Neutral,1.8613309520173367,2.8482809974045433,3.937259478180249,3.150163879064009
2016-08-29,0.7469260891829708,High,2.971221460108372,3.5945131663204126,2.058425305775368,2.57116713656113
2016-08-30,0.3870105177558877,Neutral,1.632833271654244,1.7659384307215125,2.068311143209113,2.5012621619724382
2016-08-31,0.381928363441216,Neutral,1.564174693925815,1.7915749681695263,1.5167815464909589,1.9108152180365674
2016-09-01,0.25283654646901804,Low,0.8327315858848031,1.38361131512869,1.835549000873097,2.209068973494121
2016-09-02,0.5966963415269124,Neutral,2.494778630056286,2.67242437031932,1.2698116281546927,2.02233543839921
2016-09-07,0.7774809021346774,High,2.895134800082114,3.8249906842635784,0.946192244425572,2.2115775615177946
2016-09-08,0.6358081432060132,Neutral,2.42819309269264,3.0276890503498826,1.291844166990203,2.4614065794891755
2016-09-09,1.4262118401417965,High,5.795965828017976,6.417362011831912,2.5981148732035404,2.190317542377302
2016-09-12,0.48106070648688243,Neutral,2.1611004463136494,1.9396034573613878,1.9082238773075528,2.277429172662622
2016-09-13,0.8194585705444526,High,3.119185004133988,3.9175201374418327,3.134568553765965,2.7109465060557407
2016-09-14,0.5720271061034475,Neutral,1.7659725501791657,3.1836496966723544,2.5597940272975714,2.5294577385952044
2016-09-15,0.40070695709105786,Neutral,1.6172738815728989,1.81518958992994,2.1213953302126045,2.4664783282418035
2016-09-16,0.5808581047601147,Neutral,1.9289123376455952,3.0847169742084737,2.167376583372126,2.633462972602563
2016-09-19,0.36167705553044477,Neutral,1.1684689084320932,1.9562967057163967,2.4390103659590707,2.4135513322414455
2016-09-20,0.2260331641690217,Low,0.7689654830660395,1.180343027881542,2.32360479071061,2.855537181757657
2016-09-21,0.672052653464165,High,2.585060150211279,3.18340264485337,1.689385883470484,2.9299978254933183
2016-09-22,0.519630720732215,Neutral,1.8037848166501667,2.674215455577673,1.4995289612819602,4.488045272120099
2016-09-23,0.46163217374937127,Neutral,1.7563821191823628,2.2077321830398198,1.9929231024477443,3.5520720033955233
2016-09-26,0.6471046693969091,Neutral,2.8795320960287714,2.639094037564358,1.7304286850165123,2.6580479271052115
2016-09-27,0.5847451838260551,Neutral,2.5123055135784664,2.4827125157393897,2.2096341670229678,2.9616869170261606
2016-09-28,0.3611722659808779,Neutral,1.6874686857603052,1.3853318659064466,1.8734038557124786,2.8089180791531647
2016-09-29,0.5037940142164246,Neutral,2.201791294167721,2.09831540807946,1.7530899856816458,2.4332482004719727
2016-09-30,0.47754077855238064,Neutral,2.1570168715200135,1.9126096623885012,1.6726786562828593,2.5922568233787344
2016-10-03,0.24851326750983407,Low,0.9598778357273253,1.1728355766252332,1.7575012963449028,2.521394708574218
2016-10-04,1.084790833095699,High,5.25538309240023,4.032806122782574,2.2872061232083625,3.0712005726001297
2016-10-05,0.5066720866665146,Neutral,1.9875803553023699,2.3865900500059882,2.1510752583741852,2.583436333600725
2016-10-06,0.3901831958876003,Neutral,1.5030418947480808,1.8675859888014592,2.029061564609824,2.481078859748552
2016-10-07,0.23792168087370208,Low,0.9079468414466768,1.1480170526988795,2.2054586340521607,2.858489089802545
2016-10-10,0.6079528671424999,Neutral,2.4198482635769576,2.826002322450265,2.2220783942400755,2.544077941751652
2016-10-11,0.665146692623525,High,2.80305560526294,2.924331686427355,1.9630788807058124,2.5436930160687328
2016-10-12,0.4285373977280832,Neutral,1.6523902666158312,2.049440040227383,1.6872229103687908,2.6273517221592373
2016-10-13,0.498301253372018,Neutral,1.9203348287512325,2.3842172238773336,1.3389931501235148,2.6374196189985164
2016-10-14,0.5715753348296564,Neutral,2.522666111990928,2.3902358971495072,1.6979438404258618,2.674169783915409
2016-10-17,0.29383732468991475,Low,1.4412129592639304,1.073317842512773,1.5193377352183388,2.7446016337472625
2016-10-18,0.3545176781931166,Neutral,1.6249249581298677,1.4176488970577947,1.4324467575101103,2.4102680842815767
2016-10-19,0.3557794578008989,Neutral,1.6290664907089478,1.4244626849797728,1.792817541530759,2.2740894007861785
2016-10-20,0.4000425834723035,Neutral,1.761971948446042,1.6768217307631788,2.174549892469766,2.3347686377818313
2016-10-21,0.40625576462962587,Neutral,1.7622878991168671,1.7319965815241336,2.0256456645382945,2.251997675374689
2016-10-24,0.49830193249576826,Neutral,2.425190837168738,1.8405113764291194,2.280534030617568,2.4888729081635215
2016-10-25,0.36743404588917217,Neutral,1.724526802436985,1.4257897250228884,2.5873350346976016,2.898159903221369
2016-10-26,0.5602125935173994,Neutral,2.5335118673691484,2.2747168569439524,2.745668166326704,2.718680594348236
2016-10-27,0.5582111651939712,Neutral,2.277431430595555,2.532361633419404,3.109964875480459,2.6678914578984894
2016-10-28,0.46137274475138756,Neutral,1.9762227770045788,1.992045082020443,3.13816563676382,2.8030446938473825
2016-10-31,0.4876795180550919,Neutral,2.1224500905795742,2.0695372032612798,2.699397317916462,3.183477161935169
2016-11-01,0.3863957739853574,Neutral,1.7338900941225643,1.5835205338315534,2.9725407188437467,2.958926265043034
2016-11-02,0.5528485841512556,Neutral,2.859545986838888,1.8582152020328027,2.895865171339355,2.9740519363764095
2016-11-03,0.7815375230097974,High,3.3095023003122512,3.415394075834369,3.5326224902700027,3.782579306080508
2016-11-04,0.40861343602744404,Neutral,1.9784872635986237,1.49007910678937,3.083004543179251,3.696191686522143
2016-11-07,1.093986468172521,High,5.905123857018398,3.411754591104847,2.7176536246968985,3.08484467172463
2016-11-08,0.34041969748156237,Low,1.506110680624491,1.4182000613642496,2.271078647187031,3.6782268891224383
2016-11-09,1.8552833045056707,High,8.67821688758489,7.336722660791389,3.228865073400836,4.08578422944189
2016-11-10,1.4533120375832804,High,5.886510126276343,6.844443016554945,4.349238003661469,4.442628879156537
2016-11-11,0.9863951298651299,High,3.6995020145190303,4.968828887008105,4.3765253001061675,4.662763521698952
2016-11-14,0.9009849353540867,High,3.0502350451745968,4.88744083604506,5.128716142776482,5.54296633200751
2016-11-15,0.8654724770683693,High,3.742760978851662,3.8390188508135807,4.980761432364726,5.053469606363531
2016-11-16,0.5886229336025808,Neutral,2.378573852276599,2.7867657611425156,4.571516020008082,5.018359236389524
2016-11-17,0.5687114072396328,Neutral,2.3549199140110653,2.6326825390815296,4.543907280383206,4.806500499947029
2016-11-18,0.6818233310167425,High,2.652252229447691,3.3363983125052514,5.053581861920722,5.062325560305385
2016-11-21,0.4486548681601153,Neutral,1.9547116880529525,1.97486264381809,5.0675762250296925,4.843499533627816
2016-11-22,0.2897597749694038,Low,1.1668901505842006,1.3760492012483363,4.805479536846119,4.303932585823624
2016-11-23,0.6074956507206888,Neutral,2.595641714600107,2.727856597761527,4.803590315510379,4.689589592363593
2016-11-28,0.7280321845544684,High,3.16734767755261,3.2094135496189593,4.5329423553719765,4.687193489729646
2016-11-29,0.4361312465007193,Neutral,2.0267694850717928,1.786411863686115,4.053228263538217,4.415989119981664
2016-11-30,0.7582047784722652,High,2.7845129886012865,3.8837462693034266,4.562253020949929,4.683511378821703
2016-12-01,1.0951407646496585,High,4.2263999526618985,5.424712377195837,5.489402203338723,5.38292798443409
2016-12-02,0.3809907639454233,Neutral,1.6769583441090177,1.669199902807763,5.19437068410862,5.4845303817056195
2016-12-05,0.6094663766450228,Neutral,2.2780835596477673,3.0970188255740676,5.317763809469609,4.624123777937798
2016-12-06,0.22702801014463292,Low,0.7591678196934007,1.2480016644098242,5.422782053043074,4.431277013626429
2016-12-07,0.9656312265480689,High,4.3608348366585155,4.189899192366038,4.730438306123102,4.257572648628321
2016-12-08,0.5158804903452733,Neutral,2.089971474585584,2.4872276851972726,4.845340797197433,4.30723066321148
2016-12-09,0.47745481700896175,Neutral,1.9337525727102696,2.3025317029542856,4.16664361088777,4.686800988370591
2016-12-12,0.6109102360319623,Neutral,2.360387023626542,3.0642926591997304,3.318709579117303,4.907393035376168
2016-12-13,0.5403585988694464,Neutral,2.337906971403327,2.4508673742695124,3.3135451395985895,4.853977895554597
2016-12-14,0.7057679894047212,High,2.829243403925009,3.433882458139436,2.8848598578909916,4.702565384872854
2016-12-15,0.90768022915213,High,3.4972004397051957,4.504731615817825,3.109877499651004,5.026843750815321
2016-12-16,0.5337999321832756,Neutral,2.284535731921099,2.4086483315378397,3.13744235289443,5.1544360863343375
2016-12-19,0.4463815720014439,Neutral,2.1040735243727173,1.809738213734704,3.1390486614195425,5.181793391948454
2016-12-20,0.37553093529784254,Neutral,1.7304638997175938,1.5643476667952416,2.8435919450539227,5.243186948293001
2016-12-21,0.3835996036588122,Neutral,1.6620541141507184,1.7094314598495204,2.9798229161766288,5.194070524116665
2016-12-22,0.26273635874105594,Low,1.1609633758325832,1.1469881628452363,2.9180923206685856,5.286233609058527
2016-12-23,0.24682623801585052,Low,1.0707759466373528,1.0985241461166455,2.524292714520831,5.065646698131823
2016-12-28,0.5554242636611927,Neutral,2.5156946232510653,2.3598902291410098,2.1606497542055867,4.953673354072412
2016-12-29,0.4167893919655404,Neutral,2.0260698376707578,1.6248570711181727,2.334313271222257,4.606339261415813
2016-12-30,0.5656330661996394,Neutral,2.5934270425279102,2.3700177318947127,1.9923094982054363,4.5160696474087825
2017-01-04,0.9720602049691596,High,4.094324983540903,4.455724267583661,1.3877386695781235,4.467841971444789
2017-01-05,0.671259351972938,High,2.96029401006561,2.9365651911610846,1.7982344436524615,3.958932636777509
2017-01-06,0.7334740398787318,High,3.2891847032202555,3.151179362766291,1.9975527026327473,3.7182164619687463
2017-01-09,0.7442117347398844,High,3.135730771132647,3.4101468471637686,2.666038972175715,3.6899909405105835
2017-01-10,0.45811653504462246,Neutral,1.9447035742512604,2.0839569987899673,2.4470256461013764,3.8182324583664156
2017-01-11,0.3078699192119615,Low,1.3384910687704645,1.367146801125024,3.1409752703830196,3.6243654545223305
2017-01-12,0.37784410122765555,Neutral,1.5770028668703635,1.747245622674848,2.8635161153869495,3.3552463243777404
2017-01-13,0.34588393474097767,Low,1.4100647333267142,1.6348688320446527,2.676918768887917,3.415991735114506
2017-01-18,0.8027367476942462,High,3.213718198683462,3.856320754158136,2.240870977707358,3.0626571515897862
2017-01-19,0.7366265915805884,High,2.9957205512569614,3.4065694874886834,2.8583088385291653,3.4448006321257663
2017-01-20,0.4472664623398948,Neutral,1.9317754293759617,1.946173755279743,2.741869526542621,3.565728045370988
2017-01-23,0.5182197881998458,Neutral,2.1696607547806788,2.3291939117782228,2.7465639131230404,3.2742424776663137
2017-01-24,0.5254019279476525,Neutral,2.2138313767770663,2.346198465128427,2.7649062958841166,3.4978470988249377
2017-01-25,0.5926719126877786,Neutral,2.5172144863513655,2.6249980999852323,2.440521413471331,3.5163467552746956
2017-01-26,0.4519328963788418,Neutral,1.9981567167099232,1.9163980387413082,2.447301018334213,3.391807542239693
2017-01-27,0.40734088054308587,Neutral,1.601406075299095,1.94354165026575,2.411437489042803,3.2334705617625525
2017-01-30,0.49317628110686257,Neutral,2.2344983748425142,2.0327973475845993,2.2943393342591527,3.049312340187445
2017-01-31,0.6367319645778695,Neutral,2.5644287305541584,2.9717282735916557,2.4527490959680547,2.7634606262684334
2017-02-01,0.48291954684089844,Neutral,1.8607424297328163,2.3450911426036867,2.684826722375053,2.6340491426172354
2017-02-02,0.2801096378922975,Low,1.160918052266452,1.2718022474522839,3.0092838057843547,2.6002336230405914
2017-02-03,0.5418822285081084,Neutral,2.3642178956481947,2.3320980686352266,2.8190666037969674,2.925794286915203
2017-02-06,0.5456861958108932,Neutral,2.2796181921345036,2.4581023632184227,2.645106043491819,2.741899597019241
2017-02-07,0.43935258115791337,Neutral,1.7009922759290563,2.1247318997644933,2.3177763935454645,3.1346861849647585
2017-02-08,0.5141883293853551,Neutral,1.8645431416784937,2.62334376408016,2.188139312396494,3.2677181882920316
2017-02-09,0.43013042527916195,Neutral,1.6143367810735805,2.1353320311142716,1.9220599872418094,2.9720926815438653
2017-02-10,0.4690983663086472,Neutral,1.7869098466304858,2.3002681826407123,1.6255821057113076,3.0218196348715036
2017-02-13,0.4485162854606731,Neutral,1.9988912223731365,1.8520603904363877,1.493182351422709,2.1696099758436427
2017-02-14,0.31632688233787465,Low,1.559553766387512,1.1414848503025037,1.616201319232592,2.401486746300607
2017-02-15,0.8846181957136674,High,4.058756640151988,3.5249589603336693,1.957353857968217,2.86777831194974
2017-02-16,0.3835959150710616,Neutral,1.8257296962774083,1.45623221626647,2.1124049592524696,2.7939503934735157
2017-02-17,0.415057379486445,Neutral,1.8500208264915234,1.7136288678342617,2.155873350661883,2.2036869490080373
2017-02-22,0.45781047726887186,Neutral,1.95395403554462,1.9854093577757397,2.385849686452008,2.4294225686292608
2017-02-23,0.48267500295122645,Neutral,2.358325285521443,1.7652494936064882,2.8027588005737134,2.4917704480674296
2017-02-24,0.47552215867840375,Neutral,2.196046408285662,1.879118360886347,2.507600177871914,2.7308122859295456
2017-02-27,0.519487657595545,Neutral,2.3797690748684937,2.0587495185793383,2.584501129536404,2.754836596655386
2017-02-28,0.4480588481364062,Neutral,1.8654879055807172,1.9826025444799489,2.858684192388429,2.799695612476928
2017-03-01,0.8867774482251137,High,4.45349490381541,3.081626010637965,3.0094393532872212,3.321658430476346
2017-03-02,0.8580916568652086,High,3.7755058273909126,3.57255602505665,2.5287764426693395,2.6474649537043238
2017-03-03,0.3990400337644685,Neutral,1.682880690612417,1.7419376982652548,2.1944848805787327,2.494248159656387
2017-03-06,0.43688307172740465,Neutral,1.8373768268515411,1.9127763817035532,2.155457121521241,2.5590795945166573
2017-03-07,0.34520983430686225,Low,1.6478614215098681,1.29083454708992,2.1926767070204183,2.62777216085445
2017-03-08,0.4392529874484912,Neutral,2.1390727754511376,1.5958361218483923,1.9754701538821013,2.6297116983827293
2017-03-09,0.3776012528574821,Neutral,1.6525972019283437,1.5772760182424372,2.239796067076733,3.038646297202759
2017-03-10,0.3541728154701048,Neutral,1.5789162967974046,1.4475862959695909,2.3871202728732217,3.073575625333896
2017-03-13,0.3813660139163353,Neutral,1.6613489547610047,1.6015223275968564,2.1032863812577505,2.709392607968004
2017-03-14,0.49679668912749797,Neutral,2.485158294153043,1.7322542828916614,2.1433585071364925,2.72797877456812
2017-03-15,0.7896549347783854,High,3.6685916194596757,3.063952791865162,1.599828135609898,2.5393797235578672
2017-03-16,0.5892559817113665,Neutral,2.6099149597769524,2.427188873836615,1.3030372298973305,2.4303626334621606
2017-03-17,0.2645346682298163,Low,1.142893798277614,1.1213765299218166,1.017811878544415,2.301279101078656
2017-03-20,0.3355638621104614,Low,1.3036129883010208,1.5836799553507659,1.113028645510464,2.3968838993172157
2017-03-21,0.843888815886851,High,4.643171031381762,2.507213335494156,1.1965273646312513,2.7091571200678186
2017-03-22,0.5787561843849625,Neutral,2.608393407826502,2.351100569064604,1.22715734126071,2.7645067042423164
2017-03-23,0.29678696737721894,Low,1.4061016339339227,1.1305183603287237,1.315259946303235,2.6848129771383022
2017-03-24,0.33073039073471755,Low,1.4875511431313018,1.3468443516275759,1.5050193784568462,2.6797737151154193
2017-03-27,0.37874092749055727,Neutral,1.6097136645162113,1.6451920782046634,1.6541829227047387,2.70695881459172
2017-03-28,0.4189296152069536,Neutral,2.1712655022545664,1.3912944116458419,1.975650733682504,2.6334351875613917
2017-03-29,0.4323073562975206,Neutral,1.9732746136618584,1.7288606493401943,2.4891659621909037,2.6808111656349225
2017-03-30,0.3965257367246553,Neutral,1.7881492930406415,1.6096690181853808,1.8436746765025698,2.401186165585777
2017-03-31,0.42391062938329543,Neutral,2.0323090423713275,1.5885187638718692,1.5464906968973502,2.2890634385378457
2017-04-03,0.42463544850373347,Neutral,1.81836954473328,1.8296416756758864,1.4896001263262721,2.6407724407617814
2017-04-04,0.4889479509220952,Neutral,2.052871149221292,2.1515927162374378,1.6659789398268872,2.804450155871576
2017-04-05,0.5294799048686345,Neutral,2.48028275612583,2.047878050798912,1.4015354495012706,2.6231799305721286
2017-04-06,0.4607238930816113,Neutral,2.0573952389087244,1.8924913720085212,1.763058376045381,2.259758378873932
2017-04-07,0.3456890409068247,Low,1.6732867639931703,1.277868611610578,1.6057224278983333,2.356457005925709
2017-04-10,0.5435692030113592,Neutral,2.4568500081562115,2.200438879730151,1.5517621082331507,2.463093617932377
2017-04-11,0.6687077011343898,High,3.1590260230068776,2.5572603619118235,1.8289528734957659,2.702648960703788
2017-04-12,0.6071209067130617,Neutral,2.671266248596445,2.5375640916737803,2.089534612313173,2.6184371244540383
2017-04-13,0.6726129543377539,High,2.955903279954081,2.8151599806342826,1.9819221161986722,2.665184470303118
2017-04-18,0.6541067017877139,High,3.3239928076130765,2.244892165254587,1.8050843135685786,1.9724077764401122
2017-04-19,0.7136770272710313,High,3.3951383699846946,2.7032716264700896,1.8401951061276949,2.217923795253333
2017-04-20,0.47407229483788876,Neutral,2.4131014883880257,1.6226342383686663,1.8672574200541991,2.3359163223571295
2017-04-21,0.3802500204807912,Neutral,1.789110340126567,1.4620622761136473,1.4355740219757687,2.201466648918221
2017-04-24,1.1455813427556663,High,5.6462981994924295,4.215856302470816,1.7781992986086899,1.894050617732196
2017-04-25,0.738830452995606,High,3.397991126157606,2.9820429063592693,1.5957470063587584,2.040128411307699
2017-04-26,0.6125327362153639,Neutral,2.969056494581234,2.3081649681553245,1.3127872137921561,1.8667745024364963
2017-04-27,0.4677333135400672,Neutral,2.123960169276502,1.9172484989157448,1.6723379605725306,1.888656176250555
2017-04-28,0.2966226564823453,Low,1.3775696865511982,1.1827885666831714,1.7518175401962996,1.9819947699253129
2017-05-01,0.7147749350164967,High,3.4039635156427455,2.7589859688777105,1.9516728640394905,2.24614279756354
2017-05-02,0.4146005475319581,Neutral,2.0422903112603183,1.5270440788355029,1.8927316226051996,1.9877839510366766
2017-05-03,0.6398681044099876,Neutral,3.533144220240906,1.9449483665452687,1.7465075828809289,1.9332885107303588
2017-05-04,0.49180271670400505,Neutral,2.3765256039591622,1.8611453644373834,1.3742449114172615,1.8160994603775789
2017-05-05,0.28669029163571497,Low,1.248544154005487,1.2327333164593162,1.6366778176679908,1.4676145023316784
2017-05-08,0.48830322308103724,Neutral,2.0715180847226407,2.1591184765072264,1.7867018385818059,1.5182931870503265
2017-05-09,0.4837857090355048,Neutral,2.2697086052507776,1.9043460021915082,1.9927561024944278,1.6862312406847568
2017-05-10,0.35217451054182125,Neutral,1.5244661471637222,1.524314459406494,2.2787372472156187,1.5021296277756453
2017-05-11,0.385746802780905,Neutral,1.8898275535732563,1.4319313665913171,2.72406138467955,1.6096786368932274
2017-05-12,0.47729929621905354,Neutral,2.235962149389129,1.8742641897086796,3.436819114956032,1.931841485720395
2017-05-15,0.38867933960625356,Neutral,1.7797808206999695,1.5707434337140278,2.8002525022650673,1.8426918688232563
2017-05-16,0.4259538610846218,Neutral,1.996104169473136,1.6719082247700132,2.6017603321836926,2.300225000071713
2017-05-17,1.8746486987436848,High,8.932747078632516,7.5203708543098,2.3936474755731276,1.915189512743303
2017-05-18,0.7718526801812178,High,3.8617704165790014,2.9027103454938423,2.0148790421778084,1.847104629809423
2017-05-19,0.7312650388266816,High,3.1414665508449464,3.29485313673236,1.3430281503338626,1.4555159086176552
2017-05-22,0.4060996105301699,Neutral,1.9098625313520334,1.6556705681031068,1.5181510586614078,1.7510498325818211
2017-05-23,0.3423170254125172,Low,1.7083191321196554,1.2919644145077402,1.4552470245842477,1.6481999917803078
2017-05-24,0.5422015804104277,Neutral,2.5325149569136953,2.2289143815014576,1.4653229756989237,2.17098753786924
2017-05-25,0.38995339873431845,Neutral,1.9641654929789105,1.4526684551939673,1.418565019798075,2.348746061304356
2017-05-26,0.34073101368594794,Low,1.7356191515955437,1.2488880858794111,1.272640598696785,2.9165526576322294
2017-05-31,0.5281658776442364,Neutral,2.4313790458638387,2.208688368016116,1.46161458169751,2.437722466384809
2017-06-01,0.5047720589650773,Neutral,2.2501889182904904,2.1882724348659925,1.1432887141193355,2.076143367447361
2017-06-02,0.73783940758821,High,3.7720108069887535,2.690096322432042,1.8658012668184316,2.378230839127861
2017-06-05,0.4829210680051562,Neutral,2.37918225638558,1.8550855003959383,2.009078402400426,2.322671645221253
2017-06-06,0.36267248216195785,Neutral,1.8121180313600698,1.3664556384117006,2.0288198038059595,2.361589141920011
2017-06-07,0.4172400880609286,Neutral,2.0628739428995604,1.5951131715462668,2.2087211728154363,2.4634984120176817
2017-06-08,0.3983331124529361,Neutral,1.6989122859522563,1.8077209834047867,2.0444823077714243,2.415701023862492
2017-06-09,1.6029821999253175,High,7.834301768371061,6.488112303201069,2.0188522263987614,1.7582307776354273
2017-06-12,0.41991630682877895,Neutral,1.8456324906851,1.9131046871574189,2.2762988649039313,1.5165777353552885
2017-06-13,0.34651629441192555,Low,1.5033405950898626,1.5990335067747483,2.202500832108988,1.6488643522410966
2017-06-14,0.8196017164863366,High,4.4338132516087585,2.916410445736036,2.3155524910816254,1.6589768853521065
2017-06-15,0.40596292921120886,Neutral,2.0089326561976906,1.6362152320955468,2.842670368208942,1.5911144082089728
2017-06-16,0.6597956628999533,High,3.1206220772316686,2.8071305976086065,3.1352752781889923,1.2796993786059188
2017-06-19,0.6991964132145473,High,3.4325662613402916,2.8461831429151347,2.430009238800237,1.606206399253734
2017-06-20,0.588663790647229,Neutral,2.9692777614149746,2.3150059865372676,2.08771238728748,1.5920991833865439
2017-06-21,0.5655975295360445,Neutral,2.334425097989535,2.7551366825882693,2.0044995871169142,1.7617381916197519
2017-06-22,0.22308561810221084,Low,1.0253480081559134,0.9796118893647802,2.16933103785862,1.7400503145202642
2017-06-23,0.3162887639537436,Low,1.331362499871772,1.514163183867312,1.845671090749685,1.6369334641770108
2017-06-26,0.47100152451032984,Neutral,2.2246526792891648,1.9816052555595214,2.3979508314997973,1.7347229426160373
2017-06-27,0.9719565497954648,High,5.251951647865337,3.464740948851387,2.639879703031321,1.3323081520796243
2017-06-28,0.485502478044775,Neutral,2.458342150069358,1.8996648198291135,2.5556614325918625,1.4327328248907862
2017-06-29,0.7552751514029126,High,3.8152864182705075,2.9644913846205547,2.4592831666478023,1.1881221826799837
2017-06-30,0.34733629151214007,Low,1.531898586622979,1.591287473355191,3.194319595712633,1.1308856557560543
2017-07-03,0.8593049735019844,High,3.6489869066354514,4.081083285060195,4.203331886622156,1.810931958628081
2017-07-06,0.8342093897785637,High,3.85971152021971,3.637055700688503,3.577550842881521,1.2826962020044617
2017-07-07,0.4957826713151033,Neutral,2.200491279195979,2.2571678596061053,3.2756374303240428,1.2362496154497398
2017-07-10,0.42430222760613223,Neutral,1.8278812691643653,1.9884031417737293,2.8029279049012565,1.187229087535738
2017-07-11,0.2322063549036268,Low,0.817193615786087,1.2663590514911915,1.9531719863684072,1.690401384558637
2017-07-12,0.46865885764246895,Neutral,2.3630276674496793,1.7561154888487227,1.9619990702111125,2.0792939916368844
2017-07-13,0.3372467012314996,Low,1.5217257778991282,1.453308453615357,1.6949495211252241,2.280992284158823
2017-07-14,0.4299645374485112,Neutral,2.109301260255811,1.6733252178857463,1.4907868074691053,2.1570224419129413
2017-07-17,0.43691039292135414,Neutral,2.1477412589781664,1.6957253274059805,1.3578923120797226,1.6004501292991
2017-07-18,0.48072440311758835,Neutral,2.160106165069273,2.0811721213686423,1.3675570106064954,1.7581284015963559
2017-07-19,0.3585258715592825,Neutral,1.5916985623080762,1.572639217345849,1.0984853091356506,1.548313698187279
2017-07-20,0.23591350834116853,Low,1.066999662548908,1.013966969154206,1.5390487071954913,1.7394507235358132
2017-07-21,0.3615723351383816,Neutral,1.819107665737616,1.3590717616553758,1.43661671821953,0.9224759091740031
2017-07-24,0.5191388967630206,Neutral,2.407993721159214,2.167611879787723,1.5939269524485182,1.2178154655149835
2017-07-25,0.6127276435152276,Neutral,3.1763467872580575,2.2037465987354485,1.5307738052497784,0.9664612526634391
2017-07-26,0.6712877342788492,High,2.87882777496086,3.052121061513141,1.8327669235241695,0.623487170403742
2017-07-27,0.6458388010433198,Neutral,2.821302263461005,2.881652406070348,1.7441393240155767,0.7423701247713139
2017-07-28,0.39628046810354084,Neutral,1.6901279071335533,1.8116507938105528,1.5351018464854154,1.0722002084692501
2017-07-31,0.42334303255493433,Neutral,1.735158245669477,2.010055623521524,1.9454356152811376,1.2977231700040055
2017-08-01,0.3434975675588058,Low,1.7426184349191478,1.275804640824016,2.0323750657815323,1.2432558439535855
2017-08-02,0.2879062597570591,Low,1.003986899904297,1.553789380253506,2.735583637659806,1.5495527901815584
2017-08-03,0.4680061769355026,Neutral,2.0848603463969857,2.045312962860917,2.392104287321722,1.8050806746791672
2017-08-04,0.48872244958386873,Neutral,2.406143774766883,1.892883277160921,2.4815213272680445,2.0542879191834946
2017-08-07,0.41256102579091336,Neutral,1.9416446129828469,1.6928927341755275,2.4843454405475978,1.9414071474418653
2017-08-08,0.43081548157619937,Neutral,1.8664692089407457,1.9387101959012565,2.3196845213321975,2.3197787220947603
2017-08-09,0.5118341564014741,Neutral,2.540888305504478,1.960161557825514,2.288238918509883,2.269165991827717
2017-08-10,1.4387174706095673,High,5.649481249446102,7.251423983251918,3.876724720021217,3.817166997675164
2017-08-11,0.4947567261001578,Neutral,2.1728041316430633,2.25515472235051,3.865413783615856,3.576795242225584
2017-08-14,0.6524598890953495,High,2.5991668310968987,3.250035670410279,2.7256756977112166,2.7369646339081743
2017-08-15,0.49368430982832107,Neutral,2.4428204633828297,1.965389450463441,2.873749366652523,2.3466611827599335
2017-08-16,0.4272845691958246,Neutral,2.060077120693106,1.7572379262049183,2.7937837521536326,1.8242507167859592
2017-08-17,1.0296408717798848,High,4.676076087315927,4.594216894301641,3.900306387009651,2.615561862094164
2017-08-18,0.6037057023008896,Neutral,2.9722392326797697,2.456912200748862,3.615518985017959,2.5152421829748706
2017-08-21,0.38162280842746643,Neutral,1.703106317607647,1.7336215543229634,3.4615014651599743,2.300414696820119
2017-08-22,0.5304147814617748,Neutral,2.7003384059615088,2.0672870325972834,3.2191132520815993,2.25494757250613
2017-08-23,0.45674081109739484,Neutral,2.335802944896713,1.769318626193643,2.8557712640004422,2.248893250430012
2017-08-24,0.399047622154564,Neutral,1.9480387796825276,1.6383971108569986,2.360857088267553,2.5540516647739238
2017-08-25,0.4866481760778412,Neutral,2.1806186471750637,2.1981030127613614,1.6892580599070564,2.242863668361394
2017-08-28,0.5914961843656217,Neutral,3.173355964688692,2.1354162975646513,1.3630506662717174,2.2084154993321836
2017-08-29,0.42801148679748124,Neutral,2.0691809231367984,1.7780840590398794,1.5633596044488827,2.535050469839629
2017-08-30,0.5953273420462062,Neutral,2.8317029108445158,2.5206959599602086,1.4475653588400113,2.0681173924434004
2017-08-31,0.5809078125485154,Neutral,2.835502972146011,2.3854076033897273,1.9551282169591315,1.652512165321685
2017-09-01,0.42362610811283197,Neutral,2.0529501454210877,1.754769199888904,2.2837666021290874,1.6200874532546796
2017-09-06,0.886865548746695,High,4.200861926158692,3.7731122114687095,2.28562165587249,1.6398372372295216
2017-09-07,0.46825513210246994,Neutral,2.400556159333328,1.8049558437399722,2.3294049602033686,1.8585213264771558
2017-09-08,0.5155773862399093,Neutral,2.2776043419233147,2.362246964779511,1.882988086857486,1.847909039580693
2017-09-11,0.6572152189261542,High,3.7427447730250845,2.1503346116289848,2.4227998199222047,1.6025116028981077
2017-09-12,0.5722514124334405,Neutral,3.0120617828153353,2.125466596665702,2.324895232205456,1.7657085575514422
2017-09-13,0.3979629526152703,Neutral,2.0706893077494493,1.5027337214362215,1.649946244614279,1.8116153060840974
2017-09-14,0.49269286059188677,Neutral,2.217405153696783,2.2154573461220806,1.7848590039791223,1.929585051996758
2017-09-15,0.3128654569415449,Low,1.5434170280016313,1.2680469893422852,1.3158260446794636,1.8408451058423265
2017-09-18,0.5945324885307749,Neutral,2.9464436590477177,2.3957849761232652,2.3214508276290755,1.6574409801926464
2017-09-19,0.18276122247002188,Low,0.8869557625079053,0.755742135578331,1.9627254541599648,1.6892571055567385
2017-09-20,0.5091610342863656,Neutral,2.3053625096037345,2.2753145141043816,1.7658174070903552,1.51214775248864
2017-09-21,0.5655601913843982,Neutral,2.9491418456886684,2.1290211955860934,1.9082914893587444,1.4837899527419736
2017-09-22,0.233845073803024,Low,1.039645803218489,1.0527453734451624,2.0219580103127623,1.6522999197879837
2017-09-25,0.5724201170822325,Neutral,2.661894118015536,2.455664960693115,2.3364386990606416,1.3874974375483808
2017-09-26,0.5044714191509438,Neutral,2.7273756043359447,1.7686126443395527,1.5378704363368134,1.3239112961467194
2017-09-27,0.7638590030998869,High,3.762940276174601,3.0583343393807,1.733381791203861,1.1786675172929262
2017-09-28,0.3274493864224945,Low,1.4490609056520243,1.4811287913771363,2.245464692918474,1.4705714805328811
2017-09-29,0.4977352032920992,Neutral,2.3728354160152234,2.07487233504908,2.1504166089213697,1.6163019879713325
2017-10-02,0.47720223150849844,Neutral,2.3767163192956704,1.8837507576437507,2.585559626676935,1.2728364144732154
2017-10-03,0.22483437937179773,Low,1.0985188984401033,0.909591116458569,2.303906348969227,1.3545531879868173
2017-10-04,0.1357921977911808,Low,0.5879953103787278,0.6276224426480848,2.382247453651846,1.3676074569708563
2017-10-05,0.3336100637612105,Low,1.7254539376003502,1.2506594454708873,2.6202085498525434,1.2552987956954498
2017-10-06,0.3576403985918487,Neutral,1.7561349977647611,1.437810117696922,2.110585730884614,1.4749331652250253
2017-10-09,0.35370001079434576,Neutral,1.5102233457210712,1.6569031727279715,1.7715911054644842,1.8580494687876916
2017-10-10,0.22688747504982149,Low,1.1289884965414008,0.8967035654265342,1.64034944566368,1.8757463439120117
2017-10-11,0.21422124936728776,Low,1.0204233600530932,0.893864993337794,1.547537404782883,1.710041284146345
2017-10-12,0.20325348525271525,Low,1.2093635279879544,0.59800481745941,1.302711956157946,1.8153806548346068
2017-10-13,0.38554369461189586,Neutral,1.9598445723459665,1.4808294931558388,1.131539166520296,1.8884028552921932
2017-10-16,0.443741669611877,Neutral,2.06445089456757,1.9026603120889978,1.0832481088494634,2.1426010405071256
2017-10-17,0.3946098036722241,Neutral,2.014842798506503,1.454369077141476,1.226426174887345,2.367286714261858
2017-10-18,0.6107408833229167,Neutral,2.5996610311362205,2.8022320596538677,1.5122714568272597,2.8227380459981712
2017-10-19,0.4247934977991167,Neutral,2.0014097345964177,1.7436804991324681,1.4623837930671324,2.633480439409575
2017-10-20,0.5247448424332362,Neutral,2.8170065598269027,1.787642483255578,1.9371910407606967,2.5504365745854365
2017-10-23,0.5995725275607056,Neutral,2.835832286747957,2.449467822431765,2.118075175177048,2.292093376352432
2017-10-24,0.6185635142415061,Neutral,2.7661081164919756,2.69661581360062,2.7223526564038427,2.5095928725132084
2017-10-25,0.6011675777316892,Neutral,3.408132763747262,1.8557733624724042,2.7082002465400037,2.143994451846084
2017-10-26,0.45858913260792034,Neutral,2.1728631494245585,1.869410703852406,2.9345476793653757,2.312655807670358
2017-10-27,1.2942531002883024,High,6.143539588940854,5.431575292019061,2.6159507459306246,1.5111873913783171
2017-10-30,0.5266058292768052,Neutral,2.695468434637657,2.0066506740650487,2.6954305570107384,1.5564388082976286
2017-10-31,0.3621634977453698,Neutral,1.706063254171976,1.5334396063912425,2.5832769967568634,1.5716106197649986
2017-11-01,0.44931300094319204,Neutral,2.112998831825387,1.9061836576222333,2.746817128744419,1.5695442943639775
2017-11-02,0.4715882082179859,Neutral,2.2292659019024677,1.9887273362111797,2.920307384679667,1.4414523326551234
2017-11-03,0.453554100012646,Neutral,2.0482036752704396,2.0121903845653644,2.8113724928657766,1.509265293219867
2017-11-06,0.34008404631015593,Low,1.6637576597913626,1.3758633464103174,2.6335217988553414,2.5124118508234705
2017-11-07,0.4452801646031432,Neutral,1.934712514031105,2.0545514478342004,2.7635829429473717,2.155002948297291
2017-11-08,0.2732059198165305,Low,1.4556512934576236,0.9816220538569396,2.6388350229473923,1.7050176914740818
2017-11-09,0.42042204532115973,Neutral,2.292806510933713,1.4557442744642417,2.4762324764220662,1.348451597951194
2017-11-10,0.772153918265714,High,4.1494809743012455,2.737545138981747,2.3406480669372756,1.1208485134688884
2017-11-13,0.18016416047552952,Low,0.8145497616500401,0.798313824565037,2.0951534020036,1.496281194713157
2017-11-14,0.3541256919676605,Neutral,1.808945278994702,1.353222318649611,1.8826841520871744,1.415357562816277
2017-11-15,0.6785208647798493,High,3.5999868551629883,2.453693272795712,2.1613886751180558,1.39044802408728
2017-11-16,0.5941700581354652,Neutral,3.0467327472141306,2.258464614064086,2.080387143191608,1.4199370085901912
2017-11-17,0.7416327933573155,High,3.8350266118655436,2.7855868838786897,2.330963527057249,1.462049212439855
2017-11-20,0.7062442829364897,High,3.552833913337863,2.663781878319007,2.4837681942370113,1.5168064617214914
2017-11-21,0.5037177173524945,Neutral,2.6413695630581198,1.785608578510045,2.7034004284356428,1.7851171571945996
2017-11-22,0.44504338978736735,Neutral,2.2184850577949384,1.6584687925844142,2.5475836145964146,1.6537155479982841
2017-11-27,0.4021564192654101,Neutral,1.981642260804799,1.5031752228408548,2.8250787905837784,1.512336303846099
2017-11-28,0.9730401506622661,High,5.239509905095957,3.204614205360337,1.8612300932707395,1.784405565086278
2017-11-29,1.0205898249143242,High,4.469994786959824,4.556449388380751,1.6596707881855963,2.5471124080625445
2017-11-30,1.000692364052619,High,5.071266132594939,3.8659863981117666,2.214988116451261,3.164528951123121
2017-12-01,0.5603575527727678,Neutral,2.8832103334114643,2.119702627397132,2.126051549461891,2.9059101591581635
2017-12-04,0.6613917245215328,High,2.846184132687767,3.080286066818844,2.7044534428231657,3.476959690379043
2017-12-05,0.6134385523341731,Neutral,3.281519526165063,2.1904672791640523,2.7807493949578754,3.15853481657736
2017-12-06,0.37243998529657896,Neutral,1.797392524659677,1.5323737816656264,2.683155660635981,2.8098085755033093
2017-12-07,0.5625297339369166,Neutral,2.877824328559436,2.1451219718574053,2.3931387001481688,3.1752982642412033
2017-12-08,0.4596309280816926,Neutral,2.5080898848810875,1.5899974264614318,2.449107928645147,3.0226220368421206
2017-12-11,0.350568976932526,Neutral,1.621923582017091,1.515008509518107,2.4398947010618675,2.796560367703577
2017-12-12,0.479107412378188,Neutral,2.061795182842064,2.2312957013854477,2.7694591243920805,2.7561778330331017
2017-12-13,0.6011217616324471,Neutral,2.9270391512611007,2.443395266205199,2.8446539859140523,2.830356637332839
2017-12-14,0.5077158613486794,Neutral,2.6023085250634437,1.928765749043902,2.863451862690536,3.0825857691168443
2017-12-15,0.6353600248372702,Neutral,3.3491885674992528,2.3175691787095887,3.0087411154278887,2.8126658830043945
2017-12-18,0.5932358869585751,Neutral,3.0949365771416155,2.197322665998645,2.751803865901353,2.813355203161937
2017-12-19,0.6597860020903603,High,3.7313838349224646,2.143741154952827,2.7883043469259547,2.950079876909686
2017-12-20,0.6390232394243824,Neutral,3.0581430892025696,2.588073461365092,2.1815110212501208,2.8086052089665565
2017-12-21,0.30084202730247445,Low,1.3876879119395436,1.2735126487913029,2.378977479781664,2.611576947756659
2017-12-22,0.2702615297135491,Low,1.4094887841163748,0.9716524829762824,2.5732072040109233,2.6642051826187307
2017-12-27,0.758661051340723,High,3.701050756709477,2.9981237495297095,2.847087063329417,2.9470751447868713
2017-12-28,0.3108029423331482,Low,1.6456585114537394,1.0912228635918493,2.384782647714229,2.8630092758173196
2017-12-29,0.4636409217043471,Neutral,2.641105618369932,1.430725582159024,2.0268590778835467,2.772737352310412
2018-01-03,1.1219873635748359,High,5.7894966514198645,4.288388602078172,1.9653622405028117,2.5777543736229718
2018-01-04,0.38500319097280256,Neutral,1.8368776991060702,1.6251803961173918,1.9026289587181462,2.692681701222267
2018-01-05,0.453033130238739,Neutral,2.228223232952712,1.8438438268289632,2.1315501607711904,2.881786617825789
2018-01-08,0.3521129815109676,Neutral,1.7369238963440672,1.427895299585793,2.395488677242924,2.705642712186097
2018-01-09,0.558315299223376,Neutral,2.6704201588981027,2.34993659664396,2.6136118820321874,2.635409955395665
2018-01-10,0.32469598117755005,Low,1.7408220034772515,1.173954241782564,2.854532802588554,2.5779235990498623
2018-01-11,0.7539955865615074,High,3.9793599142638083,2.790853321976183,3.0003430391491555,2.793073034987649
2018-01-12,0.7442301224761678,High,3.551457458788122,3.134613398874566,3.7973152479961585,3.2722517367000257
2018-01-17,1.2950535818006745,High,5.67219651063543,6.0102699434938565,4.436664560575329,4.439324646621142
2018-01-18,0.6472946334485992,Neutral,3.170142463295365,2.661693489189883,4.178579669868232,3.994193146204181
2018-01-19,0.4784646848532845,Neutral,2.2290299286335595,2.0842139814420575,4.091386256897674,3.644933522235446
2018-01-22,0.4709744914639552,Neutral,2.0584861548830578,2.1901920856492105,4.36802661777532,3.9401988809921944
2018-01-23,0.4505245403514676,Neutral,2.124108276302248,1.9367117505238494,4.035551998953341,4.024164546255688
2018-01-24,0.7481752299750521,High,3.9946668135396965,2.7388556072335306,4.11174613719193,4.052792473876992
2018-01-25,0.6548686990795034,High,2.9549741143561654,2.9505991281376844,4.270888078289682,3.9223320204110683
2018-01-26,0.5825786538019275,Neutral,2.8143981613443154,2.4352212810937135,4.613172117790473,4.13002381622327
2018-01-29,1.1152630252125229,High,5.648689142552456,4.505682679590655,5.299658054210914,4.921677661533102
2018-01-30,0.7716320937961525,High,4.155354079649644,2.8697326474418237,4.94770196927214,4.792762541588119
2018-01-31,0.5919369949530868,Neutral,2.516136049661705,2.8744819924786134,4.6436736372571605,4.651563842707491
2018-02-01,0.7484026463767162,High,3.28726734679592,3.528004708142649,4.229374411427149,4.375047201102303
2018-02-02,1.3836741710452292,High,7.462043147810139,5.311870362795629,4.824889824323415,5.06093128841187
2018-02-05,3.651629289469186,High,16.728414109508716,17.600640271261717,9.82926071288951,9.340956076478735
2018-02-06,1.0572249097653335,High,4.787351086684946,5.207369460900862,8.490275570769867,8.551618224746292
2018-02-07,0.711021502003262,High,3.125763247959043,3.5893752876695966,7.250763130023013,8.012543500134164
2018-02-08,1.3381933255202427,High,6.588039394067694,6.389915785528742,6.79628228369453,7.626928039224755
2018-02-09,0.6450596560255046,Neutral,2.754216397013887,3.4548906507121453,6.50252205933587,7.048584739678091
2018-02-12,0.6360736580888313,Neutral,2.5890445865553344,3.5194991037351184,5.869474070541885,6.541507874076115
2018-02-13,0.2397931704433759,Low,1.1747016866860038,1.1501947778622885,5.4549227314629825,6.068229534774247
2018-02-14,0.911266809755559,High,4.509972544976396,4.330231833125623,4.3635851719730905,5.214498433251007
2018-02-15,0.6262484783670016,Neutral,2.7866730488934537,3.2538755749544133,4.224554711102015,5.323012369897638
2018-02-16,0.3677359517349019,Neutral,1.5929118544668732,1.9493071117401002,4.2715517709633515,5.343888256259697
2018-02-21,1.1323806413925657,High,4.955498592189644,5.9742393821513415,4.421826370856569,4.899865599184451
2018-02-22,0.4528735429837347,Neutral,1.680802896973488,2.657674853152514,3.9419354774043383,4.623410698294098
2018-02-23,0.592469531637549,Neutral,2.7006974492497626,3.0295282728338324,3.645933199557955,4.693881036410691
2018-02-26,0.47581669604131005,Neutral,1.8370762505825242,2.728909515501375,3.740061188520526,4.982568929704886
2018-02-27,0.5426983586697289,Neutral,2.44967592068161,2.7965554270055244,3.969830250113945,5.30258675136394
2018-02-28,0.5160487249840594,Neutral,2.323791052739286,2.6642133729103126,3.3590694481618932,5.072653858626489
2018-03-01,0.6535209761979957,High,3.090832506427134,3.242000620532383,3.3284779291209823,5.050619691812016
2018-03-02,0.670755827627226,High,2.4058960368811535,3.9997392262543827,3.767646099029486,4.579975939751797
2018-03-05,0.3970559012902658,Neutral,1.5926661648992702,2.2178604949051297,3.6271357896152963,4.540624729138399
2018-03-06,0.47186573013956884,Neutral,2.420788670956915,2.166264915992187,2.867546363616563,4.384095833247597
2018-03-07,0.41467021758956524,Neutral,1.844882460354842,2.1548301327365116,4.627711180085756,4.486401319985514
2018-03-08,0.41625380904851383,Neutral,2.2540550783382796,1.8016421279674726,3.8120968266036344,4.471282940720834
2018-03-09,0.4759356638338096,Neutral,2.1156808615985194,2.4694251643264526,3.721262750603343,4.60987348684002
2018-03-12,0.4925638413331578,Neutral,2.0037950068076165,2.7205352234050935,4.092563996375526,4.882675161111191
2018-03-13,0.46156463965250866,Neutral,2.1082787019782954,2.344753093909385,3.4556840029178915,4.856702367932417
2018-03-14,0.47845781526309195,Neutral,2.0454969495184705,2.554720917360463,3.5921647602862055,4.99461039307407
2018-03-15,0.4303608690514831,Neutral,1.6853183986060225,2.435019833497707,3.1310859721859954,4.631826719259093
2018-03-16,0.29720616926871324,Low,1.230518956726939,1.6224977929288604,2.5507251587084117,4.371095710244359
2018-03-19,0.5335496480560088,Neutral,2.2906472867124386,2.8403467960799507,2.273103828516525,4.614650979273103
2018-03-20,0.2846849020054883,Low,1.1937893398534496,1.5407356222974795,2.044036720490472,4.409589976869331
2018-03-21,0.6465106244712991,Neutral,3.222076486586329,3.0456184030539575,1.9065752414637682,4.475402956683939
2018-03-22,0.8168737954555922,High,3.5098865549504543,4.34607809096733,2.8660240826146435,4.714289626874402
2018-03-23,0.8410242420419227,High,3.9588050875370024,4.168370502199966,3.489521693298983,4.607475482771065
2018-03-26,0.7803302282042923,High,3.075722317781825,4.397520294133642,3.1534842418264146,4.330266392751856
2018-03-27,0.9207442896306288,High,4.136275734516112,4.749208851388101,3.1226314772498727,4.125911984944982
2018-03-28,0.5819019416430113,Neutral,2.677375735798115,2.9451899831133876,2.9565557719329565,3.901298226314294
2018-03-29,0.6823792337492609,High,3.572439493834572,3.0689870496888463,2.133075419135221,3.4577596436009816
2018-04-03,0.6862513650629005,High,2.857588548244085,3.7399712261832945,2.4225945898367094,3.5634228344859364
2018-04-04,0.4029262920497375,Neutral,1.7901921498626572,2.0959732783173304,2.206269697007853,3.3016430024068915
2018-04-05,0.3729433214216644,Neutral,1.7441058334763535,1.8625439657904563,2.0721498577808797,3.4101516268974463
2018-04-06,0.6435505844104346,Neutral,2.9098698118356205,3.302694201791734,2.9746188954232657,3.5491316059502
2018-04-09,0.2533926322583979,Low,0.9389638775926503,1.484241938636546,2.798942993691167,3.534830610588921
2018-04-10,0.473091374483074,Neutral,1.7016463938165864,2.816843813108557,2.8863646342696585,3.3806487699645626
2018-04-11,0.44037476005782616,Neutral,1.7722273922499217,2.454671866479768,3.3182342282858355,3.2355301017806126
2018-04-12,0.49043247113847466,Neutral,2.305059073821348,2.4390777034892546,2.758641551881501,3.0233843292644598
2018-04-13,0.401207050167386,Neutral,1.5999460970439079,2.2493793267099536,3.024613104828505,2.8404276551330754
2018-04-16,0.23781879343512619,Low,1.0202982860754657,1.2693995111672918,2.555182193114464,2.5605085497564533
2018-04-17,0.4666520729963147,Neutral,1.8704394220872569,2.6022093694437176,1.9964538974859254,2.373443774193802
2018-04-18,0.3173104020956004,Low,1.4715624235793203,1.592253866475421,2.00014635177557,2.4389466415474272
2018-04-19,0.3802383606505035,Neutral,1.7391159873398858,1.9295658684454124,2.058630862618392,2.413905161786153
2018-04-20,0.461509179668286,Neutral,1.8938694125060158,2.534457827018116,1.5533347332041711,2.559654449346035
2018-04-23,0.3631855592999874,Neutral,1.7134783277131795,1.7965807712464443,2.2459391744472135,2.5693691303793216
2018-04-24,0.6617561669179185,High,2.594983314325734,3.7411633577039347,2.265043650411784,2.842405514268046
2018-04-25,0.2915262572672548,Low,1.3320755765517518,1.4805327860308481,2.696881729095119,2.949741074676868
2018-04-26,0.5529312225750397,Neutral,2.448762959570053,2.8770720414176267,2.1391932539432026,2.731039650413173
2018-04-27,0.3314444826447029,Low,1.532759087057087,1.6670388312248297,2.530458868180523,2.5529122586546733
2018-04-30,0.3534326224488124,Neutral,1.4995655570362891,1.8972858858066,1.9745230449787856,2.240639577307969
2018-05-01,0.4977259163250045,Neutral,1.9924684749199884,2.777724465813529,2.5920933288166554,2.410750404617477
2018-05-02,0.3597593003743902,Neutral,1.4060503109573204,2.0380234478808794,2.5609411741895145,2.5855580017087596
2018-05-03,0.2814694906703263,Low,1.1519300944696147,1.5485069361318669,2.7422393685449826,2.0676176787340683
2018-05-04,0.4539020686513029,Neutral,1.8772933937005092,2.4796935553201593,2.329331329378132,4.119999906761979
2018-05-07,0.24661473503155132,Low,1.0140790809492937,1.3274597513529862,2.3627575694600704,3.9067504802166044
2018-05-08,0.15330744850514033,Low,0.7178190095823002,0.7455003460907182,2.4465793836002288,3.6143178725951017
2018-05-09,0.30748461683804884,Low,1.3652008725488687,1.5631700789592022,2.4628178208597045,3.4443213689628838
2018-05-10,0.5612571162610296,Neutral,2.766330602993809,2.603070120813722,2.379208892958552,3.517108326353633
2018-05-11,0.30893529749328913,Low,1.4214046262906666,1.5251694983973074,1.8323601983730216,3.146177041360602
2018-05-14,0.2717354471119898,Low,1.3728333514219555,1.2297425578727688,1.7465977739695246,2.7790877193338197
2018-05-15,0.7334645016749519,High,3.9459204541201336,3.1001100595194764,1.722824545752294,1.9470112247105862
2018-05-16,0.34751475877860805,Low,1.6135838180007904,1.7022487974450269,1.8732609820589665,2.2764019041954606
2018-05-17,0.3062404129630327,Low,1.3201666247009471,1.5928715143211847,2.0160302763715805,2.3294987277981916
2018-05-18,0.4129286025636699,Neutral,1.968788884291482,1.9757321524367426,1.786302173712043,2.185720254642762
2018-05-21,0.41567837099963295,Neutral,1.6596433522461753,2.282732776574394,1.6551998156370924,2.0357594288452354
2018-05-22,0.3359531811220717,Low,1.240309097930053,1.937030723734446,1.8141080895858372,2.2346880007443284
2018-05-23,0.4283546202692753,Neutral,2.5000957891288467,1.6321419700745445,2.1481135603435146,2.529043806040273
2018-05-24,0.5549502207791359,Neutral,2.9999167877946964,2.3324827000899617,1.513371416945241,2.756830782883454
2018-05-25,0.4380702649443431,Neutral,2.362239194595402,1.8465692715024395,1.7539961562256403,2.3913998377057935
2018-05-30,0.8583106271462624,High,4.36380947729642,3.859182578015111,2.126272823742135,2.328612352186948
2018-05-31,0.5391228678368936,Neutral,2.3876609856105073,2.746219727222141,2.1407288015325925,2.0069153960322503
2018-06-01,0.5601290664167888,Neutral,3.186122585547141,2.1236167983330767,2.0230572318185542,2.4688602839238083
2018-06-04,0.4842260275645531,Neutral,2.232517595431514,2.3258361716940286,2.122457625927547,2.125143987263755
2018-06-05,0.28179140015235593,Low,1.2717072590945224,1.3793112847732973,2.1332241246134185,2.337383002284297
2018-06-06,0.5142578634154875,Neutral,2.2508767807619727,2.5828541908335403,1.7061781060455372,1.8391282384553773
2018-06-07,0.6180711865447506,Neutral,2.8928174164840454,2.928151422719731,1.6893967991066092,2.1199688001592474
2018-06-08,0.31653104968130097,Low,1.590333383422518,1.3973886616071531,1.7055455372001858,1.883161218965513
2018-06-11,0.20406064692910142,Low,1.1269176847387952,0.8054088184543522,1.483782988624804,1.6431261980441143
2018-06-12,0.42478941088682864,Neutral,2.130929960050515,1.8784349962450524,1.890767125773131,1.642150541717227
2018-06-13,0.32441804530072404,Low,1.6302831860154292,1.4319036013175332,1.8280003140821028,1.774660838169954
2018-06-14,0.5188460762772829,Neutral,2.4216558995802946,2.464402893268544,2.3155591943529155,2.0233199839185434
2018-06-15,0.6802153648836902,High,3.380604269391834,3.0376598566678186,2.266011333277418,2.2238745035507073
2018-06-18,0.21261451096256445,Low,0.8491380274434289,1.1443432780723866,2.4869642933527314,2.3485473849262952
2018-06-19,0.5944551138242478,Neutral,2.3067735743494118,3.2627463327889483,2.794600619025093,2.3840753619474073
2018-06-20,0.5123046617925986,Neutral,2.2964152605576973,2.522259201272105,3.339774800791219,2.618611842789904
2018-06-21,0.5275354603091814,Neutral,3.0234628279491607,1.9786941009365744,3.295498846053465,3.2246565941161105
2018-06-22,0.458030482906042,Neutral,2.301576996117222,1.9591877095022068,2.6410229492586454,2.763094804976827
2018-06-25,0.849901950412857,High,4.603105470777296,3.3142460400807447,3.12040401153237,2.8160517767607756
2018-06-26,0.40270997969769917,Neutral,2.1950809142612706,1.5568801644628683,2.7639338288191952,2.9092677862930283
2018-06-27,0.6699500751945939,High,3.424385060974957,2.8096937957796575,2.3202598190388706,2.3248686445860614
2018-06-28,0.2870014522272025,Low,1.4035987009573145,1.2648861567816385,2.1692516020115646,3.248142697616878
2018-06-29,0.3909130709630616,Neutral,1.9214318922535372,1.7135301173878836,2.1304712045162133,2.7998973987762388
2018-07-02,0.43323308358790125,Neutral,2.2321240494470493,1.7998341311137582,2.557661215304262,3.083619337132729
2018-07-03,0.5116781539555587,Neutral,2.684423960778649,2.079226800240679,2.695623809173094,3.071090161124331
2018-07-06,0.7643901940320821,High,3.5320274220090333,3.562080802707548,3.2745249001261962,3.446490643198652
2018-07-09,0.5267280686716338,Neutral,2.579711570102421,2.3138946313554363,2.822080430546877,3.1259325340877124
2018-07-10,0.374602147655164,Neutral,1.9133979541744064,1.5696669759104342,2.7052106898579784,3.0095336260657324
2018-07-11,0.5377030537277286,Neutral,2.7638914705426343,2.2363098398658274,3.034892718599758,3.198629288346835
2018-07-12,0.7012257250787717,High,3.6918053219906226,2.7628409125518294,2.7078834696961334,3.3392550898302877
2018-07-13,0.45068506209078296,Neutral,2.3273919582443665,1.8203167727139926,2.7962645856534682,3.2708748465908566
2018-07-16,0.36899806984024547,Neutral,1.992800907989184,1.4045932089551256,2.605912649631034,2.9117376860516146
2018-07-17,0.45640968915802194,Neutral,2.3738783016143943,1.8267981638436601,2.2137673251644334,3.08086265729558
2018-07-18,0.39266160201402334,Neutral,1.9202412163865759,1.691670905803023,2.3285868934614093,3.3561553249907883
2018-07-19,0.3606558203329727,Neutral,1.673516119064328,1.6424795803128474,2.140538728916432,3.536052199508152
2018-07-20,0.6999016379888272,High,3.7613361481682204,2.6824027726874187,1.9590029759044596,3.242280148033876
2018-07-23,0.7811269457259742,High,4.319954413388742,2.8736403367764125,1.8838372062172788,3.1826371845585366
2018-07-24,0.5114384979106514,Neutral,2.149584359066473,2.549017003690127,2.0522911322909025,3.1277352495242607
2018-07-25,0.5594155125584296,Neutral,2.946897512769168,2.202441674384758,2.453622357461035,3.054134782975581
2018-07-26,0.9023780163803992,High,4.406822171665481,3.8936330044971537,2.279006114247459,2.8686620079374796
2018-07-27,0.5325261715499994,Neutral,2.4638078082567296,2.4323030968926864,2.4663236867976517,2.716744521608401
2018-07-30,0.5374516552039843,Neutral,2.4558681946895318,2.485013819679681,2.8057144109604333,2.7682808900882425
2018-07-31,0.4367865275003193,Neutral,2.1493338421650106,1.8686857930903902,2.4628548379744006,2.731622965620753
2018-08-01,0.6189516985819337,Neutral,3.0152124403324363,2.6780422310868066,2.459612906548399,3.0373747567240823
2018-08-02,0.5678374862709507,Neutral,2.5058888171291263,2.7128482057678753,2.9102435527896335,3.150790652817005
2018-08-03,0.3777140029078236,Neutral,1.8649406607644825,1.6097733643725365,3.196120385840916,3.2129734005598416
2018-08-06,0.36844651839466536,Neutral,1.861998230111889,1.5281779211479745,3.037007037433873,3.508220956574185
2018-08-07,0.3027227730771116,Low,1.4992755530392867,1.28564674501048,3.0587637049544414,3.1413485296029866
2018-08-08,0.21308709506554038,Low,1.1841511295365397,0.7714935764756357,2.920334027842038,3.024542380884453
2018-08-09,0.4106743836392089,Neutral,1.8710117301999618,1.8875984951559523,2.8706584292580364,3.0401976331541487
2018-08-10,0.631287311874133,Neutral,3.296374505032366,2.492006637477497,2.801300022228857,3.2857170009556063
2018-08-13,0.7046586747430919,High,3.7158487553781674,2.7462088589726714,3.0870343448719173,3.29373825504577
2018-08-14,0.33849401291305586,Low,1.6772653456142377,1.4199304412918492,2.7969461758866414,3.212752658524371
2018-08-15,0.7832375097964208,High,3.8707823465821356,3.2954955156822816,3.085569228516657,3.584990297932308
2018-08-16,0.7825853341728044,High,3.6273942420331906,3.526131450201848,3.3370102836329596,3.5861822688866023
2018-08-17,0.4922508497544342,Neutral,2.6354598098839923,1.8741462047882884,2.91627886894762,3.2121740118711455
2018-08-20,0.4637225630844396,Neutral,2.5293813692745855,1.7201896419595393,2.8250551773864387,3.2943022652624654
2018-08-21,0.40044274382058614,Neutral,2.086109697620394,1.5807908754294968,2.54637144420268,3.16924362627465
2018-08-22,0.4240349266147235,Neutral,2.086704273298279,1.792777219749146,2.389022136292575,3.2397838538367814
2018-08-23,0.384625682074893,Neutral,1.835374323471097,1.6489954028744216,1.9844808320822682,3.208827851420721
2018-08-24,0.7885343018239841,High,4.168604187642071,2.9790043918975706,1.6079914686757875,2.5848975296119323
2018-08-27,0.5785379790251544,Neutral,2.979840303524187,2.263462532106148,1.8542232318506016,2.6199489367274076
2018-08-28,0.34968273071830347,Low,1.8451586502043276,1.324478064224723,2.061926190953379,2.8857446189695914
2018-08-29,0.3981298830551372,Neutral,1.839698003401439,1.7663883078877625,1.8924439325827545,2.8720248136297597
2018-08-30,0.4462310975732548,Neutral,2.1389259149617663,1.8734942666869412,2.073921877254317,3.1694734665743107
2018-08-31,0.5059602471243086,Neutral,2.6305812850111123,1.9181342258800176,2.01980859238761,3.178330482935617
2018-09-05,0.7996386197921566,High,3.845439424859123,3.3447026565993205,1.906547035827991,3.2836569658377712
2018-09-06,0.442427560999352,Neutral,1.9638784768834816,2.014934533365073,2.244596660090723,3.1017302345255877
2018-09-07,0.6065178847704644,Neutral,3.3173102611202863,2.1348245080886055,2.165810094540346,3.069983385661773
2018-09-10,0.4467544604685676,Neutral,2.024417365825554,1.9931516366078792,1.7694267770403211,2.9677791335314523
2018-09-11,0.42517036086586785,Neutral,2.0471467421540526,1.7758648261533412,1.203025768400745,3.131769394134713
2018-09-12,0.39910727092816106,Neutral,2.065184341700007,1.5229321196871286,1.4801812423750955,3.309574711900021
2018-09-13,0.38477052777252674,Neutral,1.8607994870587077,1.5989172829543443,1.1622075140304815,2.864148941166526
2018-09-14,0.5174382380957929,Neutral,2.7704051664373286,1.8811971821986466,1.635003706001434,2.9359826948079837
2018-09-17,0.6076692041725571,Neutral,2.8147091100155945,2.6497010509955614,1.8793871184670148,3.0425914944127337
2018-09-18,0.49204701859483796,Neutral,2.3140473278642255,2.110508756412939,1.925145858626644,3.1390794385747087
2018-09-19,0.6048818808884764,Neutral,2.7780205661538444,2.661414829119716,2.4854856126724623,3.1911762189429203
2018-09-20,0.5811578969127,Neutral,2.946509011319998,2.278537103142871,2.2324321306707384,2.8772746487591956
2018-09-21,0.47369832552383195,Neutral,2.1569108573379046,2.1029193028348625,2.4944946512978396,3.096762702057024
2018-09-24,0.5048933930311056,Neutral,2.5059262678263887,2.033648705075595,2.6988712222207223,3.0241804926408213
2018-09-25,0.35401665440001645,Neutral,1.9333212896312961,1.2490305086154667,2.4833030027873804,2.8632460859473503
2018-09-26,0.44734911596065285,Neutral,2.1415439913301326,1.880939559517418,1.8808009986701735,2.820713682526645
2018-09-27,0.4081957344734173,Neutral,1.9286218759159808,1.741897900804359,1.7195653836805302,2.7233294145665257
2018-09-28,0.4448225055328214,Neutral,2.190862206879461,1.808670095867061,2.230492155322348,2.817568321556564
2018-10-01,0.572923270943499,Neutral,2.4912147212753295,2.6613609609824644,2.9543984711835196,3.6066706474958106
2018-10-02,0.6581995483274505,High,3.070704581784488,2.8462582281833204,3.1412780299271197,3.8008607152182936
2018-10-03,0.7370383210585377,High,3.6874909325912455,2.932472266010853,3.132532139989432,3.7219098512437827
2018-10-04,1.0045419700100002,High,5.1010454313274005,3.990992421768508,3.2304898417191215,3.9457365459272515
2018-10-05,0.7222107246312941,High,3.499995522066492,3.016022051075603,3.7007792964607655,4.316367299454033
2018-10-08,0.5681904766715176,Neutral,2.5443589876450736,2.578036156439556,4.141836700834925,4.7328340671757125
2018-10-09,0.6627725496851964,High,3.234479338764158,2.7456989582876603,3.3230275306628383,4.183350998803978
2018-10-10,1.5528148646819413,High,8.908588706370569,5.410914710091876,3.8498972375381855,4.198712771158131
2018-10-11,1.3581527722250106,High,7.567221349661387,5.211918694705368,3.9419877059327435,3.778888146280761
2018-10-12,0.6985030915609778,High,3.2728156365463983,3.2523338698388207,3.613051390766915,3.4743054965552473
2018-10-15,0.4717532514922588,Neutral,2.0734700460609443,2.3230270987393675,3.427194696074819,3.558178362583019
2018-10-16,0.7782098664839362,High,3.8883345072265145,3.399865514890684,2.6787126599818523,2.897155566479192
2018-10-17,0.42745457471446396,Neutral,1.8276586348210933,2.1520999499061406,2.5188738024773407,2.914152501748928
2018-10-18,0.5185507521946922,Neutral,2.326870553662061,2.5093940724878356,3.159729498983328,3.050973194420122
2018-10-19,0.40731578874439656,Neutral,1.5434274176337333,2.2337218454389847,3.2683184061233104,3.036608573251954
2018-10-22,0.4863628948994091,Neutral,1.9413546808734845,2.576323924932514,3.2500135472659295,3.1286670864397035
2018-10-23,0.2941235889365895,Low,1.503323635013188,1.2538163256772512,3.4400969662559375,3.0515744874610844
2018-10-24,1.1138400352860562,High,5.297709512624103,5.257560117976093,4.295810915431461,3.1836892567721695
2018-10-25,0.8915718085621964,High,4.020235236755122,4.406148331932728,4.025472936398102,3.3825348860693474
2018-10-26,0.8435823079641873,High,3.698225163371287,4.263782780395078,4.323957074414959,3.483892364222246
2018-10-29,0.7155885167886036,High,2.6893385186767493,4.01875291563834,4.271478304997685,3.6201908141579486
2018-10-30,0.5678743805799611,Neutral,2.5749649611803185,2.7935720717720622,3.8020511469221527,3.6424928234975367
2018-10-31,0.6285784611980836,Neutral,2.985633114900901,2.9706560250911487,3.156441220275908,3.5340638491954777
2018-11-01,0.6418960759888512,Neutral,2.7371238709107684,3.3134234811785253,2.800334982592515,3.4496390514672517
2018-11-02,0.6406436738812398,Neutral,2.8484168721834653,3.20227308222159,3.1784344038209285,3.8059781670331887
2018-11-05,0.5858260246109137,Neutral,2.333895182420267,3.1713185635182084,2.8907418990931752,3.880588372493837
2018-11-06,0.23955726764568547,Low,1.0764870787520686,1.187225417583514,2.959800007883964,3.5403948279062085
2018-11-07,0.6268453127880231,Neutral,2.6493029217651367,3.256953187667005,2.834710682437494,3.5446805910965176
2018-11-08,0.27764666450637454,Low,1.2118907368900322,1.4080871771160148,2.4847650292553167,3.549734164126182
2018-11-09,0.6961342492383729,High,3.1907919645465435,3.3086446958874136,2.2793533847074166,3.4542353089074758
2018-11-12,0.8593679234982698,High,3.562977348488919,4.432001079532619,1.979764898315521,3.237354956108616
2018-11-13,0.4931761523473275,Neutral,2.4042715991828394,2.211143019479902,2.4698737075687243,3.277609403086119
2018-11-14,0.37276246044214023,Neutral,1.7388813203437983,1.7436990474299525,2.536167260770411,3.5849714328280315
2018-11-15,0.39588248160543404,Neutral,1.6214947711027006,2.06002447049233,1.7608630086434935,3.4687463813884447
2018-11-16,0.5406997500082654,Neutral,2.618596102469969,2.440255720628384,2.1190282096352697,3.512119952223304
2018-11-19,0.7903271166281041,High,3.155300248160151,4.18817020566449,2.8969218144946995,3.7074950476397226
2018-11-20,0.6261595955016509,Neutral,2.5116997958569556,3.3072733398964753,3.151760679837453,3.8790660107239985
2018-11-21,0.41741354962147414,Neutral,1.7938820317101312,2.0942443364108816,2.57343678441577,3.7060190827699744
2018-11-26,0.35250001169579703,Neutral,1.4229344695381319,1.8535673790584646,3.1240032513072498,3.4858899217176416
2018-11-27,0.44245297936127226,Neutral,2.0310955568172813,2.1000863457739647,2.7260613473404556,3.6422176066629217
2018-11-28,0.9922036554897415,High,4.189473881340832,5.055562348416651,2.465905846963843,3.513486107690542
2018-11-29,0.2455820790030666,Low,1.1868434551787879,1.1125339039364919,1.6945595434954035,3.3777686180009705
2018-11-30,0.3445564672294913,Low,1.6423611636263813,1.5820183582991512,2.1173830832563825,2.9207135487332616
2018-12-03,0.5489762715612185,Neutral,2.55733932982471,2.575604719341657,2.0825153895913218,2.6685799221774134
2018-12-04,0.9699264577439154,High,4.042029671811414,4.991474026130128,3.0728567990403204,3.1403676658780966
2018-12-07,0.871102000785343,High,4.032039500971932,4.110868973038393,2.7060955360232377,3.5516237875190395
2018-12-10,0.47175790102635523,Neutral,2.0641797515885156,2.336868887698936,3.0017490911942732,3.4313746191520553
2018-12-11,0.44708499600845575,Neutral,2.361448131223413,1.8394925252646175,3.6634855367488393,3.306746891308314
2018-12-12,0.3149641636758469,Low,1.3179784261503058,1.6158721515151402,3.2751909100078658,3.3906429507385165
2018-12-13,0.3963377946064526,Neutral,1.3160888990499249,2.304318213885575,2.7597133839236965,3.435736368233263
2018-12-14,0.6836061085743792,High,2.6875670309928164,3.5733158049301754,2.952978423668419,3.5646125438701244
2018-12-17,0.5287889121222396,Neutral,1.8725534690302847,2.9093086066581066,3.6573469176784017,4.139273593648463
2018-12-18,0.5299076085266258,Neutral,2.3234233179304176,2.4734335197714694,3.6471503485135925,4.131736406181426
2018-12-19,0.8787787261026705,High,3.5051418426105108,4.445986045484535,4.802368406177741,4.516375544040646
2018-12-20,0.8059628355208257,High,3.3957932647054507,3.8984783030697763,5.00260177687645,4.756135739657183
2018-12-21,0.9242514526029664,High,4.03186018275225,4.3344714087358955,5.196532745724747,5.054349690150976
2018-12-24,0.8059297009091133,High,2.9494014780836393,4.339699031161138,5.515328692535002,5.494564183269473
2018-12-27,1.8547335692516023,High,6.931009462609319,10.04780950177561,3.2217221984909297,4.011543645750254
2018-12-28,0.5559187740722878,Neutral,2.3830304182900255,2.7178332882476943,3.6370781535309344,4.116324498969876
2018-12-31,0.5498521265380082,Neutral,2.6654503958585107,2.3916646276561258,3.5570624269540554,3.8680832730622177
2019-01-03,1.5138418916170338,High,7.664159782674133,6.559209657831271,5.517026621782517,4.510131291974997
2019-01-04,0.9534403797302269,High,4.203762568097461,4.751818009039195,4.375478114796107,3.6795614400195937
2019-01-07,0.44245996430489487,Neutral,1.8989426210764173,2.253793760171475,4.131217104539021,3.4513135927290994
2019-01-08,0.32055491965338734,Low,1.4148460975215034,1.5961919881238515,3.9722440262720276,3.3331954457016493
2019-01-09,0.3118896807489741,Low,1.3702873955109864,1.5589608232982957,3.222707173497836,3.3432184948691424
2019-01-10,0.5147455059042799,Neutral,2.5048235020886147,2.3448765621809664,2.741896817980903,3.3311361284891134
2019-01-11,0.34769189664788863,Low,1.5820822902033318,1.6868325234744186,2.8026898621443106,3.3264966815287664
2019-01-14,0.3166402954578174,Low,1.3719269920315202,1.6007337484568804,2.9122258812178816,3.268770349396821
2019-01-15,0.47378082111157627,Neutral,1.796418063847058,2.6354368522755376,2.8259840550037523,2.586500888762301
2019-01-16,0.4068076731464544,Neutral,1.7695218051518131,2.0500757586607024,2.591456850804854,2.4909294763278274
2019-01-17,0.2714177340544619,Low,1.2147957662640338,1.3357410078788716,2.262014855078384,2.104207321839005
2019-01-18,0.5226980002960009,Neutral,2.283014562098384,2.522150482475838,2.732631442205616,1.9290324158276033
2019-01-23,0.5197975688523413,Neutral,1.904179675151805,2.861222128209225,2.4113602702057912,2.3801673430680643
2019-01-24,0.4396935294811714,Neutral,2.1226309333384266,1.926705861951335,2.847120921983236,2.2493413812078127
2019-01-25,0.7278902920303072,High,3.789736604104004,2.9236024130190046,3.442586749417012,2.250172171029264
2019-01-28,0.31707883036158957,Low,1.3574830264233329,1.5564424728588357,4.041029482096331,2.268623819881718
2019-01-29,0.41395591113393737,Neutral,1.6112594562544575,2.1871986983750906,4.45147075985034,2.358610652236564
2019-01-30,0.5326398865866888,Neutral,1.8336512602155681,3.0452801961135405,2.9243235993646457,2.0340134730096784
2019-01-31,0.708565553977702,High,2.8329648207001807,3.67151300279717,3.385895447539819,2.242226306915238
2019-02-01,0.4577953154727378,Neutral,2.4402878577774714,1.71465718641333,2.889347338983368,1.8084112194369177
2019-02-04,0.3671116319282691,Neutral,1.6557678855960885,1.6739163709235994,3.7830220497397287,1.7785062827315137
2019-02-05,0.3869524675067586,Neutral,1.7485579392481976,1.7611060228368065,3.344605230461607,1.9581170982964915
2019-02-06,0.3173448588988844,Low,1.518830391678632,1.3601159977003159,2.5884634428901614,1.84031407827041
2019-02-07,0.3519698653350675,Neutral,1.6031014550438663,1.58936276560037,2.4699131980589133,1.8331881795010938
2019-02-08,0.28784483810367467,Low,1.1263649993171923,1.4831080394933298,2.171624918148357,2.1139379416754758
2019-02-11,0.36457903494668203,Neutral,1.7452523678346628,1.5622041728726075,2.079477766612769,1.9844302253535637
2019-02-12,0.4130218958237079,Neutral,1.5200472159688336,2.22351747123029,2.513854534510539,2.0422423921363
2019-02-13,0.288117337538657,Low,1.4456917997151195,1.1368070267492156,2.5609375840569992,2.1089319343156574
2019-02-14,0.4398198509702558,Neutral,2.2298563535403546,1.7120705232344091,2.7703032380851433,2.4432166871759398
2019-02-15,0.6867800767186456,High,2.713222033506329,3.453352483819425,2.5942291360402225,2.2713280277464207
2019-02-20,0.5570220951647011,Neutral,2.788838680408084,2.204039570653588,2.734923866690481,2.797041023029599
2019-02-21,0.6367382167425562,Neutral,3.3030330627605378,2.349120278605194,2.463249774957859,2.469123911662938
2019-02-22,0.3640975500349847,Neutral,1.5444676246398814,1.6821975351199634,2.8661360998855607,2.539043219609664
2019-02-25,0.4812667495345897,Neutral,2.3085475334778907,1.8982497120524622,2.7604660494625906,2.414422040484509
2019-02-26,0.2966618152590813,Low,1.4971649822168411,1.0914141650669218,2.665185608280637,2.3773055231002234
2019-02-27,0.6720636386715286,High,3.3676095115396576,2.4468475917594756,2.366721594695443,2.6629752652389316
2019-02-28,0.33158210541617394,Low,1.6142589580125049,1.2581034962452082,2.440365587196734,2.6906598588262667
2019-03-01,0.758513103081689,High,3.612264146383477,2.9646124389085946,2.3599394845650052,2.494003554696935
2019-03-04,0.5933295439761019,Neutral,2.663379020711098,2.4937005448599803,1.9622414288620849,2.255329304404739
2019-03-05,0.1676607106422778,Low,0.6447964416092012,0.8177800878634642,2.117387541772143,2.147631119745522
2019-03-06,0.3635618389105674,Neutral,1.4130181423858177,1.7572810919204194,1.9095959597209529,1.6230497397670984
2019-03-07,0.4062427715779291,Neutral,1.701101814891779,1.8314242777151928,2.0119833168731374,1.6804498075987808
2019-03-08,0.46392262111491145,Neutral,2.077960637332958,1.9303904035996848,1.771997469585144,1.8663038757529196
2019-03-11,0.6372204366019232,Neutral,2.5290442911858895,3.005412603910966,1.9227720452511208,1.5947206968014556
2019-03-12,0.5476546742061937,Neutral,2.123349109800904,2.629823060744676,2.3276259688453753,2.2615654971660715
2019-03-13,0.3301612257863632,Low,1.3467685955287485,1.513058319825494,2.4234632520877284,2.506993702247469
2019-03-14,0.5406700526659147,Neutral,2.4372968628320844,2.2247875511791375,2.482909790117896,2.735082891977979
2019-03-15,0.4575678413362837,Neutral,2.1892842761897486,1.7455099207835478,2.599915383023392,2.8932072373861764
2019-03-18,0.24057085075868567,Low,1.01501912507435,1.0652522647172353,2.3304842807267234,2.6997613918899495
2019-03-19,0.2952943175571845,Low,1.3237592040762258,1.2231284643605016,3.038674387858594,2.879605089297008
2019-03-20,0.5549441282615752,Neutral,2.4893455860523264,2.2968621961723517,3.2807950882590866,3.363724775231398
2019-03-21,0.5882823020607796,Neutral,2.6358902178398385,2.4191136157939943,3.196739147553791,3.5907840785432246
2019-03-22,0.8977346936947266,High,4.254721886836897,3.4714295279204035,3.570393641703646,3.4274963991909306
2019-03-25,0.4423187583319012,Neutral,1.8775329129341023,1.9443251564446564,3.2976391840249883,4.237335292774667
2019-03-26,0.46758797591795587,Neutral,2.0079807233731124,2.0306115935953115,3.169364065974302,4.273166452717808
2019-03-27,0.6000393505918782,Neutral,2.7109346366606983,2.4520521530420187,3.205115355215766,4.8693240102301125
2019-03-28,0.6797256720868974,High,3.0631429335531153,2.7779096339607774,3.2692211281198627,4.689438900865721
2019-03-29,0.28972288120176715,Low,1.1457519762441908,1.3467771947768021,3.1612903368649587,3.0967062644659253
2019-04-01,0.6383036058648548,Neutral,2.8339966649225388,2.640031513251723,2.277815923740293,3.463921237544791
2019-04-02,0.3712895744610256,Neutral,1.624271026884344,1.5612310952727695,2.464889265414918,3.516457197050339
2019-04-03,0.4849665457064153,Neutral,2.2442995242050983,1.9096094298369701,2.200807046283637,4.412072844690737
2019-04-04,0.37471914297226694,Neutral,1.4524670761297684,1.7729494297788158,2.1210966043563486,3.8987694721689152
2019-04-05,0.3573132332146555,Neutral,1.5694350887824664,1.4958020249836457,2.529809480224472,3.6094990094793964
2019-04-08,0.4745445567973905,Neutral,2.1571120420038437,1.9097165616076228,2.3217040781543608,3.79503060563992
2019-04-09,0.44825451038726993,Neutral,2.3445824609027013,1.4797031898750999,1.9291720579488707,3.6561910621753753
2019-04-10,0.45327759120504185,Neutral,2.0774380729929933,1.806178919655018,1.7835692529241813,3.747024949539221
2019-04-11,0.5504919176415243,Neutral,2.5793234415511,2.1340482159335177,1.7740258734804022,3.5081094936988664
2019-04-12,0.6337250951454715,Neutral,3.1945063859283147,2.218870936315307,1.3385464164201526,3.3883557310727457
2019-04-15,0.2673121080972687,Low,1.3032651870073246,0.9826387348585937,1.382223348642311,3.1800929880952427
2019-04-16,0.4371611344851152,Neutral,2.0455384238837757,1.6976385732316837,1.3390754858034777,2.9224474725227982
2019-04-17,0.39148504731097455,Neutral,1.5535710076797156,1.8141308369504459,1.5200956070494196,2.7652896579583195
2019-04-18,0.3801627571743681,Neutral,1.7560194906461941,1.5003920931950665,1.3323166425267319,2.6437716855432867
2019-04-23,0.6871694582251713,High,2.9692330260135646,2.928452979951498,1.8383063753818842,3.254191657714181
2019-04-24,0.4159758739957572,Neutral,2.0331480692115824,1.5237600612060282,1.716153184296832,3.157032957465
2019-04-25,0.4648191246367314,Neutral,2.036367770195435,1.9514121382199472,1.7908130336722805,3.2554221280518614
2019-04-26,0.5375323045284427,Neutral,2.5474047822909447,2.0533877961044453,1.9772885156666888,3.2412009502802563
2019-04-29,0.33453981178933545,Low,1.6061775362776247,1.256015776409243,2.36002934176099,3.4354365503289426
2019-04-30,0.6213495546901868,Neutral,2.709016551701955,2.622406620535421,2.426879016628241,3.2140202874342108
2019-05-01,0.7216763897999143,High,3.4990067194855246,2.673461132466687,1.9111557389338623,2.6925174330138733
2019-05-02,0.5410046346191031,Neutral,2.708950499687921,1.9134145421395312,1.765675724183644,2.806500295681777
2019-05-03,0.5782434011189515,Neutral,2.8873693922531682,2.0536169298130313,1.678693783611773,2.77583886473649
2019-05-06,0.989547265927504,High,5.2814415333485885,3.1787608107351284,2.035334518605664,2.777796703722497
2019-05-07,0.843078311257627,High,4.314516632896604,2.9360572509051077,2.4845272388669426,3.406955092299647
2019-05-08,0.46799050139412657,Neutral,2.5870654153757373,1.4292593267181004,2.065456433604055,2.995320782217212
2019-05-09,0.4044091028827088,Neutral,1.9352018343995785,1.5486760467429408,1.9764452081667616,2.9677144822441948
2019-05-10,0.6983485336860278,High,3.3586262237656297,2.6567213142784007,1.7533022845908033,2.55090872345588
2019-05-13,1.0961849252322509,High,5.657651271873237,3.8433484489357364,2.3654669241571877,2.9153949383318083
2019-05-14,0.45726947461575906,Neutral,2.2743079306198806,1.691622400333565,2.277324236366394,2.571795473442047
2019-05-15,0.6261193853675527,Neutral,3.0644168153555706,2.367480924725144,1.9322621723875897,2.450631753252771
2019-05-16,0.37370407124119803,Neutral,1.7622727336805675,1.481838261978041,2.0703458731559445,2.7933591203766848
2019-05-17,0.5017985792837086,Neutral,2.3605057626179713,1.9957669171159822,2.448907955196287,2.980943796500125
2019-05-20,0.6706891026907729,High,3.272780471046417,2.5460807827312877,2.7216747292166406,2.781394609242565
2019-05-21,0.2832045944029643,Low,1.2923435485574672,1.1674652756894452,2.493966657737713,2.815158175266911
2019-05-22,0.34456595084960884,Low,1.5323267991661513,1.4616682044821632,2.6305692476674922,2.9608032344054434
2019-05-23,0.7233151943418518,High,3.333123911018647,2.9483283354130423,3.053027599360339,3.041100212315253
2019-05-24,0.6506019091093704,High,3.2005691947487542,2.443227155614661,2.873510222900498,2.944258430835653
2019-05-29,0.9040721267897305,High,4.141995194225902,3.7099326112943203,3.3826306751798176,3.2294274041461013
2019-05-30,0.5917665760663,Neutral,2.6927881796425956,2.4473070795116376,3.0464138362154998,3.469659302901905
2019-05-31,0.7132419775099479,High,3.3166840309642893,2.876372752832212,3.5147976389667988,3.2607977221944666
2019-06-03,1.3067670660669892,High,6.195912763277706,5.226285659224304,4.306777175893664,3.4157831654381834
2019-06-04,0.8549374324814623,High,4.049342371537408,3.4236175759871927,3.896983777710952,2.8220437925400215
2019-06-05,0.5172455746947888,Neutral,2.380791657790409,2.14232011416272,3.8105726090117686,2.6190493028505246
2019-06-06,0.4157283040362092,Neutral,1.9063482183946092,1.7203091897813059,3.505640473633559,2.7200318209836674
2019-06-07,0.8057767682864971,High,3.946780872828881,3.076932816610058,3.3800683885616625,2.9831957101266338
2019-06-10,0.5846081991581829,Neutral,2.7061349280788836,2.3932049173458987,2.6415653209671035,2.4487210820271867
2019-06-11,0.12566581652551945,Low,0.5134030339489868,0.5842507201954199,2.431657618328548,2.479388781256953
2019-06-12,0.33867392545813296,Low,1.5533513808819843,1.4011050495122663,2.4511761751810983,2.5413818316083265
2019-06-13,0.38252412543306513,Neutral,1.725188555961184,1.6077219985332944,2.8759238956530306,2.5414238410553844
2019-06-14,0.3639245063621378,Neutral,1.547486572729422,1.6121488277118492,2.5358115067520575,2.4249420178803556
2019-06-17,0.32054583237740875,Low,1.3399566589596241,1.4436961641973103,2.711838486633666,2.459654148988331
2019-06-18,0.652804879378476,High,2.9651527433984266,2.6973573641668813,3.0207549917385172,2.3611115203641675
2019-06-19,0.4405806409576387,Neutral,1.9100651931149109,1.9140981502346828,3.5718716364835332,2.435729355510728
2019-06-20,1.1113277953948382,High,5.279943939527899,4.39887304303131,4.338144754539433,2.4323585023542034
2019-06-21,0.9430594497584193,High,4.712391610419163,3.5428136001860655,3.880160518899687,2.0571707372802877
2019-06-24,0.595529989683976,Neutral,2.6136623907444174,2.602854253898248,3.891028043866835,2.358598495650495
2019-06-25,0.47095373625291126,Neutral,2.0046693468280226,2.1212222973986203,4.343262963249314,2.488649782129341
2019-06-26,0.5838645628521986,Neutral,2.5533801977283463,2.561040493988182,3.785523990240629,2.4636038116246315
2019-06-27,0.6625026139145138,High,2.8551939396000106,2.9484668421437257,3.935158862197311,2.8045264932605085
2019-06-28,0.39683713134683285,Neutral,1.3414209057761863,2.1384788317097496,3.877150891035392,3.0350819176298685
2019-07-01,0.8439405377035947,High,3.8700681429433628,3.520801170882415,3.3723926575169356,2.433285376515234
2019-07-02,0.8087084210701339,High,3.6171101525269784,3.46385294394606,3.4973061950390494,2.9358904582886076
2019-07-03,0.5638197799482494,Neutral,2.872570484417895,2.061050928038033,3.133869352046144,2.9316741067507537
2019-07-08,0.9183506399443151,High,4.642089097855726,3.535934675519455,2.3336801470583644,2.5296185615886606
2019-07-09,0.42630742318752624,Neutral,1.976339212142509,1.8161152963826777,2.137437054343682,2.376496070498694
2019-07-10,0.8094343390780341,High,3.772051385676677,3.4291446933659415,3.213498335356562,2.5671842548368753
2019-07-11,0.7570605263687342,High,3.580849021575745,3.155543519094729,2.728330289464419,2.1310700262295272
2019-07-12,0.45633463383570094,Neutral,1.9237903571524122,2.07287021015448,2.7931751684530486,2.4930651772703984
2019-07-15,0.516884844566522,Neutral,2.620332088068596,1.902708884874209,2.335371098476477,2.298337745313873
2019-07-16,0.3872165644156086,Neutral,1.693771457690175,1.6969942560889086,2.1397277960588874,1.973176197365896
2019-07-17,0.6556356890414239,High,2.8365209038851664,2.9050082483942625,2.5588331424361557,2.8087557832771277
2019-07-18,0.571656110807492,Neutral,2.1479727118353904,2.8610267739899395,2.9447946802416993,3.2255340862582997
2019-07-19,0.6766607740227903,High,3.047800664841111,2.8767779179952746,1.9562627383281308,2.7579329466102327
2019-07-22,0.3825274635852356,Neutral,1.7596681999966133,1.5892667557865214,1.4287730936988747,2.68891861407906
2019-07-23,0.33661418779215035,Low,1.564273954286947,1.3825606418818672,1.217476630350364,2.4177265014356752
2019-07-24,0.5939260501421568,Neutral,2.2808683922925126,2.9228278540188324,1.405230676994859,2.63655432449933
2019-07-25,0.41093893393923403,Neutral,1.8041374958880354,1.7943007504744937,1.48147141037476,2.303779010534419
2019-07-26,0.5278019795941729,Neutral,2.1818146588437575,2.441154967511431,2.1399188031204543,2.535329358344769
2019-07-29,0.4213598021605207,Neutral,1.6424119575357523,2.0491253241791108,1.6347095288698086,2.5477441147643214
2019-07-30,0.4312699089818567,Neutral,1.9679223642132684,1.8078830196512177,1.2606105435835402,2.9854182982458792
2019-07-31,0.8141297781090928,High,3.549798022700377,3.5794491529421086,1.1399295258762219,2.94543068746002
2019-08-01,0.9518389735407999,High,3.8794711811755236,4.4609638323557,2.0887913282618884,3.9340598355137595
2019-08-02,0.9550395200502174,High,4.73957564688879,3.783725083786314,1.6903622987724667,3.227197203962501
2019-08-05,1.2545420063454222,High,5.764622828040738,5.6290506383444345,3.6808132852818263,3.613773695665544
2019-08-06,0.9132149891737757,High,4.181439198747597,4.111497222141393,2.9112069737700406,3.4612428046093022
2019-08-07,0.888484529561457,High,3.464922783175946,4.593431861553922,3.756273268690976,4.08045887458689
2019-08-08,0.7821944719645448,High,2.9947617844541803,4.075591540699127,3.7555758474550958,4.113247556954055
2019-08-09,0.3697489578382498,Neutral,1.5874775913220063,1.7595633874177738,3.4454577157094084,3.41203546067986
2019-08-12,0.789743287149199,High,3.386654588920252,3.762023386305802,4.592821667210252,4.335470567795725
2019-08-13,0.5912076193916772,Neutral,2.4088955640871137,2.935274317833246,4.0896265418298245,3.6352276798267553
2019-08-14,1.2002576880025146,High,5.452450637466858,5.50016951418319,4.98964902675607,5.37366582183365
2019-08-15,0.5799598450893826,Neutral,2.479680829299201,2.8023516018714205,4.89546687603421,5.16304411528382
2019-08-16,0.5901988849051363,Neutral,2.5012402619300556,2.8725777583544128,4.831712015079148,4.8588512650129925
2019-08-19,0.5986524594568676,Neutral,2.4921114845337016,2.955708354666931,4.169904094833486,4.533525784828022
2019-08-20,0.3913940578995554,Neutral,1.4486868688797483,2.101123873236225,4.813894879941327,4.852437448569029
2019-08-21,0.3653418151159855,Neutral,1.6066084471096131,1.7237145397461309,3.940029427045183,3.8404989582427316
2019-08-22,0.44737547880447104,Neutral,2.2612641307259658,1.8362575174956852,3.9405411618972774,4.181345120088621
2019-08-23,0.8693985337998759,High,3.372089157444213,4.546698224469726,4.953018806945539,4.545830094868103
2019-08-26,0.830250515746865,High,4.127132048561931,3.490578918215625,4.027423077166176,3.8649801370652623
2019-08-27,0.7047067185292928,High,3.144026867189298,3.299823852740178,4.544132501425734,4.176691736879658
2019-08-28,0.5587516099908406,Neutral,2.2657956457418993,2.8295440383935966,4.378899388555584,4.350827879810577
2019-08-29,0.6334454151914131,Neutral,2.332971598963876,3.429087316163757,2.927821071356903,4.1138791242505715
2019-08-30,0.37484859224458633,Neutral,1.6780081979972503,1.749958686133717,3.134505795951293,4.3074991748137785
2019-09-04,0.8883595824501753,High,3.2731369014590697,4.821806397961878,3.004149805892002,4.174248305479239
2019-09-05,0.9821296508376907,High,3.626913345113859,5.333276266348021,2.278414683039441,3.038064788737454
2019-09-06,0.6697643985572573,High,3.102570062655582,3.0434769291953603,2.3553386710685573,3.2826002614398324
2019-09-09,0.6989602658169686,High,3.181822619228207,3.2289669837704458,1.6646432485640636,2.9233631178604527
2019-09-10,0.6660519780861176,High,2.9289295743359762,3.174190108467076,1.2572494204631448,2.5094135478026787
2019-09-11,0.47512295728928744,Neutral,1.7386842384795358,2.595068752154107,1.6980141080714555,2.513817344525005
2019-09-12,0.5524184063008405,Neutral,2.0434385596157183,2.9965918252131285,1.812567679826863,2.806619037132189
2019-09-13,0.8095853207793922,High,3.373684389253783,4.026294867973351,3.6013149097026727,2.656486216231765
2019-09-16,0.43569606534274363,Neutral,1.5980138119796818,2.371725552952261,3.2845292602505674,2.897122213323189
2019-09-17,0.2886135684732867,Low,1.2094077120142932,1.4290439343865315,3.10173327414133,2.9292727326641117
2019-09-18,0.40681177744091496,Neutral,1.6640838910531033,2.052539039915056,2.4232253600845035,2.2885059046525313
2019-09-19,0.21145299132250736,Low,0.8044765373954199,1.1238172350029727,2.626633061960101,2.5314493287315716
2019-09-20,0.680171233303273,High,2.48040978232877,3.7159716243778944,3.5349807615821436,3.0589291118997304
2019-09-23,0.5985972603343049,Neutral,1.9521151300707897,3.487631232394329,2.4359719329497334,2.5282942636162504
2019-09-24,0.6324349030902248,Neutral,2.3782543194374512,3.387452480098449,2.382438525194466,3.0100992603039995
2019-09-25,0.8149125109957814,High,2.976105463849096,4.454144905157457,2.7844843969236157,2.3341980694517934
2019-09-26,0.4999184009466371,Neutral,1.871300139516636,2.6894861105625165,2.73127877178508,2.4723068514488724
2019-09-27,0.41591050301678556,Neutral,1.795071494949129,2.0129240794738488,3.054907962192502,2.6324021621142792
2019-09-30,0.6178438558991124,Neutral,2.6861946880522973,2.971782524291199,2.5018017745723125,2.587640956746099
2019-10-01,0.5160079042730956,Neutral,2.060636101270836,2.6543162643182296,2.3971170637245924,2.8109760659774667
2019-10-02,0.781213746878195,High,3.1345065079319006,4.0045739396217215,2.0910642158498036,2.812051046094467
2019-10-03,0.6558982448098288,High,2.6795781886857974,3.317050365141865,1.4458334958357864,2.6959568588269205
2019-10-04,0.556276018614127,Neutral,2.475775765055966,2.621660025111189,1.0974720463252614,2.875142300167641
2019-10-07,0.4165662556475359,Neutral,1.7748095312384067,2.037869913800055,1.0928935152342574,3.1193478216954937
2019-10-08,0.5679936698012115,Neutral,2.206691033748526,2.979755926738565,1.8560515241238489,3.5776830711504055
2019-10-09,0.5585615733948764,Neutral,1.8863030379226924,3.197797542665427,1.6072347863747194,3.1306724627375098
2019-10-10,0.5048299528802858,Neutral,1.8468323622567484,2.756312586037691,1.8442565557576338,2.8005881759702094
2019-10-11,0.7299849097590128,High,2.522876108739467,4.124838507379282,1.4976576990812855,2.352650183237563
2019-10-14,0.4728341134694709,Neutral,2.1567596048051585,2.1790489576841856,1.7075746978718505,2.6466086691578887
2019-10-15,0.43536421351306653,Neutral,1.7619965747231408,2.217422914420889,1.6314659670539473,2.452201821560577
2019-10-16,0.339451676380614,Low,1.3038123555143457,1.7949224672316062,1.4641297840066785,2.3971875101860367
2019-10-17,0.22992367578764594,Low,0.9371319717261604,1.164847784638824,1.2548545258776598,2.4503085387232675
2019-10-18,0.5195517038694114,Neutral,1.9654421228685954,2.775640440510065,2.501666867262026,2.433453769579287
2019-10-21,0.46408067634603345,Neutral,1.7367282761852143,2.479251371246762,2.1853385743197067,2.4006991443998653
2019-10-22,0.30798069577429105,Low,1.315659429874764,1.4876873864473745,2.4365057360369073,2.288400082976738
2019-10-23,0.17278472672008283,Low,0.6297446221187729,0.9377682876002452,2.2897855623112986,2.360241620502584
2019-10-24,0.4855319318598367,Neutral,2.159407371057042,2.2641899297695147,2.4282135570753263,2.249267001125822
2019-10-25,0.3859413591506008,Neutral,1.3873109108125365,2.0503646494983987,3.0137842037693647,2.572998228906269
2019-10-28,0.5524906549177209,Neutral,2.3245896554344685,2.500055544191788,3.2364452006305635,2.5871687262466403
2019-10-29,0.4442718508923311,Neutral,1.7033849100971816,2.182682007461471,3.2017365224307253,2.59619352404301
2019-10-30,0.5932791416605847,Neutral,2.2554473371563453,2.9347414081121017,3.418685889697903,3.686459847718337
2019-10-31,0.7969704977533858,High,2.690063290982373,4.295283846747132,2.8708615996748192,2.680806384567758
2019-11-01,0.6028940037744925,Neutral,2.3423640446859637,2.9299811801334776,3.212051959195345,2.846786164857858
2019-11-04,0.5751212659226621,Neutral,2.460170847406193,2.5605283649291475,3.3434614490216426,2.161723208198768
2019-11-05,0.6743224242705605,High,2.4977126669680723,3.40402617962345,3.956844236866146,2.2460470886282757
2019-11-06,0.541470647381152,Neutral,1.9870046794728315,2.75272547268904,2.772661215388903,2.800668032544528
2019-11-07,0.7899062415320823,High,2.7997148539222336,4.118526926518578,2.5928336486044476,2.5955400186707496
2019-11-08,0.42523001549674866,Neutral,1.743580118741129,1.947985164662012,2.0933696886987914,3.9875041733334284
2019-11-11,0.30623603253821174,Low,1.3420851894583252,1.3119278349627792,2.1626662055110355,3.6983154546871613
2019-11-12,0.2785327286380927,Low,1.0865878894002503,1.3343542718717105,1.60201166070091,3.248209698697981
2019-11-13,0.3837215796117591,Neutral,1.6217706177945836,1.706912054788574,1.5634603728475942,2.43425747285139
2019-11-14,0.3959781559478682,Neutral,1.4440127371901808,2.003013388864596,1.2653660066061523,2.635815487975555
2019-11-15,0.3471635934586206,Low,1.4956280493501102,1.5144383700286204,1.6950269357779248,2.678794504241489
2019-11-18,0.33438492059944613,Low,1.3619955642729769,1.5413888087369618,1.4316459491851439,2.306491448325607
2019-11-19,0.45656793321387656,Neutral,2.0017989611681193,1.9550283831713389,1.5633566186161993,2.9058803602455736
2019-11-20,0.5111931640601765,Neutral,2.3199318898661194,2.1061852423916387,1.6970216763263635,2.356794879847517
2019-11-21,0.31093319645968137,Low,1.2825853630935538,1.4163295911867988,1.981268164010675,3.050320710228926
2019-11-22,0.3264904047531034,Low,1.553425823807152,1.269704254347232,2.1943836002309225,3.183139816523764
2019-11-25,0.5234111760003728,Neutral,2.3871048348500032,2.1441868394538566,2.431740356426784,2.603444991177401
2019-11-26,0.3072714728826875,Low,1.4008421361691263,1.2593054022989734,2.356186714434757,2.809875364969869
2019-11-27,0.41348954401528903,Neutral,1.8069457564207037,1.776857536385101,2.196136638213157,2.7152141093795312
2019-12-02,1.2881641771730281,High,6.007626755660813,5.226117040031932,2.0746750679632866,2.0438141167520603
2019-12-03,0.8970636290416876,High,3.3812254613752706,4.476743044905013,1.9871391366902431,1.757431335870379
2019-12-04,0.672517323194038,High,2.6456217384785132,3.240860983474198,1.7236605111274055,2.0405783348651267
2019-12-05,0.2685843823299672,Low,1.1226795264579534,1.2255074253571285,1.5006602371578726,1.9175486621873117
2019-12-06,0.5229902980190206,Neutral,2.2712464374056247,2.297679122792156,1.8241322731747387,1.854316074535167
2019-12-09,0.624912508468895,Neutral,3.1913679024154606,2.2484047779574614,2.1682798922891844,1.5895739545878043
2019-12-10,0.2096511615566641,Low,1.046246507799009,0.7797369036277595,2.1216800495965016,1.5460582327613583
2019-12-11,0.4249201527595774,Neutral,1.9209429575402766,1.788129438528656,2.152349754560663,1.385417506373278
2019-12-12,0.8035021896792756,High,3.0199053315586415,4.018852239815869,2.1305574556968163,1.8139515832624447
2019-12-13,0.8930678197385724,High,4.0449167357912765,3.7502435494139643,1.873623784313966,1.5252607799109077
2019-12-16,0.6321201355235313,Neutral,2.288847166014083,3.252148175752762,2.5605030910585582,2.006790977603182
2019-12-17,0.19379643480441813,Low,0.8311705030446883,0.8622937654167848,2.325296211311461,1.9029340569916693
2019-12-18,0.3312086717050263,Low,1.3133194953961447,1.5852947418405396,2.601724285115762,2.1048556489065504
2019-12-19,0.31286867518099537,Low,1.5375109308363888,1.1884349200065367,2.132957624905308,2.576741877499027
2019-12-20,0.3239007379792599,Low,1.308158928900885,1.5255232997106014,2.7586452655530396,2.349293612392137
2019-12-23,0.3317713173891079,Low,1.4332638053830626,1.4654521600371975,2.6710928214468153,2.4608631437650375
2019-12-24,0.3777921570803334,Neutral,1.7754294605858796,1.5186515830124763,2.9431425790590153,2.827273173747209
2019-12-27,0.6592858674305947,High,3.325492280004973,2.410310724331518,3.3346153064454795,2.9780458444366675
2019-12-30,0.4155318210594203,Neutral,1.8783950180901687,1.7402821504598631,3.529231397179923,3.1569745691897038
2019-12-31,0.6725896339102209,High,3.3198897795900475,2.514302935881595,3.2883101968482737,3.613492206052055
2020-01-03,1.0987479802272138,High,4.9276813368581545,4.848491598821748,2.382236411182287,3.1557247872524727
2020-01-06,0.6880191178877781,High,3.409707890671532,2.713900910460078,3.0352401799682927,3.4831919818503696
2020-01-07,0.4988913117573245,Neutral,2.438550690353882,2.0015544217178305,3.0723605732989463,3.7504116382023445
2020-01-08,0.46616041697441435,Neutral,2.159634605089572,1.9884629607827133,2.726861229756099,3.9929162548202535
2020-01-09,0.7597301382677715,High,4.071881516682951,2.6917972596591633,3.025344927247478,3.3568018794014853
2020-01-10,0.452469732022554,Neutral,2.1842475193148374,1.8425458301684743,3.435689401922892,3.17645960640747
2020-01-13,0.5494207161530095,Neutral,2.6866979440141443,2.090659125049115,3.3170988009003612,3.0170408579534067
2020-01-14,0.468768278395716,Neutral,2.1462315801440646,1.9350807438344322,2.885849630061199,2.849818396235645
2020-01-15,0.34122776360996854,Low,1.5853388990519575,1.3847188549574945,3.2610694925427124,2.7142861360122
2020-01-16,0.4530704792459085,Neutral,2.318286794800052,1.5863732383616143,2.7473788223185287,2.6841151314471023
2020-01-17,0.46606923700234043,Neutral,1.9555627916222498,2.065636184447294,3.0080536905069897,2.7552644429563546
2020-01-22,0.7126160672398174,High,3.2925422500107255,2.8416121694936964,3.040431743642346,2.729356927710217
2020-01-23,0.30677863099935787,Low,1.3181616642364462,1.327237816032005,3.230261076759398,2.7195187522622617
2020-01-24,0.6793315716512071,High,3.1002703867775954,2.7491830754578284,3.3952058395247233,2.8901995243390095
2020-01-27,1.0780487436873543,High,5.659382843318882,3.6815080587238875,4.019434045784492,3.184303975286744
2020-01-28,0.5902372664372497,Neutral,2.85054904696458,2.271223552639089,3.6951960886718895,2.7270794692799813
2020-01-29,0.3859892896207244,Neutral,1.4311111302390034,1.9315504286167946,3.90972589509984,3.212613482221826
2020-01-30,0.6008146146546662,Neutral,2.1596932980112142,3.0765611573919314,3.6484810931425193,3.112256022442551
2020-01-31,0.859653312717032,High,4.553658995801917,3.042775532122478,4.179050446534702,3.6763118671053965
2020-02-03,0.66281044118828,High,3.4854158421389814,2.371536917081846,4.530529314322235,3.7501735211332883
2020-02-04,0.8424709357213909,High,3.633039782169727,3.799483462207191,3.2463023142984087,2.852271623210848
2020-02-05,1.0281084608091287,High,5.3035698094174855,3.967767468092791,3.156755415084695,3.1207020640943357
2020-02-06,0.43220510698460013,Neutral,2.101283224910883,1.7908984942073667,3.4116568428772505,3.2434159651007977
2020-02-07,0.5877891421717737,Neutral,2.4041706395797995,2.8700763112130465,4.208119573679825,3.716243908656812
2020-02-10,0.5270493806053097,Neutral,2.4407036185815203,2.3004824611195698,4.098307614391469,3.7263113705200506
2020-02-11,0.42972206473765245,Neutral,1.5635158278037253,2.284244691573804,3.5162891846152955,4.023064459708816
2020-02-12,0.4716339897191404,Neutral,1.906010927731827,2.325005067762959,2.991306920360416,3.737030515176588
2020-02-13,0.27618166517394827,Low,1.2253346207837206,1.2568664115996884,2.817893949436484,3.8431156188724307
2020-02-14,0.3267942420295187,Low,1.3345291223484559,1.5977148831748005,2.915691621257627,3.7881670099246594
2020-02-19,0.95347584943923,High,4.954988383272078,3.7263828612801215,3.4545861799704163,4.3523744559781505
2020-02-20,0.8847584591230231,High,4.4808146296954945,3.5657505514067713,4.103817054528203,4.846440539576999
2020-02-21,0.8638218864518026,High,4.14434705734297,3.6982059495980297,4.39199477817516,5.611454004080897
2020-02-24,1.3870579446271716,High,6.581266175113331,6.077991809662191,5.7350053144493085,6.309935609175039
2020-02-25,1.6053876032444632,High,7.949014046445092,6.897114263584595,5.277702058440751,5.947851405880811
2020-02-26,0.7827233174859282,High,2.973194187357825,4.188192119164104,5.264846986457243,6.108569326073542
2020-02-27,1.3569527668344543,High,6.433137885140971,6.261338136209914,6.07129625921155,6.759418158642727
2020-02-28,2.6510827255169795,High,9.967933806244389,14.89259269352044,8.021575800374748,7.776081203133257
2020-03-02,2.013940678479765,High,8.970965982062353,10.377823368487373,8.145104982113997,7.555666363104597
2020-03-03,1.2950775666399335,High,5.409220692929011,7.000479081568213,8.634065912620885,8.071622445533745
2020-03-04,1.4115828340382457,High,4.932424248308907,8.479233220033239,9.572644839482962,8.31350828119408
2020-03-05,0.9426183840387932,High,3.4810841917709103,5.542683701611806,10.072382593146738,8.283279715971839
2020-03-06,2.4946451673546104,High,7.9572017651349825,15.93231249129083,13.407378478505258,9.924787434894716
2020-03-09,3.599600445888279,High,10.681185286147818,23.88612451726104,18.983493066779342,14.279972808850403
2020-03-10,4.199611036857606,High,11.305188873334501,29.21702502861786,7.03262040412646,6.653082946825021
2020-03-11,1.9181824368800737,High,7.105623289178815,11.955857792171276,7.131864784844651,6.802225440604471
2020-03-12,2.2177341711607435,High,8.020854748208073,14.391903498994715,9.49642735702892,7.721865485065318
2020-03-13,1.7855997719929373,High,6.253917809306719,11.954369722118685,6.852820008149057,5.721851302773674
2020-03-16,2.1810885689759707,High,7.295995997148308,15.280255698337662,9.933239757754475,8.304301731566683
2020-03-17,1.89955877296041,High,5.383161037795097,14.240114743380516,8.742798505121751,7.745643973570327
2020-03-18,1.9007544934584404,High,5.713908954961079,14.339602276589847,12.213414251614282,10.205148605907583
2020-03-19,1.0135816467813246,High,3.5727122774938143,7.338418570664016,10.31297111957816,8.647692922599505
2020-03-20,1.6825543735366457,High,6.300554279251715,12.25293898525149,11.091796659277044,9.955953440890331
2020-03-23,1.2828985891116444,High,4.873788651564528,9.29648685201398,10.86421474094012,10.00554080235891
2020-03-24,1.7946537677678795,High,5.944943711151609,13.764858448196525,7.416796159243175,8.195739558845736
2020-03-25,0.6659498989945737,High,2.0927778184446226,5.202899158956297,7.438365134400925,7.822751413828652
2020-03-26,0.8987562024845062,High,2.5954498792884455,7.225014342711574,5.113010117996328,6.847167822362533
2020-03-27,0.7673763407509712,High,2.945116356385911,5.594862747884863,6.158462938753637,6.77056099279685
2020-03-30,0.9062708357727818,High,2.7202826336756334,7.312981678979961,4.95179426475618,5.697105649135015
2020-03-31,0.6517934578033052,High,2.4880112995484365,4.8052512291055764,5.179462445497265,5.703459183879725
2020-04-01,0.6039659512001777,Neutral,2.0629350358431036,4.659894812937338,6.404570891974784,6.265916521559671
2020-04-02,0.4031427211024558,Neutral,1.5084323666442074,2.9981194644146023,5.371427782770437,5.54908934281266
2020-04-03,0.5068069247846898,Neutral,1.8519236493243323,3.8069891442611534,6.426675294712447,5.905300278911919
2020-04-06,1.1814000658557893,High,3.561384370682077,9.583532976943708,12.51846973764607,5.3527801598832045
2020-04-07,0.34859393756496426,Low,1.0044391031563362,2.8677270804892796,7.103656325393547,5.626967785512931
2020-04-08,0.45600642666302943,Neutral,1.4328219956307282,3.6490877301670532,6.605038960111496,5.209535240975332
2020-04-09,0.5700631282039947,Neutral,1.916360395852138,4.454127868263634,7.086998367337851,4.605585490806079
2020-04-14,0.9340664232775753,High,3.1087913852311613,7.411845827057945,6.915454673872655,4.489006638053326
2020-04-15,0.5633946818595388,Neutral,1.5322069504295408,4.769040392033789,6.75437996040721,4.617662118179304
2020-04-16,0.40189710950144614,Neutral,1.4207521923707012,3.116690962045282,6.679327533419374,4.86129318746081
2020-04-17,0.5649567233934979,Neutral,1.958365025891392,4.415002689095206,9.14287287103191,4.464743517236328
2020-04-20,0.3465084184974906,Low,1.1195467724438233,2.778902214366665,7.4982037994241,4.690649214489666
2020-04-21,0.4579862583511472,Neutral,1.4650440620247678,3.685702819379228,6.841464267238668,4.58667671447359
2020-04-22,0.493658591636418,Neutral,1.5478891282432823,3.9999970536624643,6.564872446433725,4.131125726324722
2020-04-23,0.19816038479364084,Low,0.7596490747528274,1.485252909857001,4.165718569640886,3.935800966268382
2020-04-24,0.2984475676571683,Low,1.2827303425721388,2.116252936217847,4.948585007152707,3.6809708307729334
2020-04-27,0.37858560283426557,Neutral,1.309300058997874,2.961192780764375,3.6625766324926228,3.3581047107319066
2020-04-28,0.38958418426742825,Neutral,1.2189961947798924,3.1589380113828915,3.4757955174420285,3.0625989497360484
2020-04-29,0.3679208416943984,Neutral,1.1472514674982108,2.9867288855189598,2.918142999674961,3.1501470995722958
2020-04-30,0.48916387900060493,Neutral,1.74373517583112,3.7808314230379163,3.141681108589337,2.96189674191636
2020-05-01,0.4863573079115972,Neutral,1.445104157677134,4.010379655712478,3.7124229611658395,3.0672669924883245
2020-05-04,0.269194582602597,Low,0.8757213338250591,2.1536692208102233,3.4102998139484755,3.0756658314323415
2020-05-05,0.19455461056260498,Low,0.7629263739455767,1.4433417955963848,4.6150495931266216,3.306131612948164
2020-05-06,0.4418683384259973,Neutral,1.3352169387576125,3.624121603210491,3.559184042649854,3.5487235274489257
2020-05-07,0.46488916583146583,Neutral,1.4398482919053865,3.782408387528997,4.164759122569827,3.382621226654284
2020-05-08,0.326518610530557,Low,1.2571754336182024,2.4425677474540564,4.100033815138388,3.1500895814582974
2020-05-11,0.3390857997611366,Low,1.1106906831274126,2.7062081862639995,4.470918129427267,3.533151059701037
2020-05-12,0.3910673600317536,Neutral,1.6099532861524481,2.83468743619378,2.791060869210867,3.4566199446627315
2020-05-13,0.2917552994705284,Low,0.939676677438843,2.342379276199404,2.678104463088533,3.581473851298031
2020-05-14,0.2960930348696395,Low,1.038396395498709,2.3034337273097276,2.130943520001972,3.379615029204693
2020-05-15,0.21634877793040908,Low,0.7314953619950205,1.70677946253848,3.1841269608237,3.1934963965447856
2020-05-18,0.6166772314378701,Neutral,1.7655785740799859,5.143062390541327,3.2630433049988943,3.344357125102486
2020-05-19,0.29844878442959,Low,0.8696101910870498,2.475874976027159,4.032652515858921,3.603831179646419
2020-05-20,0.33738599221447385,Low,1.2718439531930945,2.547516449535623,2.678670249224708,3.7162717476287006
2020-05-21,0.2958756948534161,Low,1.0541451245397366,2.287370663226077,2.4913286504545518,3.430083818308487
2020-05-22,0.1686369443129545,Low,0.660324120061711,1.2519097194318747,2.3631988141570517,3.2414891228714824
2020-05-27,0.7187148449511145,High,2.214120611028236,5.893214546499071,1.6731210162713395,2.813628785960569
2020-05-28,0.20918967323631155,Low,0.66859591265837,1.694132768470963,2.3068628427661837,3.858067272315557
2020-05-29,0.38325779986943315,Neutral,1.088437302249892,3.223368864869989,1.7993077891616807,3.9825840358237214
2020-06-01,0.18142427441216966,Low,0.6114687125147794,1.4415880428619465,2.034918814243875,4.011568893423154
2020-06-02,0.18727693180304986,Low,0.750206465130339,1.3838720731189742,2.098795116866949,4.929182147711399
2020-06-03,0.604023196365603,Neutral,2.1282110106481147,4.718600795694748,2.731889041904049,5.679302147783882
2020-06-04,0.43048841884875505,Neutral,1.4925270821834666,3.38419380694171,3.1230182174012135,8.41210316624944
2020-06-05,0.5604513620962441,Neutral,1.7636650948425536,4.563018037691611,4.232393935702488,12.741536850835809
2020-06-08,0.3524439921851515,Neutral,1.3827936105444532,2.6298042073863623,5.398396930321805,6.955338174878924
2020-06-09,0.5078443327008844,Neutral,2.194800710308234,3.6121829327802235,3.9631740374003757,6.111476429794157
2020-06-10,0.4845352642452524,Neutral,1.649816097175934,3.835425825830629,2.8974324917481766,6.492153829510825
2020-06-11,1.0653031374080633,High,5.866821459049366,6.545135495552153,2.255517784527587,4.681306421211906
2020-06-12,0.3578392555865465,Neutral,1.444060253820721,2.664965020362817,3.1390071910899513,6.09224289022366
2020-06-15,0.23510829320869597,Low,1.0417340268213588,1.6529952987504624,3.2531463401662744,5.371102013993955
2020-06-16,0.2839860792572758,Low,1.0931265429361348,2.1454180898707973,3.7657272652801304,7.500771684197927
2020-06-17,0.1640768432355382,Low,0.5491424215783044,1.3137848094372206,2.3115507074155546,6.1840140964316515
2020-06-18,0.2774963564940011,Low,1.2682559367326904,1.9161547128193253,2.7521396111407697,6.622102039513331
2020-06-19,0.28933632046257907,Low,1.3536492079465052,1.9697376456299527,2.511587932316752,6.242814540030996
2020-06-22,0.24397254932143606,Low,1.2788810184934798,1.5370990066741872,2.252908019793303,4.410782147506365
2020-06-23,0.2589264019219611,Low,1.2563154238736323,1.7222388045108488,2.5421578534080895,4.98451531763893
2020-06-24,0.36000031146810607,Neutral,1.7370122758099567,2.403278565836726,2.6168249586457306,4.359363487139802
2020-06-25,0.30002106727861677,Low,1.7183412565404461,1.759028252285327,2.42049489150228,4.638651280209832
2020-06-26,0.34606958378854674,Low,1.772761685621706,2.21754078393381,2.066298758504068,3.7354503667499364
2020-06-29,0.31274218877800064,Low,1.3892780044236475,2.1956173798789522,1.7276978404027212,3.9210427513612833
2020-06-30,0.3048605316378944,Low,1.4156273116255949,2.061530686810518,2.065368510292168,4.4939414266858275
2020-07-01,0.38714751367763967,Neutral,1.9149904381294758,2.513546542949633,2.7209457276165496,4.465573655965373
2020-07-02,0.25160898859388003,Low,1.5072624735240936,1.39962011704022,3.1321698837439906,4.538198330297226
2020-07-07,0.42022364527388884,Neutral,1.9638101813559041,2.8305160826801212,4.728378461189312,3.9115257243284414
2020-07-08,0.24146580617958385,Low,1.17469748095913,1.585247338086189,5.013548160244571,4.456218043900074
2020-07-09,0.5103438820064737,Neutral,2.3916568093860056,3.431582637013075,5.0077145039178825,5.055876359750117
2020-07-10,0.2629190478764797,Low,1.2400884589301933,1.7607997159935136,3.3940034196414874,4.634160007387172
2020-07-13,0.5853359012460881,Neutral,3.4007332218772564,3.3501825726309455,2.363651982765471,2.893596135549524
2020-07-14,0.4535417780022491,Neutral,2.2809035518495855,2.911214749875116,2.472792202381847,2.7721382797390395
2020-07-15,0.2268143751294873,Low,1.127465484752587,1.4676460585705975,1.9881022910904846,2.579310247688347
2020-07-16,0.32263889116582284,Low,1.851008015857909,1.8675460311520038,2.3121669064550616,2.6233381041719745
2020-07-17,0.37544586496842125,Neutral,2.0470055964249387,2.268463820931262,1.980881328511583,2.6180821864541683
2020-07-20,0.5205620724261416,Neutral,2.4383690420424995,3.501335778233496,2.5272375194715435,3.5222493133047
2020-07-21,0.44741635395164353,Neutral,2.3746796700597876,2.7609519922997565,2.206349630078985,2.801880300175263
2020-07-22,0.36521006521971244,Neutral,2.11808076546129,2.0936245346322084,2.334309618173221,2.859848817260458
2020-07-23,0.49828869948635734,Neutral,2.9121654790665796,2.8196838629644674,2.4175870059604128,2.484054305838472
2020-07-24,0.35426150176232285,Neutral,2.0684717802352424,2.0063988225187295,2.7265431157706868,2.495002330994231
2020-07-27,0.6363795988253498,Neutral,3.6492130283338358,3.6630695101145228,3.096213711063573,3.5056492462574074
2020-07-28,0.40577906400926533,Neutral,2.3696279122828043,2.297860839378038,3.185875151000791,3.0874888171176718
2020-07-29,0.2647260512894252,Low,1.2304694632376514,1.7783390604353262,3.6874459117442533,3.4991620035797038
2020-07-30,0.45329695797629005,Neutral,2.329841900617302,2.8478009705232465,3.2103481077717855,3.542826650049652
2020-07-31,0.3296919586741269,Low,1.7055472267174328,2.0615196725138905,3.564409353254379,3.501008721507371
2020-08-03,0.5440829101171604,Neutral,3.2972276202577055,2.9748757327522717,3.182773004472695,3.3861417008570234
2020-08-04,0.5431119811469278,Neutral,2.787153826500598,3.4158775541052577,3.7739265620260407,4.210863251902792
2020-08-05,0.4376235579165213,Neutral,2.2861795436615133,2.7166742666180035,3.6375165737173742,3.651947726959476
2020-08-06,0.3073584321992231,Low,1.6969608587221134,1.8272000293471662,4.178925547509642,3.961409030901911
2020-08-07,0.5008618538793776,Neutral,2.8659980585268663,2.8884242419823956,3.919545882257792,3.579040812298956
2020-08-10,0.35458612291407465,Neutral,1.601061776202792,2.4236681161002256,3.871268149171536,3.366457094855596
2020-08-11,1.2642816272694615,High,6.909300309614856,7.7778502352301935,3.015612210278804,2.862814894344761
2020-08-12,0.43007697833302455,Neutral,2.504509589708299,2.5119860895268302,2.310084820932377,2.8055647268889965
2020-08-13,0.6624670055127757,High,3.5048245177028567,4.1758350128847965,3.969749365756802,3.1140859083843355
2020-08-14,0.2283511854218304,Low,1.2906778807935222,1.3677033156085234,3.0938467319463734,2.521358273837964
2020-08-17,0.4506483598317005,Neutral,2.0248720707512478,3.152648062304594,3.5782262047757634,2.7169771410345165
2020-08-18,0.31646453994308393,Low,1.6779746623722227,1.9916103350327936,3.394896110549425,2.7380666121850314
2020-08-19,0.6920380434620164,High,3.8061417336857257,4.236439332623272,2.5131460005152872,2.5304656060385753
2020-08-20,0.49598053980429135,Neutral,2.992443906694842,2.806475878118597,2.3847982280772753,2.5900816973367857
2020-08-21,0.32876579326180766,Low,1.7815529301604953,2.0357218837634488,2.2955652160025126,3.020156234660554
2020-08-24,0.2448325167740673,Low,1.2829691382949875,1.554001538891555,1.7747221471021397,2.693203825914464
2020-08-25,0.31645326724942907,Low,1.6775435250008348,1.9918618634487433,2.5365770552387046,2.9512832824923967
2020-08-26,0.49934148224248853,Neutral,2.6752078553894663,3.1185689864267365,3.035455037286999,3.2532572161761784
2020-08-27,0.5274107421995737,Neutral,3.26732076175579,2.910299456574656,3.888132313428667,3.353773552346477
2020-08-28,0.4688469955237218,Neutral,2.4495932508511395,2.982166145907727,3.486312990472763,3.5381471777477467
2020-08-31,0.604485953164273,Neutral,3.352668497392152,3.676112044104275,2.82499966060288,3.470783558775599
2020-09-01,0.4242642152644113,Neutral,2.5094767602823445,2.44432863609039,3.6797641180018568,4.269849758208413
2020-09-02,0.5507368078903896,Neutral,3.1252497806329407,3.2878593535045497,3.874519892999744,4.010812548155098
2020-09-03,0.7988103520769738,High,5.034909755300463,4.3330017432234165,3.5581856425514093,3.0888474950302873
2020-09-04,0.8868034601843586,High,4.821052297845791,5.539106213318793,3.5070310554515105,2.4803957217636805
2020-09-09,0.4774200747154052,Neutral,2.6483083395320173,2.9356355695320118,2.7848941847943287,3.0121728236276852
2020-09-10,0.35910008249296416,Neutral,2.4619081425318283,1.7954473944529403,1.5745320667661264,2.5739497959730433
2020-09-11,0.41144777270127614,Neutral,2.511591963548736,2.3286822042833304,1.1422922287572759,2.5150735574433125
2020-09-14,0.2449656632156536,Low,1.3621764088897494,1.5033667921481246,0.9276455265704724,2.5180613850590317
2020-09-15,0.30370761129708085,Low,1.6588998362208836,1.8901431454888047,0.9827785064148435,2.4965653362263387
2020-09-16,0.3610001476885025,Neutral,1.8222145603092743,2.3780915362739106,1.5186769153512976,2.6455419492784187
2020-09-17,0.2923668300101222,Low,1.5846128316933787,1.8304002768447807,2.151758039754264,2.29742685627595
2020-09-18,0.3427048482295598,Low,2.0094264510359747,2.0120927754867273,1.7803310770327943,2.2339373675829366
2020-09-21,0.601741741354965,Neutral,3.2304550497292897,3.7944616850667505,2.2350107252535665,1.785973564228846
2020-09-22,0.3203187536848564,Low,1.6896634316048444,2.0461816616254627,1.6784243094053837,1.6845715170383968
2020-09-23,0.5847266649700467,Neutral,3.357543466558528,3.456553124363982,2.32491897750313,1.7631907278212346
2020-09-24,0.15401176393808283,Low,0.9545663924299722,0.8494509895359362,2.187078502027145,1.7410163735112878
2020-09-25,0.33665571363534896,Low,2.005168447315981,1.9275285239652689,2.8420528539046086,1.8277189365437434
2020-09-28,0.3369180275765068,Low,2.0628503528141113,1.880299814047551,2.1617097459508114,1.6387022201285546
2020-09-29,0.2349113493476661,Low,1.2832172170674803,1.4456707201135393,2.5812771460977038,1.4511507305418492
2020-09-30,0.30478496653432063,Low,2.037899562325474,1.5517971261632002,2.6307353887406917,1.194927428524512
2020-10-01,0.30666572105230516,Low,1.4802047696149327,2.05655889267677,2.5262394843059752,1.389637403509123
2020-10-02,0.46291510201530806,Neutral,2.183497092790977,3.1485844614859992,3.3384870912379396,1.6215726261081318
2020-10-05,0.5821082489534442,Neutral,3.8686757463995565,2.984184626158464,3.31085046443035,2.6384859972985755
2020-10-06,0.34556217706204057,Low,2.113234445242606,1.9307486707639099,2.2355637726568065,2.1264671043929124
2020-10-07,0.3345340558527591,Low,2.2210073899328924,1.7169871927784863,2.0150337514933856,2.306272925925515
2020-10-08,0.29324832997771966,Low,1.8251554610296898,1.6108105477332222,1.8486744903917216,2.672543941723409
2020-10-09,0.3491350787749527,Low,1.6293845993025253,2.3898283134138847,1.9632385488732564,2.716448236638692
2020-10-12,0.5065670611841866,Neutral,2.616341019685283,3.248425534676112,2.313894440099028,2.986872120505254
2020-10-13,0.4776320090844546,Neutral,2.4988642211300935,3.03511662530504,2.0260702889966056,1.9798494983891433
2020-10-14,0.1649605496710341,Low,1.0593032923503145,0.8778180117557882,2.127937797571065,1.8287708542265304
2020-10-15,0.20556024645958298,Low,1.1023136194685612,1.2829036780238883,2.1084572686724914,2.198862669231825
2020-10-16,0.20403741070664227,Low,1.1132170977962224,1.2568407747055343,2.2566741816622238,2.345893351298671
2020-10-19,0.33203054049317016,Low,2.150368499608036,1.7510435409835274,1.7054534749516643,2.6316498103090327
2020-10-20,0.2605841836165397,Low,1.4928163852399774,1.5434366316758286,2.0647606197041144,2.6933766930873264
2020-10-21,0.24284881628283866,Low,1.286533479432477,1.5292892216057399,2.5117893543895815,2.459099840646978
2020-10-22,0.43621717273673466,Neutral,2.7463957888620483,2.368860095597479,2.7659527754754007,3.0034015189825345
2020-10-23,0.25901486236253124,Low,1.6425523152863821,1.3963139698641216,2.910289654217702,3.0989934145670213
2020-10-26,0.499359711847999,Neutral,3.717136811883256,2.2140234500252016,2.5904801442604373,3.393538850270999
2020-10-27,0.3280651017489987,Low,1.8518430864496918,1.9670506770027847,2.6086129663457363,3.37623611964801
2020-10-28,0.6305553463826408,Neutral,4.102424889189673,3.30916159227186,2.6259363306241146,3.4360373631118364
2020-10-29,0.4028479887075751,Neutral,2.3317233420112218,2.3652960803657233,3.1662698826634363,4.7990966337369185
2020-10-30,0.5352496323968474,Neutral,2.725326135674388,3.466356678586218,2.940461468127545,4.4874428390413135
2020-11-02,0.45716832879154523,Neutral,2.995155034215838,2.381167669646081,2.2231051509143325,4.515924829091509
2020-11-03,0.31516498625768796,Low,2.074517569472134,1.633116122395116,2.542270179580144,4.091931699954417
2020-11-04,0.9367716040759723,High,5.483180987175373,5.493930313944402,1.4575283813875533,3.262629830578679
2020-11-05,0.4841513324797757,Neutral,2.6597748659921616,2.9918969912200266,1.7546382265083176,2.2190589453242655
2020-11-06,0.5659585285657516,Neutral,3.6251773962749976,3.0455496537277864,2.268731764214052,2.7582895836672647
2020-11-09,1.3200326898900028,High,7.469589888851157,8.075544132440635,3.8421355046482355,3.5029031486662285
2020-11-10,0.9352117871369132,High,5.869913491113009,5.220703591466999,4.167783662983061,3.2275399775550184
2020-11-11,0.427170316083465,Neutral,2.2180945664182983,2.7857826124926137,3.5792605031304054,3.5424259848719575
2020-11-12,0.38626887823312084,Neutral,2.5767549705723654,2.0243464430237617,2.681633202003111,3.2154112328970483
2020-11-13,0.3054726830064437,Low,1.9631227316042472,1.6655821538379567,2.696537090133307,3.0247849672848326
2020-11-16,0.2752057772619535,Low,1.7418491126362614,1.5237376812366143,2.95799257152546,3.6026767758647056
2020-11-17,0.20233673327336155,Low,1.2064709991232994,1.1845369349139634,2.6052881841113846,3.274757798784746
2020-11-18,0.28640329582016955,Low,1.6545418407294048,1.7227671244863079,2.9434337295263093,3.397500913597217
2020-11-19,0.22921496790857343,Low,1.315024271003541,1.3866893882189824,2.4102480979804257,3.005629779352274
2020-11-20,0.2094562211727664,Low,1.4206241700554683,1.0774698191981065,2.3104059374754637,3.477334370663804
2020-11-23,0.4267490556077558,Neutral,2.3909679133767843,2.631378923857733,3.3650124052138026,3.4806404822577406
2020-11-24,0.5198336990562424,Neutral,3.4224636205258943,2.7635612833612972,3.8749202659291058,3.944102925734706
2020-11-25,0.249438647392752,Low,1.4623573712656903,1.4819146688781915,3.481667427415241,3.7620648824835454
2020-11-30,0.5301680166352589,Neutral,2.824376439760277,3.3955708908295423,3.7185487941197177,4.051186889714589
2020-12-01,0.6762752202962303,High,3.861836097591198,4.106885035274408,3.4933711773276857,3.9763617787829615
2020-12-02,0.27661362273623435,Low,1.6517109497534248,1.6173392349305007,3.073381085087762,4.109406816433615
2020-12-03,0.25109953640026156,Low,1.6569532194289036,1.3316375004769654,2.7962581604769006,2.980734914691141
2020-12-04,0.4014842254924009,Neutral,2.5779902192586492,2.1909465337915623,3.1027967378228465,3.23735456109471
2020-12-07,0.369393472367067,Neutral,2.224619735707228,2.1434401206516984,2.5724831248840414,2.994786776943249
2020-12-08,0.16795100017353892,Low,1.1296930573156463,0.8721260874561699,2.37151372527302,3.1168194069369206
2020-12-09,0.43628265758354945,Neutral,2.2349883824267627,2.871563620847382,1.4323503361750007,3.335162297561952
2020-12-10,0.24530223916895466,Low,1.3802679346084827,1.5074469427623,2.353486781264219,3.186610388370881
2020-12-11,0.16751584169600536,Low,1.228526816835235,0.7817102964055517,1.8107434038815164,3.0347546096863605
2020-12-14,0.3475084997259186,Low,2.001619639001869,2.095458596939516,2.181578132966125,2.904897371684994
2020-12-15,0.34339056917443606,Low,1.9387141281708355,2.1045753121336164,1.9266296039589093,2.886830829112186
2020-12-16,0.237587558075204,Low,1.4836219780398314,1.3328962587621973,2.0317261349730593,2.7848678102470363
2020-12-17,0.223001967129779,Low,1.222869043875344,1.3980580820578927,2.0148902848416514,2.895685266843789
2020-12-18,0.23267175582975175,Low,1.4479524410948412,1.3096258527642182,2.116241425914794,2.960045049352378
2020-12-21,0.5392591536312022,Neutral,3.8971940853193936,2.566363482515993,1.925259694850226,3.041934109632093
2020-12-22,0.32072278328790627,Low,1.841839435829619,1.9387039518132492,2.13141587165991,3.116174700917191
2020-12-23,0.3108473117435649,Low,1.704478817549008,1.9488746932900092,2.2898205114271164,3.3440970639361676
2020-12-24,0.25764445602114094,Low,1.7372600563315386,1.33419083781703,2.432788224135538,3.235685004627016
2020-12-29,0.3502195695244723,Neutral,2.1651352620146747,1.9836792511335446,1.9876070317459849,2.9153038802991333
2020-12-30,0.17660570145346727,Low,1.1294835125589076,0.9676807586716972,2.5707386585017815,2.8672366298463827
2020-12-31,0.2659183516480153,Low,1.8132191409833585,1.359563648145509,1.4437009721960548,2.603542850296081
2021-01-05,0.6401717389263721,Neutral,3.739886067038087,3.8146778526331757,2.155121277306963,2.2994949329894263
2021-01-06,0.6205435802911758,Neutral,3.3108768320570983,3.9700332488715127,2.4746367844436774,2.8653443093617894
2021-01-07,0.49805938494088536,Neutral,3.271166774017874,2.6546821309069535,2.0818920857250074,2.6197256196345915
2021-01-08,0.7833452669062877,High,4.751356358938555,4.516178239137513,1.8598488717436454,2.8086567210351316
2021-01-11,0.33440590721113667,Low,2.1255778098032296,1.8436846565625993,2.1814665643702784,2.927840730052464
2021-01-12,0.2020325002680562,Low,1.076642113628448,1.2936560847579412,2.1397567420763433,3.0094860373672194
2021-01-13,0.3445296510253324,Low,2.107829014641486,1.9706222779409932,1.887480110898559,3.142903102355405
2021-01-14,0.2641309061311503,Low,1.51420258237438,1.5989066342048779,2.412870133042999,3.3351131706841026
2021-01-15,0.2983060430084835,Low,1.7319346753567413,1.7868871116488407,2.092120593010201,3.0578648590736655
2021-01-20,0.6294525235864651,Neutral,3.490594198522461,3.912517583069251,1.9266041075914224,2.8657997081228275
2021-01-21,0.25397622367511696,Low,1.509279341440128,1.4912690301669205,1.9559125537932915,2.7748776184264323
2021-01-22,0.22695947677117623,Low,1.1840288255562186,1.475316648954337,1.8835081534671678,2.7664805257925025
2021-01-25,0.36782787498903946,Neutral,2.2158665973722096,2.1337704486198863,1.85893780309677,2.7667904663934615
2021-01-26,0.12212178007310338,Low,0.7243767846484421,0.7182254419830368,1.6810852354210057,2.4662690833700833
2021-01-27,1.4300306237335842,High,10.025041679473755,7.300051266163392,2.6108976932177668,2.9618204739179474
2021-01-28,0.4561947027941263,Neutral,2.654575887580033,2.792051008980027,2.3143720884679126,2.6758199713149646
2021-01-29,0.4097294230826055,Neutral,2.8585696235104425,2.1033447395342377,2.7505087546204616,2.7949275935012885
2021-02-01,0.4034322408399843,Neutral,2.2164141620497073,2.5809032603549587,2.7746938490601325,2.673735893828152
2021-02-02,0.3704135096645266,Neutral,2.2445962994071924,2.1910350699814813,2.7303558886009136,2.518860237419885
2021-02-03,0.32948888037328805,Low,1.823037414567664,2.0968993458247374,2.960334242310855,2.674133351263436
2021-02-04,0.41556903441573445,Neutral,2.22546503871117,2.7076645721991373,3.4409906082817012,2.8994627881175847
2021-02-05,0.35254906234220185,Neutral,2.0433400306418656,2.1646346506415144,3.5915709015207753,2.828128899283841
2021-02-08,0.25705032191526483,Low,1.6492211557936785,1.442429641734257,2.966390776780781,3.096058210080111
2021-02-09,0.11969660714942598,Low,0.765343126762934,0.673910132581373,2.3866619300388745,3.136562529399374
2021-02-10,0.32033456836927987,Low,2.2635305580258933,1.620022018375034,2.112787963449354,3.23480370156358
2021-02-11,0.21211688877179535,Low,1.2653161523874434,1.2717826608729619,2.181834298332697,3.1611772597909167
2021-02-12,0.31001051892822173,Low,1.9895167260370679,1.73918300369519,2.401374544795703,3.346592359424617
2021-02-17,0.8465166306328594,High,5.822418651830112,4.416756485056169,2.4586519141601078,2.8840157185190747
2021-02-18,0.268042501886673,Low,1.7579207296108192,1.4715746027692311,2.3669655858361107,2.846479156688071
2021-02-19,0.3794500047021089,Neutral,2.27718374834697,2.2633840358757618,2.417026542292316,3.183568074885965
2021-02-22,0.6873782216480614,High,4.161245021956941,4.069378460235116,2.6502781189787634,3.1867220032132932
2021-02-23,0.3088605928578978,Low,2.009443002896962,1.7094579666123009,2.6409083344727415,3.037979254567189
2021-02-24,0.27377501534860404,Low,1.938867717145533,1.380863483480135,3.117027463030288,3.120420845886492
2021-02-25,0.8750450028549116,High,5.4907616590819615,5.015533607277859,4.206382970995799,3.7749980916771637
2021-02-26,1.0933798833268167,High,6.80922590998193,6.489098804477346,3.522257818723062,3.7159934114372395
2021-03-01,0.5819992448909737,Neutral,3.8289237295536886,3.2841928538625766,2.9472011558000277,3.622355666906271
2021-03-02,0.41708515709300614,Neutral,2.9044481630379315,2.213911702042711,2.8545840992412392,3.4666593911810994
2021-03-03,0.5099775787281664,Neutral,2.865127040272059,3.2757517029728564,3.91316245364921,3.545394601702076
2021-03-04,0.40780826367152545,Neutral,2.5682513245256784,2.389785145816572,4.185131764639805,4.232785191971055
2021-03-05,0.5202244887759707,Neutral,3.719478165043659,2.681146645077659,4.118273282566316,3.7243564401457867
2021-03-08,0.686627401513989,High,3.942760120139531,4.299494865199108,5.114346996306316,4.17191829584883
2021-03-09,0.7824488947527819,High,4.297177286062304,4.926523221194798,3.9763090637871343,3.9366031853660295
2021-03-10,0.4347379687111964,Neutral,2.784972385176,2.391076057814439,4.214496013997206,3.8550307440918163
2021-03-11,0.4430976348845913,Neutral,2.5517747283188754,2.6566060947703996,3.7013002093130805,3.6311847683303347
2021-03-12,0.49940894241917033,Neutral,2.6246926439385105,3.143438242655098,4.281012867245657,3.8643788749263277
2021-03-15,0.30852888792861477,Low,1.9747762914864617,1.5653737111900314,4.224593375886566,3.6463750290685573
2021-03-16,0.21861150790829306,Low,1.2595997613703704,1.240209480229574,4.051809708624659,3.5752664238378657
2021-03-17,0.23376135343021862,Low,1.1587408010770195,1.5027156639166421,3.480466010327443,3.6291636637758717
2021-03-18,0.5182589802775227,Neutral,2.537190111433694,3.3614152035937765,4.101674362343172,4.0460419384623325
2021-03-19,0.3516765663788463,Neutral,1.9260150526415134,2.0669941693950773,3.581374648628497,3.8083109406182443
2021-03-22,0.39657168973931034,Neutral,2.046676167555735,2.439945643688585,2.576102039495428,3.5834732420502906
2021-03-23,0.3686295169380412,Neutral,2.1236832082531834,2.031717630916736,2.758188415510945,3.4535394092109133
2021-03-24,0.45597306419192396,Neutral,2.437511905920855,2.6157947841463467,2.9586207511733793,3.6959912186501103
2021-03-25,0.3526085390459557,Neutral,1.7737956046108674,2.098841241538737,2.639643058448692,3.40989722855094
2021-03-26,0.3601104679057013,Neutral,2.269598257909947,1.6602212445483528,3.1733919568180844,4.003630033608332
2021-03-29,0.4487055122527378,Neutral,2.102025310596648,2.7066559146555638,3.5404896672332944,4.215575915074425
2021-03-30,0.4561207042277149,Neutral,2.207687831462046,2.560401750303583,3.0507166225866467,4.197162287477373
2021-03-31,0.5380416796542599,Neutral,2.621885390106264,2.9395727173123465,2.5456084650943365,3.8411452044259455
2021-04-01,0.5633317148730762,Neutral,2.8508693040581337,2.9577960824838008,2.6416926608863918,3.8544826390728493
2021-04-06,0.5342833629969941,Neutral,2.9992252234811563,2.3979216218642896,1.8770348840325124,3.7981289550295774
2021-04-07,0.3869140971417251,Neutral,1.9402507226710515,1.8620334796201183,2.3164190305559393,3.361296559423984
2021-04-08,0.3469797817874686,Low,1.6388999179790567,1.6610951670587224,1.7336120728756852,3.267357196089983
2021-04-09,0.46663534682362123,Neutral,2.724624901508903,1.5642889895506087,1.901616093216983,3.1740722623886266
2021-04-12,0.22538866223272508,Low,0.9857797949927041,1.1803765275019573,2.139963093357561,3.1087085379462764
2021-04-13,0.3604086403339471,Neutral,1.7446256931357516,1.6709728869321074,2.3843069975321396,2.637091581535269
2021-04-14,0.37879751840182946,Neutral,1.7854502812055018,1.818221159902991,2.122533827912779,2.625160225246534
2021-04-15,0.5992031829306161,Neutral,3.1092862988116865,2.5095938173707717,2.15200495122883,2.7925017509460175
2021-04-16,0.3121405376072236,Low,1.5422345081876538,1.4069740515191123,2.303576984454146,2.877230250929918
2021-04-19,0.1959171794332751,Low,0.8405576700852614,1.0470300495826312,2.4895473232154415,3.1176796721675943
2021-04-20,0.41276171740375256,Neutral,2.232273155220597,1.6123975720489414,2.662583116800171,3.040013415684192
2021-04-21,0.3216533246855063,Low,1.583537393759838,1.4571830780975774,2.1577155830201766,3.1463748740835316
2021-04-22,0.30947285555921344,Low,1.6302157877171537,1.2648159509607504,1.7432668631234227,3.276687111377887
2021-04-23,0.2996265974331905,Low,1.48657957377561,1.3426248079343137,1.7443956550464441,3.093464252308638
2021-04-26,0.2632320688100214,Low,1.188275954087368,1.3309933355935957,2.0173462317705266,2.9741195200620805
2021-04-27,0.26010333685747766,Low,1.1437397403997955,1.3542957711714743,1.6297601434986917,3.3046720155817257
2021-04-28,0.3823722026589661,Neutral,2.039440631020362,1.5303237086516952,2.1260552870275222,3.0876694999480137
2021-04-29,0.3121350230056712,Low,1.7155139989963673,1.184009272917861,2.265835039246615,3.033050117379068
2021-04-30,0.32922728601440276,Low,1.8462589228766797,1.2014994272584212,1.7876207462773854,3.100663332420203
2021-05-03,0.5196545750610615,Neutral,2.5520948737711286,2.3621955155483856,1.7878612956459117,3.35662440829122
2021-05-04,0.5241821360128474,Neutral,2.419808402082214,2.581551830079825,1.7672807704766882,3.734030790689103
2021-05-05,0.24481333731652682,Low,1.1571034259462216,1.1710044488051905,1.9007382524554162,3.9695889240767688
2021-05-06,0.44152410183390856,Neutral,2.079772583322914,2.1210281474482677,2.295282985344348,4.093020318130727
2021-05-07,0.37425516561227723,Neutral,1.827442344097095,1.7148579121085394,2.349717588313434,3.948334692243235
2021-05-10,0.722869722930007,High,3.22821772951821,3.7000330323100896,3.136332593132358,4.377236849140036
2021-05-11,0.576108962746688,Neutral,2.9549549470931518,2.4572437051068996,3.2134292037735825,4.150573073273345
2021-05-12,0.7596300921961238,High,3.6680209794977583,3.5336151537595826,3.529442117289988,4.426110139313568
2021-05-13,0.7025472933057781,High,3.4548928704564483,3.1876711649813854,3.536843578325702,4.5647008805895135
2021-05-14,0.5705673832921058,Neutral,2.6102798200385755,2.840430031768558,2.8032991646149665,3.8105891144865605
2021-05-17,0.35446537640087267,Neutral,1.7314463430996478,1.6233629806380339,3.0330038903665213,3.912347837977113
2021-05-18,0.3167219908054153,Low,1.6458976136842405,1.32339281959951,3.1087148371194533,3.847134126947801
2021-05-19,0.37004628904676395,Neutral,2.038555225416755,1.3975621287488482,2.905640146391867,3.2681188459085617
2021-05-20,0.3987727382345427,Neutral,1.8109363229980653,2.0024337392264777,2.820050529868084,3.2769312020332637
2021-05-21,0.37365929646065166,Neutral,1.8564727856219503,1.6710403371089169,2.9470237825677574,3.142567978999008
2021-05-24,0.2878144758363918,Low,1.2826225395364996,1.4766738809701838,2.8166814649746796,2.984143731082117
2021-05-25,0.3282663573817711,Low,1.8031930326382597,1.246460033074737,2.7308389615217274,3.340702307617559
2021-05-26,0.3455526515048114,Low,1.8578726600025295,1.3639075914379577,2.360811030693244,3.246952992426761
2021-05-27,0.3170312059313328,Low,1.5696720498651255,1.4248076725162702,2.6987856683448577,3.0951456700880544
2021-05-28,0.4976430974378935,Neutral,2.7497147165591267,1.868861372983451,2.939594600317392,3.3242968649722537
2021-06-02,0.30006623891727885,Low,1.6510093684648528,1.1358800638290798,2.245243586263342,3.137652739771697
2021-06-03,0.566037598822619,Neutral,2.9942861953588085,2.297239788144562,1.9929796016778782,2.514978993749629
2021-06-04,0.5629357153375215,Neutral,2.726027733073911,2.608627779906809,2.0541902632010838,2.9285170246161227
2021-06-07,0.4710061847491085,Neutral,2.5857408487304303,1.7904298262876326,1.7726090347938932,2.4603049208043886
2021-06-08,0.39922821718166446,Neutral,2.2435492482004658,1.4508731507185835,1.2239109828359929,2.2788958950739167
2021-06-09,0.3582772174298449,Neutral,1.9895606525603025,1.3327368260797166,1.8796127229725297,2.4224630008480785
2021-06-10,0.3801136940673095,Neutral,1.8902551101107299,1.6976994163195227,2.2029705879924855,2.640057590703044
2021-06-11,0.41375169050342325,Neutral,2.3471302632263327,1.4754010363681256,3.1336731897159984,2.414725876935991
2021-06-14,0.5299714448035086,Neutral,2.882655778104369,2.049041161786578,2.47847871536354,2.2911255333396285
2021-06-15,0.3051204776108803,Low,1.6263671364067787,1.2224854652049195,1.7077548241763596,2.5077025442045286
2021-06-16,0.6914619902200412,High,3.81316802823335,2.6063664732147753,2.1735418777211377,2.6305753154628273
2021-06-17,1.1586778962757847,High,6.362405605220489,4.910104485522396,3.6392571049162035,2.6766146972285636
2021-06-18,0.784610186950077,High,4.47248206395333,3.2400640175213904,4.128546500431033,2.590855522913788
2021-06-21,0.7591488103550836,High,4.036570940840454,3.478417906431167,3.0812869175028106,2.249224066427897
2021-06-22,0.26511238646849505,Low,1.3529421473960084,1.2817511113178695,3.4652600546508388,2.354812188951388
2021-06-23,0.22523527801518523,Low,1.3113863172620008,0.8976432613297154,3.243201130152499,2.3039756145037407
2021-06-24,0.3375546876510231,Low,2.0102971257592257,1.1717448511559323,3.364690897173782,1.9357132456732085
2021-06-25,0.38016229051577266,Neutral,2.04058439265277,1.597012379288038,2.869246980757795,2.0389512067647306
2021-06-28,0.44135013040950655,Neutral,2.2832706345055658,1.960488951156126,3.2812869674397764,2.246378076410697
2021-06-29,0.3343850922087296,Low,1.7474131639899042,1.4636098934607096,3.608583173555036,1.903132703002925
2021-06-30,0.34291253427703083,Low,1.9248581288856978,1.3359977310548767,3.5601092070389995,1.5442997517347081
2021-07-01,0.4911825605552176,Neutral,2.9380777269582983,1.6890743020124521,3.2117270494682417,1.4937551257329433
2021-07-02,0.402212426031909,Neutral,2.1670385046326692,1.6795927779063646,3.0393695075071356,1.8469307895614109
2021-07-07,0.8277249548869805,High,4.842937319387229,3.2708090294582552,3.495861856142265,1.9736037507156794
2021-07-08,0.5282745547337399,Neutral,2.9130584403534012,2.2975779148050557,3.443135756569505,2.0473860892773756
2021-07-09,0.7851909288633618,High,4.607497242534561,3.1733842595139867,2.627341275883615,1.5887264996027841
2021-07-12,0.24574272394425486,Low,1.4402066345683122,0.9952852145743396,2.593437276246124,1.623709258980976
2021-07-13,0.39092454021670653,Neutral,2.349133196608652,1.5157788363779163,2.3121864810017496,1.5790235075714507
2021-07-14,0.471277344472527,Neutral,2.6740299119738955,2.0109723314468195,2.1923482052994463,1.5480029035756555
2021-07-15,0.5176087267280526,Neutral,3.0416833839823916,2.0868731162960406,2.3830158374546,1.653920415555281
2021-07-16,0.33681597971965394,Low,1.8536020614815825,1.5040551104665916,2.351960487948857,1.620862523641247
2021-07-19,0.8318632992066293,High,4.839040182081279,3.5411803447435033,2.255218475866169,2.0610308356342375
2021-07-20,0.513742784430953,Neutral,3.152059422557012,2.0012106980843973,1.862342373923448,1.9342258931091523
2021-07-21,0.4541030188728996,Neutral,2.709300467047766,1.8561590524476261,1.5269436171043458,1.7080001301557293
2021-07-22,0.3160541954253129,Low,1.6566394670261548,1.5519807101861345,1.6396429287907088,1.864209312962688
2021-07-23,0.3528407042187971,Neutral,2.335501340058948,1.1806308937444971,1.8904659333537006,1.9921681331495802
2021-07-26,0.30886647885239105,Low,1.7036316447043072,1.4205297531004153,1.9653352699165298,2.1805053371838286
2021-07-27,0.42039023647739193,Neutral,2.3077802001988776,1.945926758088783,2.540340726144002,2.492685989686449
2021-07-28,0.5141698865824147,Neutral,2.9853438864749107,2.195186987857487,1.8939080357255704,1.9223174650274404
2021-07-29,0.33530138277082777,Low,1.6971142701466402,1.7151027212013334,1.6922994808022656,1.7164835752085792
2021-07-30,0.3902445641422864,Neutral,2.3217037224480745,1.6026314015329477,1.732404610101853,1.8650899759020954
2021-08-02,0.39262982619484355,Neutral,2.17817602793344,1.7915457307730682,2.2008263781902273,1.9051888864942748
2021-08-03,0.33918305591017545,Low,1.9440566042374638,1.4768216423748521,2.290512535743719,2.0260502392133177
2021-08-04,0.3868844566856732,Neutral,2.344053919983604,1.5407466100305653,1.4971679171107855,2.0599351677535327
2021-08-05,0.3535943049598541,Neutral,2.152217852290872,1.3969700420319926,1.2734113999957217,2.0913521394333725
2021-08-06,0.7404710300925512,High,4.293570738293074,3.1678374303395476,1.5237640010422584,2.6052796961584233
2021-08-09,0.4725764419902272,Neutral,2.476758562249079,2.3209367115993382,1.8204538499021008,2.908978509660104
2021-08-10,0.28037034542872846,Low,1.634160906934559,1.1898636049733282,2.045193578481338,3.138537696356579
2021-08-11,0.4651550826987626,Neutral,2.5843931015531965,2.118076921122268,1.8606224707828527,2.743925552441598
2021-08-12,0.30711294383413945,Low,1.7714910090603893,1.3244135666486354,1.6150241854157181,2.5287247284367202
2021-08-13,0.4661170523904643,Neutral,2.6140693984947454,2.094824161124387,1.2754739909198198,2.883427620517278
2021-08-16,0.49057944552707444,Neutral,2.910678675151956,2.023712322210285,1.8903890448903247,3.090585483372055
2021-08-17,0.36881228702542523,Neutral,2.2530123750201687,1.4478171636928934,1.4772358362949207,3.097115682445226
2021-08-18,0.6591253603832847,High,3.8846465566423105,2.7485615421580794,1.3763337095642085,2.941784105447983
2021-08-19,0.2777653813177218,Low,1.4019204073342268,1.4253173338384837,1.536941853283144,3.076769260333596
2021-08-20,0.4339259756998202,Neutral,2.3724650454819143,2.019508371124752,1.2356799626016421,2.9098272501772606
2021-08-23,0.4464087179156939,Neutral,2.761453270601452,1.7133440467298326,1.0253059082084084,2.703167406145627
2021-08-24,0.29804707220490284,Low,1.7681954203254209,1.1821842115582513,1.15165713828385,2.621299947912641
2021-08-25,0.2716896893681354,Low,1.5224896857965458,1.1814983375451915,1.0217058083203523,2.7997745729189423
2021-08-26,0.3682880416713651,Neutral,2.081340379374874,1.5811913470063697,1.012814448142084,2.939868733306966
2021-08-27,0.5250425368310426,Neutral,2.884738590337847,2.350084034470862,0.9461648564317646,2.67434150696894
2021-08-30,0.39069767511557907,Neutral,2.259404166044368,1.6176281011575793,1.3525025604888548,2.7420081122594624
2021-08-31,0.27348935239787314,Low,1.6259448352850543,1.0807777157354175,1.2969704176699979,2.607422136891542
2021-09-01,0.18416587162914375,Low,1.115074122331504,0.7043353408970313,1.1687306507261277,2.581330141662823
2021-09-02,0.2700005589904966,Low,1.6777644823123123,0.9826352544523003,0.9379354468683738,2.5250444639621694
2021-09-03,0.4869946698497849,Neutral,2.886697409345373,1.9344800152815704,1.5075695403453226,2.2549638419690266
2021-09-08,0.5905036725499333,Neutral,2.983008799508823,2.946967170017082,1.4696822861965197,2.58194499274715
2021-09-09,0.33302589859564247,Low,1.8654474897512205,1.4491113718957762,1.6198238804810094,2.370118494004188
2021-09-10,0.505611228302146,Neutral,2.982664137904189,2.0251526041746524,1.9441094381151314,2.362238110770039
2021-09-13,0.45856308467776985,Neutral,2.667267334214306,1.8807148212114113,1.3096317812099814,2.146979351314575
2021-09-14,0.41804001154099657,Neutral,2.700127433672652,1.4022977629606785,1.3617335094071445,1.9094396386871255
2021-09-15,0.3287715901062078,Low,1.9536722211815116,1.3003304183463067,1.5861995111089482,1.6381590445518726
2021-09-16,0.6024279026336231,Neutral,3.3685239291352986,2.628326528764892,1.7380336384543809,1.7265456502452592
2021-09-17,0.4930694433047999,Neutral,3.006710124145067,1.8609524927041958,1.6426105350807734,1.6397165520046975
2021-09-20,0.7355214886175574,High,4.2274108153271195,2.9249886296079173,1.4631814958452878,1.9273842290486174
2021-09-21,0.45385123236774805,Neutral,2.505550150012287,1.8203943536823985,1.5199253409298703,1.9359291687677567
2021-09-22,0.5792385783864824,Neutral,3.027008024578899,2.535274252712358,1.6890366465353337,2.038852620258119
2021-09-23,0.7679718854182187,High,4.080330130566744,3.278140961903047,1.4056869737190794,1.8383066363833258
2021-09-24,0.4210482007100454,Neutral,2.299795784806035,1.7194308580863609,1.2215802976688181,1.5671846044135178
2021-09-27,0.42208491504504375,Neutral,2.3915670603083874,1.6167844850720636,1.2914366790637968,1.2269152727935357
2021-09-28,0.9245178557944702,High,5.276938695979745,3.720589075207816,2.079958231323339,1.742216390218673
2021-09-29,0.379375624947325,Neutral,2.1514936247516854,1.5433933236718689,2.2525112744573965,1.6925813565824863
2021-09-30,0.7663134690701243,High,4.75372513697581,2.7983159623573686,2.1924627227437266,1.5326364230865541
2021-10-01,0.5326556828624786,Neutral,3.0604167166007503,2.228554986846661,1.8556325017854267,1.293116115751448
2021-10-04,0.6273105685438174,Neutral,3.953021149172376,2.2191326857379687,2.0791187148381094,1.5036811473173353
2021-10-05,0.3478883166325569,Low,2.1176128064131703,1.317414030663368,2.0286912487259636,1.407270839337389
2021-10-06,0.3513744684032143,Neutral,2.0766325359754876,1.4029265631813688,1.9164514700196886,1.3626864946155088
2021-10-07,0.32948249934213625,Low,1.8521966579433304,1.426022880914238,2.0539065567858463,1.287422646528069
2021-10-08,0.35236890735112736,Neutral,1.9958935258349189,1.507591988348422,2.357260886680968,1.5285802461990001
2021-10-11,0.3642602122420765,Neutral,2.036167762190296,1.589950747518416,2.4015377882293194,1.963965960915229
2021-10-12,0.7716491660920122,High,4.4829402222247925,3.1710783056483556,2.762403128603004,2.3495714242241
2021-10-13,0.4801684218989145,Neutral,2.569383517250155,2.2292149447395655,3.156738436400963,2.825833991224269
2021-10-14,0.47531807293905554,Neutral,3.067416796149167,1.5975393074625055,3.414167387623871,2.69746025604254
2021-10-15,0.5057729488275597,Neutral,2.8611377440715327,2.1681889795679443,3.1855632965611624,2.384930590351449
2021-10-18,0.41688684805450527,Neutral,2.3883499686370886,1.7522249924269366,3.283531729297931,2.441235653017767
2021-10-19,0.42298399020073685,Neutral,2.419206729569538,1.7825880195677568,3.3461035901353986,2.5347608243628814
2021-10-20,0.4169613220805495,Neutral,2.271278014424996,1.8891351060230641,3.836353903707085,2.631943954484653
2021-10-21,0.28465509328844596,Low,1.6656526327977927,1.1559129375026596,3.3527140367509323,3.1156618173307087
2021-10-22,0.5737703538958548,Neutral,3.297876669364741,2.3991403275876726,2.772660485866141,2.625960729152366
2021-10-25,0.3496013185993278,Low,2.1801039818441157,1.263374325500258,2.443378867899433,2.439216184858228
2021-10-26,0.3918143423875736,Neutral,2.1037549711844,1.8107075783291773,2.639155919380619,2.64707075843105
2021-10-27,0.5524934514624342,Neutral,3.1875004183221427,2.2963192016311984,2.6602039810698517,2.890547813550991
2021-10-28,0.42459752694515973,Neutral,2.6876305841060595,1.4880623780484592,2.095814545510621,2.9525006897462873
2021-10-29,0.31098754708447984,Low,1.7937953986098292,1.2929999011168671,2.049999700055455,2.665638167283927
2021-11-01,0.44806824928296696,Neutral,2.4530071937160396,2.015792321902585,2.6587669112230077,2.636306370790501
2021-11-02,0.22808104852083955,Low,1.392255708404998,0.8591654496112888,2.675190802400812,2.5952154259757405
2021-11-03,0.41376742313513415,Neutral,2.279840601609313,1.8444843365193238,2.09012858945664,2.403302109103344
2021-11-04,0.4893107062580573,Neutral,2.8849312546120425,1.9616931290606108,2.5975140474839855,2.6173026573550087
2021-11-05,0.5791392530673116,Neutral,3.421053534156499,2.3142661970108818,2.8669338090569187,2.3675691590893844
2021-11-08,0.41108575547787374,Neutral,2.557483579448812,1.4925808220530095,2.665919806905398,2.2111641393628862
2021-11-09,0.38664194978190625,Neutral,2.3234459681041773,1.4991180972282523,2.127053930713753,2.0659017544158598
2021-11-10,0.9124931468343879,High,5.605359056499377,3.50620828530876,1.921794783782846,2.688105927025462
2021-11-11,0.5890026905701409,Neutral,3.335536552408972,2.586262285996187,1.7926058632159398,3.418292797255985
2021-11-12,0.24189945148341907,Low,1.3086897380748879,1.1320993495947578,2.023433640019012,3.5511039692957955
2021-11-15,0.31771106103175056,Low,1.5800667590925161,1.6455024854917584,1.873739948704609,3.4893150581795482
2021-11-16,0.2571776572289342,Low,1.4089739586867622,1.1834541740560311,1.551741032980676,3.2154277903916437
2021-11-17,0.46388841601841513,Neutral,2.50328215127628,2.129205372617676,1.9303041539256893,3.285183921275105
2021-11-18,0.5232905837187778,Neutral,3.0153075435462795,2.1792600701325595,1.9223338106983494,2.973146127477117
2021-11-19,0.48362181177259206,Neutral,2.7647938012874937,2.0176930361896193,2.292536503807509,2.94257206911125
2021-11-22,0.6761484061898679,High,3.751066295110723,2.825822488754019,2.036852275166022,2.565707320615156
2021-11-23,0.5798805528490076,Neutral,2.945041673531687,2.697321079159557,1.7497850100219448,2.372482966189582
2021-11-24,0.5211288142269542,Neutral,2.5379757563704652,2.5544763204680674,1.5866800152198437,2.6668363306709586
2021-11-29,1.1828882088734818,High,6.56608800211835,4.9391583126839205,2.1796378872348403,2.39587312131368
2021-11-30,0.6546641708360823,High,3.7165739315873143,2.6357674448570743,2.502192448460193,2.461315549456635
2021-12-01,0.5001048932852119,Neutral,2.689272070990473,2.190898723390185,2.9283935622621953,2.6137113917411314
2021-12-02,0.5525668546079091,Neutral,3.0519499129034524,2.3253485016712654,2.872848733812731,2.7350752303628583
2021-12-03,0.7519286042927213,High,4.387408443706812,2.8868957473249677,3.2032540374165737,2.5515246354650123
2021-12-06,0.532703747506718,Neutral,2.9396113008219573,2.244873044691333,2.863597148661235,2.363895869771606
2021-12-07,0.659390413245515,High,3.61296724016803,2.8092135669191025,1.999964629089085,2.2057748961992067
2021-12-08,0.5935322657599613,Neutral,2.9404690935354596,2.8975743144793062,1.6932986229042688,1.8243052607458525
2021-12-09,0.4949556122911024,Neutral,2.5884104185859127,2.254964097397985,1.9824760201426235,1.8583755520880068
2021-12-10,0.4547310029465846,Neutral,2.3668425238777937,2.084976041735094,2.297362307183905,1.843926862845467
2021-12-13,0.4070536206788374,Neutral,2.1907808917390827,1.7810217910708104,2.687473328202696,2.202915565999582
2021-12-14,0.34236322920976836,Low,1.8032801407974708,1.544540903913657,3.1292679957445246,2.1419294184268605
2021-12-15,0.4728762638232865,Neutral,2.5132980292504126,2.1066010631773597,2.9144615620972374,2.113334119220177
2021-12-16,0.7896520014959882,High,4.157622802950187,3.5643340276543833,3.0358007101194033,2.365888883920837
2021-12-17,0.6078806172688609,Neutral,3.3681337308120343,2.5454877391613357,2.9440694919528374,2.1979604699937907
2021-12-20,0.424946572505133,Neutral,2.433996181571095,1.6853871569664458,2.754962588058383,2.1110312450452273
2021-12-21,0.5246656799989824,Neutral,3.1892909272035324,1.8629081276879602,2.3766150062344247,1.9701302709928437
2021-12-22,0.4007456846484979,Neutral,2.0819204685952886,1.8421045051418001,1.6895399070396406,2.099192110068369
2021-12-23,0.24604328424920668,Low,1.2577531795533845,1.155218792075845,1.3404360731513498,2.391524086205481
2021-12-28,0.5253835900051065,Neutral,2.938286375850801,2.1677726931021883,1.7283016103742248,2.41516230447351
2021-12-29,0.30308581877264473,Low,1.5704400985664542,1.3980767019677165,2.1736770382039206,2.2911315883642827
2021-12-30,0.25666021409793394,Low,1.362231475811369,1.1456320534583921,2.477720554979222,2.350080871154946
2021-12-31,0.26491806326755646,Low,1.417367174364738,1.1691063086259137,2.927845451819887,2.6145595943741307
2022-01-03,0.6854783486640107,High,3.5243607089434184,3.1944734385398905,3.0773328806844997,2.3353524477857106
2022-01-04,0.5304320491653023,Neutral,2.717252241188945,2.4836969652235634,3.194295170631432,2.1736573103414627
2022-01-05,0.794025499939834,High,4.24353109922345,3.5096337958185435,3.330517426354408,2.505286360502396
2022-01-06,0.43666213559241507,Neutral,2.4616065969422474,1.7786065833220213,2.954046118413128,2.515078441893196
2022-01-07,0.5022420024350005,Neutral,2.7128351800012003,2.1859710228289733,2.9717167837268845,2.3830801595551225
2022-01-10,0.2366986648707488,Low,1.27604068967425,1.03314380385621,2.7036706315813244,2.344695876453618
2022-01-11,0.4103221026569248,Neutral,2.2659546856585564,1.7271540155593381,2.4155593837936022,2.406499625076855
2022-01-12,0.29332719482735115,Low,1.525186094863471,1.3467754536424448,2.6585002566951346,2.388314378018556
2022-01-13,0.665015082418841,High,3.326280762953544,3.2090521796213,2.5426803590475555,2.5318567868805135
2022-01-14,0.5972629571972318,Neutral,3.14395357548273,2.6967745004512382,2.711185897151397,2.8626053189550693
2022-01-19,0.9843344776035412,High,5.6547444453019775,4.075119119054313,3.112475160170756,3.0635426113467146
2022-01-20,0.32911506514106276,Low,1.753329538989765,1.5204918256669413,3.368421366938984,2.9971870122931352
2022-01-21,0.5610825861793711,Neutral,3.0223708835774166,2.451882886582224,3.1689345426769093,3.1382513519966806
2022-01-24,0.4639721437606532,Neutral,2.506225295907926,2.0192825432150703,3.5057219362664895,3.0540581442062207
2022-01-25,0.5436529231852228,Neutral,2.603456278926669,2.760496338300678,4.203775894145971,3.2146361171962354
2022-01-26,0.48876777332020377,Neutral,2.606898801215195,2.166576847058336,4.121254994817554,3.26703540122735
2022-01-27,0.890942955307918,High,4.8565329582154435,3.990732239230749,4.121233030799156,3.265851260804035
2022-01-28,0.6766401602319585,High,3.7658845517229054,2.9416920439060568,3.293906171058052,2.997858027066716
2022-01-31,0.5669962278029161,Neutral,2.870587039836507,2.7927902508608287,2.6819619175608156,2.712525043454373
2022-02-01,0.3484532431981518,Low,1.8717976154140459,1.5925602257084044,2.56412800263988,2.661091244861889
2022-02-02,0.3560083847205985,Neutral,1.994966926869766,1.532132247487871,2.472815848154957,2.8968566996458573
2022-02-03,0.705240200216914,High,3.4680066799876554,3.591558284301731,2.8422938575761845,3.3106551012734022
2022-02-04,0.5748264858584047,Neutral,2.957704188231026,2.776772308616966,2.303173759267439,3.2318371369337737
2022-02-07,0.3121425862157789,Low,1.508535301505362,1.5335432387393209,2.5204428540333397,3.3797095656771723
2022-02-08,0.29889083475789335,Low,1.6207708594808357,1.2644277808720528,2.115312656895248,3.3553161403697427
2022-02-09,0.41018294379611453,Neutral,2.0525881440935216,1.9339223208769762,1.8548263718825215,3.308645806268743
2022-02-10,0.670889896251557,High,3.32034095375834,3.1893397601205318,2.5894119949361554,3.2377824555499743
2022-02-11,0.7383949538542067,High,3.7005433545600996,3.4571619946639722,3.0469441861133975,3.3919461861018
2022-02-14,0.4726464610365495,Neutral,2.3108474537641057,2.2795593092297284,3.265614168329033,3.750338235556148
2022-02-15,0.47757753384940665,Neutral,2.2434570281619437,2.4086932700614456,2.949922432601596,3.3515692598912743
2022-02-16,0.41200252574905305,Neutral,2.141949827170497,1.840157017597855,2.0500962718775675,3.2905181002641766
2022-02-17,0.5560183842355203,Neutral,2.6814504376112938,2.724279769691443,2.6028997678562433,3.750506918499122
2022-02-18,0.4901569835905456,Neutral,2.484106656810986,2.2630955521517535,2.432745235681778,3.8213349486462596
2022-02-23,0.7872106782633105,High,4.040009534646797,3.5765407394376494,3.081595529548963,4.71953789570295
2022-02-24,0.7069279871212502,High,3.196779081599885,3.708289549427675,2.7767966941522846,4.25921990766076
2022-02-25,0.6195207787287025,Neutral,3.351242911576838,2.61683311178734,2.4356191822727125,3.694254222661334
2022-02-28,0.6059196854284219,Neutral,3.1727971083140996,2.629703790883193,3.023691191933519,3.842300396744037
2022-03-01,0.6298400951954531,Neutral,3.4238648520348347,2.5866596647602744,3.485151234635379,4.487822093355959
2022-03-02,0.8051484976963202,High,4.0985421075316335,3.63149758190683,3.4513660017679753,4.810911792807432
2022-03-03,0.5457124443738978,Neutral,2.6265320420804303,2.6380461080449376,3.4477446764721984,4.753391282811451
2022-03-04,0.52415508667762,Neutral,2.481670619204846,2.5818164541970976,3.8088318456010173,5.069087136601068
2022-03-07,0.7558616069940225,High,3.415417275188498,3.9137373683034697,4.254384270004644,5.586755727743576
2022-03-08,1.0241787285205122,High,5.528408022094467,4.251808811991966,4.856152553958863,6.225445209010929
2022-03-09,0.8950464367053582,High,4.250228305807992,4.336350157297937,3.5788758337241724,5.295306810524924
2022-03-10,0.5386083442425212,Neutral,2.4809131007836007,2.7000740912920036,3.970880114996214,5.253699219264653
2022-03-11,0.4738954965058827,Neutral,2.342921203724047,2.1866250694357228,3.9515132235286887,5.380628977966198
2022-03-14,0.9533441448566897,High,4.790806559755051,4.372415059104627,4.047897401555257,5.507704440414709
2022-03-15,0.6828646464267496,High,3.0975373446647883,3.5218066910048607,3.0085814549131,5.031793825500456
2022-03-16,0.7210534457512752,High,3.517253063153077,3.43103989374145,2.4438210577578783,4.741413108415238
2022-03-17,0.43839697977748404,Neutral,2.1642702687646636,2.0559424052877815,3.0167884704249497,4.663778680305771
2022-03-18,0.55067621565515,Neutral,2.5762756469568853,2.7485926128731366,2.1957025787269115,3.9528648552753336
2022-03-21,0.706103840085009,High,3.3263202454599385,3.4976550626217566,2.886128574481212,4.608681310642218
2022-03-22,0.4344778681389059,Neutral,1.8038860711590037,2.435650035030611,3.644981892302192,4.487807909168201
2022-03-23,1.0125129330820144,High,5.317157191754466,4.460973649901521,4.218159431465407,4.908292178737519
2022-03-24,0.3926160272132122,Neutral,1.9343829904625904,1.8765140219852734,4.151674882333122,4.732298284956705
2022-03-25,0.5612772601175318,Neutral,2.6658740842526982,2.7971817082529737,4.5756056442734945,4.843745018681385
2022-03-28,0.5917311940770209,Neutral,2.8885991624444705,2.859051979996667,4.247304314476582,4.505711047175125
2022-03-29,0.6808584944186653,High,3.3394966751686717,3.2714789717421513,5.061031525941223,4.53896779049975
2022-03-30,0.40263049920661825,Neutral,1.8777312871430247,2.0464168073010978,5.008105200933761,4.248962585793495
2022-03-31,0.5492454448559232,Neutral,2.774480244174664,2.546373047007394,3.8914849483214566,3.955579258079522
2022-04-01,0.43938724893784453,Neutral,2.1921723123448964,2.068565080173452,3.8051254942977892,3.7995014917244787
2022-04-04,0.5103301376710496,Neutral,2.289998901186142,2.697445958614212,4.746446063309144,4.087048234999072
2022-04-05,0.6200058107701887,Neutral,2.7679706933591084,3.2934779676611052,4.393038698850555,4.074751674551355
2022-04-06,0.4932419675761621,Neutral,2.0557378184652824,2.7885613732043857,4.227486660083753,4.28091466445342
2022-04-07,0.22675521577908136,Low,0.9912889016487384,1.2287552937397228,4.159892405002126,4.244644093451576
2022-04-08,0.49539229160949916,Neutral,2.2232298670957418,2.618188187904307,4.209174802656362,4.3773674360603225
2022-04-11,0.5736828195467887,Neutral,2.435418249644863,3.192193640913993,3.800919648804031,4.657237634625227
2022-04-12,0.5152562246170868,Neutral,2.514202582184731,2.490788593669827,4.223807426755479,4.888451818212512
2022-04-13,0.36404227864647437,Neutral,1.8521344394106587,1.6725524535489469,4.313988467791404,5.295334627996681
2022-04-14,0.5424091168065959,Neutral,2.2554310811258014,3.0725467843365153,4.027468272785879,5.2344033536846695
2022-04-19,0.7440644384283228,High,3.2098289538506526,4.081426039798546,5.231792803208664,5.248888626173706
2022-04-20,0.9933410944420413,High,4.451793982275776,5.267429922206846,5.537149727521584,5.815824492961893
2022-04-21,0.6225613203271261,Neutral,2.9837921411022736,3.0778138139248252,4.8498528580290845,5.400152466184838
2022-04-22,0.8338710134294758,High,4.663481817628948,3.4618737588918824,4.539466136270266,5.3963097219596685
2022-04-25,0.5636589624737232,Neutral,2.718551476617857,2.8303604985270954,4.590190214231281,5.241541399248918
2022-04-26,0.71514464031954,High,3.569830387229504,3.454646734432617,4.2646658560053305,4.880635025863741
2022-04-27,0.467352056118948,Neutral,2.378980602247332,2.205559141688557,4.5511278445261425,4.784920318718821
2022-04-28,0.6656168590066214,High,3.2163518791544146,3.33549038912781,4.11671745953681,4.685397067803773
2022-04-29,1.11705044957432,High,5.394037133724108,5.745870544663146,5.572924334169711,5.461346745946662
2022-05-02,0.6126906682487487,Neutral,2.797538665689627,3.332434277298094,5.528485464929608,5.270328381173318
2022-05-03,0.3972915069536934,Neutral,2.0885454812086452,1.852522429730875,5.60139683334813,5.305763118718699
2022-05-04,0.581426494297671,Neutral,3.2786144833869013,2.46167071679804,5.0112455385733226,5.129140803048532
2022-05-05,0.8755942049619351,High,3.6135887358344077,5.194109933174733,4.99007567574341,4.8769514743097435
2022-05-06,0.5429630886260189,Neutral,2.2415568676822892,3.220077375443319,5.091685502124003,5.088192703326886
2022-05-09,0.722009278852269,High,3.604650558501878,3.5810976069268645,5.3143651594814285,5.12507565373365
2022-05-10,0.4528574572969012,Neutral,2.35643790092053,2.138819982954496,4.714989198273944,4.901364717878199
2022-05-11,0.7272785256886554,High,3.1800554959346394,4.113710158495356,4.405442566938779,4.751338761064017
2022-05-12,0.58100618858745,Neutral,3.1292769796473148,2.624973033183307,4.342628466379154,4.733119692523121
2022-05-13,0.6717383282476107,High,2.9948533648338436,3.734802521531271,3.985495372026345,4.385764072309502
2022-05-16,0.4945631966716728,Neutral,2.2583715485297784,2.6897106541269946,3.9666932625590063,4.579118311128839
2022-05-17,0.44072732258686154,Neutral,1.9817406577853558,2.4315116978953673,3.5938117701345904,4.401263330514797
2022-05-18,0.751040347547977,High,3.6818184458691023,3.8012124686002897,3.888606083661188,4.4283561695519555
2022-05-19,0.6876687638746866,High,3.240046726105885,3.6277373739377237,3.864804585188643,4.342315636535227
2022-05-20,0.2690491699204536,Low,1.277023924294954,1.4088304401634464,3.824438457844398,4.012892583326681
2022-05-23,0.5062546884488646,Neutral,2.6334468121320382,2.391958842677458,3.6336161355458634,4.081772223629427
2022-05-24,0.6417778365050228,Neutral,2.8238793011344474,3.6102339239615096,3.6570682383502855,4.09977005190527
2022-05-25,0.42673755133355407,Neutral,1.8921951182712022,2.384253256759426,3.1985267938404873,3.9769162890835403
2022-05-26,0.4295869821324013,Neutral,2.0230323427953247,2.2674019282233435,3.5824494083832907,3.8429751166282826
2022-05-27,0.43634567495675197,Neutral,2.039763449972698,2.32003303684167,3.640295542894538,3.6521270653570683
2022-06-01,0.7342173942289671,High,3.2859367119629774,4.068107068318435,2.8389938252143745,3.9538943320952704
2022-06-02,0.6254795465129774,Neutral,2.891085525846498,3.3625074406734767,1.8297256724045452,4.075993583313632
2022-06-03,0.47942537548755615,Neutral,2.269569371468787,2.517159440041555,2.5370275237021156,4.2460770150155644
2022-06-06,0.43668018899138256,Neutral,1.6143807470391327,2.8013811234649575,2.2601701121125095,4.528044434959849
2022-06-07,0.48522889547827885,Neutral,2.0358829553042743,2.8409790873725282,2.1422017582091204,4.46669055658603
2022-06-08,0.3430106737813329,Low,1.4398031349475495,2.0075970914736083,2.2235723895196116,4.594885849764246
2022-06-09,0.5259334403055156,Neutral,2.2665932319812354,3.0119895394836105,2.367286966221498,4.756895144099899
2022-06-10,0.7074805206628862,High,3.513036207969007,3.5304670699889567,2.427014951433938,4.351213542392432
2022-06-13,0.9717906559049914,High,4.430441007844482,5.345757327031417,2.6363834490629308,4.447919098931093
2022-06-14,0.4172869079070804,Neutral,2.0016726976818933,2.1828872458972226,3.096817263810708,4.752136332794168
2022-06-15,0.6016837014871077,Neutral,2.688494373440389,3.3717745550948663,2.9265862632037254,4.585170611466998
2022-06-16,0.6968862269472089,High,3.223205645877671,3.78126637620051,3.634750178913641,4.759830675009501
2022-06-17,0.621711989513812,Neutral,2.8183210473745115,3.4382548701968245,2.831449397543825,4.868053669748179
2022-06-22,1.094506328106966,High,4.365583890825461,6.78756549279628,3.814126947644664,4.935790513372166
2022-06-23,0.39041239876937756,Neutral,2.0125202233631456,1.9001362572168397,3.7515149364004805,4.601552222298758
2022-06-24,0.6251021085633988,Neutral,3.1365236427903436,3.140536724319287,3.2115306189311696,4.367618813117023
2022-06-27,0.20880382188248237,Low,0.8762818186044801,1.2451863521856747,3.6667932228376237,4.475154430086318
2022-06-28,0.37801583526538857,Neutral,1.5834399120946763,2.257668088237572,3.9548915581427404,4.570727980345827
2022-06-29,0.3708360355360544,Neutral,1.701847643942007,2.0448815539254053,4.0507033376294705,4.614398943389276
2022-06-30,0.39241585783344113,Neutral,2.174186174138982,1.6983692220348692,4.554736035149658,4.686313086060308
2022-07-01,0.4200099053408073,Neutral,1.9697454555596239,2.232978831922979,3.7739824661494965,4.5874325536506735
2022-07-06,0.9458125998281175,High,4.685583345126667,4.785439678078667,3.641936114085974,4.806187947098724
2022-07-07,0.3786901733710531,Neutral,1.9034529873046078,1.884451892987169,3.3341933872093517,4.642949424757578
2022-07-08,0.32426678606788883,Low,1.668516618172221,1.5691484464186414,3.136795853376033,4.555951629529684
2022-07-11,0.49784666446685855,Neutral,2.268641855095825,2.7466227715420324,3.137335865039272,4.58713173818513
2022-07-12,0.302501274365768,Low,1.2039786870637033,1.8698791270070552,3.307876039675018,4.866888088706496
2022-07-13,0.3785650007899121,Neutral,1.8096995426334501,1.9910884847014698,2.9328705603671263,4.733602676313281
2022-07-14,0.4111839331159062,Neutral,1.829820862253352,2.3190753932081556,3.5511746715795094,4.978527744237108
2022-07-15,0.47948566388415076,Neutral,2.0853292128432974,2.7600929761651845,4.185868273044196,4.948924271390315
2022-07-18,0.3360157911181463,Low,1.5065203998479573,1.882218947931852,3.967564819096703,4.688243955026004
2022-07-19,0.48320193108747056,Neutral,2.5839461833057746,2.225799478893012,3.436625104577624,4.35235737820457
2022-07-20,0.35119010687202634,Neutral,1.6200068055800918,1.8984595347772304,4.280306636866903,4.236137622938201
2022-07-21,0.47768198634096204,Neutral,2.501196275352842,2.2363518307968064,4.528341216547576,3.8582778431506446
2022-07-22,0.5967565495489242,Neutral,2.5513919263847114,3.415442019784761,3.2724390319993204,4.068948594051942
2022-07-25,0.35581088326864085,Neutral,1.628783540634857,1.9096013916593508,2.884467583237218,4.028103978128987
2022-07-26,0.25859032200733767,Low,1.1463722584416727,1.4318985480686066,3.1611229818984143,3.683516409755789
2022-07-27,0.7438912074884514,High,3.5989815031485146,3.7639533530740414,2.8962715223440263,3.9022828849102225
2022-07-28,0.41968189773339404,Neutral,2.021674901459065,2.133852228445832,2.8459412816547034,3.550291613601469
2022-07-29,0.5219249995062978,Neutral,2.3019497619282743,2.9040166683210384,2.9590142116386926,3.8255335449596295
2022-08-01,0.7827772934216528,High,3.7511392333417133,3.905685587220829,2.8088804669569227,3.4130441312370645
2022-08-02,0.6981914360163568,High,2.954956321733401,3.954735778477754,3.114998730348873,3.2933811050899258
2022-08-03,0.724910908480956,High,3.149639097076227,4.007728836270249,2.0124990526869886,2.8775460973735028
2022-08-04,0.5278831510161641,Neutral,2.876651132217567,2.2156487610598723,1.8083595910667247,2.9869290290123547
2022-08-05,0.6638657853459956,High,3.151250624003246,3.348598957443398,1.9473323317147355,3.341465427445319
2022-08-08,0.6681683615976858,High,2.6204993637328386,4.034652290902639,1.6725798359213375,3.4592581590231792
2022-08-09,0.2658504907998105,Low,1.2579223478959376,1.345821464897822,1.8337851535205032,3.295143393091244
2022-08-10,0.40712284180084474,Neutral,1.7964107042033604,2.2176439362060942,2.1149886505142175,3.118455338205582
2022-08-11,0.740467024221932,High,3.010380278503988,4.343053418146859,3.1388881315629935,3.1759611293278756
2022-08-12,0.37462924474415416,Neutral,1.7023610299862733,1.981192273076319,3.5143393530155658,2.623435437574509
2022-08-15,0.44870678010356707,Neutral,2.2876616338650035,2.0731976804778585,3.157640152143776,2.459221701678593
2022-08-16,0.33598107046206205,Low,1.729628813213944,1.5322546074023982,2.702551224413241,2.2421797121440554
2022-08-17,0.41618257172657985,Neutral,1.8229967822029893,2.2831322225581605,2.298766183490615,2.291267828986474
2022-08-18,0.1880064896298066,Low,0.7709680916607743,1.0947274117594739,2.3255455838137444,2.52487028798043
2022-08-19,0.46498532521977837,Neutral,2.0505378295556405,2.534259823194142,2.4201563667457684,2.72252978230306
2022-08-22,0.6299464937291278,Neutral,3.434431968557555,2.6421087702142216,1.8010467392920948,2.7687506337347307
2022-08-23,0.3076534379894439,Low,1.5299030624505037,1.4680272193731088,2.2337328877092144,2.763378590220533
2022-08-24,0.3625124078643765,Neutral,1.7993976796851565,1.7337854888409892,1.6846042317139225,3.0125945218450387
2022-08-25,0.3449536354818965,Low,1.4389938454937659,1.9791624052562358,1.3245862812008176,3.132517438825793
2022-08-26,0.7020679174594797,High,3.732747628344695,3.0589686973182073,1.0877128496005353,2.6235446896258923
2022-08-29,0.31785800090819705,Low,1.378545997158464,1.7603215683612834,1.9525228666097691,2.575421633065861
2022-08-30,0.38476914022615405,Neutral,1.8181162060364655,1.9508304817000077,2.5771880975430927,2.630408803979849
2022-08-31,0.3675639345605311,Neutral,1.8023301005313535,1.784633658507777,2.5749828681744673,2.6734987469062155
2022-09-01,0.4514546215939714,Neutral,2.179080138476012,2.2336570134213733,2.756576728011398,2.549099498800183
2022-09-02,0.40913881895482035,Neutral,2.130919968571959,1.8361511385899112,3.0178669979359545,2.583042122394359
2022-09-07,0.822340353135613,High,3.36532219708073,4.7966448079457455,3.4222753187439325,2.642030496748727
2022-09-08,0.3859575884656667,Neutral,1.6972747424737953,2.109279387851481,3.9435476789397024,2.719873091871258
2022-09-09,0.34769786790449,Low,1.8319486508715614,1.535063208404551,3.3990554952787058,2.5680406462697025
2022-09-12,0.5480539410503849,Neutral,2.8649097933573495,2.446951697881099,3.784019481490307,2.928886622442018
2022-09-13,0.7593491223239857,High,3.7822919600029405,3.615917743755879,3.738408991773063,2.793245972019404
2022-09-14,0.44206659274361726,Neutral,1.748105653548822,2.629195368880542,4.140479179216514,3.287263106285196
2022-09-15,0.6545541368387482,High,3.082175917000188,3.3028905283130605,3.829497161752706,2.816501056686737
2022-09-16,0.4119932445832196,Neutral,2.0382740193054283,1.9614935450586495,3.575261006715972,3.191321340983361
2022-09-19,0.28592759587563404,Low,1.4724469450227071,1.2921531278536904,3.094984328709225,3.088130915575704
2022-09-20,0.3441468974672427,Low,1.681716432471185,1.6634501840296874,2.947567421929655,2.5127365652787317
2022-09-21,0.5120143977837378,Neutral,2.55522909014308,2.4112658014418153,2.824330927076251,2.1598857283270383
2022-09-22,0.6837169558544235,High,3.4109251993780387,3.2213019899337447,2.9662580795915785,2.2652869606639014
2022-09-23,0.7101259210541382,High,3.2624931129419306,3.644314710823173,2.900672503175045,2.390339787820718
2022-09-26,0.642141425973225,Neutral,3.0701093450305725,3.153495438855148,3.4534484517334954,2.591715084424806
2022-09-27,0.7116596092200502,High,3.0479331181403158,3.9143871554560716,4.127866671640013,3.3819809869872155
2022-09-28,0.8135327158318866,High,3.774066162642061,4.131808306743471,3.020387744780448,2.615684187826248
2022-09-29,0.4274587651934699,Neutral,1.988523084106916,2.1644952939215183,2.9947534672607246,2.744369605129346
2022-09-30,0.5244552227533444,Neutral,2.6115291019564757,2.452399712439018,3.1673363129148453,2.6404603837876137
2022-10-03,0.7530585509278129,High,3.891240068365002,3.3540917222110855,2.499146965911533,2.062971923313663
2022-10-04,0.6260255681587255,Neutral,3.2391580402484785,2.7831702023397744,2.0619567518698427,1.8342707632403739
2022-10-05,0.3910795871717286,Neutral,2.1085894748988743,1.6379869496002202,2.3413928302994345,2.318755307769934
2022-10-06,0.35232054410497143,Neutral,1.8252302293326381,1.5636569852260433,2.424024884021739,2.7083074934687046
2022-10-07,0.6325781568556851,Neutral,2.9694803756256714,3.1714958513782485,3.1213891295296774,2.8958801843464443
2022-10-10,0.6260764829143697,Neutral,3.1618553661073525,2.875171836737599,3.439778516251372,3.1700997787664
2022-10-11,0.4017211693136685,Neutral,2.0420808376300514,1.8151191636393607,2.936251169180171,3.2388953653982804
2022-10-12,0.20911849848374775,Low,1.0406315436480909,0.9715129602478757,3.27051317173402,2.668749027761386
2022-10-13,0.6870441683729112,High,3.6532050920274117,2.8543368895735464,2.9010673522046058,2.644135027698305
2022-10-14,0.6095204579416476,Neutral,2.7985513589283935,3.0580006927659857,2.9528274473862077,2.960576421050363
2022-10-17,0.6431063031669972,Neutral,2.850337759155536,3.348205241404442,3.0575997640501016,3.1826851416094963
2022-10-18,0.2367570862995227,Low,1.1740312755627165,1.084462505522694,2.7102956011113513,3.3111733256827396
2022-10-19,0.45252935762145063,Neutral,1.8720312539958939,2.5148080219503677,3.7929739684353447,3.4254440287775028
2022-10-20,0.4550658753148873,Neutral,1.8749912165628884,2.53785545329947,3.756860599839069,3.7823787874649604
2022-10-21,0.8331182766947369,High,4.079208612059855,3.877946962002673,5.057137670569385,3.9393140652514784
2022-10-24,0.6595184934514846,High,2.914655643881058,3.4436611693440966,4.7813437922143045,4.483780987606822
2022-10-25,0.7632634121983641,High,3.33135043891176,4.006643925922763,3.2062471625435727,3.448182977832646
2022-10-26,0.7862193106544464,High,3.85643249283689,3.618645059971161,3.301303756012316,3.5198477387089273
2022-10-27,0.7663612278296322,High,3.4272617942259687,3.924301162881923,3.4681574510351467,3.473402071363697
2022-10-28,0.5821723442954885,Neutral,3.0934476581618453,2.394816904700769,3.962469555433157,4.037546945323784
2022-10-31,0.42599723519503385,Neutral,1.742857491197624,2.3755862437831623,3.964662034740402,4.126203409518482
2022-11-01,0.42683237114184996,Neutral,2.0289294095935047,2.0419642333464374,3.570566931934498,3.8043123986195906
2022-11-02,0.6256401692569167,Neutral,2.7612738760633793,3.2475932701336814,3.9941935087328653,4.053941517464506
2022-11-03,0.38868489636969594,Neutral,1.7563333440743927,1.9686904247140147,4.488165324848665,4.105500918516452
2022-11-04,0.915529689512842,High,4.6310743270338435,4.085266066937591,3.978188761649964,4.178405641715947
2022-11-07,0.49816336067548794,Neutral,2.2720295810814766,2.5174211116630447,3.9332723568915604,4.072555644910555
2022-11-08,0.674493652443593,High,3.535199259501748,2.8631197416655176,3.9213955753055947,4.387049457234641
2022-11-09,0.5570274259063889,Neutral,2.481181549177292,2.885368586556783,3.946491819204992,4.2942025429478266
2022-11-10,1.3047768167190723,High,5.923131611818692,6.7437419092431945,3.061842799637879,3.302165272435266
2022-11-11,1.2272936404343393,High,5.836139923710659,6.281503783218606,3.5231477768174884,3.2556800926234484
2022-11-14,0.5774506176161502,Neutral,2.52299624473837,3.2202709606046507,4.8010914287653845,3.8309301583043496
2022-11-15,0.4849413941715387,Neutral,2.2563217988036124,2.5410584274157593,4.328869154875804,3.09127973095912
2022-11-16,0.6389207245113862,Neutral,2.6763242254859505,3.6999399833709474,5.049894574457779,3.610918288442714
2022-11-17,0.25021632432601043,Low,1.090379652577799,1.398784881355064,5.019723086675086,3.805181012472684
2022-11-18,0.36057276857508413,Neutral,1.6344730904652767,1.9406682910393118,5.182984070470762,3.5068773684441847
2022-11-21,0.33223043447932127,Low,1.5578647511680481,1.726526750158334,5.293525671770571,3.9188055078056885
2022-11-22,0.5373864229309306,Neutral,2.331941647485945,3.0158539055940183,4.85891582393323,3.4134808403217156
2022-11-23,0.5050800107663241,Neutral,2.2109618640718214,2.7570770647295424,4.318760991035232,3.499323909253846
2022-11-28,0.6263686183448255,Neutral,2.9406071817451047,3.1782517606231604,3.832456334950701,3.9784816704965866
2022-11-29,0.33920159349626655,Low,1.480960371668153,1.8562980633581045,4.169879770780439,4.114041583356044
2022-11-30,0.560911769461488,Neutral,2.4905584337537303,3.0191765192960847,4.137013237769188,3.678943375311982
2022-12-01,0.7974185452375698,High,3.421026980675537,4.4372802621408525,4.895033153494865,3.876970352731625
2022-12-02,0.6453055114283718,Neutral,2.5555864676373163,3.848890522395859,5.269664957116891,5.262420330873133
2022-12-05,0.5145946948623688,Neutral,2.4743539543873743,2.540190525858171,5.046988092737528,5.6238762851690005
2022-12-06,0.7165394180738598,High,3.610540056819136,3.3368156661584356,5.105721505391305,5.4280707051131625
2022-12-07,0.4850221209966904,Neutral,2.082484832952752,2.6968982364321303,5.721329675777143,5.779304476242003
2022-12-08,0.32313858308297155,Low,1.9200022755321364,1.1511069287018005,5.44194571842942,5.2371738370140815
2022-12-09,0.5940361536923835,Neutral,2.4884094212374044,3.378385738079645,4.100953341227955,5.1586385026980786
2022-12-12,0.7501804427385392,High,4.303417543398883,2.8195899642378683,4.1217887214454585,4.48564974382486
2022-12-13,0.5613646645548633,Neutral,3.033549999714119,2.337996842430383,3.8499720063730147,4.3220989159666106
2022-12-14,0.6002893869130138,Neutral,2.577716681572746,3.3138377494768045,4.140975103534938,4.644535172697967
2022-12-15,0.5827799060252387,Neutral,3.1624825658413025,2.411055789996723,4.322043562512109,4.924039564901773
2022-12-16,0.6990574626944116,High,2.956599664842686,3.9044721743763025,3.024434604743565,4.422126457814559
2022-12-19,0.4425004300157549,Neutral,1.775296718947469,2.589364662177207,3.123617324935318,4.624945387104249
2022-12-20,0.6018318194113672,Neutral,3.0011967940710127,2.8031562330213986,3.1616129768881414,4.370781220572613
2022-12-21,1.1695779335889998,High,4.744054083984681,6.9954181082316875,3.931090496821714,5.496402987037319
2022-12-22,0.4833297161908928,Neutral,2.7069427444400826,1.9653347240447552,4.484864470534816,5.690965582695794
2022-12-23,0.36820531571893966,Neutral,1.8262882326229894,1.7896882479466096,4.4395143693159245,5.530740690110177
2022-12-28,0.6751582224804049,High,2.9895640851933223,3.727030015114419,3.836545458801503,5.189320588611962
2022-12-29,0.3964020253730683,Neutral,1.7355659665524836,2.212633339843159,2.8299530618926716,4.730382723886739
2022-12-30,0.35801226619687343,Neutral,1.5168334473431395,2.0611516405359294,3.8566234722605763,4.950795106172406
2023-01-04,0.7978302848255243,High,3.342788060156118,4.639741527060798,3.7361849576605417,5.273993487983187
2023-01-05,0.4065071438844314,Neutral,1.962307587233545,2.0427579609636535,2.9357986341320115,4.994142301660849
2023-01-06,0.5664693228095448,Neutral,2.585221311744515,3.0316616696422893,2.4225701730167444,4.954626093851919
2023-01-09,0.4553057323324988,Neutral,2.2247881946046566,2.254602221319489,2.7035862845151506,4.751891571599208
2023-01-10,0.4268263566632845,Neutral,2.2579207419388685,1.8999504261651963,3.5926859007362486,4.720788973760298
2023-01-11,0.45249798902576577,Neutral,2.052770680108031,2.436972475462896,2.775069111163711,4.3536742984329235
2023-01-12,0.5744901045333441,Neutral,2.808305446836345,2.8433717294684953,2.533750187800802,4.6176697723896565
2023-01-13,0.6726368640371571,High,2.7284937241575205,4.022970249548612,4.036538385620775,5.187570399065196
2023-01-18,0.8536204242891323,High,4.968897137819172,3.363426976307897,4.158137784503843,5.0824008413505295
2023-01-19,0.4355390171203559,Neutral,2.2218218373790415,2.09681296120273,3.5576571255862652,5.593730900227011
2023-01-20,0.5324303341906603,Neutral,2.686932599113723,2.5986974629659616,3.753122790365436,5.431064194045694
2023-01-23,0.4145754186854571,Neutral,1.9501566970131265,2.195963976340924,3.8401695106240137,5.053631519071132
2023-01-24,0.4103310867665988,Neutral,1.763135638072156,2.376391307237918,2.657415696088761,4.977197642855771
2023-01-25,0.11634138066952063,Low,0.3573550260805142,0.8469205893811683,2.5043773113244137,5.477870777416092
2023-01-26,0.42793773883819564,Neutral,2.1119749007636885,2.1465416524752956,1.861731820768429,5.349326657684147
2023-01-27,0.26258246372843735,Low,1.3314647097224497,1.2739283967562374,2.3375261614278635,5.063412324414238
2023-01-30,0.3278180951567362,Low,1.8466393155245062,1.3664611039831485,2.05302826323178,4.546356564997048
2023-01-31,0.2946841760175626,Low,1.3248284275237328,1.6354432035321813,2.6913830719552814,4.1045801966144655
2023-02-01,0.5213233538195369,Neutral,2.7648964603711836,2.3817082405222334,2.7400989461188856,4.735855046045974
2023-02-02,0.9385480204297963,High,4.669304555083116,4.800588291472624,3.2431939192277235,4.919003115248022
2023-02-03,0.6470272629246898,Neutral,3.4282980726271903,2.9599844731984075,3.006895214354406,4.985521438949909
2023-02-06,0.7984303999855624,High,3.507383677179937,4.530942051370052,2.8034655431374658,3.899263511425159
2023-02-07,0.34512316180109914,Low,1.6847023092434696,1.7536894129961624,3.2778008550871944,3.819087146379628
2023-02-08,0.44310704046223315,Neutral,1.913673693730375,2.554422879254037,2.712415485310908,3.94848721981799
2023-02-09,0.3068558182084031,Low,1.5277536850584388,1.5229815731518017,2.465968222937831,3.776047800736755
2023-02-10,0.3302989720420389,Low,1.6303770339837493,1.6564529447766834,2.467371089989654,3.9254734582058037
2023-02-13,0.33746333323279476,Low,1.665336265576854,1.6507698096072456,2.9716744440570797,3.3040203227653233
2023-02-14,0.4463969193200094,Neutral,2.4854751956850882,1.8332860004075522,2.827537064862175,3.866922205798724
2023-02-15,0.4079559983286657,Neutral,2.0984271330216706,1.8899356747046436,3.0942221531400285,2.9551850440945797
2023-02-16,0.5341857659431124,Neutral,2.7119349395232737,2.5190928147258926,3.370861431152659,2.449694413124861
2023-02-17,0.3083973394014864,Low,1.4581379236367216,1.5876457059384994,2.3834289711672976,2.4845479123960055
2023-02-22,0.5637890316657548,Neutral,3.1337992019144685,2.3219679346578705,2.164596246735772,2.406751719699299
2023-02-23,0.28122529909238114,Low,1.4010463283287757,1.3592573057669854,2.3375081189282243,2.461730709519871
2023-02-24,0.34812845117034247,Low,1.585146236530628,1.8676252763574883,2.719668106312601,2.8314683317177236
2023-02-27,0.40245604452371225,Neutral,1.733289998845315,2.282112782072959,2.499274268937099,2.577080221274787
2023-02-28,0.2655185653957556,Low,1.4177985703899616,1.1655479926817287,2.2482982265267175,3.2435751490151015
2023-03-01,0.313985805507909,Low,1.49963351994006,1.5977267741735153,2.3247778915187522,3.254691491228063
2023-03-02,0.2949691242223646,Low,1.7037786324006792,1.1352247596864897,2.5343033454710575,3.1229567323186704
2023-03-03,0.530764900954392,Neutral,2.349969047939843,2.930229594271259,2.059311359667398,2.6825035543957054
2023-03-06,0.3005191248197372,Low,1.4559716932983437,1.5035889415631891,2.1490161363873446,2.7808376743558947
2023-03-07,0.5019429848897488,Neutral,2.7164108798444007,2.158535606998898,2.0691284195200486,2.76557637190325
2023-03-08,0.3340820070318633,Low,1.5050325598486223,1.8123006901901566,1.8450886054055815,2.6085951802386376
2023-03-09,0.7415424572052494,High,4.6356106861485555,2.5342143354981133,1.5914430005904414,2.278596383572985
2023-03-10,0.8756899531854886,High,4.515913362035896,4.1989734538987795,2.158141174674335,2.3992953884311086
2023-03-13,0.8107945527407894,High,4.733637993278203,3.3025434491786543,2.140042098923166,3.239501971314905
2023-03-14,0.6276209781950214,Neutral,3.1328656612468024,3.187811888451036,1.797985884896464,3.8877530998969263
2023-03-15,0.6110599223357228,Neutral,3.0539327156051654,3.099258022133281,2.466914003485411,2.841720236000038
2023-03-16,0.5393037840077652,Neutral,2.779235436192835,2.6355953210720724,2.0796883216201145,3.9846106613057826
2023-03-17,0.7159020695114939,High,3.863366058164716,3.291821100847062,2.9137682836056253,3.801755945504543
2023-03-20,0.40176705978833444,Neutral,2.1028021906766003,1.925015083015195,2.675081783451,3.604668270571976
2023-03-21,0.5616015712448876,Neutral,2.895567471744647,2.7428743135091005,2.464486434999717,3.9530692269120404
2023-03-22,0.5256524622140144,Neutral,2.7698881298580424,2.4963949290219687,2.866864224031793,3.769556668014034
2023-03-23,0.46235106569551654,Neutral,2.3451205869700873,2.2642562127594754,3.1799891590278655,3.7216696294120135
2023-03-24,0.3919528520621526,Neutral,2.204147175295777,1.6590472937329894,2.977742094249351,3.3417303120765465
2023-03-27,0.5008469651629762,Neutral,2.425915857610433,2.590735529143231,2.9697083323839037,3.047684988467379
2023-03-28,0.31866356849166816,Low,1.7758454902696772,1.3683063284426153,2.8443783939523266,3.380260189897006
2023-03-29,0.2974847462978837,Low,1.5879727280538505,1.324350701420148,2.675489223994635,3.260459013143658
2023-03-30,0.4067747518986192,Neutral,1.8878973916678194,2.1591751302234403,2.5122272377766803,3.333074148145339
2023-03-31,0.500742632681115,Neutral,2.595123149138743,2.3248586496888923,2.221227677945729,3.0830879980117207
2023-04-03,0.41602389612351603,Neutral,2.3876742784499827,1.6103284513610145,2.181082363301199,2.8960724601506445
2023-04-04,0.4689361556062699,Neutral,2.2287810113183375,2.328656223240034,2.8379481743722823,3.103303191410461
2023-04-05,0.4796017553952189,Neutral,2.507190793039482,2.112920460881541,2.8613379424911716,2.971494345778091
2023-04-06,0.2846638920305725,Low,1.3408109661209724,1.4131776874024873,2.6282673131343066,3.0971988187407113
2023-04-11,0.7744003129970203,High,3.8193304098082193,3.5857852025752854,1.9752202714474247,2.6911565011859215
2023-04-12,0.23626512686095388,Low,1.2277674695601317,1.0185237821812714,1.5357103917877721,2.4503662695959196
2023-04-13,0.46430431800186434,Neutral,2.4323100154894544,1.9633235255927899,1.8540589018108902,2.812601918043958
2023-04-14,0.4880776712549323,Neutral,2.348895512320427,2.2568548685770757,1.944344477541091,3.1005789126017653
2023-04-17,0.4464907019401754,Neutral,1.9267557839916198,2.27599773472712,1.5140111143337678,2.7619747000565593
2023-04-18,0.16042610073395447,Low,0.7499465670292415,0.7490514411555702,1.716140810543441,2.7952631004611135
2023-04-19,0.2263415451212725,Low,1.1179200846709567,0.9872750110064789,1.6446079954318449,2.6767102244188976
2023-04-20,0.2846452101588035,Low,1.3256395474486173,1.30800455101858,1.91036971756411,2.3583765307358777
2023-04-21,0.32123818027309115,Low,1.4418406621328035,1.5257146943126763,1.4804160033338556,2.098610555297005
2023-04-24,0.27587573055340403,Low,1.3625942045630939,1.1747685728653594,1.9115544550586232,1.990932063602872
2023-04-25,0.5088924015193503,Neutral,2.584632998016834,2.0860775650658328,2.0196743555951135,1.7978500408874738
2023-04-26,0.44654818122772055,Neutral,2.126532646404284,1.9768100770617423,1.7547643066073433,1.9270914192032156
2023-04-27,0.4885987978517011,Neutral,2.5881246426744218,1.865484130020403,1.2421080159310591,2.039507735862669
2023-04-28,0.5308165212533513,Neutral,2.6669233440570532,2.1548903093432044,1.905837019381029,2.2463244966494584
2023-05-01,0.9649361888142436,High,4.011841800860463,4.797580541538358,1.5823705744331262,2.4953209363490405
2023-05-02,0.7193206416858169,High,2.9397347215358174,3.606886613687925,1.9354335991476614,2.219701214287587
2023-05-03,0.43079063320775796,Neutral,1.936383621020948,1.9495594187358083,1.4605377255079095,2.4372466845085414
2023-05-04,0.7864153928999968,High,3.5909908818470195,3.4680301152408823,1.0462954090014949,2.3663053876323517
2023-05-05,0.6226629847714698,Neutral,2.773860879757247,2.775890087559707,1.2217164767642443,2.141860160313778
2023-05-08,0.4450204813097699,Neutral,1.8347673064939347,2.114564280970471,1.735168563761208,2.1540106267210244
2023-05-09,0.2883550505666347,Low,1.2592043679360927,1.2743444845092942,1.8384698645739062,2.3061595938367434
2023-05-10,0.4555536934702734,Neutral,2.344670828436627,1.6424062487206041,1.8960780235532255,2.412102724371393
2023-05-11,0.5937088931969391,Neutral,2.6170251100494855,2.578925621591081,1.721120798248488,2.481418224009671
2023-05-12,0.24101800381463123,Low,1.1646441397142502,0.9411580781415642,1.3394878227865663,2.56190527545999
2023-05-15,0.47521461451222324,Neutral,1.9280975735962282,2.231052869313193,1.4573071297772733,2.280979515368995
2023-05-16,0.5606860825366184,Neutral,2.7212248776747017,2.076923778032485,1.7971578250067266,2.2334159108500358
2023-05-17,0.3407509562297476,Low,1.6289190719994058,1.2790560370227533,1.7394596966556568,2.303573517154769
2023-05-18,0.6393552583619615,Neutral,2.721738696994874,2.750778325000699,2.4887493622977956,2.6525062833730595
2023-05-19,0.49154021096588074,Neutral,2.089681422227714,2.1177592772136333,2.4897408630564106,2.685867565764429
2023-05-22,0.4445827074486529,Neutral,1.9961433078902742,1.7907565001890546,2.9134136565552606,2.6741588281799333
2023-05-23,0.43484355112919815,Neutral,1.8565709168416087,1.8460134872192593,3.1981532342113805,2.483858639806921
2023-05-24,0.45358032418766053,Neutral,2.3651752263673886,1.4793261904230446,2.8334585803935934,2.3546391785041174
2023-05-25,0.831060831461446,High,3.6296453122258026,3.4402306750642833,3.068744483883729,2.758482260119248
2023-05-26,0.6125030270535479,Neutral,2.7206994101216355,2.473308504606406,3.5850573400054087,2.9537315597930616
2023-05-31,0.5772068369414677,Neutral,2.629211448474622,2.2634899770353707,3.015172385646783,2.895901415880308
2023-06-01,0.6827617266106061,High,3.3287426307480663,2.4520107549327665,3.428881868927135,3.029390578197119
2023-06-02,0.8204195474739663,High,3.7529725695458924,3.2008382400876476,3.5897741126417744,2.747181960873371
2023-06-05,0.4932763201539476,Neutral,1.9575784645990184,2.232528307779169,3.3402936674633703,2.936606173701614
2023-06-06,0.4946404957520037,Neutral,2.0610062509668903,2.1376925358547165,2.860576706275808,2.7230531460519014
2023-06-07,0.7068202019974836,High,3.2322094267807273,2.758776236327482,2.4037630437338673,2.817223635014852
2023-06-08,0.4653273323329846,Neutral,1.9874318053394853,1.9609611693686035,2.5950520661899614,3.3681789056285925
2023-06-09,0.40570089558199945,Neutral,1.8520268356251735,1.5867788601772883,2.3283119823410776,3.3358864367032934
2023-06-12,0.8277737084972274,High,4.388388525147849,2.7673274714723384,2.3823077857935764,2.6696820340906764
2023-06-13,0.30077322578360466,Low,1.1606068728429788,1.4370804509524295,2.529907016024818,3.0451004413498937
2023-06-14,0.6080704637719168,Neutral,2.7016947351850105,2.5519552567343906,2.6830427490026403,2.8299365886536743
2023-06-15,0.6983417801509804,High,3.551164826737676,2.484852530870956,2.4125615996376295,2.9357060717171555
2023-06-16,0.501910023176618,Neutral,2.4935724660961243,1.8442962659075812,2.277627190292245,3.075500999682602
2023-06-21,0.7950906096527497,High,3.8440169684660837,3.0271537347671122,2.1672472113800674,2.978245160202185
2023-06-22,0.4665328808312376,Neutral,1.9505135917645853,2.079605788236733,2.2987065574372387,3.1936973398433754
2023-06-23,0.4905306643714767,Neutral,2.1855969413318075,2.0525577543794418,2.8481069059183173,3.307559361637575
2023-06-26,0.43289268781384616,Neutral,2.0643450777795915,1.6765571795754681,2.666523763739974,3.0199461721701946
2023-06-27,0.3546584555275393,Neutral,1.6396803401232374,1.4248698024907684,2.9764983571076415,3.2261079485109
2023-06-28,0.33461910887486745,Low,1.705686271727787,1.1865684396908334,2.915450367250327,3.2159773123365523
2023-06-29,0.5846116422966373,Neutral,2.902505759341936,2.150119518338563,2.392371277749833,2.9976222655482925
2023-06-30,0.5461795523799617,Neutral,2.472474353343794,2.135585634058595,2.680997699166833,2.8674525181247716
2023-07-03,0.23595582779289503,Low,1.1603448215002352,0.8285452010847747,2.375071693591359,2.612020433147108
2023-07-06,0.9755675160410389,High,4.828874621602723,3.5656723877450096,2.3800075780926804,2.835194407279559
2023-07-07,0.5489322014811495,Neutral,2.638579635374509,2.0836362141320213,1.9519809741226541,3.1306300052878013
2023-07-10,0.6266075934917585,Neutral,2.787474505055874,2.599441128011293,1.8041305383494788,3.2703464563261826
2023-07-11,0.4573404054084529,Neutral,2.059355699496384,1.7895009816354779,1.586713331898551,2.9674935187483253
2023-07-12,0.6955550004051079,High,3.253988173152646,2.59786389446901,1.790511813465024,3.3383238742841597
2023-07-13,0.7495627912263583,High,3.4496339431213188,2.857417994119334,2.1007737755972657,3.6280675667879145
2023-07-14,0.3876671205407233,Neutral,1.7064585960234646,1.5566098771995982,2.1293833160924494,3.35230214002937
2023-07-17,0.33042214053121377,Low,1.5135787590250496,1.2667968365121536,1.531503438861087,2.8380511645069313
2023-07-18,0.527728852790992,Neutral,2.474169494256696,1.9508418770425433,1.167212906250607,2.5098320052048195
2023-07-19,0.4275116235189489,Neutral,1.909423139945235,1.6759068534819541,0.9239501906290445,2.299517912366229
2023-07-20,0.8401282638600498,High,4.123197910361457,2.9252354493177792,0.9933520402484171,1.9206726138699464
2023-07-21,0.29727502576537124,Low,1.304476748452819,1.1554135561082792,1.4857393582555536,2.2075079336037944
2023-07-24,0.6260021310410875,Neutral,2.6291661968494244,2.55324828904461,1.7398718100186392,2.0650893723722263
2023-07-25,0.3568784531553354,Neutral,1.779477858559775,1.1693164748171645,1.8019611736432395,2.218973717271381
2023-07-26,0.4841074878513508,Neutral,2.167657012278717,1.8203100309287539,1.961206546414317,2.7506288049497143
2023-07-27,0.7962421554837533,High,3.6312198967423566,2.9273365727535454,2.4373671332917874,2.7254640380068658
2023-07-28,0.6402561856956492,Neutral,2.720116305431331,2.555736243532145,3.0118594843125446,2.419495341857092
2023-07-31,0.57909490385215,Neutral,2.306928037003691,2.4665810228077283,2.0082370630089885,2.4327509128070632
2023-08-01,0.6677925000305194,High,2.4711938327198024,3.0354749736706577,2.6160151270489593,2.1091047371827494
2023-08-02,0.7493993551825462,High,3.3921636399246027,2.780825813278306,2.65439619179488,3.129564338540246
2023-08-03,0.7087351085885785,High,3.0403763673862296,2.7994441768147498,2.7798435325916633,3.8531244071796404
2023-08-04,0.6618459895346163,High,3.0660774431255007,2.384962511553159,2.6638987663571543,2.7434084365816083
2023-08-07,0.6420356610470326,Neutral,2.803025759719645,2.4866847063698683,2.5472805617316787,2.969099678091966
2023-08-08,0.5681600887449271,Neutral,2.6241674159008497,2.0553490776404653,2.068932031023484,2.3486719398653637
2023-08-09,0.47468414676096427,Neutral,2.2103870396557377,1.6990449769123455,2.3530570453523527,2.1631913679511188
2023-08-10,0.49871459378172167,Neutral,2.0110859966789656,2.0995835916762404,2.8631282048272833,2.5327455536332226
2023-08-11,0.6391796308380451,Neutral,3.0923376294508755,2.170616588880368,2.8209530186576375,2.431132861795832
2023-08-14,0.31145482832944793,Low,1.3278395815890365,1.2385675927101116,2.4714436283720227,2.499625152476078
2023-08-15,0.5186826766794413,Neutral,2.4019322362055426,1.8700080349412416,2.609851338293398,2.326129487281417
2023-08-16,0.36005537299058166,Neutral,1.6108796154076976,1.3551884848184417,2.8691658351346367,2.3345514384137727
2023-08-17,0.40559774830404705,Neutral,1.7945877408057282,1.546864110261762,2.683085421890575,2.205188831513732
2023-08-18,0.3579785727934074,Neutral,1.6234232449799237,1.325303187819627,2.6327086648613314,1.909498656029149
2023-08-21,0.6578466990358083,High,2.8879207345374645,2.5318867627996147,3.144177491699376,2.3194971879783015
2023-08-22,0.47448245470554257,Neutral,1.9716964654945446,1.9386155904267661,2.6727005191143176,1.703411101454499
2023-08-23,0.7382424442307536,High,2.943011571599771,3.142336496539249,1.8556565064263353,1.5577167694477945
2023-08-24,0.6836036028204644,High,3.4273949116526032,2.2000587233837834,1.5880409351572178,1.5011881050706948
2023-08-25,0.5902107346169849,Neutral,2.6308191394507334,2.23132975101015,2.0443987586393795,1.5614321395389577
2023-08-28,0.2826383666385747,Low,1.338243723820618,0.9892897098647524,1.7278953921664,1.8960150611294948
2023-08-29,0.5791286879797961,Neutral,2.57084093560071,2.2001272793309052,1.4287826404903305,2.226241610734484
2023-08-30,0.26140086456868705,Low,1.0849232759142096,1.0693516270802426,1.7162332544592975,2.1285680804284364
2023-08-31,0.3649714573438013,Neutral,1.6218697714151171,1.3848137190853442,2.014689945600291,1.6489362481119691
2023-09-01,0.5256507104936754,Neutral,2.2613602441211706,2.069817045730409,2.408530213123667,2.0872801859661596
2023-09-06,0.8305214346130607,High,3.51922899372742,3.3245498851872703,2.126918149319036,2.0873652410564185
2023-09-07,0.391621112013737,Neutral,1.715764743015476,1.5107243516651871,2.004955473820942,1.6556064794617804
2023-09-08,0.29804281289311024,Low,1.3565142349119406,1.0984594604450175,1.9473951816408932,1.7812503050262125
2023-09-11,0.37125397113226666,Neutral,1.6332845276153871,1.4253315436012428,1.8680424509574736,2.038030238170989
2023-09-12,0.5104709789131741,Neutral,2.512749797160066,1.6899669388412561,1.4517841902381377,1.9123798183967118
2023-09-13,0.3916786974913304,Neutral,1.7181388413833045,1.5088020102936717,1.6979961200142186,1.698044504236409
2023-09-14,0.39163178819466415,Neutral,1.9184468193550364,1.305964417030279,2.0993124691169895,2.0644975298055273
2023-09-15,0.6250614051732294,Neutral,3.3897204158168224,1.7530769066043754,1.7836350874441187,2.2132161823742704
2023-09-18,0.354034842277833,Neutral,1.7549663585027375,1.1596778165639097,1.8168568786669779,1.9012566302688312
2023-09-19,0.24660579426715623,Low,1.0461963937034646,0.985905954133329,1.7414838819343317,2.5919137801683676
2023-09-20,0.5154491624834847,Neutral,2.368843060247422,1.876659174242949,1.5874362218194635,2.19718800576203
2023-09-21,0.9146450516228914,High,3.7330790707839623,3.8054312865326545,1.121855329965335,3.4503537327772507
2023-09-22,0.41937159337503954,Neutral,1.9055025196601663,1.5488888297358487,1.6860239187699004,3.2036223219138082
2023-09-25,0.779577258575157,High,3.1772732950814704,3.2287844276744235,2.2946156712054706,3.871553935013905
2023-09-26,0.5663942875629673,Neutral,2.6873832653926324,1.965097811537538,2.675502161949502,4.113893202806719
2023-09-27,0.6309671623596068,Neutral,3.4390656811941738,1.737662794211819,2.95195951561096,3.7590993063010987
2023-09-28,0.4162720020957981,Neutral,2.16587733147047,1.2496397737969893,3.0305436881910413,3.9805114618732405
2023-09-29,0.5381312086480807,Neutral,2.8514155436861923,1.563837451731242,3.0967256044708673,3.869928958128383
2023-10-02,0.6312915849536133,Neutral,2.755768016112961,2.425224523885769,3.857306100886782,3.6823503810220193
2023-10-03,0.7500553813592157,High,3.144968252111036,2.997884555155204,4.019161502231664,4.099833722051281
2023-10-04,0.549602687724159,Neutral,2.332486762349854,2.1687423621378223,3.430952968447211,3.4242104481006637
2023-10-05,0.34451808199504375,Low,1.50046512974578,1.3212053330369513,3.8669336689223286,3.667894944400469
2023-10-06,0.5854722543643133,Neutral,2.8061221296655607,1.989531040684303,4.467413197781384,4.1204907133923445
2023-10-09,1.2669752890358743,High,6.110892922130913,4.439181066825329,2.5907381202262516,2.9411843788993672
2023-10-10,0.7469015603810052,High,3.796878273807795,2.4269793256910233,3.2464078810464305,3.1655934002661557
2023-10-11,0.6681385903509893,High,2.650588645147164,2.8999654301148747,2.26907114720327,2.38368212238255
2023-10-12,0.7356159484880987,High,2.709698060123413,3.3966753405918824,3.1430244820331503,3.34559085331387
2023-10-13,1.5037889675665221,High,7.651664185746102,5.127999170821706,2.408130822447311,3.0833672069044136
2023-10-16,0.6170862172805235,Neutral,2.773051180954436,2.452260655273197,2.928832986747159,3.4089803301716186
2023-10-17,0.4520067995458664,Neutral,2.433704041764,1.4144735562017234,2.873986843219432,3.64851807167347
2023-10-18,0.8064665945188341,High,4.024380117635552,2.8185348266619825,3.4135725701695634,3.988854345743938
2023-10-19,0.8224327325567068,High,3.452546419435571,3.4756425715475627,3.492320656130253,4.682675991981354
2023-10-20,0.5474246815077978,Neutral,2.9178953036591886,1.7294516005065539,3.394528543744816,4.42994199252732
2023-10-23,0.6302193380963437,Neutral,2.9873946192256016,2.341341292102791,2.365040150090683,3.4747644274377625
2023-10-24,0.5549133746286904,Neutral,2.3835722178436405,2.2941539323981526,2.0012187336044676,2.959480077295645
2023-10-25,0.8743681084566257,High,3.769467042553754,3.601943644002211,2.5820146308816323,3.6230748821477152
2023-10-26,0.6224793325823966,Neutral,2.9849173315518,2.280351742746034,2.532861903968797,3.069106954218211
2023-10-27,0.8251488539353733,High,4.227526477416432,2.7676843121244907,3.199345739739331,3.054780065726486
2023-10-30,0.7024844226665563,High,3.6020793406749343,2.353415794946139,2.9905755881758047,2.583015154492036
2023-10-31,0.5036254069100471,Neutral,2.0752331277863023,2.1650640782397477,2.7540924735427046,3.072712473930721
2023-11-01,1.0267168746437254,High,4.973929378470257,3.8232820849755096,2.9065256924655625,2.1389275785797737
2023-11-02,0.8385025730486106,High,3.883826589539201,3.286467993947492,3.1284754287133287,1.974268013964476
2023-11-03,0.45623201040591105,Neutral,2.400817761960291,1.5235362156897918,3.5266418636080514,2.1088790323164623
2023-11-06,0.5573560319349453,Neutral,3.0818884590193814,1.7241958446958945,2.122205397258548,1.9982100534161664
2023-11-07,0.5462180391999867,Neutral,2.503631449482386,2.165141159259775,2.5092386766759116,1.830415712939912
2023-11-08,0.6296233257115132,Neutral,2.6288007677372596,2.732336815512708,2.0231671474416055,1.496935576895691
2023-11-09,0.600026479041505,Neutral,2.1840875691382164,2.899386870179198,2.267320192591798,1.7826251529611072
2023-11-10,0.6179019848262164,Neutral,3.000151829411688,2.294750928625282,1.84978956463932,1.6442553475206776
2023-11-13,0.2990267651663854,Low,1.3218465346441708,1.2301753739160328,1.7745535868912692,1.656778172966619
2023-11-14,0.8019902475211017,High,3.9190838530776038,2.955307077195948,2.72199685440693,1.617564090934161
2023-11-15,0.5643706313892298,Neutral,2.689156714991989,2.142947183735757,2.3683912094640074,1.4719882582201018
2023-11-16,0.46491042759501117,Neutral,2.097434558233063,1.8736879429030902,3.5500286132711585,1.5301082576618925
2023-11-17,0.31698962823388704,Low,1.4421684606165126,1.2664244170596117,3.4213306511562016,1.4667422741898726
2023-11-20,0.41064570161275915,Neutral,2.010996677851968,1.5092633824338457,3.0729206698453746,1.6359763343629317
2023-11-21,0.6759017566776974,High,3.2863996063499434,2.433364748098662,2.389030393830043,1.5852344425099263
2023-11-22,0.2824336437362932,Low,1.2140294748899543,1.16683763216723,3.1514095668233364,1.499040590895716
2023-11-27,0.6647495276154136,High,3.3780405928037047,2.2557811757570505,2.993014998481557,1.4240575554481987
2023-11-28,0.571172027435893,Neutral,2.667492563946777,2.1596641324351817,3.165737570506058,1.6516178435983366
2023-11-29,0.6257982901606276,Neutral,3.0090874980932587,2.2315265632351657,3.283115391637531,1.7299577704852034
2023-11-30,0.8868514582225377,High,4.014722119391036,3.3174255055826007,3.525281539215562,2.1275868435542757
2023-12-01,0.7426141998790928,High,3.2306222472741295,2.9065276578895967,3.5246054411062175,2.65918040834772
2023-12-04,0.9075594305171246,High,4.419691875953088,3.182709094045367,2.889383127855241,2.183761702094444
2023-12-05,0.6532117859540532,High,2.739023225912887,2.71503324706385,3.3585093320613284,2.4266273967928225
2023-12-06,0.38399167240992604,Neutral,1.512894332231141,1.6893800315599443,4.189605616229323,2.907030941990107
2023-12-07,0.5132150360504566,Neutral,2.51073264466282,1.7888020659508874,3.224742897830941,2.5066823021894593
2023-12-08,1.0239535572729275,High,4.841340278932763,3.8158432378504545,2.6997597906876765,2.0600786877697645
2023-12-11,0.6764457728754343,High,2.9842806861311835,2.7224694687226347,3.0979972937532168,2.126330473621655
2023-12-12,0.42062819970212617,Neutral,1.971624862980063,1.5836544196130462,3.004866669190001,2.1677817053659254
2023-12-13,0.93928868417762,High,4.24083344264936,3.6889635434014516,3.5309952272836522,2.5200052333193166
2023-12-14,1.0185967465966834,High,4.245370613283965,4.352519462889375,3.9885495374641566,3.0500228482130054
2023-12-15,0.3983304866046047,Neutral,1.4813811959888543,1.8712947799487747,4.257391944759605,2.7593151428199874
2023-12-18,0.4221232689728127,Neutral,1.789648375155832,1.775085245113571,3.7987819433883985,2.6968047716951014
2023-12-19,0.31058465394088075,Low,1.2817829755619263,1.3333138777395122,3.8065976518087727,2.8638750370933095
2023-12-20,0.6612175891455772,High,3.363589991767506,2.2405004168804887,3.9275899214194534,3.7594749700882923
2023-12-21,0.4608945485368291,Neutral,2.095089259304702,1.7967600459966364,3.943335700772576,3.519820465320359
2023-12-22,0.557835935195955,Neutral,2.49120430197182,2.212164992355177,3.3781681585510026,3.3756089535521614
2023-12-27,0.5610410436344536,Neutral,2.1345148090209682,2.570135853665524,3.6263183103392884,3.982383190793115
2023-12-28,0.36975584468158257,Neutral,1.5563279960715477,1.5534144418514355,3.492207464967688,3.7984785727999006
2023-12-29,0.33653247223685145,Low,1.3655125290299142,1.452203634931872,2.90446379440036,3.975821842213594
2024-01-03,0.8950950478186985,High,4.6243691003244685,3.0158905766332995,2.9994261145633083,4.45265468553259
2024-01-04,0.49556707144255574,Neutral,2.2372455583195774,1.9688610425398032,2.5902041321904092,4.25374228018408
2024-01-05,0.6679438472359749,High,3.174645305629703,2.506283404263405,1.6741703188445916,4.337239149965944
2024-01-08,0.6833069714720698,High,3.1417934898190576,2.661965784928098,1.543516638516282,4.5790878822806995
2024-01-09,0.38777542311486857,Neutral,1.7346582112197286,1.5553898483781625,1.5593133483067545,3.4106615008372008
2024-01-10,0.26616623083465096,Low,1.2293921410420994,1.0317393060453646,1.5322339290461588,3.5388279165549315
2024-01-11,0.4393363107501299,Neutral,1.8151971587751132,1.865034021283508,1.970397737241251,3.425088269892938
2024-01-12,0.4699712843031614,Neutral,1.9162365462773185,2.0192369083748156,1.772913076386569,3.6427049212942944
2024-01-17,1.2470687111142256,High,6.244004816004521,4.392007348498094,2.056133739446805,2.6529385589641694
2024-01-18,0.5387937877592395,Neutral,2.579376894840022,2.0072893087534625,1.6970735143635498,2.9887672321129823
2024-01-19,0.4434659548822818,Neutral,2.0542791612943545,1.713487279878672,2.3781653675898817,3.2381894466383376
2024-01-22,0.31732572691038785,Low,1.3012782696549028,1.3822960967495201,2.5299966181645965,3.424296986064257
2024-01-23,0.5203119245492777,Neutral,2.340273470515707,2.0752115828707014,2.240644835721912,3.5850029643776304
2024-01-24,0.446303852196029,Neutral,2.132717898472744,1.6639914269408296,2.3108947932986776,3.218423830045056
2024-01-25,0.4158305360483818,Neutral,1.751230189569107,1.7687885063796427,2.4788762965558684,3.1643388968762167
2024-01-26,0.3020629127714611,Low,1.4509164111394146,1.1192873407456787,2.0533529376988193,2.9981717132609047
2024-01-29,0.4599644514905009,Neutral,2.022623225943508,1.8773194098331094,2.346618908907536,3.504487997275528
2024-01-30,0.493231314268481,Neutral,2.13607698728209,2.0434988873675777,2.1481681381746878,3.3243006433752806
2024-01-31,0.7705431717783766,High,4.018800268476414,2.56112762868576,2.284306884258179,3.672254249999508
2024-02-01,0.5315606176937391,Neutral,1.9922025953877036,2.489240528315418,2.593080523833278,3.9645612046760403
2024-02-02,0.839655508565014,High,4.037575284824356,3.0267820929970832,2.14753532330686,3.713799002742678
2024-02-05,0.8183088541870809,High,3.5305099363613137,3.3323821016570014,2.4344958208881584,2.9242516977965707
2024-02-06,0.4244443097537397,Neutral,1.8685520831985447,1.6931437520686607,2.122686537175887,2.7773772431589165
2024-02-07,0.36908628759213635,Neutral,1.472702620880532,1.6162334633505113,1.9210754222384574,2.46373918745586
2024-02-08,0.2264660844897626,Low,1.1105436909321953,0.7959715929754838,1.98696855399068,2.712540854052424
2024-02-09,0.5816743631994354,Neutral,2.3375410464233077,2.5314718652188994,2.3064871096668322,2.653115360542216
2024-02-12,0.5102332910990358,Neutral,2.3118660766581747,1.9732715106514802,2.4593805150119765,3.1159780814014084
2024-02-13,0.7754034098849938,High,3.773868790403934,2.7523570946883296,2.6466972493176004,2.96177433781898
2024-02-14,0.6581613429059768,High,2.976007529501796,2.551156428764179,2.221441964255008,2.9904174966449606
2024-02-15,0.3866232958234913,Neutral,1.6763759435573433,1.5665591284262428,2.064793048064736,2.8703478013203343
2024-02-16,0.40513364967303545,Neutral,2.0672122699044575,1.3477780131886057,2.2134813734311094,2.287341724596925
2024-02-21,0.5553833197305034,Neutral,2.6893299895248606,1.9442598773779844,2.2873681896735385,2.6152372596665328
2024-02-22,0.7289989043461731,High,3.536315581253671,2.546003762853168,2.6379173621363368,2.5380468682806194
2024-02-23,0.4966215546545179,Neutral,2.2076260721766627,1.9279893655540863,2.6229833661936577,2.606632666721293
2024-02-26,0.32694355534477093,Low,1.3373116364861228,1.3787729934600534,1.993046431540544,2.5574197314904334
2024-02-27,0.3970767120991022,Neutral,1.605419426648228,1.6925358130550308,1.9442366231615078,2.63763581956829
2024-02-28,0.2619258165663292,Low,1.1461349858928176,1.032846653315744,1.7903293066811485,2.8096648980905856
2024-02-29,0.33799563120145343,Low,1.4752839390599473,1.3363777710410831,2.0417995972504754,2.5297893906684346
2024-03-01,0.7084195115329613,High,3.160049553532683,2.735787705080087,2.7069740220363108,2.504583418452043
2024-03-04,0.6740713511409644,High,3.256799438455346,2.3633114048033055,2.800682699074348,2.7711013968664826
2024-03-05,0.6891505793617447,High,3.2735487197428426,2.4700108134083902,3.075045478404835,2.9873574886633842
2024-03-06,0.32566752647227964,Low,1.287529888290629,1.4161469883088833,3.1142071622768857,2.646624039457664
2024-03-07,0.5000920307983325,Neutral,2.108560877432297,2.0485106104089286,3.098746174088599,3.2600271524019138
2024-03-08,0.633556471865609,Neutral,2.8261088990279113,2.44667908253292,3.0584552551144846,3.403239760410695
2024-03-11,0.3788660627127788,Neutral,1.5903023445163857,1.5587755320620282,3.087223823508095,3.57729961084394
2024-03-12,0.639530029174328,Neutral,3.053061471392051,2.276228157131187,2.6888568663054406,3.286857533752076
2024-03-13,0.4929887061627116,Neutral,2.3724843347912032,1.736437912860871,2.9947539763805278,3.8476262377510153
2024-03-14,0.4149545523174822,Neutral,1.849612019479538,1.6028595940438772,3.1635708670164266,4.029475828679189
2024-03-15,0.4210757305100601,Neutral,1.9360805051513703,1.5697534584089619,2.928459914592204,4.029675622943867
2024-03-18,0.3238040245200291,Low,1.3163005196953332,1.372565276506893,3.0162710266297057,3.79347104289653
2024-03-19,0.46278111733091354,Neutral,2.3152307118393414,1.5455428790549401,2.8091117279330953,4.085442141105513
2024-03-20,0.8056517315101472,High,3.8769032672676795,2.837966824758297,3.041069879706407,4.677674836841379
2024-03-21,0.4275934627922848,Neutral,1.7905034047154496,1.762378812830604,2.536161516973239,4.127649329503579
2024-03-22,0.7157483413830095,High,3.3996547012402853,2.5640624316046856,2.399269292210515,3.853529698250498
2024-03-25,0.3120923073733811,Low,1.497948619677056,1.0999134678998903,2.7678648460529347,4.059820018520827
2024-03-26,0.21312530124026943,Low,0.9587572326682607,0.7987979555871094,2.540449421210034,3.6394936291546403
2024-03-27,0.6031800978520799,Neutral,2.7661217023371494,2.1470763413477183,2.6885051951207015,3.740765949896277
2024-03-28,0.4788647168204001,Neutral,2.1528888125729764,1.7476181373925812,2.7878072434873706,3.9011492885022343
2024-04-02,1.5480872952337483,High,7.2361412070770434,5.536921203122547,3.156411841586572,4.546645390249553
2024-04-03,0.3077723523486828,Low,1.28328145396114,1.2523185775822712,2.8994378394941482,4.6055580337417625
2024-04-04,0.7839614276470634,High,3.8737069798183645,2.59975935722749,2.6294921801579356,4.619770720036523
2024-04-05,0.7641113474352256,High,3.326949801886803,2.95310335016528,3.0592298868335677,4.929724224322846
2024-04-08,0.4758075698482962,Neutral,2.2455290915821657,1.6703226387582548,2.8698567038268354,4.65354669854005
2024-04-09,0.30800346110708443,Low,1.4545541800123583,1.0803147445630854,2.8507326804845854,4.586510703454243
2024-04-10,0.7083567834446214,High,3.4128072008229267,2.4087837672126873,2.878938834989627,4.47405150290305
2024-04-11,0.8695256681161863,High,3.667492188326936,3.448269139641728,3.8360077936541552,4.794108331225762
2024-04-12,0.8865589927810857,High,4.207853939582891,3.109815006568902,3.3865348049833575,4.64481132283173
2024-04-15,0.9398433925132648,High,4.039041344881195,3.6979187984616613,4.001601102875776,4.728461617732192
2024-04-16,0.5435281319420331,Neutral,2.267372442674437,2.2037172672752927,4.060268646711178,4.5588886557887465
2024-04-17,0.6066799411344311,Neutral,2.678824610308297,2.3189565645619243,3.7457787500775392,4.111373225295062
2024-04-18,0.34915625606850864,Low,1.705105985333029,1.1791653841553427,3.715483870646902,4.160264352803903
2024-04-19,0.8992385546224879,High,3.7794476071994105,3.6149343036426127,3.424186456884422,4.161655203164348
2024-04-22,0.9521559638383743,High,4.225069970529036,3.6135089305439423,2.6093463816377724,3.6510688530051127
2024-04-23,0.44205719129704724,Neutral,1.940298260058709,1.6977514864350984,2.5050216198246993,3.761478287035978
2024-04-24,0.26736934231225956,Low,1.1141603559814002,1.0829876338311066,2.375762134841835,3.5284614776538294
2024-04-25,0.7243693856172685,High,3.0047951803903343,2.947067243116018,2.5625772101977513,3.587103387822756
2024-04-26,0.5815733358159665,Neutral,2.240760127344513,2.5283988660232555,2.733476843312203,3.668570556622581
2024-04-29,0.869480937713067,High,4.250004755130529,2.9363785463295806,2.6418818353168185,3.8611116024506233
2024-04-30,0.9927724214641128,High,4.789593236822298,3.4222253724989384,1.5563053590653209,3.6706697875733707
2024-05-01,0.6801242413041461,High,2.721658931401208,2.8713288467289715,2.042985645481719,3.7008914729106754
2024-05-02,0.7610719656046271,High,3.577401816336979,2.7123636033534635,2.0548714489841866,3.6019646359413584
2024-05-03,0.9698039873712687,High,4.461026026076859,3.5526000084536986,2.295408599513776,3.2312788847710494
2024-05-06,0.5204176030575179,Neutral,2.0556706848080806,2.224487431937413,1.8023798287832522,3.2540167902663177
2024-05-07,0.3529040669849516,Neutral,1.4525321351349505,1.4534000382786936,1.7603759761521096,3.2027047085359053
2024-05-08,0.42282101773474023,Neutral,1.7948118502427766,1.690083661195381,2.1132797064462054,3.1252423182212192
2024-05-09,0.5266252751995146,Neutral,2.142253462481817,2.1926524837421297,2.34882384229393,3.2738422740691044
2024-05-10,0.36765522412969115,Neutral,1.3843519727729972,1.6353763195196591,2.486080270463424,3.398870569306858
2024-05-13,0.6672275436889937,High,3.075214403937457,2.438538212564048,2.670046808276508,3.604840428683091
2024-05-14,0.2875165268107223,Low,1.1772443067542178,1.1898982607094946,2.5411961504194913,3.4667789368491886
2024-05-15,0.5484543990604258,Neutral,2.4724028703715164,2.0565507358601414,2.363120325632924,3.633781800426682
2024-05-16,0.6497883601763508,Neutral,2.91434060938299,2.4505102089050035,2.1839595019810596,3.2854872171739453
2024-05-17,0.587228297777656,Neutral,2.293508321202231,2.534581099308007,2.3237180687476515,3.693799483778746
2024-05-20,0.4272237690102941,Neutral,1.7330387647729786,1.7833563559355274,2.0968503260780627,3.680356695011597
2024-05-21,0.2578677561891558,Low,1.0912061182500354,1.033940237077177,2.02479324694708,3.4960205941018683
2024-05-22,0.6092488435609675,Neutral,2.58315277084907,2.438103403282309,1.912502271362148,3.202879116913246
2024-05-23,0.8656595778589453,High,3.5170121462489865,3.608386669840159,1.868004323966922,2.9337383175662923
2024-05-24,0.4895202235199728,Neutral,1.900607459709031,2.1234714332394495,1.7397494711371029,3.1521524344778817
2024-05-29,1.325940915084772,High,5.599765859043705,5.422631949102465,1.9715905986240883,3.041520267797047
2024-05-30,0.5764125423957671,Neutral,2.5670815535101266,2.2339717052390577,1.9585668369546683,3.0274196195981413
2024-05-31,0.8476256142703591,High,3.5149112581108035,3.5267155400539476,1.900624716733032,2.8490271171645087
2024-06-03,0.5881393364240297,Neutral,2.9164460749794894,2.003323027558166,2.022764290097941,2.768182985282342
2024-06-04,0.5618442555439678,Neutral,2.2843852402241813,2.3799018627977713,2.283562517530415,2.469405240262305
2024-06-05,0.6988265571441186,High,3.0995702482618177,2.7201949027529255,2.0742570291194475,2.5754062924718957
2024-06-06,0.3088928254723391,Low,1.195461521273005,1.3646065487544867,1.8641096829143282,2.585275635650634
2024-06-07,1.0964252508266483,High,4.938515312953924,4.296726151949078,2.115331325359665,2.543597008443335
2024-06-10,0.48242442329401236,Neutral,2.024649835615215,2.02566621816809,2.3154361613637247,2.3542625980334058
2024-06-11,0.46693756674316333,Neutral,1.9717264294458183,1.9496378092730533,2.881315727370009,2.372271601611551
2024-06-12,0.6919388765541812,High,2.9920854778720836,2.8250888753207932,3.354884814427492,3.016381650043405
2024-06-13,0.5512085470014438,Neutral,2.2334988167504486,2.387223255419148,3.5887443987366527,2.8839004531257078
2024-06-14,0.6078682003440014,Neutral,2.4389183587170233,2.654629624666063,3.312348644579253,2.8216531390096518
2024-06-17,0.5197696333513946,Neutral,2.6497188862526198,1.755726287267779,3.3204968222601123,2.548193470796687
2024-06-18,0.3252861877735951,Low,1.3677015561852417,1.3635456983020031,3.693572411993429,2.597068449300457
2024-06-21,0.9077135604089216,High,3.751801937938304,3.8640117578930435,3.072879422212776,2.4424600747162954
2024-06-24,0.6200127228213098,Neutral,2.4946762694399247,2.701259422234099,2.758180618062149,2.239435981530983
2024-06-25,0.6705419919085944,High,2.4641341104530947,3.1344897511631906,2.8211746669462676,2.3618000900725846
2024-06-26,0.5066919835557167,Neutral,2.180744388022612,2.0781332603859344,2.3375715066913214,2.2210729113675503
2024-06-27,0.37456576912237344,Neutral,1.4538672287003718,1.6804054040561323,2.1617648111631182,2.3593586430941316
2024-06-28,0.6195455424134433,Neutral,2.6783870875464935,2.4871786554399034,1.8810013564281929,2.1573436642751993
2024-07-01,0.5582919656173002,Neutral,2.4842762683542015,2.1757219951430278,1.42478624013844,2.2107997195486604
2024-07-02,0.34032705948229575,Low,1.537559180462298,1.3047979909466205,1.8037906529532615,2.1298114443864695
2024-07-03,0.4888583825016833,Neutral,1.9862291286829912,2.0804557101140198,1.7509322754535934,2.427164377950712
2024-07-08,0.529567604872137,Neutral,2.44660440882104,1.9801947170414216,2.1473847906133594,2.4773710651856016
2024-07-09,0.17883471484024213,Low,0.6697736158894154,0.8137700111196013,2.0429659065613195,2.315403405008282
2024-07-10,0.6074414346724393,Neutral,2.886264060351027,2.1973164572984873,2.3151515877193294,2.1981972063936723
2024-07-11,0.8809140162599092,High,4.032138617060687,3.328917894496381,3.466163403683711,2.7178382836060972
2024-07-12,0.9393960765269946,High,4.256834842432912,3.5932029572785362,2.142026786021352,2.1143056807766345
2024-07-15,0.5714949344272453,Neutral,2.3997330451104406,2.3619719211500594,2.129785242853706,2.052750294797313
2024-07-16,1.01503760185891,High,3.8270424241831487,4.614702586884046,3.3406117350641695,2.61208049015285
2024-07-17,1.143535779293295,High,4.593223947490469,5.062517467216619,4.497845456448563,2.7524640015676702
2024-07-18,0.922257530167943,High,4.164152615158274,3.6641125212674797,3.658425537218238,2.1347933395288425
2024-07-19,0.6797584333048876,High,2.9262601868358913,2.830902255698523,3.5079500125189034,2.2522904941652193
2024-07-22,0.5692652196971183,Neutral,2.459335158394686,2.3068254866009683,3.1718340162886105,2.410894834996942
2024-07-23,0.37417385456232216,Neutral,1.5901802776526548,1.5408368638998848,2.6594404158901073,2.3074614247320286
2024-07-24,1.1433358557308475,High,5.48542796235008,4.276363099882275,3.3295112615448743,2.4965976063451927
2024-07-25,0.7765439826862215,High,3.047827581700256,3.526029838223494,3.977978989480168,2.7713282441326466
2024-07-26,0.6491026701497882,Neutral,2.6605812713972727,2.8437933802573965,3.7005989960051955,2.9772458152324637
2024-07-29,0.23315219191208975,Low,0.9626176946391859,1.015084863032041,3.7135006317063204,2.6673131410621225
2024-07-30,0.6157455928288846,Neutral,2.3054082878838016,2.897965417489905,4.299029028842599,3.0752428756887844
2024-07-31,0.906600493365147,High,3.563950907769414,4.118280115460263,3.886844608862116,2.771179918489955
2024-08-01,1.1528677260707898,High,5.5348287335490385,4.414509987678265,4.6154858740546025,3.0818672892667758
2024-08-02,1.3531652112135149,High,6.476779136340576,5.309336208177671,5.782594383279155,4.002051906854298
2024-08-05,2.6269529589696,High,10.333896735778927,12.500597601387947,8.84216660960113,7.1512029379508535
2024-08-06,1.1221500280654242,High,4.051546355603037,5.686866592281375,6.981268559214326,5.446042473508032
2024-08-07,0.4957568158295082,Neutral,2.6004257785425087,1.8026380405657132,6.7477224381613965,5.50586267471241
2024-08-08,0.758848513415414,High,3.4067528679592414,3.2616730422831006,5.98640758801032,4.848352494946778
2024-08-09,0.6751910143565154,High,2.532629881057551,3.3387001305603703,4.528387683062279,4.123457431595743
2024-08-12,0.5000676157533669,Neutral,2.0809849395337445,2.2930092906063066,4.283700903995643,4.270871347056066
2024-08-13,0.5472877454769233,Neutral,2.591808521893907,2.2342688734858784,3.93023144278353,3.526121590169523
2024-08-14,0.5128616456348971,Neutral,1.8647671373423091,2.587650763000569,3.880769707888375,3.255047869931059
2024-08-15,0.6420329046318898,Neutral,3.233905258136314,2.4516844130968853,2.667484561434133,3.3479140139387713
2024-08-16,0.6932323291849314,High,2.9261158197154207,3.1425838249097744,2.134726315043319,2.792585830012244
2024-08-19,0.43209398771543917,Neutral,1.9624313498607344,1.8374283743111606,2.5431938337402404,3.189505963849476
2024-08-20,0.39106758785862283,Neutral,1.3159894651852466,2.0659076088085633,3.0523909028943175,3.4781272796475826
2024-08-21,0.41820314825054217,Neutral,1.6965099220934154,1.955988642955004,2.754454470849638,3.87366915227779
2024-08-22,0.4943526165285096,Neutral,2.234818687734737,2.1112583076951954,2.639459315597528,3.9306552014579523
2024-08-23,0.5003819803889132,Neutral,1.9012704908650668,2.4529793829877,2.503776765658927,3.5243671901398654
2024-08-26,0.6171028703114558,Neutral,2.6128728135762254,2.790379952840538,2.8052579276081184,3.9818326339009396
2024-08-27,0.2455998066874579,Low,0.9918936157370262,1.1525740374490558,2.7642649195651745,3.1158825515964255
2024-08-28,0.385379428550372,Neutral,1.2358294971966735,2.089294949815551,2.748653124511874,3.565124062934618
2024-08-29,0.4646852778139715,Neutral,1.5869516458080275,2.4344673337120653,1.573320169124165,3.473356481910215
2024-08-30,0.45089975558541806,Neutral,1.960056487826245,1.99427406120474,2.666244917750675,3.429333304674626
2024-09-04,1.4557278587478586,High,5.142021973134657,7.596503014607218,2.480689412925455,4.607415304005648
2024-09-05,0.7052732585389656,High,2.88914048858978,3.3395889762152993,1.6124035740300684,4.420987182881345
2024-09-06,0.5314392389338358,Neutral,2.3443305035529267,2.373184110539169,1.6592860688565951,4.7637681087987325
2024-09-09,0.5097311841613584,Neutral,2.0781085184449157,2.422225228207283,1.720472260110353,4.569053967904895
2024-09-10,0.39860514806580705,Neutral,1.6914459133368283,1.8373080760121043,1.5241684021749302,4.204865141476457
2024-09-11,0.49874788631349887,Neutral,2.0374146931797146,2.366535791803011,1.5023389885525602,3.9161599043918844
2024-09-12,0.5101769650595704,Neutral,2.301824511840112,2.234313647306301,1.3273463165073,4.098245006428577
2024-09-13,0.4145805981675873,Neutral,1.6619288706284545,1.9942767496146732,1.8049790332424127,4.313849144514645
2024-09-16,0.4230149650183407,Neutral,1.5995271922295868,2.1172436305801585,2.0872222988420095,4.250714729674796
2024-09-17,0.2552442000581162,Low,1.1145400755507595,1.1495889257869978,2.5105848514258478,4.284925846714659
2024-09-18,0.5127563174350231,Neutral,2.3865764068891004,2.1829961079670737,2.189450534600127,4.493468830617257
2024-09-19,0.6071140066138344,Neutral,2.6305371771746375,2.7518935873712844,1.564340694339603,3.885766632704546
2024-09-20,0.43503925900087814,Neutral,1.8827367186136152,1.9738283114280497,1.4015680153295085,3.891876204015925
2024-09-23,0.3103975449331942,Low,1.3963015170061588,1.3629404745668667,1.6157924571352287,3.8923639264245056
2024-09-24,0.3858298335713175,Neutral,1.5647991884837444,1.840454961101184,1.5007090575392512,3.8831393749689007
2024-09-25,0.4082179102644795,Neutral,1.7967833014101695,1.8263401741047391,1.3347324619861156,3.8950939437325562
2024-09-26,0.49993985328205526,Neutral,2.1009217052972904,2.321975314944212,1.745806801655177,3.673175703296172
2024-09-27,0.5552810869865664,Neutral,2.117426667671227,2.7640365041831143,2.1545266597378863,3.9652408029479322
2024-09-30,0.6259762697798741,Neutral,2.588273874352088,2.9435748620744615,1.6318220197016802,3.9241061295585276
2024-10-01,0.5864242376059557,Neutral,2.292394481465955,2.8709203499837,2.804351447235458,4.308506978616276
2024-10-02,0.24685440998773023,Low,1.1941142210681477,1.0122833179683268,2.0013348593464,4.176695412503743
2024-10-03,0.7978205443493159,High,3.5669479577162475,3.522024311525083,2.3636656442546458,4.299405044345723
2024-10-04,0.4979254655039693,Neutral,2.766391199879847,1.7354741224262287,2.6262672018799926,3.8962845744725194
2024-10-07,0.722804855872251,High,2.8887744050928768,3.4844211262277085,3.524114975000936,4.338698305039729
2024-10-08,0.44780223499270977,Neutral,2.0518904594671077,1.9341774826457483,3.138685382380051,4.093580968935005
2024-10-09,0.4163820981042148,Neutral,1.890284118585243,1.8135678274303793,3.3978119264795748,3.7445666159074262
2024-10-10,0.34082134856224416,Low,1.5591837066061771,1.4742444180093595,3.3194087909518766,3.4688617951135123
2024-10-11,0.5182238382752825,Neutral,2.294675313585814,2.3067690760619985,3.5133347900690333,3.2632336172452665
2024-10-14,0.28028981422621807,Low,1.294724750509233,1.2017411762521295,3.513917000466741,2.7718066594432997
2024-10-15,0.4698025928372866,Neutral,2.136940741566417,2.042698056907453,3.4741552151827944,2.7889032576345065
2024-10-16,0.37021563370762967,Neutral,1.4773719481012324,1.7866131420080091,3.0884053272406016,3.0120398741428005
2024-10-17,0.5052914080253729,Neutral,2.207047081558767,2.2752060792437407,2.933908731370559,3.1702018940735424
2024-10-18,0.34846657101503087,Low,1.419050606378232,1.6572738980328598,2.8146249759536803,2.600925008955595
2024-10-21,0.6080384766858491,Neutral,2.9776081931822715,2.462289004517358,2.5486634830913952,2.769075720968996
2024-10-22,0.3971861563874728,Neutral,1.6954722919181207,1.8221627501923592,2.7165325694068008,2.889510192117049
2024-10-23,0.5534325561920831,Neutral,2.560484900182921,2.3160966634186457,2.9095445496222676,2.7269536573699718
2024-10-24,0.5258957929022456,Neutral,2.332103939221013,2.289435299025168,2.7726861069899273,2.5352260845791896
2024-10-25,0.4918190409697917,Neutral,2.0059087053831974,2.2946642226455776,2.476002156616568,2.773714643015858
2024-10-28,0.3960517983794906,Neutral,1.6649490845392774,1.8043095714088797,3.255591448620807,2.9992595241917885
2024-10-29,0.472635793334587,Neutral,1.9817835077609567,2.1231754592415157,2.823352900278544,3.112024620908447
2024-10-30,0.272744164236484,Low,1.0742975776639345,1.2872459480860339,3.019480339510099,3.601805554606289
2024-10-31,0.7445824690791382,High,3.3477640114280818,3.1429062647255392,1.979780815450458,3.120600327579266
2024-11-01,0.5851453997038756,Neutral,2.509250185627331,2.5787539773827928,1.7586419773985036,3.323602629582147
2024-11-04,0.5686339301777964,Neutral,2.7510561014903163,2.2263236464840324,1.4856351314724758,2.674072982453191
2024-11-05,0.3750754205227691,Neutral,1.9384800790015675,1.3576931556829361,1.8117261626874122,2.8209063006535846
2024-11-06,1.6959958431302329,High,7.93535501866255,7.065721941843141,2.3039860646662005,3.296570378795215
2024-11-07,0.8725138821810277,High,3.918557662701,3.7796437346664384,2.34376292455812,3.3910833410755576
2024-11-08,0.5623983249466624,Neutral,2.590297800894503,2.379302012126543,2.0395469524292364,3.4343393737288754
2024-11-11,0.7649294096930142,High,3.223924456900868,3.500300339315422,2.1947638584632196,3.121219476127099
2024-11-12,0.6220352623642732,Neutral,3.0722608766590387,2.4485861306077457,2.5563294588887215,2.8302647210624636
2024-11-13,0.5630204076146548,Neutral,2.4600913091254704,2.499425631398024,2.6252715157542235,2.7115049068875425
2024-11-14,0.33200224196204575,Low,1.6688146277391513,1.2812568735027243,2.356812895764417,2.667682425881138
2024-11-15,0.578281761293117,Neutral,2.5567585466336773,2.495879624094064,2.2310921309770095,2.8726467783600795
2024-11-18,0.7146483531692793,High,3.066826863600773,3.1680481659447786,1.8445824619091205,2.6611983607207517
2024-11-19,0.540913822393471,Neutral,2.1662366354125018,2.5374767788620174,1.863333623143031,2.486002974540144
2024-11-20,0.3333315481405129,Low,1.3767939346135512,1.5259808658001384,1.7612855968315262,2.890521016225623
2024-11-21,0.5113687055345951,Neutral,2.1486591014752086,2.308162791665439,1.7609551721882584,3.1845763111926795
2024-11-22,0.6678463020539747,High,2.736249610756587,3.0773913017991865,2.2606471864807447,3.2513704438064894
2024-11-25,1.2866974883696412,High,6.104529229886286,5.367184320021714,2.876241852810197,3.0519071018303485
2024-11-26,0.2076277511411522,Low,0.7886607385792938,1.042134473475099,3.097478066979414,3.0932299033314155
2024-11-27,0.4512531388026214,Neutral,2.17959604756706,1.8476152276662212,3.2997731705988818,2.8739130012100538
2024-12-02,0.9210495063932708,High,4.248232962008215,3.9509150392645633,3.6678054257263453,2.739542063918475
2024-12-03,0.31370441715740494,Low,1.401154258820271,1.3866912388275767,3.1704221449893697,3.1222386883753614
2024-12-04,0.526069353114502,Neutral,2.3951260253090836,2.2846817673622,3.3099464739780533,3.157251556891938
2024-12-05,0.4094614484987914,Neutral,1.7436407820413302,1.8863602612849342,3.063765754874531,3.0953679350659744
2024-12-06,0.42880824469266526,Neutral,1.990081973835327,1.8284217442410267,2.1693110420027546,2.878179202559554
2024-12-09,0.5723444321091933,Neutral,2.6300975995224953,2.4638788970973144,2.2283084836641853,2.796240149560949
2024-12-10,0.46541490102352845,Neutral,1.9961229784546077,2.131394085879591,1.714011205263485,2.7764402232044527
2024-12-11,0.6150341478714758,Neutral,2.6459194340131096,2.8093290934777424,1.9204314715149973,3.025458955241787
2024-12-12,0.49924683874488174,Neutral,2.3362048251942253,2.1115392224050207,1.6609019458402772,2.882798912372572
2024-12-13,0.5515020414946008,Neutral,2.2075352997839586,2.667102302818637,1.6756216117174407,2.6746562005357095
2024-12-16,0.6202126463103592,Neutral,2.893143193898317,2.631330134943249,1.9977117837912466,2.479449696873061
2024-12-17,0.37317985433604967,Neutral,1.5495773653677463,1.754679644730214,2.402760449908392,2.4945533106545756
2024-12-18,2.831064919614284,High,13.11735842577262,12.504143087359497,4.997607580618677,4.4744751955240245
2024-12-19,0.6540378631575456,High,2.6672025827066674,3.2100473858189402,3.801074312224673,4.101960792428558
2024-12-20,0.9255906392575328,High,3.7406650851317664,4.598116595559303,2.367591709993588,3.5950566653720952
2024-12-23,0.46896168529776483,Neutral,1.9953286951533569,2.240665913322305,2.6854857613782515,3.1218162477693143
2024-12-24,0.43378207420284615,Neutral,1.7153959549537725,2.151374296557968,2.7656596525674058,2.667073508595076
2024-12-27,0.44239115180799027,Neutral,1.9686241735471222,1.9943525461755356,3.0952756230382352,2.8782977854478013
2024-12-30,0.4396942733788955,Neutral,2.283680636373322,1.6841813014697442,3.2042311266609476,2.732334496543832
2024-12-31,0.42180500295316464,Neutral,2.090461385270066,1.7070576983164305,3.1101945579831862,2.5614802244943413
2025-01-02,0.37828744011296445,Neutral,1.543414688058804,1.8328874724853288,3.38111377594588,2.3174577432995167
2025-01-03,0.4325852836053903,Neutral,1.951061588102256,1.9263887555616424,3.038687150184004,2.229053321294891
2025-01-06,0.3363297685677047,Low,1.4599876121978592,1.5496262032232413,3.199799343158038,2.4554630653874523
2025-01-07,0.5447738461683163,Neutral,2.544040975286139,2.346728741580115,3.313934348990365,2.3139206913499235
2025-01-08,0.19595929611808846,Low,0.8858334827521416,0.870813627650048,3.3762775144273043,2.23162285414101
2025-01-13,0.5407523331189317,Neutral,2.91283218642227,1.9762518962379525,2.9318241784957335,2.1152515839452257
2025-01-14,0.3471804281087556,Low,1.5093526231016727,1.597558209367027,2.6996960354439214,1.9739006552572598
2025-01-15,0.6798752798900651,High,3.537343698397095,2.5984965894201233,2.268501986900483,1.9587017427269324
2025-01-16,0.5702678473073133,Neutral,2.714979914711293,2.4092726783844993,2.1161300298598564,1.8226033510482855
2025-01-17,0.4063789105807728,Neutral,1.9147518781550872,1.7255451895796778,2.035739083944512,1.957563917846539
2025-01-22,0.6694594852609742,High,3.183997326767243,2.805172963917485,1.9038341961770668,1.8051538486802339
2025-01-23,0.3900573972527914,Neutral,1.6834049949277399,1.7906161042500521,1.9703820383187547,1.956775198241116
2025-01-24,0.2929671190337631,Low,1.339215160898598,1.2768491922827552,3.6526117160904295,1.6233912444154466
2025-01-27,1.1794267114959962,High,4.854195991738445,5.786297966056847,2.6853932754417427,2.118288380137207
2025-01-28,0.5467143641157441,Neutral,2.034915789913153,2.8734122112417197,1.83201499400447,2.2678923512524998
2025-01-29,0.29778726519167126,Low,1.1446517249254895,1.5328850750252294,2.2132754168555757,2.3302573764125083
2025-01-30,0.42480758226471055,Neutral,1.832146975431804,2.0096987443693934,2.4286423742355487,2.0153691108350262
2025-01-31,0.4025976575831999,Neutral,1.877833937741176,1.7789236745170063,2.084885854379339,1.859975085115333
2025-02-03,0.5671674619910178,Neutral,2.157045112871043,2.8839205236234746,2.6989013637181687,2.184911653080356
2025-02-04,0.34769400254668237,Low,1.3903910382488092,1.7057175691076711,2.5845761054132157,2.000853864462716
2025-02-05,0.5856837519013598,Neutral,2.485596253126982,2.742003984347718,2.633403083309313,1.8015760105627174
2025-02-06,0.45903013215104527,Neutral,1.8714639580814498,2.2191230338274606,2.6247306949098848,1.2875630675799392
2025-02-07,0.48684059472206465,Neutral,2.317174575505131,2.0496457997122794,2.870341390378552,1.5596696093332336
2025-02-10,0.46742115107108606,Neutral,1.9373504078596244,2.2307194302972646,2.9118835666712375,1.6789457606090532
2025-02-11,0.24306622169834008,Low,1.0216858182345632,1.146991461422635,2.791507069022067,1.6206087793213906
2025-02-12,0.44463527341841014,Neutral,2.179800748473951,1.8138779916857013,2.6241398659581594,1.756364351105305
2025-02-13,0.6144080151561182,Neutral,3.2357496481162666,2.3019295370001407,2.5761613067863562,1.8467993040422228
2025-02-14,0.6052205646904861,Neutral,2.7760214552407256,2.643693396362824,2.084091871598909,1.7808618745261606
2025-02-19,0.6573139123047713,High,2.7697595803061708,3.095490596583802,2.204148337638273,2.1706350688878975
2025-02-20,0.47739993329376107,Neutral,2.209361598683213,2.067404471300846,2.1318372211635888,2.333871951717157
2025-02-21,0.7983664678912481,High,4.063899237926022,3.1197812826175766,2.3857566848077933,2.6638417829802226
2025-02-24,0.3549553268636769,Neutral,1.5894423722432094,1.5858572348913544,2.6854389022903495,2.614535116428239
2025-02-25,0.7333681668147534,High,3.2082406357932576,3.345732151294079,2.711299161846137,2.275969423036578
2025-02-26,0.34810097211739277,Low,1.5545187186380878,1.5591027509666273,2.8333472383710405,2.0910402682426836
2025-02-27,0.7076468493961064,High,3.2372954552733173,3.098911384288606,3.0395650856736403,2.0782599597462244
2025-02-28,0.6313627399142558,Neutral,3.0299010441387373,2.6353659711493953,2.844938303806201,1.8293062192834664
2025-03-03,0.7714640152816521,High,3.850810270200894,3.0842942825409723,3.4247215997494473,2.749496828419051
2025-03-04,0.797740932081137,High,3.3490628161638227,3.7681641144681146,3.141391172640714,3.078933129940607
2025-03-05,0.4444493481289143,Neutral,2.374610332592461,1.6341267531065244,2.430520870305901,2.9506080557749508
2025-03-06,0.5274683148308983,Neutral,2.3603635304545283,2.3580396301235282,2.8356774744790556,3.242079313860785
2025-03-07,0.3143708190919936,Low,1.542644982539634,1.2811334489883308,2.777113250722421,3.164802031366323
2025-03-10,0.8664473498729978,High,4.278815380581013,3.506204367707898,3.4213439600615856,3.7596943406855945
2025-03-11,0.6679603409783323,High,2.8639330117056567,3.100530569926096,2.89297447915193,3.6223426635611
2025-03-12,0.5054062352128752,Neutral,2.0011003222903065,2.497681001818209,2.8155420191528693,3.451259746617832
2025-03-13,0.7005487192846325,High,3.3769674764981215,2.910396520119586,3.290017814634327,3.8192714752849213
2025-03-14,0.5612132653782305,Neutral,2.864961946494451,2.1855242199975327,2.9353935314617474,3.083810408275885
2025-03-17,0.3964218030520685,Neutral,1.594875891927142,1.9359617283280968,3.00103239571139,2.89818800443789
2025-03-18,0.46282635331956173,Neutral,2.2075291430742734,1.9442880860791467,3.235659284058963,3.366002288076997
2025-03-19,0.291029859659785,Low,1.3553722631449299,1.2525334569422144,3.129809825027405,3.2890933013819805
2025-03-20,0.2905490094604388,Low,1.3512831994782728,1.2521555517895286,2.9675789713142557,3.331786976812513
2025-03-21,0.3911961150893384,Neutral,1.8541630546404748,1.6540887974857905,2.5685135989017063,3.05669021480256
2025-03-24,0.5830282485242773,Neutral,3.0536526141197218,2.1997606619473395,2.0870620345755304,2.6291387237684836
2025-03-25,0.3522518666196861,Neutral,1.7336735549701359,1.4308040340511934,2.319357161156937,3.9703969397689325
2025-03-26,0.481329391244713,Neutral,2.087101945749342,2.212862157786863,2.2469140381568335,3.584527644798849
2025-03-27,0.4017502139454989,Neutral,1.818482410881904,1.7770935854903311,2.672577538628622,3.1745914629587553
2025-03-28,0.6666386277299057,High,3.24696550500267,2.738918217145622,3.0773496068375166,3.773612705777093
2025-03-31,0.8090443935662206,High,3.9769634078293215,3.290720785524202,2.7369834226692737,3.9124238433896856
2025-04-01,0.4571632458610805,Neutral,2.4070266064543526,1.713349036526072,2.4039415529458674,3.718402791291791
2025-04-02,0.3139157950332705,Low,1.6663540608139027,1.1641014765985385,2.2990336609498225,3.388488045594672
2025-04-03,1.4183965529390496,High,6.625259204824707,6.295766664649619,2.691668243701281,4.027171099299513
2025-04-04,1.6991419354468662,High,7.444743017303806,8.140337882799079,4.424339751429249,4.8872743151053895
2025-04-07,0.9436295641820894,High,5.090366916421334,3.7765912757608775,3.210749839013169,4.923536979225149
2025-04-08,0.8888918922316823,High,4.696547596919686,3.642896716985718,3.6869866648771947,5.306750686889731
2025-04-09,2.286390483278309,High,11.032852969732206,10.495209717317872,3.2584424933141225,3.7278205045758104
2025-04-10,1.2906426265933022,High,5.772753516986903,6.498669597651813,4.050366643066901,4.400329635424143
2025-04-11,1.0563158271160895,High,4.566906921105843,5.4733511596614965,4.388954095357148,3.9714451267252833
2025-04-14,0.7296608395426163,High,3.222118361478192,3.7250031176903735,3.6048733631247507,3.5398527470327434
2025-04-15,0.2429685225333153,Low,0.9143982976792556,1.3713983605346558,3.5274274535269847,3.8548062353439727
2025-04-16,0.8631392650572771,High,3.7101661056804787,4.396291686977909,3.9769656918934104,4.183687912372782
2025-04-17,0.7721662235766418,High,2.4964253657032107,4.647910838452593,3.8046004571279504,4.19949267714945
2025-04-21,0.9457837700845866,High,3.781717305736083,5.0921977445821165,4.816269520396152,4.910835013436283
2025-04-22,0.6850986601066131,High,2.7937520542650502,3.64163227392792,4.580533656681726,4.5430570794593645
2025-04-23,0.8640129414518319,High,3.92790361105757,4.242947147675237,3.995805184662445,3.9388774319077866
2025-04-24,0.5045867181602118,Neutral,2.4588673017204474,2.3353077375395395,3.723821986149409,3.9684347953634345
2025-04-25,0.4237987341382843,Neutral,1.6738719023840984,2.2996587333067087,3.4776800674942,3.8559977548135898
2025-04-28,0.36275021048498807,Neutral,1.6573844953360048,1.7742167564077251,3.2489927442858533,3.782786377656466
2025-04-29,0.47527660842393893,Neutral,2.02830533639515,2.4483719709498026,3.239143484096319,3.6075662330092144
2025-04-30,0.3623015341369359,Neutral,1.5048154572259094,1.9021308511186903,3.371896539897219,3.3369475809273346
2025-05-01,0.5853507450978137,Neutral,2.564364825075811,2.9581024649462417,3.434283318264823,3.3727334239913103
2025-05-02,0.6267414650849761,Neutral,3.0224702760452113,2.928027149431134,3.143235574007795,2.954419596765038
2025-05-05,0.6633585880382028,High,2.3585450290337113,3.8256338937428387,4.784754251753425,3.2091660682029772
2025-05-06,0.6123057675295138,Neutral,2.230996731238607,3.484558942357944,4.697019444174615,3.3364463418749892
2025-05-07,0.43694819165464815,Neutral,1.6983040242932639,2.394786154781848,4.672786052344583,2.8889222309032
2025-05-08,0.5458735179219888,Neutral,2.4994881856134366,2.6651871081296665,3.261945929003164,2.6077450825171673
2025-05-09,0.48565701341487144,Neutral,2.2591162438079078,2.3406261609577457,3.2563698109919414,2.5386789838435924
2025-05-12,0.847594260184879,High,3.276282227041804,4.661060446192359,3.414944924564864,2.0563740900774774
2025-05-13,0.7133523151792847,High,2.8561589807041208,3.8374615248422543,2.9511303786306655,2.3857290206843005
2025-05-14,0.5013910669206947,Neutral,1.9442620637825694,2.7518813124843104,3.0516971868718707,2.4480346203415198
2025-05-15,0.45287293908995746,Neutral,1.848296931470438,2.405913603903938,3.6162469950350355,2.0603937874914613
2025-05-16,0.3808420252435799,Neutral,1.4317621449729496,2.1291835381663464,3.2653340079403383,1.8547834294171295
2025-05-19,0.3377971450654329,Low,1.188120773167393,1.9592527996281508,3.8628987908099375,1.7405335340761392
2025-05-20,0.42030368716120114,Neutral,1.477083207123132,2.4388651198584266,2.923313488441094,2.1650343829629164
2025-05-21,0.625400212844553,Neutral,2.629257664536124,3.2560626569640823,2.523203458551538,3.2937091663108413
2025-05-22,0.3151823029373446,Low,1.2614708224884381,1.6959246996551194,2.6638895078913096,3.1826472508025083
2025-05-23,0.4636166664256476,Neutral,1.6768254745832158,2.6491123196218322,2.1116518552795633,3.356476756365881
2025-05-28,0.5745720902102515,Neutral,2.193266594615739,3.183591853550489,2.680338249999868,3.469517411666219
2025-05-29,0.40963078328327956,Neutral,2.0091322050461438,1.8846095247829542,2.0920141259103504,3.42779531759883
2025-05-30,0.4390307064683395,Neutral,1.864235159543927,2.2697656660861556,2.080686405656454,2.9058282460283094
2025-06-02,0.5405181696930156,Neutral,1.8932067502917516,3.141912931006309,2.2975325522924566,3.0882137287378386
2025-06-03,0.3549454342007302,Neutral,1.4705341000428902,1.8667327300551066,2.6663777326638596,3.420513153188205
2025-06-04,0.4971812951948864,Neutral,2.527788982436802,2.2102649433784642,1.9769318697036582,2.7845988509682216
2025-06-05,0.3117082862160488,Low,1.3742886007711932,1.5676933717192496,2.2193159681512657,3.241310254217578
2025-06-06,0.49889117590582144,Neutral,2.286650360172404,2.4338210467726493,2.4443567946643703,2.9860068074972967
2025-06-09,0.2831429844029092,Low,1.2232231545045422,1.4394144097125554,1.8037857531150188,2.5953918739765083
2025-06-10,0.1745718120447669,Low,0.6646189070975977,0.9645470184938372,2.1888641312832338,2.831835665468532
2025-06-11,0.2539704523668316,Low,1.0811625236951943,1.3049061327864993,1.1201958473793139,2.306171532067256
2025-06-12,0.38791785134216195,Neutral,1.614383464768967,2.024972499144711,1.1005910558659517,2.403213039726946
2025-06-13,0.6288278138856039,Neutral,2.2053422902949507,3.5963296599946317,1.7128853530099384,2.994376916932031
2025-06-16,0.4873535403646875,Neutral,1.8231991699886674,2.6870071572765113,1.341831064272511,3.1732195083875396
2025-06-17,0.45548140658000696,Neutral,1.9757207536171861,2.2724172518970995,1.7881914954325526,2.827939608222549
2025-06-18,0.3173628307497393,Low,1.2743263241002827,1.670288001442571,1.5577953075523783,2.5313339578614378
2025-06-23,0.44518049827095046,Neutral,1.791007422650227,2.339970907662981,1.6791183983068463,2.3198904622689214
2025-06-24,0.4863192924454576,Neutral,1.7168985275347215,2.7664469802752483,1.900180622209467,2.1837735743257136
2025-06-25,0.282806079216696,Low,1.0815149279838447,1.535842358165058,1.6599333760899504,2.302686227766278
2025-06-26,0.2487235232260923,Low,0.9612836457398456,1.3246765259443443,1.8430572533344964,2.3348229514426944
2025-06-27,0.4693219730002094,Neutral,1.6500948939763795,2.6435884441698767,1.5238015260435336,3.0118300580367827
2025-06-30,0.33896650781019094,Low,1.4028270296075207,1.7237202294447447,1.3192666335110235,2.9557673079672946
2025-07-01,0.5017079404440888,Neutral,1.7232539457417761,2.861810672729133,1.5573504539695424,2.8726863721669984
2025-07-02,0.2728824035934186,Low,0.9372599795370775,1.556584657559862,1.8038604444885098,3.046357891672847
2025-07-03,0.26430397284142987,Low,1.0973019579443513,1.3409939062634824,1.9656659387660098,3.7305985754570865
2025-07-08,0.6277938373653549,Neutral,2.6337192228242765,3.161191763714793,1.6619046539586577,4.607381575940008
2025-07-09,0.3641813233662196,Neutral,1.752774338869167,1.6359596644104204,2.0295782126267463,4.109337386958081
2025-07-10,0.22882728871833474,Low,0.8254768546689895,1.2705188413837163,2.0115300510765413,4.4392736369363455
2025-07-11,0.4204109886828966,Neutral,1.8837567198623086,2.0113613772738552,1.3454278695293804,3.3664525281137507
2025-07-14,0.3424312811192768,Low,1.5983390371002888,1.5820103913168022,1.7137354352678158,3.3318606448418584
2025-07-15,0.4288617816259991,Neutral,1.9712340747719264,2.008162452134836,1.507459007841918,3.1410765391574786
2025-07-16,0.3137315115923586,Low,1.5099369883454945,1.4093545964709608,1.813851858932987,2.5851275046723834
2025-07-17,0.2271945784596049,Low,1.0489649341001646,1.0597315535246805,2.2310453291763346,2.6232464723851248
2025-07-18,0.25427301161254673,Low,1.1827298785828604,1.1783480240584818,1.9325660451968805,3.158702460382453
2025-07-21,0.38729388663206143,Neutral,1.8808650090043078,1.7249649115236285,1.811359453002455,2.7502616057471645
2025-07-22,0.4137840105675159,Neutral,1.954945310773275,1.8909370102443057,1.6374375490769757,3.0251848257100717
2025-07-23,0.4854838313903793,Neutral,2.242648010128293,2.2634878345421394,1.7596516964029771,2.837556839649946
2025-07-24,0.4218557605933364,Neutral,1.9145674133113282,1.9968708332976852,1.496561484154853,2.6823241361513066
2025-07-25,0.36285591859188104,Neutral,1.6731900254145327,1.694384672361798,1.4763786693321808,2.5587554362919374
2025-07-28,0.2882095115206717,Low,1.3318196697686693,1.343322499513175,1.4288561183408026,2.440871504689123
2025-07-29,0.5464382069060117,Neutral,3.0185506636885986,2.112949025829344,1.517399807882481,2.252005988595616
2025-07-30,0.4667003559463794,Neutral,2.2339449574957726,2.1072598201684465,1.461257207102138,2.2795991375250306
2025-07-31,0.46908466365677415,Neutral,2.0491951296094877,2.2905370306053805,2.392081498994695,2.1513921015755
2025-08-01,0.9665850186249666,High,5.146986035616193,4.04238152501484,3.2577194736831436,1.9907450011995165
2025-08-04,0.9039406949354375,High,4.747682687837517,3.8215412511755833,2.4648065345634063,1.7484948086800172
2025-08-05,0.27607250494807717,Low,1.5621363217921997,1.0718373678514437,2.090729778564646,1.9206236202422793
2025-08-06,0.36024869208114463,Neutral,1.7872660822940072,1.6120894635256175,1.6607761875369547,2.238028426487076
2025-08-07,0.36845795630800543,Neutral,1.7575876496096166,1.7086548576273308,1.7242594222025105,2.0544654573713714
2025-08-08,0.32055215518910596,Low,1.6253572242278134,1.362039556964604,1.6576319759157103,2.117141854250496
2025-08-11,0.5095026669920178,Neutral,2.457247971159157,2.256000949430025,1.946487505883394,2.2800611290479638
2025-08-12,0.38042843578247343,Neutral,1.9539672334128444,1.5809311174077907,1.8107267341446536,1.9527086565224197
2025-08-13,0.4382844929880404,Neutral,2.0031541765974183,2.036734320900385,1.625785448236321,1.8594630665417735
2025-08-14,0.30975946862226106,Low,1.6859902928287327,1.204749156097499,1.6630209448951208,1.6639097144681503
2025-08-15,0.32867653953848586,Low,1.9134602128400804,1.1701863715913587,1.2857630100718118,1.7096555736907773
2025-08-18,0.1708246714448286,Low,0.8888432721706498,0.6734070163073843,1.8355404516182725,1.6709593602003858
2025-08-19,0.6002545956043116,Neutral,3.3495236650396754,2.114508697314566,1.8403276379919036,1.8242721979243255
2025-08-20,0.36358431088163706,Neutral,1.8545902306241813,1.405358856128684,1.4424310802969507,1.7777479471266886
2025-08-21,0.29907534690173665,Low,1.6108310693087442,1.0698555177013673,1.4091839999054645,2.0778286948440634
2025-08-22,0.7967168807211569,High,4.178898749754687,2.95392911287803,1.6426197181092668,2.3873499410689907
2025-08-25,0.43673818465987096,Neutral,2.2567371583804214,1.6507533701839932,1.5146357189186588,2.3264327116005172
2025-08-26,0.26195402018726704,Low,1.304599967212039,1.0354581729215948,1.8457205607859408,2.192489173265476
2025-08-27,0.25715901972556443,Low,1.2635899645912332,1.0323607831705774,2.032139419773861,2.1556980567582413
2025-08-28,0.28929245670478343,Low,1.5186510940531048,1.071413831434633,1.6811644909133188,2.1568415318134573
2025-08-29,0.5380208031693507,Neutral,2.898825406156097,1.923664825920013,2.68102615808567,2.2450751454727653
2025-09-03,0.9875309390691026,High,4.8810101492334095,4.0282178370776185,2.0541891593104804,2.6556844462441775
2025-09-04,0.37603966778506137,Neutral,1.9145600773254914,1.4831566106168521,2.026091711555065,2.283297437724357
2025-09-05,0.6048735445250071,Neutral,3.2168090163816125,2.261275478390219,2.277808287820839,2.7258537961759117
2025-09-08,0.47631032074397006,Neutral,2.315767449470254,1.9778006407882367,2.584492503328003,3.0069438182142383
2025-09-09,0.3354988582720172,Low,1.698131360947509,1.3323475922363042,2.583381894424078,2.4763050640626982
2025-09-10,0.4896856703552902,Neutral,2.1271215394457497,2.2634669183663436,2.652762664391319,2.547733954149232
2025-09-11,0.4559375433318643,Neutral,2.142684223202857,1.9603667810879692,2.7997619481509326,2.459079069280909
2025-09-12,0.4150147031143139,Neutral,2.041678876643743,1.7015775551994088,2.369927200819702,2.2666664263119
2025-09-15,0.5417598092790381,Neutral,2.9596044450977947,1.9541673165223843,3.141539478599237,2.7167821009545543
2025-09-16,0.20486390946244398,Low,1.0988960978821039,0.7573423672166569,3.122609391960787,2.661393137990503
2025-09-17,0.5531972853976446,Neutral,2.7302373336119254,2.2601809187580426,2.8702768726657504,2.2776001740757854
2025-09-18,0.47023858209083647,Neutral,2.4479821410003106,1.8058673628334865,2.714642254877812,2.173055026125307
2025-09-19,0.4825352296244412,Neutral,2.6476400223110788,1.6810619229881116,2.9849428154781426,2.1684282518822604
2025-09-22,0.5472535318836222,Neutral,2.733839045132393,2.155446865890658,3.545900899599865,2.4935641207226267
2025-09-23,0.40146386518651694,Neutral,2.0914879429861095,1.5016689799586391,3.149956583515436,2.535372464041281
2025-09-24,0.3969821898927019,Neutral,2.150107064768109,1.4090308060186993,2.9564333116231998,2.2242606914603535
2025-09-25,0.39516038779246654,Neutral,2.0091359462801854,1.5239237129395122,3.1716048179449596,2.7079614569217982
2025-09-26,0.5150864656057403,Neutral,2.832001518641411,1.7891371225745074,3.456574018285923,2.692390330442192
2025-09-29,0.5154033103061643,Neutral,2.560189886588233,2.043458291025142,3.7330755101053463,2.808928401902904
2025-09-30,0.36721728588113545,Neutral,1.7705009896568955,1.4949438698618873,3.637623782102136,2.7366904835517936
2025-10-01,0.3226644321651694,Low,1.7265095330084599,1.1565634884893137,2.3015829904973613,2.8191387541433572
2025-10-02,0.3838185177620365,Neutral,1.9858386703667403,1.4381695872446185,2.355969477784761,2.662880966300244
2025-10-03,0.45158977391693916,Neutral,2.342381782377857,1.686684483762246,2.3317557546970193,2.53161464493434
2025-10-06,0.8481261022159851,High,4.309817237581341,3.249903898784239,2.3876387862718977,3.0469932013437697
2025-10-07,0.3162681174359897,Low,1.5561431242647987,1.2587707102988195,2.8354485062722143,3.214307379707295
2025-10-08,0.6434523799229956,Neutral,3.12582987608555,2.5979084145766724,3.4836352976066696,3.584314932808909
2025-10-09,0.5944927693224565,Neutral,2.993313826492429,2.3034266454392553,3.0460637625074662,3.395116121511933
2025-10-10,1.219456040651595,High,6.535742095709578,4.513043665878632,4.182775579176292,3.837918301175256
2025-10-13,0.7700873321336321,High,3.8468811740944426,3.1044017246637914,3.6941497875152023,4.074215435712241
2025-10-14,0.5135627485967273,Neutral,2.383837461695939,2.2350384958301728,4.116416262391701,4.314878010520512
2025-10-15,0.508513588612878,Neutral,2.349253541953757,2.2231765877893945,4.577295192595384,4.023485449006605
2025-10-16,0.9482800343691247,High,4.374454866251984,4.151649014621693,5.600332581791826,4.5785158932244485
2025-10-17,0.7825315604624932,High,3.4614295694514214,3.5606316223507415,4.075722553566436,4.1943246044886155
2025-10-20,0.9042616217329719,High,4.0999771134156555,4.023722094577583,4.476075361408285,5.0996818890865905
2025-10-21,1.5592443863292633,High,6.937655530551479,7.206679914907177,2.928178724238276,4.090187759145367
2025-10-22,0.4037727613347173,Neutral,1.9797482469580245,1.701512554023137,3.5274977692119225,4.175680830478662
2025-10-23,0.3083581076702133,Low,1.5282668278727587,1.2760277143813785,2.873657326019052,3.720524554634652
2025-10-24,0.39182644523970034,Neutral,1.9899400196179327,1.5785843027983306,2.751093329632243,4.159882632489752
2025-10-27,0.8393727184727782,High,4.05624208846441,3.5661174286922948,2.1391162648561153,3.554635395229527
2025-10-28,0.42287457984838256,Neutral,1.8819256489328926,1.9408802674272871,2.63531548894933,3.017187658674747
2025-10-29,0.5425608145376726,Neutral,3.036398864756877,1.9350456217046983,2.5527696166316245,3.173550700458445
2025-10-30,0.7656649071696214,High,3.917128731585802,3.059162615514244,2.729615043288172,3.535204277737403
2025-10-31,0.41675892234869444,Neutral,2.0324658269778224,1.754112383811157,2.85823082384058,3.6692413260641628
2025-11-03,0.3510709879115884,Neutral,1.6857531001618318,1.5011727223136404,2.297831761203051,3.5035832090267673
2025-11-04,0.6322746998740598,Neutral,3.047345284373953,2.693484539969011,2.2874886789570437,3.6128235629894307
2025-11-05,0.5259171691294728,Neutral,2.653865510008047,2.134047815203008,2.0517619602845767,3.6731174503192245
2025-11-06,0.5439905335238737,Neutral,2.9254995506563235,2.046297461729307,2.0985959802396903,3.75527178423081
2025-11-07,0.41415702605214155,Neutral,2.0767842850123923,1.6922657137186343,1.218384220186059,3.3370720105039893
2025-11-10,0.6862926178653399,High,3.0541125342851574,3.1499932853630446,0.9118682176624417,3.925316037972832
2025-11-11,0.6202109722592037,Neutral,3.022064635458293,2.6127541477765095,1.2587776509041897,4.122592041934714
2025-11-12,0.5489666408525412,Neutral,2.6014764063708875,2.3781905414351194,1.6875017924310762,4.538058537757297
2025-11-13,0.6851390378577267,High,3.8688627541715648,2.412718186910171,2.0357646429459098,4.342862613824713
2025-11-14,0.5253577521286991,Neutral,2.3457833272771387,2.404308853156697,1.7750947457240904,3.6868487402317998
2025-11-17,0.5059445472654738,Neutral,2.27876963333927,2.2979042186614898,2.9903418356488936,3.6391756115812908
2025-11-18,0.42964112801468424,Neutral,1.9358438511939882,1.9506842113349279,1.9973008864049207,3.6695450415560456
2025-11-19,0.19034120207384475,Low,0.9194067778532684,0.8090412037296326,1.4844337949367084,3.761392195933841
2025-11-20,0.6115188094235635,Neutral,3.0861510330438686,2.4811085595055173,2.598044811326968,4.052476867514578
2025-11-21,0.5555004718893636,Neutral,2.867016478906944,2.155820604823968,2.5554542631081936,3.882413436228239
2025-11-24,0.7339352664615344,High,3.596748555021724,3.0217483705017183,2.0049494249467426,3.6242660039006585
2025-11-25,0.5685709137733986,Neutral,2.8065933010326862,2.3225558415440686,2.341873651251925,3.533144851743918
2025-11-26,0.3706246223745918,Neutral,1.7934889306624135,1.5466204984487433,2.7417092064274176,2.839469999080923
2025-12-01,0.7310271901246754,High,3.748105226536886,2.859540162057803,2.0859182743880043,2.952707631311387
2025-12-02,0.335997236236781,Low,1.3868922233776808,1.6189627618398543,1.8291713684429727,2.56595050766065
2025-12-03,0.37275092330325177,Neutral,1.6731258891863128,1.6740178655159437,1.808147353755249,2.4514995347700492
2025-12-04,0.38153920834339905,Neutral,1.946100900301877,1.5016356998406213,1.9980693943067205,2.366212234696896
2025-12-05,0.19088038170806998,Low,0.9933216827937288,0.7333769217394185,1.7445850875876077,2.5320418942749496
2025-12-08,0.3365026915503707,Low,1.6312291175690128,1.4016352033399673,1.4624921140609153,2.4828377968599953
2025-12-09,0.2715988522471482,Low,1.2520187003207173,1.1898789011807547,1.342299486051494,2.597172596255262
2025-12-10,0.4644635417269026,Neutral,2.2743141313501747,1.913963077920312,1.2587530944936305,2.5493824312034428
2025-12-11,0.759871091526088,High,3.5287040141109034,3.3055625876671955,1.6957727164972254,2.894854233097528
2025-12-12,0.6433625666954537,Neutral,3.3534935324737742,2.404823675943174,1.9413331859483225,3.0379593507167892
2025-12-15,0.4162514631629456,Neutral,1.758283397747931,1.9367314927327668,1.7583579012160082,3.015350884919583
2025-12-16,0.49796741607001105,Neutral,2.6952975246417066,1.7690911592474161,1.9080076109680775,2.5944558221026677
2025-12-17,0.4618265247065297,Neutral,2.1811302075271692,1.9355696481172815,2.6488337182907915,2.6288838588718786
2025-12-18,0.46236464391321624,Neutral,2.349429092300231,1.7843881712064356,2.8176010109517207,2.522896494935774
2025-12-19,0.3903519796088731,Neutral,1.7007297611342027,1.7682323184820796,3.040423283010533,2.5816278847189373
