week,qqq_1w_error,qqq_1w_sigma,qqq_1w_shock_score,qqq_1w_p95,qqq_1w_p99,qqq_1w_shock_p95_flag,qqq_1w_shock_p99_flag,qqq_1m_error,qqq_1m_sigma,qqq_1m_shock_score,qqq_1m_p95,qqq_1m_p99,qqq_1m_shock_p95_flag,qqq_1m_shock_p99_flag,sp_1w_error,sp_1w_sigma,sp_1w_shock_score,sp_1w_p95,sp_1w_p99,sp_1w_shock_p95_flag,sp_1w_shock_p99_flag,sp_1m_error,sp_1m_sigma,sp_1m_shock_score,sp_1m_p95,sp_1m_p99,sp_1m_shock_p95_flag,sp_1m_shock_p99_flag
2010-11-01,0.07638298310902189,,,,,False,False,,,,,,False,False,0.0862822452594181,,,,,False,False,,,,,,False,False
2010-11-08,0.0988636447135553,,,,,False,False,,,,,,False,False,0.1060102476999596,,,,,False,False,,,,,,False,False
2010-11-15,0.1350325477736413,,,,,False,False,,,,,,False,False,0.1401556133225391,,,,,False,False,,,,,,False,False
2010-11-22,0.1944522951506351,,,,,False,False,,,,,,False,False,0.18376788819462211,,,,,False,False,,,,,,False,False
2010-11-29,0.2506440344226452,,,,,False,False,,,,,,False,False,0.2478854667659803,,,,,False,False,,,,,,False,False
2010-12-06,0.2837064033042565,,,,,False,False,,,,,,False,False,0.2855091463698157,,,,,False,False,,,,,,False,False
2010-12-13,0.26998688845322977,,,,,False,False,-0.0185990631585244,,,,,False,False,0.283527862386821,,,,,False,False,-0.018330093485441,,,,,False,False
2010-12-20,0.27863205348134823,,,,,False,False,-0.042171408656103,,,,,False,False,0.3069664623269046,,,,,False,False,-0.030664815287418604,,,,,False,False
2010-12-27,0.2616499348407866,,,,,False,False,-0.0770220673444358,,,,,False,False,0.3089772408723939,,,,,False,False,-0.052258505605728894,,,,,False,False
2011-01-03,0.269091038090744,,,,,False,False,-0.085351578534112,,,,,False,False,0.3172930287740114,,,,,False,False,-0.0569051199133419,,,,,False,False
2011-01-10,0.3271190023021073,,,,,False,False,-0.09296704869259641,,,,,False,False,0.381122840452087,,,,,False,False,-0.0575677243435357,,,,,False,False
2011-01-17,0.3013060260825275,,,,,False,False,-0.11063790417431629,,,,,False,False,0.40608893638358573,,,,,False,False,-0.0661706056525741,,,,,False,False
2011-01-24,0.2901303475434419,,,,,False,False,-0.1040246504536634,,,,,False,False,0.43300773753592653,,,,,False,False,-0.050840316458489694,,,,,False,False
2011-01-31,0.3200662377739004,,,,,False,False,-0.12574854164276109,,,,,False,False,0.4967049865791865,,,,,False,False,-0.057434653347421705,,,,,False,False
2011-02-07,0.3615676671009535,,,,,False,False,-0.1359243638237121,,,,,False,False,0.5613372156388553,,,,,False,False,-0.0574912299682743,,,,,False,False
2011-02-14,0.4071871003269308,,,,,False,False,-0.13477900045758967,,,,,False,False,0.6288782206008975,,,,,False,False,-0.0498408336650879,,,,,False,False
2011-02-21,0.4026522010472212,,,,,False,False,-0.14959980919489618,,,,,False,False,0.6467247429145769,,,,,False,False,-0.046607187108319806,,,,,False,False
2011-02-28,0.4384282705501356,,,,,False,False,-0.18348834178514256,,,,,False,False,0.6963254464695388,,,,,False,False,-0.07123374747581909,,,,,False,False
2011-03-07,0.42954795999197914,,,,,False,False,-0.2277462222196887,,,,,False,False,0.7206222957909743,,,,,False,False,-0.1053215833722427,,,,,False,False
2011-03-14,0.4232108690179932,,,,,False,False,-0.2886792741302768,,,,,False,False,0.7466662525356957,,,,,False,False,-0.1509512772448012,,,,,False,False
2011-03-21,0.5155982992605206,,,,,False,False,-0.3472703225078707,,,,,False,False,0.8526566625409229,,,,,False,False,-0.1989825983850057,,,,,False,False
2011-03-28,0.5355454512867108,,,,,False,False,-0.377143051103235,,,,,False,False,0.9306171947482924,,,,,False,False,-0.22523463127022017,,,,,False,False
2011-04-04,0.5709130309404958,,,,,False,False,-0.400351125260209,,,,,False,False,0.9950090189526363,,,,,False,False,-0.24096955452374547,,,,,False,False
2011-04-11,0.5368207063565767,,,,,False,False,-0.437514331393299,,,,,False,False,0.987709047589077,,,,,False,False,-0.2687946369673334,,,,,False,False
2011-04-18,0.5468363292572629,,,,,False,False,-0.4659764529629834,,,,,False,False,1.0025497655512945,,,,,False,False,-0.286190161037858,,,,,False,False
2011-04-25,0.5459802146484798,0.14201270074260233,1.3877778366730658,,,False,False,-0.5119547280023133,,,,,False,False,1.0344087236973818,0.3061950762568615,1.6464896379153924,,,False,False,-0.3204500886418183,,,,,False,False
2011-05-02,0.5590230534980976,0.1363992471553198,1.4044200523907782,,,False,False,-0.5604583599415933,,,,,False,False,1.0618105297330511,0.30936773467430384,1.596897324020578,,,False,False,-0.36114698125562483,,,,,False,False
2011-05-09,0.5556675641883687,0.12967190563560596,1.31591315922708,,,False,False,-0.6038611587269093,,,,,False,False,1.0845872435587118,0.3104662996168368,1.5433805385413266,,,False,False,-0.3939931620110479,,,,,False,False
2011-05-16,0.5141214994718228,0.12149210125631195,0.9425350027795901,,,False,False,-0.6553792931341083,,,,,False,False,1.0841281229125048,0.30907292921711355,1.4313834931831162,,,False,False,-0.4330113265144711,,,,,False,False
2011-05-23,0.5134092159293229,0.11592332227969941,0.8758436057563976,,,False,False,-0.699284787039373,,,,,False,False,1.108670385912743,0.3074775547989074,1.4029348560558488,,,False,False,-0.4677098263399939,,,,,False,False
2011-05-30,0.5085574365431031,0.11256060352914507,0.7707774499683326,,,False,False,-0.7433926362570478,,,,,False,False,1.1153946711165914,0.30608150619895247,1.3222933024712535,,,False,False,-0.5002254903656171,,,,,False,False
2011-06-06,0.43171192753354243,0.10898323388273856,0.03873206577267838,,,False,False,-0.8010760467077529,0.24289572493641656,1.9710223785497154,,,False,False,1.0841748903567865,0.30175259878736077,1.1360029144560044,,,False,False,-0.5444455883199714,0.16806251162629585,2.0694711633585645,,,False,False
2011-06-13,0.4145977929212018,0.10420903313787108,0.17709546032551393,,,False,False,-0.8488476938869525,0.25561111831104455,1.9349389819486622,,,False,False,1.0957832695312772,0.29441185847643336,1.0976447074226627,,,False,False,-0.5828725263078187,0.18013801486107028,2.023527844625355,,,False,False
2011-06-20,0.4218098182842586,0.09939421774613026,0.1685184391828223,,,False,False,-0.8919499713545106,0.2681320946258555,1.8834388488209604,,,False,False,1.1051297290984594,0.2853895407916739,1.0575282114599238,,,False,False,-0.623190811253505,0.19249933546309728,1.9846463967795138,,,False,False
2011-06-27,0.44657744891520823,0.09261365192938027,0.009774752194140788,,,False,False,-0.927302135580097,0.2803930509272018,1.8105280663461885,,,False,False,1.153444222030102,0.2747333479485897,1.1561846665901436,,,False,False,-0.6543875538406954,0.20469912676393218,1.9056312145329124,,,False,False
2011-07-04,0.4583576054581861,0.0853309962668333,0.06335269616671464,,,False,False,-0.9426243235691446,0.2897585110952618,1.6910966507723812,,,False,False,1.1580782224217177,0.26036758188036974,1.1135740883463503,,,False,False,-0.6772967237133428,0.2154331076514361,1.8062636896110469,,,False,False
2011-07-11,0.4162096088149765,0.08179127576588535,0.49111117751784056,,,False,False,-0.9610458268072625,0.29659214971901626,1.601672552770019,,,False,False,1.1431869853609387,0.24583827330043614,0.9995888469600233,,,False,False,-0.6997301689731417,0.2245557746742334,1.7227964417713508,,,False,False
2011-07-18,0.4694637809556359,0.07544046361185008,0.08772422802146503,,,False,False,-0.9843586893606683,0.3018126656456745,1.539868187927323,,,False,False,1.2087410142794763,0.23165485487365056,1.2105077247497542,,,False,False,-0.7248114150868095,0.23261878907176334,1.662001588177737,,,False,False
2011-07-25,0.4482593709454018,0.06684369671756403,0.309204010381015,,,False,False,-1.008799085267211,0.3041307044670874,1.4940717758848923,,,False,False,1.1871297812157642,0.21367011378856282,1.0755086903559268,,,False,False,-0.7645808786082228,0.23936760617948752,1.6666027065368634,,,False,False
2011-08-01,0.390989973090019,0.06178125261628479,1.3056642509961072,,,False,False,-1.06556343085701,0.30698212564711913,1.547356282729815,,,False,False,1.1427291511570403,0.19468169899673732,0.8247120903743065,,,False,False,-0.8270894749426034,0.24718958564831184,1.7469877907472524,,,False,False
2011-08-08,0.5167047047909971,0.05810593494626328,0.6726051249731044,,,False,False,-1.1270531682807852,0.30979440146670445,1.608744758578854,,,False,False,1.2509221039043723,0.18158834597541665,1.3339336656264573,,,False,False,-0.8902908436948109,0.25548954755368725,1.8122377488194066,,,False,False
2011-08-15,0.4093531561254133,0.05800236886858094,1.1784434015556555,,,False,False,-1.2119909457377418,0.31311419662653944,1.7306358965106068,,,False,False,1.3653986491766659,0.1773663463174165,1.8513976934231182,,,False,False,-0.9734394195803814,0.2649443623846629,1.9273229717361566,,,False,False
2011-08-22,0.48023625352902344,0.05594595260356574,0.008104491238355714,,,False,False,-1.267581967649632,0.3155309637184174,1.7572867333836704,,,False,False,1.4354121623378364,0.17537702928180196,2.0986501345990893,,,False,False,-1.0261734457342744,0.2729207511241215,1.9261699761297963,,,False,False
2011-08-29,0.4800595808803989,0.05527981601449055,0.04036356369580561,,,False,False,-1.3318594026180033,0.31878768987021344,1.8024149363863415,,,False,False,1.467894328768149,0.17536205072528796,2.114833082540022,,,False,False,-1.0810982278299046,0.28112496099375284,1.927170021852541,,,False,False
2011-09-05,0.43734970804937,0.055002546805659594,0.8225297384619218,,,False,False,-1.3811842348523828,0.3223873079569825,1.7976809607653905,,,False,False,1.425780536208468,0.16924082374245644,1.7822307660823795,,,False,False,-1.1258368620953552,0.2892312087372061,1.892132063594562,,,False,False
2011-09-12,0.36485625765791196,0.05859573183552674,1.9709673227598603,,,False,False,-1.3855751247859753,0.3243409542569648,1.670316703399596,,,False,False,1.3819398335742998,0.15805005580584455,1.4764430158297879,,,False,False,-1.134614826292498,0.29532855568960714,1.7546843494563802,,,False,False
2011-09-19,0.33337937274476903,0.06478150542412044,2.1604736791351016,,,False,False,-1.4274212146554572,0.32735757699746976,1.655846622676599,,,False,False,1.3525829196707506,0.1508537826066574,1.2248088909890713,,,False,False,-1.1825911399182119,0.3026275183459831,1.7458875299188747,,,False,False
2011-09-26,-0.3198711460919836,0.1675808467376436,4.536966083181903,,,False,False,-1.29057726709803,0.31955512858586743,1.1581034769448724,,,False,False,0.7928798157744937,0.16155565589312249,2.2879945377203845,,,False,False,-1.0694139066562225,0.30003360680297114,1.2755502546459263,,,False,False
2011-10-03,0.0455222045141253,0.1822526763361072,2.055980385519923,,,False,False,-1.346117738865752,0.31171018305619785,1.2487328275816254,,,False,False,1.1255177029716659,0.15813416376165487,0.26572458976937435,,,False,False,-1.1224520457172602,0.29744329070984993,1.3509899951809006,,,False,False
2011-10-10,0.0698263459043725,0.19299767526602168,1.7225205658628704,,,False,False,-1.3975806412439484,0.30450719937449294,1.326011385541721,,,False,False,1.2196206495680546,0.1540734879436345,0.2801464053237975,,,False,False,-1.1623503878356647,0.2947610875924429,1.382047157068465,,,False,False
2011-10-17,-0.1330900540117495,0.21717561080406037,2.3446824811459543,,,False,False,-1.445799817572623,0.2971124785298361,1.394467434371397,,,False,False,1.1163382461022753,0.15051091922735146,0.42851209742755897,,,False,False,-1.1905551636288745,0.2905590157057033,1.3793935411396132,,,False,False
2011-10-24,-0.1894318990119308,0.240775677592385,2.231390724604463,,,False,False,-1.4625125788228135,0.2889992529587688,1.3649395821187327,,,False,False,1.1002118239451877,0.1484899261424647,0.5599912564589764,,,False,False,-1.1998737078853154,0.2848725683585612,1.320905661971731,,,False,False
2011-10-31,-0.3342148822803299,0.2712359324564397,2.3879295264102716,,,False,False,-1.518053901056505,0.2826734635076853,1.4616768016975077,,,False,False,1.0029005044311445,0.15084958188169373,1.1812999903566075,,,False,False,-1.2510041437643697,0.2805133882715484,1.401697620587622,,,False,False
2011-11-07,-0.341222506908731,0.2951786083343952,2.101114806045429,,,False,False,-1.732417882213491,0.2892343319589482,2.0195914967596496,,,False,False,1.014339526886095,0.15325721253569138,1.0704732860278718,,,False,False,-1.406009230695126,0.28377459979126546,1.7946508998309767,,,False,False
2011-11-14,-0.4593219093933646,0.3244451136477961,2.1601910039383245,,,False,False,-1.810217162013924,0.29901984670114123,2.0651392972657945,,,False,False,0.9547031353799378,0.15845535185797366,1.3803021274843525,,,False,False,-1.490732379768617,0.2903768951119978,1.9055163144207246,,,False,False
2011-11-21,-0.5828532472139841,0.35727343628155206,2.1894457669328817,,,False,False,-2.0183282471344124,0.3228998671129471,2.3998036523238073,,,False,False,0.9006380766304736,0.16688381103686342,1.5866133073094564,,,False,False,-1.6587125526972446,0.30679372834124163,2.2017734533883684,,,False,False
2011-11-28,-0.5670237763080476,0.38149135458866984,1.9005223182408202,,,False,False,-2.063139911494565,0.34418019475357026,2.2341449215495297,,,False,False,0.9685492367114752,0.17107668599752932,1.117750281672458,,,False,False,-1.6912328300370667,0.3204056949155719,2.066762857131348,,,False,False
2011-12-05,-0.574755036858479,0.4030613199692329,1.7219559206372592,,,False,False,-2.093477080030295,0.3629298821603635,2.0653517594902056,,,False,False,0.9948262072576791,0.1735356615331626,0.9306879875682313,,,False,False,-1.7169036747363107,0.33178133458163184,1.9373570040924428,,,False,False
2011-12-12,-0.6311349427825133,0.42404481336399924,1.6748542135345486,,,False,False,-2.1104019561819607,0.3781106011120042,1.898866170244952,,,False,False,0.9765938418616156,0.17674380705804257,0.9910147074383094,,,False,False,-1.726481141426939,0.3397593163132789,1.7905952335187314,,,False,False
2011-12-19,-0.660353860112081,0.4417964983198962,1.5794839534380858,,,False,False,-2.047871597106266,0.38480880579180476,1.5877821316024325,,,False,False,1.0118894090042285,0.17866308070306605,0.7627428028600929,,,False,False,-1.6749461419224896,0.3410856865710208,1.5139429916227694,,,False,False
2011-12-26,-0.7398063770575063,0.4587908757938487,1.594697907424798,,,False,False,-2.106947282015346,0.3918033478778634,1.5944153286120684,,,False,False,0.9787982068252143,0.18171361680080925,0.895078913482989,,,False,False,-1.722712077194352,0.3422667417914719,1.528225653818292,,,False,False
2012-01-02,-0.7347872269616751,0.4697994987199268,1.4489660279985181,,,False,False,-2.163612058731212,0.39766649535902887,1.5953090869878117,,,False,False,0.9996010886404096,0.18377958795556806,0.7386558649405232,,,False,False,-1.7727852669590924,0.3428197124910031,1.5489186033693538,,,False,False
2012-01-09,-0.7500714062424513,0.47869585804189807,1.3602597971969457,,,False,False,-2.1421784607867345,0.39762930361870513,1.4273072741304378,,,False,False,1.0204772545863174,0.18514090276936404,0.5949744107127678,,,False,False,-1.7466351902227693,0.33805496634090654,1.3742859063157544,,,False,False
2012-01-16,-0.7931817938645114,0.4827571852589429,1.3375209044596037,,,False,False,-2.199128376032629,0.39686399242471687,1.4558317527182756,,,False,False,1.0285936115939873,0.18547142455919052,0.5127959548770034,,,False,False,-1.7975861148677987,0.3327477233453214,1.4253276635614904,,,False,False
2012-01-23,-0.8507792993194105,0.48584659289435556,1.3447296251379917,,,False,False,-2.2709208161437724,0.3961289573387461,1.5172243461726658,,,False,False,1.0139344786403557,0.18621101505467158,0.5537093033472041,,,False,False,-1.861538003756311,0.3285880416664048,1.5095977406376733,,,False,False
2012-01-30,-0.8959836844387614,0.4890465969968573,1.327149005870475,,,False,False,-2.2812928244212145,0.3936839185957135,1.4342208484421854,,,False,False,1.0148991542062218,0.18719062066180855,0.5193933177187547,,,False,False,-1.8731090467562344,0.3240336980416714,1.4423663005788623,,,False,False
2012-02-06,-0.9024993858784192,0.4795116398744462,1.253293108604573,,,False,False,-2.308574994359825,0.3910858395184688,1.3973114117375405,,,False,False,1.0342532095457453,0.18558037328150098,0.37470602051528723,,,False,False,-1.9069313816693996,0.3206687612859206,1.4410385976310542,,,False,False
2012-02-13,-0.9060853582930289,0.47082322124280707,1.1765792173261465,,,False,False,-2.3481701604115646,0.3906352363294258,1.388417176882872,,,False,False,1.0484024153945375,0.17796252670156795,0.2427292715613362,,,False,False,-1.9504561637275968,0.320464400071493,1.4605156670717419,,,False,False
2012-02-20,-0.8685024249503615,0.449253560309288,1.0339446590684414,,,False,False,-2.4080011845824276,0.3918076523259891,1.4250191778986971,,,False,False,1.0754935358739335,0.16356480665378326,0.013832865049717221,,,False,False,-2.0066504526809354,0.322312392667606,1.5094886915654921,,,False,False
2012-02-27,-0.8284234399985206,0.4184946461136392,0.8939136204911956,,,False,False,-2.448181024473423,0.39395399539298065,1.4102606345046718,,,False,False,1.1129578306187313,0.143251121647349,0.3410313864258305,,,False,False,-2.0479696338341427,0.3253954417274831,1.5078844640912494,,,False,False
2012-03-05,-0.8323118347473355,0.3828436742940555,0.8597590736165878,,,False,False,-2.488856394488011,0.3963217046417692,1.3969722063367207,,,False,False,1.122746555351961,0.12363165400464769,0.5686003882379789,,,False,False,-2.088140404938069,0.32906221203278463,1.5006822709773446,,,False,False
2012-03-12,-0.7679807807601511,0.34243567076055426,0.6461114665673381,,,False,False,-2.533684281793786,0.3965933063268824,1.3977045000883914,,,False,False,1.1860253147351012,0.10768881731485233,1.3103583377429484,,,False,False,-2.1246178239068154,0.3310126242199747,1.4870073593267208,,,False,False
2012-03-19,-0.7096903498943599,0.2926891921284358,0.41970499636701436,,,False,False,-2.5694707296497734,0.39626136834285836,1.3783370247575966,,,False,False,1.2450929822902066,0.09693073565680918,2.1078230159056544,,,False,False,-2.1605308448060865,0.3334093912849966,1.4712187970509831,,,False,False
2012-03-26,-0.7062314956083577,0.2883684539241736,0.3624676942557476,,,False,False,-2.6006045619889884,0.38241322894386437,1.3779070459315106,,,False,False,1.2702024724211032,0.09323223882581314,2.2638495507347134,,,False,False,-2.193722861069045,0.32520645248230945,1.4774231079197526,,,False,False
2012-04-02,-0.7625256698599265,0.257740381248175,0.5033734248946891,,,False,False,-2.632669159444695,0.3674490751374223,1.3866186299121341,,,False,False,1.2321755444311735,0.09846914232409743,1.7156096349690424,,,False,False,-2.2199371591247288,0.31656487231834024,1.4672217308757232,,,False,False
2012-04-09,-0.7413071648492797,0.21480782369260037,0.3599669201121344,,,False,False,-2.690114965165026,0.3524879671257671,1.4674108862642765,,,False,False,1.2597088299980483,0.10128919158402035,1.9244505632180888,,,False,False,-2.270391213395256,0.3079917412348056,1.5335085202125711,,,False,False
2012-04-16,-0.6906692898755005,0.1855227074770053,0.028247111000992035,,,False,False,-2.7208144277830435,0.3355759241666299,1.4867130907107926,,,False,False,1.32029621662279,0.11269724029325147,2.1976482338373056,,,False,False,-2.2965167556607797,0.29690228161449705,1.5355103194768558,,,False,False
2012-04-23,-0.589516879421035,0.15716190082242856,0.7081857194562713,,,False,False,-2.7623096555187012,0.3140477323614839,1.561572020203417,,,False,False,1.412609337466748,0.1309335734983242,2.504832902581398,,,False,False,-2.327152076568853,0.28149998104241275,1.5743339528062097,,,False,False
2012-04-30,-0.5879136699616645,0.1404807856963876,0.8731490811104036,,,False,False,-2.808632841093823,0.29129932838718714,1.672141465605501,,,False,False,1.439499813544614,0.14703746155757375,2.299175423243464,,,False,False,-2.3620504745522024,0.2654413328774216,1.6400641902653994,,,False,False
2012-05-07,-0.538458797344024,0.12410931083391821,1.4479296639812287,,,False,False,-2.815572675564839,0.2809458098038244,1.6101814116461155,,,False,False,1.49179373105299,0.16450252345117422,2.2613343818453853,,,False,False,-2.369824984233146,0.2569802568617408,1.5800649537580622,,,False,False
2012-05-14,-0.5647213167920222,0.11682413344368622,1.3481191942425452,,,False,False,-2.8232080007321185,0.2712648768619942,1.5521650445845379,,,False,False,1.4798539908258963,0.17530583654005316,1.9386540051156789,,,False,False,-2.3834090645078656,0.2508097141446244,1.5362078802247292,,,False,False
2012-05-21,-0.5384464028548515,0.1192426491994247,1.5268011592614015,,,False,False,-2.844892302697457,0.2729119596924969,1.5057648514309125,,,False,False,1.522143973381633,0.1835419257206213,1.9518334588991866,,,False,False,-2.40224533393583,0.25294305106299186,1.4846611223065544,,,False,False
2012-05-28,-0.5835606454217744,0.11843258785413951,1.16168706928075,,,False,False,-2.8742387572890826,0.2751779535926795,1.4866437381230864,,,False,False,1.5069592959684226,0.1908474289649533,1.6890482458429799,,,False,False,-2.4317999474424843,0.25533999764834364,1.4749196380376945,,,False,False
2012-06-04,-0.6008519857912834,0.1172469673483888,1.034517114347145,,,False,False,-2.934394352404778,0.27913646430312977,1.5651993220237825,,,False,False,1.5214801325161738,0.19772360011000678,1.6013031893321998,,,False,False,-2.4872975815794196,0.25918401824930176,1.5528468108680513,,,False,False
2012-06-11,-0.6634202508457013,0.11641252443419521,0.5151290394402889,,,False,False,-2.9902810673618703,0.2836306282707565,1.6181236073073126,,,False,False,1.507676872918176,0.20060958418518596,1.4076391344217798,,,False,False,-2.5351390831152885,0.26295483043081913,1.5942371109477655,,,False,False
2012-06-18,-0.6696709846747573,0.1162249159928811,0.46526244862659843,,,False,False,-3.038357098212647,0.28261396816642065,1.6592592823952652,,,False,False,1.5021089514507446,0.20277575856525862,1.2721608539922833,,,False,False,-2.5809245449599794,0.26220763090576016,1.640503315410111,,,False,False
2012-06-25,-0.6032150978664054,0.11853404177250058,0.9725262325716549,,,False,False,-3.069068037614987,0.2826246017545578,1.6369280738435665,,,False,False,1.570396614911504,0.20498971931623125,1.4805486915735526,,,False,False,-2.60780665980369,0.261865297169708,1.6153056854462924,,,False,False
2012-07-02,-0.6460061093983366,0.11932201626843478,0.5788688235150226,,,False,False,-3.1216239953653284,0.2850228510344071,1.6782706650984438,,,False,False,1.5477082877901969,0.20458448102541196,1.2695385601851288,,,False,False,-2.6572380058169003,0.2636410848156025,1.6628911864255258,,,False,False
2012-07-09,-0.6482685905534972,0.11979714858660788,0.5250026553428829,,,False,False,-3.1794219588244186,0.28466959203611203,1.7432472115818767,,,False,False,1.577244612063021,0.2046033636132311,1.309118666898627,,,False,False,-2.7101778805356194,0.2623287301247828,1.7317469442990658,,,False,False
2012-07-16,-0.6426930264366901,0.11931031212198247,0.525364108064206,,,False,False,-3.245628711169223,0.2874617239224729,1.8166112860815995,,,False,False,1.5893421397129162,0.20337070730796278,1.2704895538051224,,,False,False,-2.759482115515716,0.26293600672652595,1.7745580666550518,,,False,False
2012-07-23,-0.65884822691049,0.11584110312327286,0.3379127948389093,,,False,False,-3.3203834271767563,0.2949644176275294,1.886997034761765,,,False,False,1.605803762142706,0.19955445240281364,1.263202977270843,,,False,False,-2.8284386349991735,0.26781932743623027,1.8608188221057804,,,False,False
2012-07-30,-0.6466657500814625,0.10890769799910432,0.38323752304032394,,,False,False,-3.378836139106979,0.3016126921755169,1.899245303010196,,,False,False,1.6331116452636238,0.1943298974885745,1.3153316155926298,,,False,False,-2.878497389627335,0.2717536466943239,1.8757916363877745,,,False,False
2012-08-06,-0.623489044807589,0.1003802307983669,0.5397781445596417,,,False,False,-3.4236374336845365,0.30727699840937467,1.8704646608703968,,,False,False,1.666886987907382,0.1891699365044245,1.4011292553382615,,,False,False,-2.9224797440421413,0.27567635214136293,1.8669574508118367,,,False,False
2012-08-13,-0.5681969237570592,0.09106610037530355,1.0594443636338176,,,False,False,-3.46316903125307,0.3123644280263143,1.8292665264305308,,,False,False,1.7096138349807672,0.18413352039656697,1.5333827881338649,,,False,False,-2.9663187150981436,0.28021542208798306,1.853728642903443,,,False,False
2012-08-20,-0.47404750106954624,0.08857443786588248,1.9809049930153502,,,False,False,-3.509952649578798,0.3187914337765286,1.8061923907020943,,,False,False,1.7772437520871252,0.18192613310451225,1.7753727271503372,,,False,False,-3.0192342754548056,0.2868712750455372,1.85941719935052,,,False,False
2012-08-27,-0.3197613176449349,0.10254822924776544,3.0247211886459238,,,False,False,-3.546360117521508,0.32452682899121443,1.7563061710419945,,,False,False,1.8707490199218568,0.185722577958725,2.085616903386358,,,False,False,-3.0630391953352847,0.29388541886240815,1.8312482728886827,,,False,False
2012-09-03,-0.1505978815340518,0.13173384305398753,3.4396891492624135,,,False,False,-3.58794466873066,0.33001737536231995,1.7250012884251926,,,False,False,2.0123695421964043,0.1981529792222592,2.4968103100081565,,,False,False,-3.106946227754736,0.30115713368766894,1.8027112695339405,,,False,False
2012-09-10,-0.1201802217265393,0.15805515315399293,2.901681565468703,,,False,False,-3.6344854118386642,0.3358696481903283,1.7074559695968814,,,False,False,2.067302057606812,0.21391033816151467,2.4112329585525103,,,False,False,-3.1558264226971904,0.30877797676141755,1.7880733928900399,,,False,False
2012-09-17,-0.0719837010972757,0.18424252513053077,2.6177184975181857,,,False,False,-3.670747964618662,0.3408078261288219,1.6648337519248713,,,False,False,2.1139546446719795,0.23128773037597902,2.2872916237705203,,,False,False,-3.189876645382553,0.3155965851382301,1.7318871935967837,,,False,False
2012-09-24,-0.002134892007756184,0.21084008567507123,2.4903387554221004,,,False,False,-3.710750355213287,0.3448193361899323,1.6376484380765035,,,False,False,2.1931626617312316,0.25103595406861867,2.28147413678023,,,False,False,-3.219029082324081,0.32118180611192404,1.6697560578346202,,,False,False
2012-10-01,0.09145814975799557,0.2375411989300621,2.46614376551837,,,False,False,-3.7503848364332604,0.347913997283886,1.613439724853609,,,False,False,2.2841544909848577,0.27001479837548725,2.3082554767342987,,,False,False,-3.2446512525399287,0.32496942380168886,1.6078600565214576,,,False,False
2012-10-08,0.0886206010663581,0.25791666706078864,2.1365540493920574,,,False,False,-3.8039498229606177,0.3525654850676423,1.6225736000366795,,,False,False,2.3140811417576863,0.2860525501003373,2.1416939177292376,,,False,False,-3.271614685713567,0.3285973893771474,1.5549733830038033,,,False,False
2012-10-15,0.12704612695718653,0.27804317891756325,2.006982636735013,,,False,False,-3.861703115719191,0.35737781392951673,1.6395433183706978,,,False,False,2.3864114700648504,0.3050142684190911,2.1112550095475915,,,False,False,-3.30410846505826,0.3310756263071128,1.524426463813453,,,False,False
2012-10-22,0.1604016594447453,0.29904322098374,1.8811339118859185,,,False,False,-3.9033054993794525,0.36183241170840896,1.613051557027381,,,False,False,2.4255532482242748,0.3252209720746898,1.9806388716278995,,,False,False,-3.3356060402677596,0.33260455856449,1.4955036476679369,,,False,False
2012-10-29,0.14300562686603327,0.3148201624573294,1.6423091419891347,,,False,False,-3.9500272695649925,0.36656211973994457,1.5999370583638155,,,False,False,2.435874933497594,0.3416114559319286,1.8036422776104042,,,False,False,-3.369559009452622,0.33360085187956506,1.4766568151974662,,,False,False
2012-11-05,0.11242222613301439,0.3268696097233487,1.4116171430722357,,,False,False,-3.994634095420296,0.36898302140055056,1.5874297604482535,,,False,False,2.4201356036779456,0.3542460932362181,1.594089783226621,,,False,False,-3.4005041564466985,0.3321640519849973,1.4568632847601948,,,False,False
2012-11-12,0.10139922777612942,0.33528145385137,1.2669108906969166,,,False,False,-4.043686790849034,0.3691255131637862,1.5925364457581597,,,False,False,2.4334653579202743,0.36306133995516426,1.491077160713729,,,False,False,-3.4363668688362554,0.32872932414128125,1.4579835504669987,,,False,False
2012-11-19,0.1653367237565433,0.3454776889784234,1.3362386465121217,,,False,False,-4.07586432068897,0.3665641202656202,1.5622867960519842,,,False,False,2.5150882548590263,0.3746272292603244,1.5609789105998266,,,False,False,-3.456737003689266,0.32252826467478357,1.4234247362985706,,,False,False
2012-11-26,0.22797152826319877,0.3550148718091385,1.3888507419526848,,,False,False,-4.09800273291298,0.3611018497626517,1.5168818779663575,,,False,False,2.5888094680646723,0.3856441060361516,1.5996531147708677,,,False,False,-3.4742186263217594,0.3140551390286063,1.3898301679296303,,,False,False
2012-12-03,0.2163160113663909,0.3602345495265463,1.2491239761947748,,,False,False,-4.133909927910807,0.35585925091822995,1.5104871692204416,,,False,False,2.614448549171913,0.3940584682173666,1.5238820585256523,,,False,False,-3.502064262709335,0.30586138028700777,1.3904974039809055,,,False,False
2012-12-10,0.222900183739474,0.35987583621162383,1.173939718219751,,,False,False,-4.168276711728249,0.3505545092520968,1.5021346971629472,,,False,False,2.6403045827000087,0.3984329034220852,1.4627106697934407,,,False,False,-3.5227950895051547,0.2971091600745038,1.3733791057941982,,,False,False
2012-12-17,0.2047233161410585,0.35501106136607774,1.0440945662376366,,,False,False,-4.2034501133006765,0.34476372836153285,1.4994101201207777,,,False,False,2.6414821652871034,0.3975594149993643,1.3586587930113736,,,False,False,-3.5460380280449773,0.28789291462581496,1.369143461863588,,,False,False
2012-12-24,0.1648476755303967,0.3490756847132992,0.8629893653677393,,,False,False,-4.2644988907603025,0.33878776156609125,1.570342708425538,,,False,False,2.624348308436043,0.39498161208079663,1.2215179636931854,,,False,False,-3.5965517318552305,0.27829422647869845,1.461229555909596,,,False,False
2012-12-31,0.1836665211613844,0.338385361149667,0.8515645076289728,,,False,False,-4.294217307773106,0.33220082492775665,1.5551784539347884,,,False,False,2.6685296887463013,0.3886532931195442,1.2441680231056806,,,False,False,-3.6246517487000864,0.268736040316212,1.4793086348471574,,,False,False
2013-01-07,0.1865021247848426,0.32402448639176723,0.7989704851878526,,,False,False,-4.353709527973176,0.32741513819382867,1.6216686923224426,,,False,False,2.682131911536916,0.37984997265678877,1.196937184489658,,,False,False,-3.6789221628176865,0.2612508796016017,1.586806384008355,,,False,False
2013-01-14,0.15071934884770308,0.304966067324041,0.6315042400292389,,,False,False,-4.4108815287393135,0.3249997783546683,1.6717348745825815,,,False,False,2.680095725490321,0.3665537822547533,1.120349399305458,,,False,False,-3.724898813732763,0.2551574349694142,1.6593669044978536,,,False,False
2013-01-21,0.1292051028256635,0.2792721462756287,0.5040365714374436,,,False,False,-4.466339614293646,0.32552907378105017,1.703983932533451,,,False,False,2.690922519869448,0.34934314674762973,1.0870680327960835,,,False,False,-3.766618094013007,0.2518991428608016,1.7032025321160003,,,False,False
2013-01-28,0.1559847400059895,0.24897820650405622,0.5489309346003837,,,False,False,-4.516499480777056,0.3275006595657332,1.7132786729373615,,,False,False,2.723812748489537,0.329592937542928,1.1247205606333144,,,False,False,-3.8107565004599677,0.25028273050253913,1.7472941256467664,,,False,False
2013-02-04,0.15276963794669668,0.2127152071227449,0.4870391531972953,,,False,False,-4.561844384093116,0.32964185753326486,1.7069058296573885,,,False,False,2.737674341873171,0.3065074154053559,1.1202907356250928,,,False,False,-3.845107979434434,0.24919096910075353,1.7503977930868937,,,False,False
2013-02-11,0.16106938069814053,0.17229277581433156,0.48668130562564316,,,False,False,-4.604639038113543,0.3314067288452417,1.6944724439609218,,,False,False,2.757425441804285,0.2806787491074225,1.1501692679636508,,,False,False,-3.8798553196993697,0.24869106158442958,1.7523534485144148,,,False,False
2013-02-18,0.2115168120804803,0.13239124918281572,0.8152445643775701,,,False,False,-4.633705899393803,0.3323736344365094,1.6469572056783535,,,False,False,2.811134521301264,0.25597404200154905,1.3156495036462306,,,False,False,-3.9045087351708747,0.24880299950107201,1.71380183529687,,,False,False
2013-02-25,0.22989535777157827,0.10262505671976828,1.024790182416659,,,False,False,-4.667361293982519,0.3322390012990233,1.6191510172924553,,,False,False,2.8418668936053937,0.23430802585555188,1.4090588871418164,,,False,False,-3.9272687345701347,0.24886196895455587,1.671285655481715,,,False,False
2013-03-04,0.2604758632988426,0.08931357763825402,1.3428991498023402,,,False,False,-4.707207002523503,0.33178529631682935,1.6117117910739611,,,False,False,2.8956086006334987,0.22275850467524988,1.5708705743103006,,,False,False,-3.95830243895125,0.2495319661393428,1.659942331384888,,,False,False
2013-03-11,0.2995702937614951,0.07745054211583098,1.8449103574959838,,,False,False,-4.762592168351766,0.3323804213240867,1.6449185437117502,,,False,False,2.9560047490021906,0.21444545272784585,1.7540127384831576,,,False,False,-3.999682622530318,0.25187906044676195,1.6799048272256403,,,False,False
2013-03-18,0.3174920008360634,0.06861574841440655,2.125331036939929,,,False,False,-4.812719093100942,0.3329185846814587,1.6608975957316037,,,False,False,2.9829760970470285,0.20649957361673194,1.7902579426676721,,,False,False,-4.030888558793816,0.25422669142581217,1.6599050688347454,,,False,False
2013-03-25,0.296731459526715,0.06315229566261286,1.798442598999413,,,False,False,-4.866277983176089,0.3338221625044542,1.6837084525003327,,,False,False,2.993761921045721,0.2009630536536731,1.7400265385186153,,,False,False,-4.077182625090234,0.2572742987519312,1.6918920259342,,,False,False
2013-04-01,0.2572366266803947,0.0618798323118767,1.094134358516801,,,False,False,-4.905492371778251,0.33403057202065134,1.6670521173449322,,,False,False,2.9802502177628756,0.1974315110831781,1.5671076469528304,,,False,False,-4.117424815055416,0.26028964285135187,1.697932755668184,,,False,False
2013-04-08,0.33299656987325993,0.06444533024779034,2.0803015142559853,,,False,False,-4.936670467345836,0.3340144377945113,1.6300441767649168,,,False,False,3.0652195847648347,0.19809264061430204,1.8449744347938872,,,False,False,-4.146912048706927,0.2625610731263565,1.6673311691077093,,,False,False
2013-04-15,0.3588482856291343,0.06990552542212566,2.160086277930436,,,False,False,-4.9770539274269385,0.33477722044434804,1.6188187490819383,,,False,False,3.10755220389848,0.20289369791900497,1.8732582560008664,,,False,False,-4.185721967373096,0.2650774411684202,1.6699948743482735,,,False,False
2013-04-22,0.3595821212967579,0.0752107547723332,1.915617192318954,,,False,False,-5.014465417696414,0.33509659310945833,1.601383668439059,,,False,False,3.126447778295069,0.20767933134942973,1.7912730398875698,,,False,False,-4.227674075854092,0.267948109604571,1.6806230435481255,,,False,False
2013-04-29,0.4172679779972433,0.08342046629961179,2.2921511723071797,,,False,False,-5.024376316242815,0.33364352520197693,1.5142148873283352,,,False,False,3.175242401939725,0.2128696207804367,1.8432306078694767,,,False,False,-4.245765199696592,0.2697026611714308,1.6118144750395316,,,False,False
2013-05-06,0.4544673768329073,0.09137481225671275,2.3557491438094913,,,False,False,-5.04267388838325,0.33103633024892376,1.45964747099621,,,False,False,3.214777772037656,0.21573232289840089,1.8603610478596855,,,False,False,-4.266575518267868,0.27045048741345823,1.5611380066233078,,,False,False
2013-05-13,0.5164076177693209,0.1019716199347231,2.5618354958915237,,,False,False,-5.042264346989117,0.3266996842941935,1.3602093700803797,,,False,False,3.2732312156718333,0.21940086934329084,1.9484643263339194,,,False,False,-4.273052969212509,0.269738601325798,1.4699703682633853,,,False,False
2013-05-20,0.5600305801455717,0.1164184050132697,2.4882401105523346,,,False,False,-5.062172447724702,0.3208713163969243,1.3287356107098367,,,False,False,3.3000985531923854,0.2259941280115792,1.876904522045008,,,False,False,-4.297685355995634,0.2677979186426576,1.4518259607209985,,,False,False
2013-05-27,0.5980686632640656,0.13253888074036446,2.3651966965134297,,,False,False,-5.127625017388808,0.31532918130089693,1.4340723407051565,,,False,False,3.3202056495974563,0.23419674724301107,1.7769071507520529,,,False,False,-4.363431367318987,0.26684462622464755,1.5752293675330997,,,False,False
2013-06-03,0.614490552854897,0.14659339473407826,2.145990326551402,,,False,False,-5.1647756992544736,0.3092685147617817,1.4540984096608036,,,False,False,3.3386783244709743,0.24133363778351882,1.6854822316137885,,,False,False,-4.410881920024415,0.2662863030341106,1.625459192942758,,,False,False
2013-06-10,0.6208339205413295,0.15852037534306332,1.9279933594499992,,,False,False,-5.230874901347242,0.30429078936326714,1.5607994491737787,,,False,False,3.347612125512714,0.24694729987893557,1.5731827128501008,,,False,False,-4.476329220476242,0.26674147959421696,1.7305536083958872,,,False,False
2013-06-17,0.6202978736918436,0.167624409423914,1.7247282082256221,,,False,False,-5.291048334394709,0.3000284860353903,1.6441093150228896,,,False,False,3.35127577093637,0.24964702641155712,1.461491930263519,,,False,False,-4.535765656280876,0.2678005368324162,1.8035080298874102,,,False,False
2013-06-24,0.6632488257075952,0.17612342829355485,1.7765281278082612,,,False,False,-5.320664191172064,0.2964163982823555,1.6270143821713556,,,False,False,3.382049129743826,0.24991504996906566,1.4664508363402897,,,False,False,-4.565992278938784,0.26922213235481324,1.7677627845554467,,,False,False
2013-07-01,0.5792461021272466,0.17822116834066812,1.1989086564219193,,,False,False,-5.327262619979152,0.28971662968302203,1.5502722795284152,,,False,False,3.315660247340001,0.2461674465270532,1.117977290056115,,,False,False,-4.574120488688939,0.267957401974385,1.6701574367679755,,,False,False
2013-07-08,0.6365137417324037,0.18194738624082735,1.3939766171597368,,,False,False,-5.329426934527105,0.28216609592197,1.4664284188792147,,,False,False,3.3665872765298026,0.24289212990227355,1.2343398599736302,,,False,False,-4.5809518480903,0.2660656998178919,1.5773132647296746,,,False,False
2013-07-15,0.6365393127364861,0.18209720324522544,1.2903580371534134,,,False,False,-5.320622619634146,0.273336523051144,1.3535769787504566,,,False,False,3.395647079657505,0.23781140560588487,1.267180747881706,,,False,False,-4.570912485857725,0.26226786537853214,1.4378071344962169,,,False,False
2013-07-22,0.7037797208453469,0.1825855189485239,1.5341412380490036,,,False,False,-5.308033182194097,0.2633442910429344,1.2342008888510552,,,False,False,3.4406256936769437,0.23233352296389306,1.3665436968607865,,,False,False,-4.555933043489632,0.2564581852368007,1.293594501685987,,,False,False
2013-07-29,0.8249982297711468,0.1903296276369765,1.973414226732021,,,False,False,-5.297458269878188,0.2523123563853359,1.1272058702701375,,,False,False,3.5261778487134343,0.2304518122141514,1.6150268755705932,,,False,False,-4.546491833636298,0.24951282563379684,1.1783529560857162,,,False,False
2013-08-05,0.9084028846707792,0.2006358774584029,2.1428920794811117,,,False,False,-5.296012440654577,0.24060657088034734,1.0586780991015945,,,False,False,3.590300342572977,0.2295025168545922,1.758216258019427,,,False,False,-4.545211709054774,0.24143799898674606,1.1009326853147587,,,False,False
2013-08-12,0.9742175119832045,0.21222379011628506,2.18863649356618,,,False,False,-5.299915901548982,0.2284663724760527,1.0149719087662683,,,False,False,3.641093217353803,0.2288053791712389,1.837022846914179,,,False,False,-4.543556694355443,0.23242219611313325,1.0266876309769781,,,False,False
2013-08-19,1.0258921731453272,0.22609260910879034,2.1444012064478355,,,False,False,-5.292445663584832,0.21447223643102523,0.9282346784508927,,,False,False,3.691478549827477,0.2308896296956388,1.89201505659397,,,False,False,-4.547560778028393,0.2220925744356507,0.9811057720473523,,,False,False
2013-08-26,1.0781311769652804,0.24015805887791042,2.100482554424109,,,False,False,-5.297453047739209,0.19948547075213663,0.9015877330566738,,,False,False,3.751917926391528,0.23476076397323142,1.9691709199449139,,,False,False,-4.555995861031715,0.21044976578544708,0.9605597630404213,,,False,False
2013-09-02,1.1636334398604549,0.25771819132948703,2.1543424743928967,,,False,False,-5.2980315813726655,0.18390968152314427,0.8575305194215305,,,False,False,3.8251597831296693,0.24299088362314902,2.056760114983686,,,False,False,-4.563241821256266,0.19804485270686306,0.9398307278170369,,,False,False
2013-09-09,1.2387140032443993,0.2777355542039617,2.139347622196184,,,False,False,-5.274052646658241,0.16860731432381082,0.676469307445197,,,False,False,3.9081975849803365,0.25647373639523297,2.12960970540054,,,False,False,-4.557647824295289,0.1853331028978171,0.858316396498006,,,False,False
2013-09-16,1.3023654457848153,0.2977845489096736,2.081856142010253,,,False,False,-5.259138426887669,0.15391874996907023,0.5325763041884906,,,False,False,3.9797232083188776,0.27159995279481286,2.133204178526738,,,False,False,-4.553117615019284,0.17168708883473854,0.7831602232636165,,,False,False
2013-09-23,1.3489221744355104,0.3143105259467688,1.991764180528073,,,False,False,-5.257733958126474,0.14088597369583872,0.46500733527617555,,,False,False,4.015542311369249,0.28405393723494526,2.027424851294785,,,False,False,-4.555371861625677,0.15877037343102687,0.7452325591977446,,,False,False
2013-09-30,1.4110405972740159,0.32712652179359697,1.967965760343793,,,False,False,-5.248352343243074,0.12847375292442312,0.3342665203260399,,,False,False,4.075018075166623,0.294192188771874,2.0165977950613727,,,False,False,-4.555362853827358,0.14624104034709967,0.6938412975976984,,,False,False
2013-10-07,1.4528445532178123,0.34108574814142817,1.8837101149856914,,,False,False,-5.209356844964132,0.11620215410518059,0.05627229190994681,,,False,False,4.129681573252903,0.3076661991011477,1.9728848126644134,,,False,False,-4.523268888019634,0.13263295998681973,0.4139155481692589,,,False,False
2013-10-14,1.529500658272795,0.3560410487027938,1.8934268677926116,,,False,False,-5.202422340042525,0.1055947175930687,0.20968361706439856,,,False,False,4.2007723126401775,0.3229828748610355,1.9692492488292912,,,False,False,-4.517739999563957,0.11968210630372511,0.30581038968902824,,,False,False
2013-10-21,1.5947647953052777,0.36939774019384564,1.8730347359378159,,,False,False,-5.215937260176098,0.0965666606917389,0.16957694400306061,,,False,False,4.2631321109963585,0.33787032838083436,1.9376515156496867,,,False,False,-4.532197118796697,0.10823868720234309,0.3634996606913081,,,False,False
2013-10-28,1.6741704958305434,0.38521166707737897,1.876781407578701,,,False,False,-5.215541249431484,0.08689446151589793,0.27762399313813463,,,False,False,4.331362304357214,0.35425513950840215,1.9151140561842575,,,False,False,-4.5344544902651,0.09599240515498977,0.3177195449811774,,,False,False
2013-11-04,1.7354655890231045,0.4007435312794155,1.8340508793540695,,,False,False,-5.228162806140029,0.0771413216331975,0.24159062132996695,,,False,False,4.4009152126110545,0.37152795811725187,1.890493620372301,,,False,False,-4.542978560718381,0.0830899511778759,0.34170013449516606,,,False,False
2013-11-11,1.812172549287665,0.41832150009852537,1.8212161537785791,,,False,False,-5.24944074535146,0.06489718550350373,0.08208373883633596,,,False,False,4.470060909136122,0.3903885583632537,1.858366502569303,,,False,False,-4.558874211519248,0.06725452077499416,0.4950503431706461,,,False,False
2013-11-18,1.8361705021339487,0.4330989135871059,1.7011576304925642,,,False,False,-5.261100629036429,0.05165898034512799,0.025517418828493076,,,False,False,4.496745394370806,0.4061134816337728,1.7387864685891035,,,False,False,-4.571842938335546,0.04914988623078528,0.7267275826505428,,,False,False
2013-11-25,1.8613967151312072,0.44529925225603567,1.6020826231645784,,,False,False,-5.2842346326190945,0.04385406845738321,0.3601114688062806,,,False,False,4.515032308351449,0.41817821001537003,1.6224582075703582,,,False,False,-4.5972172463721765,0.03588877608232139,1.4517385977777773,,,False,False
2013-12-02,1.8622851472163013,0.4526807226240003,1.4719039118504138,,,False,False,-5.294781710305144,0.03866596882038753,0.5518858093596165,,,False,False,4.5206538562759535,0.42606105756872126,1.4989345030926702,,,False,False,-4.6161353281405475,0.026536515980904375,2.378791602819469,,,False,False
2013-12-09,1.8512891797836677,0.4544621009838289,1.337804308482891,,,False,False,-5.3064697420633475,0.03817613585128834,0.7889676812485283,,,False,False,4.510223709788692,0.42873163412762416,1.3609717513601827,,,False,False,-4.637483050927257,0.026729307457987628,2.9284088278412366,,,False,False
2013-12-16,1.8918160049098895,0.4531504598672686,1.3231888554892284,,,False,False,-5.303443300735353,0.038443480832155,0.6923557909647597,,,False,False,4.550813710616972,0.42887090506612074,1.3475979889525547,,,False,False,-4.648750353448111,0.031520497121375037,2.7028786011585693,,,False,False
2013-12-23,1.9267128467750918,0.4507430071371715,1.2998664447433756,,,False,False,-5.314374388821649,0.038175443727633894,0.9898920994844194,,,False,False,4.584677637490464,0.42745163808809966,1.3230843048931207,,,False,False,-4.666475205481772,0.037436334278869464,2.6459909380832642,,,False,False
2013-12-30,1.9095202762069983,0.43610219993169846,1.1867602327677722,,,False,False,-5.328126726697578,0.038221675847162746,1.3476298985007285,,,False,False,4.584117542744222,0.4161897332619776,1.240318053040564,,,False,False,-4.68364668094979,0.043835856073077314,2.5553312037990072,,,False,False
2014-01-06,1.89977328024103,0.41858793585175585,1.0970570522388137,,,False,False,-5.3468273532507995,0.03931988570306205,1.7685720997977807,,,False,False,4.586652680381337,0.4025089167894181,1.1721906401469775,,,False,False,-4.701515957461846,0.05070052572141391,2.470335848968485,,,False,False
2014-01-13,1.937793723924416,0.39578111059329624,1.1298847573527082,,,False,False,-5.370740010744598,0.04261933297779429,2.1475023646515394,,,False,False,4.619337722223293,0.3862658768887785,1.1842547564610697,,,False,False,-4.724529606582772,0.05841526766120178,2.4369078543059293,,,False,False
2014-01-20,1.9819902975772938,0.37285863624691407,1.1860303866170903,,,False,False,-5.420555953704145,0.05062411063698055,2.706482359512551,,,False,False,4.646179791359477,0.36815343216580637,1.189481796295245,,,False,False,-4.7726733991050425,0.06902229903520586,2.639150710999256,,,False,False
2014-01-27,2.005234790596017,0.35371037746085066,1.1876169838663737,,,False,False,-5.463292516470258,0.0616858622698779,2.8105562366797217,,,False,False,4.677485450363508,0.351702186064333,1.2082279270485385,,,False,False,-4.811633336517058,0.0808342398125078,2.609320473156074,,,False,False
2014-02-03,2.0795402191680794,0.3383152079180257,1.328152344510381,,,False,False,-5.49164772137792,0.07329752700229265,2.6495076149729435,,,False,False,4.742182588666584,0.3371940879105518,1.3206945025586125,,,False,False,-4.835640440371585,0.09213509660113632,2.428599015618485,,,False,False
2014-02-10,2.201717679334449,0.32862025615613166,1.5954587157250166,,,False,False,-5.531231113476137,0.08646500055162519,2.60092531885114,,,False,False,4.842063052747383,0.32583782185050497,1.5314971476618342,,,False,False,-4.867934164961461,0.10374387861644847,2.347867422983752,,,False,False
2014-02-17,2.260132715443697,0.31976634602658477,1.6738606314262912,,,False,False,-5.544524780233936,0.09818325490869174,2.327151666128186,,,False,False,4.87738324052645,0.31376095443470897,1.5576449419939669,,,False,False,-4.880312068920957,0.11391687475980952,2.134509490687257,,,False,False
2014-02-24,2.3299165517355873,0.3126505441562166,1.7811660757745555,,,False,False,-5.552965795294926,0.10849468511754796,2.093198636357726,,,False,False,4.9307480837578845,0.30305981782288655,1.6391265230516365,,,False,False,-4.884719266373505,0.12246978818686052,1.9181925873881391,,,False,False
2014-03-03,2.3714277483626223,0.3081790814627553,1.7909720204911561,,,False,False,-5.5757068070514775,0.11882057052800221,2.0128006561628116,,,False,False,4.972610646638873,0.294273232310022,1.6803540673558328,,,False,False,-4.898740612681394,0.13040276810296061,1.8100703685243609,,,False,False
2014-03-10,2.2491336687434726,0.2954582291940127,1.3226361601788863,,,False,False,-5.589746555881777,0.12795795459783196,1.8838984921310353,,,False,False,4.874773169895679,0.2801066089570297,1.2833319548802224,,,False,False,-4.909616580328347,0.1371550197210001,1.7015556178037379,,,False,False
2014-03-17,2.2039618662983136,0.280103804073165,1.1100711428527383,,,False,False,-5.607292708931113,0.13616565068797573,1.8008609383060343,,,False,False,4.847058312103481,0.26501128333387963,1.1259741775836134,,,False,False,-4.922438655926042,0.14289804703530126,1.6234953472607172,,,False,False
2014-03-24,2.1424446125607064,0.26102832654961844,0.8385978843243846,,,False,False,-5.667810667390061,0.14692102087386477,1.9735853798985192,,,False,False,4.815141717676002,0.24641249042161356,0.9566294454146582,,,False,False,-4.965686274090221,0.14987121649634977,1.731223747747618,,,False,False
2014-03-31,2.138060334082475,0.24219157483288575,0.7702630715960253,,,False,False,-5.722874701365389,0.15915490631067894,2.0531842870498194,,,False,False,4.828632992854207,0.22837036983873493,0.9643612271029944,,,False,False,-5.004197922393638,0.15745656258929827,1.782773391829732,,,False,False
2014-04-07,2.062188107847949,0.22051954321862105,0.3956234820500337,,,False,False,-5.754229426532862,0.1691415629763685,1.9934333958230515,,,False,False,4.768358829326241,0.20828350662169426,0.6500411814201928,,,False,False,-5.025198115941539,0.16261183789734895,1.7366791806058852,,,False,False
2014-04-14,2.105403991850097,0.20214488062469688,0.5357962318964492,,,False,False,-5.775388039842545,0.17719235808366843,1.8979030185358712,,,False,False,4.802902987574405,0.19106993905947198,0.7681906613490354,,,False,False,-5.039066099002043,0.16586024060628046,1.6653875071123463,,,False,False
2014-04-21,2.144939610708586,0.18653789560613734,0.6791301786669605,,,False,False,-5.767431496301615,0.18234437904940473,1.6843187190885751,,,False,False,4.828174282383998,0.17613302280078458,0.8534290961576732,,,False,False,-5.0326097942887404,0.16705499635807203,1.499617682891659,,,False,False
2014-04-28,2.176343732947728,0.17513506907428394,0.792378602812541,,,False,False,-5.758556996664398,0.18427591124392664,1.5051686810095732,,,False,False,4.859510446096164,0.1646549987050068,0.9798659097300148,,,False,False,-5.027008843030018,0.16577260244841605,1.3631521359646528,,,False,False
2014-05-05,2.191857237750132,0.16629288531692712,0.822243603070164,,,False,False,-5.768748668865422,0.18508020528251595,1.4413547797383295,,,False,False,4.897173110196545,0.15742311478349438,1.14287944455088,,,False,False,-5.032342486218881,0.16305983082039674,1.303112052732085,,,False,False
2014-05-12,2.238241879346502,0.16234010530361043,1.0270451688270883,,,False,False,-5.771405303865796,0.1848999417001747,1.3485526890038249,,,False,False,4.942383945130609,0.15498985391352083,1.3353145452837096,,,False,False,-5.03716887530372,0.15937706455010558,1.2480821622468854,,,False,False
2014-05-19,2.269128645596234,0.15941334743727628,1.1351944723002467,,,False,False,-5.768617588660502,0.18302851476979803,1.2404608953649554,,,False,False,4.9780924790118855,0.154085143863697,1.454750180020031,,,False,False,-5.045210471987069,0.1546951530543669,1.2201469838637404,,,False,False
2014-05-26,2.320256516614985,0.15870239014099574,1.3512371662876952,,,False,False,-5.778696850154919,0.18089579581591017,1.2056731236999012,,,False,False,5.032282069187632,0.15539188424180148,1.6632191612856766,,,False,False,-5.061956032257388,0.15033028911751736,1.2480639603731647,,,False,False
2014-06-02,2.40265322877179,0.1609024523220908,1.715684803791975,,,False,False,-5.7997606407152595,0.17830504530102295,1.2323976746741656,,,False,False,5.112459286142871,0.1600956588965158,1.9729843470402133,,,False,False,-5.088721193334179,0.1463810241486306,1.3404100619428165,,,False,False
2014-06-09,2.4489002389492267,0.1626764684694549,1.8399702464550134,,,False,False,-5.818205482330478,0.17511709051832106,1.2477675384149989,,,False,False,5.159685830345451,0.16424023157214096,2.058651876394099,,,False,False,-5.111511284585653,0.14282365978121012,1.405711309069101,,,False,False
2014-06-16,2.4847946728199775,0.16661248437771037,1.8750541112033456,,,False,False,-5.855397664848403,0.17117775954584732,1.3697374595046075,,,False,False,5.207270839372746,0.17126002919299507,2.104694951444251,,,False,False,-5.144519619168261,0.13950247276461056,1.5391061921922957,,,False,False
2014-06-23,2.5111264678658007,0.1714928825423338,1.8441684996049592,,,False,False,-5.894473288950865,0.1673861906659888,1.5009166313425972,,,False,False,5.228663334079917,0.17825645003105137,2.003147335390147,,,False,False,-5.180145174191894,0.13706890676997271,1.6822060003050476,,,False,False
2014-06-30,2.550319342053451,0.17485749366329265,1.8918750419613832,,,False,False,-5.932462413001846,0.16379975257340496,1.6238007509625516,,,False,False,5.2619569697155955,0.18400641709150412,1.9798049823399286,,,False,False,-5.216843967816631,0.13557077296400263,1.8202252424830725,,,False,False
2014-07-07,2.5907917918124936,0.1768197289416679,1.9494620024772364,,,False,False,-5.986582242142579,0.16190112819825825,1.8251388140420552,,,False,False,5.293757847617323,0.1884034075089478,1.958039674194788,,,False,False,-5.27104932965462,0.13645104248938245,2.045199290082385,,,False,False
2014-07-14,2.662737080178844,0.1832995003483423,2.120934283555756,,,False,False,-6.040982388648208,0.1622124276315561,1.9980813514323132,,,False,False,5.357484594124222,0.19598625023898106,2.0625825963102358,,,False,False,-5.32987636362966,0.1405734946657386,2.238075124864069,,,False,False
2014-07-21,2.7547644391340307,0.19625585251366426,2.298384813791242,,,False,False,-6.097471045405487,0.16700359190315495,2.123110548121626,,,False,False,5.424615601372925,0.20638386250422444,2.1388736110703452,,,False,False,-5.3862018036368635,0.14943785567176018,2.324325611768641,,,False,False
2014-07-28,2.788616338421572,0.2083630533315554,2.182696517060363,,,False,False,-6.157547790548198,0.17577984535077656,2.2069749008270487,,,False,False,5.445035076148991,0.2155967851090434,2.0052587164747098,,,False,False,-5.444575361351111,0.1619700057919849,2.3545832891900633,,,False,False
2014-08-04,2.850580220823697,0.22493481829420758,2.165524271466046,,,False,False,-6.197859576683678,0.18541002467492668,2.1632675965837755,,,False,False,5.495124463131484,0.22801637694134771,1.9887054727605578,,,False,False,-5.482283893525608,0.17477046700537838,2.2555841720432426,,,False,False
2014-08-11,2.936967260377617,0.2487426572353255,2.191863768311796,,,False,False,-6.233113481548985,0.19599609324658274,2.0885616690137883,,,False,False,5.563954011594006,0.24598254364316363,2.0103944001956506,,,False,False,-5.511176088369773,0.18743077372454475,2.1253800113438497,,,False,False
2014-08-18,2.999698633511652,0.2740841929617346,2.1143012367737524,,,False,False,-6.250837000203287,0.204508344564418,1.9554585536503322,,,False,False,5.631565245410313,0.26607665593157465,2.0036562773536417,,,False,False,-5.529332167352993,0.19813994644382663,1.9761557147737059,,,False,False
2014-08-25,3.1030803603157366,0.3041863412887408,2.1471746648297523,,,False,False,-6.26223965798752,0.21039358905213737,1.825295567398264,,,False,False,5.711967418939617,0.28946455399568294,2.0157267267534964,,,False,False,-5.540147585375372,0.20618705780251934,1.8292225905540032,,,False,False
2014-09-01,3.1970250966463287,0.3369861013194356,2.122735017163803,,,False,False,-6.279363953687286,0.21512883988069956,1.7389162931572948,,,False,False,5.7826247437361165,0.31452237489853974,1.9807314967160963,,,False,False,-5.556879475552799,0.2127435171266625,1.732512867984847,,,False,False
2014-09-08,3.2709739841671235,0.36702652432065885,2.0433932830440886,,,False,False,-6.305503829203589,0.21890035922791978,1.7026093320743607,,,False,False,5.837419618881208,0.33560105150387387,1.909274071802661,,,False,False,-5.578576317468164,0.21807671358963915,1.6716525861831282,,,False,False
2014-09-15,3.3279273831631393,0.3934338285358819,1.9411230940093855,,,False,False,-6.3300023927942375,0.2217798156908965,1.6656332342658215,,,False,False,5.890531791613675,0.35400842387457077,1.8466593430679823,,,False,False,-5.598479145541116,0.22218342038146882,1.6133056752077943,,,False,False
2014-09-22,3.3265441520267642,0.41080712009972614,1.744804153456949,,,False,False,-6.349483523994525,0.22603466137627787,1.6044741718093714,,,False,False,5.879573854969259,0.3646826889699328,1.6502985950335247,,,False,False,-5.619274175013099,0.22682763515340199,1.561127267767276,,,False,False
2014-09-29,3.3315425039175244,0.42250359975448076,1.5996861596562315,,,False,False,-6.372170280828272,0.23150886349884284,1.5566601666853437,,,False,False,5.880224272971795,0.3711386488531781,1.514366478708998,,,False,False,-5.642084090198612,0.23191210510503021,1.519466342517794,,,False,False
2014-10-06,3.3206306178884137,0.4238761678017035,1.4545749129966405,,,False,False,-6.419805354536277,0.23857998738312333,1.6028864356638886,,,False,False,5.869397126155846,0.36870033860152923,1.3801591750352815,,,False,False,-5.686066274688449,0.23790130047980879,1.5592466950184352,,,False,False
2014-10-13,3.3406436526361336,0.423316074846803,1.3915452115535005,,,False,False,-6.474395504481235,0.24710710817394252,1.659692738451835,,,False,False,5.889379134947829,0.3645175749856318,1.33617595760904,,,False,False,-5.734422064540994,0.24461708999089884,1.6047862648020328,,,False,False
2014-10-20,3.4388758087813676,0.4252001837696719,1.499361619674929,,,False,False,-6.496024706960004,0.25333176488246706,1.5936740500254662,,,False,False,5.999195041196715,0.36308138475050983,1.5198693441568054,,,False,False,-5.758994866638895,0.2493194311118224,1.561021774827083,,,False,False
2014-10-27,3.456314482666617,0.42403871484085004,1.4284966081826038,,,False,False,-6.496528498080513,0.25577332771072786,1.4694594426229142,,,False,False,6.011995010400824,0.3587681874823555,1.4502676772300702,,,False,False,-5.764784067415483,0.25072481745346864,1.4621858944179245,,,False,False
2014-11-03,3.527222070490547,0.4219276741717263,1.4819726368151664,,,False,False,-6.495724998344453,0.25549765573093575,1.358464142419308,,,False,False,6.079317752639474,0.3553018005006958,1.5259296343735982,,,False,False,-5.763152332358862,0.2490303326694761,1.3527126667178764,,,False,False
2014-11-10,3.6077191280549616,0.4212399987333153,1.5504465993080039,,,False,False,-6.488192431003742,0.251809799043069,1.238963304718114,,,False,False,6.137777376098571,0.3525918511102146,1.5730610274205845,,,False,False,-5.761652615957766,0.24423545621680692,1.2590391849944091,,,False,False
2014-11-17,3.6324088767206293,0.4173308385234196,1.4984898297083395,,,False,False,-6.506220930235322,0.24552439117097383,1.228563236770211,,,False,False,6.184566013644854,0.3491532122199681,1.5896583202821997,,,False,False,-5.777600122873761,0.23732095960640687,1.2442250546317004,,,False,False
2014-11-24,3.6676192222494857,0.41226151026486774,1.4766227382331687,,,False,False,-6.527788637919574,0.23736577225051816,1.240274547630456,,,False,False,6.202948680004945,0.34450480567155545,1.5337705821293823,,,False,False,-5.802958520462711,0.229173849450876,1.2747483472493506,,,False,False
2014-12-01,3.6790458736912064,0.4069564998966305,1.4033179146607517,,,False,False,-6.611601683851639,0.23136318533983025,1.499750773737509,,,False,False,6.224642238270647,0.3409488617332296,1.4879317227764752,,,False,False,-5.881031769461898,0.22340653145809328,1.5207198684160743,,,False,False
2014-12-08,3.7109011574406052,0.4004133478989319,1.38458454640943,,,False,False,-6.653642668229949,0.2248057335213553,1.5875747275570307,,,False,False,6.231669822305999,0.3355905710373551,1.4097716042896482,,,False,False,-5.9198362097457125,0.21736735847771602,1.5984634199030985,,,False,False
2014-12-15,3.785684847299384,0.39435418872118005,1.4686178126668887,,,False,False,-6.677390891231615,0.21794989763294395,1.6014185087906634,,,False,False,6.307748579797237,0.33266361157073465,1.5236374843476725,,,False,False,-5.948314730253829,0.21115143619455465,1.633979391064128,,,False,False
2014-12-22,3.846896483944742,0.3870782647477462,1.5216340117565923,,,False,False,-6.711318255432026,0.2116872498033803,1.660653867863682,,,False,False,6.364061719486103,0.3290449494512108,1.5788199154962952,,,False,False,-5.974380147113647,0.2048419447953056,1.6624281388124535,,,False,False
2014-12-29,3.848186461538418,0.3756970773845194,1.4382956292164057,,,False,False,-6.758312797603335,0.2069091711544068,1.772615075289179,,,False,False,6.3691722022384045,0.3222053613029579,1.4960272505684145,,,False,False,-6.0118224559115765,0.19936650706864564,1.7425255186877386,,,False,False
2015-01-05,3.8434306486354886,0.36006105025023727,1.3537405212247506,,,False,False,-6.788993682342864,0.2039113321554827,1.7977873931727009,,,False,False,6.354762214368701,0.3110414309681126,1.3721971099819517,,,False,False,-6.035061820288168,0.19533125902722254,1.7470603344352011,,,False,False
2015-01-12,3.8209738911736086,0.34205767518379915,1.2291053153450047,,,False,False,-6.828885048414128,0.20350556700821784,1.8484832892935945,,,False,False,6.354077537304451,0.29910661512004644,1.2965108699604628,,,False,False,-6.069835101215995,0.1940877071848448,1.7907822666632356,,,False,False
2015-01-19,3.840708056422769,0.3259712860888527,1.2221690276735515,,,False,False,-6.871783667126851,0.20608089498201587,1.8890349052395758,,,False,False,6.372581567186743,0.2880091605251771,1.2841215797919194,,,False,False,-6.114275900273632,0.19617288465521202,1.8555407085474933,,,False,False
2015-01-26,3.8455006705573314,0.3065096934882959,1.1827855177679047,,,False,False,-6.912413788685587,0.21157170493676694,1.8948224573882542,,,False,False,6.383049109279915,0.27375067134703507,1.2574539298652474,,,False,False,-6.1558161232891955,0.20136120971210433,1.878174962429585,,,False,False
2015-02-02,3.8903526660686536,0.28797057388336333,1.2758108204469774,,,False,False,-6.926269836557097,0.21654449104351076,1.7859197647748435,,,False,False,6.441038899258512,0.26117020207668906,1.4007621087390711,,,False,False,-6.168281702373984,0.2060044279952589,1.7682757307984898,,,False,False
2015-02-09,3.9848684728291617,0.2757477591478108,1.5289621551507655,,,False,False,-6.954008588765497,0.2218277394320867,1.7434388720423084,,,False,False,6.509623768230941,0.2528398395056157,1.5743178726686935,,,False,False,-6.19915490346318,0.2110099773445535,1.747240166235273,,,False,False
2015-02-16,4.0090127878757675,0.26403274585468767,1.5412195433037104,,,False,False,-6.95056457729226,0.22433442624851146,1.5886393327626598,,,False,False,6.527189446045587,0.24573780144512242,1.5511202150814598,,,False,False,-6.199276360877109,0.21365412857264637,1.6055832069904359,,,False,False
2015-02-23,4.023112612594071,0.25601119519770554,1.5063653624483646,,,False,False,-6.967513024655927,0.22522993187035859,1.5371360236261071,,,False,False,6.513744089691895,0.23931320719597107,1.4077198444878798,,,False,False,-6.221123017456571,0.21509030131929507,1.574663165517365,,,False,False
2015-03-02,4.029258340072028,0.25071235001706915,1.435043600354368,,,False,False,-6.988196657449655,0.22508447701938722,1.5088996045813619,,,False,False,6.500909217157045,0.2333680225740166,1.270202957168808,,,False,False,-6.244094613550519,0.2157083662910897,1.5541122727137762,,,False,False
2015-03-09,4.050869318756945,0.24776453470222598,1.418274645811356,,,False,False,-7.025667517355196,0.22548975992147208,1.5495255084254445,,,False,False,6.5179687499220496,0.22866904418271594,1.2564416823253668,,,False,False,-6.284805870633675,0.21691638556850054,1.6079172646516522,,,False,False
2015-03-16,4.099417154702552,0.2476854023567439,1.4949339226337088,,,False,False,-7.038063425614651,0.22475389678871974,1.4885834296082325,,,False,False,6.548535358432425,0.2259153775919224,1.2950340109847935,,,False,False,-6.303693801862815,0.2171116730873937,1.5685379192197049,,,False,False
2015-03-23,4.061677758716496,0.24177744443238944,1.2584281605112115,,,False,False,-7.070100127795541,0.22378162373693786,1.514358506289645,,,False,False,6.519049782208416,0.21796846622010793,1.094136677323022,,,False,False,-6.339525490294305,0.217430301499784,1.6036293207733234,,,False,False
2015-03-30,4.125570718498304,0.23590889768546344,1.4311158291598411,,,False,False,-7.088144056577519,0.22187611038346855,1.484576598880328,,,False,False,6.576269535821492,0.20940816309236107,1.2842673914180682,,,False,False,-6.356407220264711,0.216727529911564,1.5599558130755058,,,False,False
2015-04-06,4.159728045148185,0.22663305259804212,1.4980043841963417,,,False,False,-7.082606016334289,0.21943796407400856,1.3596631248180508,,,False,False,6.6001336365156344,0.19694675898128355,1.3439922902063093,,,False,False,-6.349842017043957,0.21511265171516408,1.422465523222747,,,False,False
2015-04-13,4.201913143991017,0.2164450046528998,1.610370524050504,,,False,False,-7.083297482304512,0.21753086762160262,1.2671023201494034,,,False,False,6.642908357561434,0.1836769317872172,1.5161825211830948,,,False,False,-6.349885856370902,0.21355818700878795,1.3221805712745607,,,False,False
2015-04-20,4.321357936324907,0.2180357080059409,1.9907740414837531,,,False,False,-7.060957144668177,0.21333127418875372,1.0854730963878219,,,False,False,6.727267638083894,0.18125237372232064,1.8473923125983058,,,False,False,-6.325257681361097,0.20967420330099423,1.1253409715993292,,,False,False
2015-04-27,4.330670007829441,0.2163254262361987,1.8941039321554252,,,False,False,-7.058028428014337,0.2066016768601434,1.0021239618739324,,,False,False,6.74840599819063,0.17691248620580527,1.8520970987316163,,,False,False,-6.314944364141705,0.20327736687789608,1.0059243002342941,,,False,False
2015-05-04,4.432157173053601,0.22313881083024012,2.135105083953204,,,False,False,-7.067250268981435,0.19749438898683117,0.9837271414662402,,,False,False,6.837944641962479,0.18086410490573607,2.145366484541498,,,False,False,-6.319673857048721,0.1943476090473017,0.9663430532088044,,,False,False
2015-05-11,4.488103706771665,0.23471417539214384,2.1239040930563644,,,False,False,-7.071940194980341,0.18477341463250135,0.9553250937511855,,,False,False,6.881164898482119,0.18815660844067497,2.1399631987094088,,,False,False,-6.3304652428220285,0.18267050168158305,0.967427347773995,,,False,False
2015-05-18,4.526788905584608,0.24556066522564754,2.047544399202778,,,False,False,-7.084911646304801,0.17030322015931265,0.9819708376101102,,,False,False,6.9086985028917764,0.19632158751463694,2.0493445350234945,,,False,False,-6.34012937461584,0.16915040111159865,0.9739783601923446,,,False,False
2015-05-25,4.567741452428919,0.25651507834741305,1.9847910270830922,,,False,False,-7.100086721632257,0.15410915668245315,1.0407973787522387,,,False,False,6.935404501014327,0.20346291956019824,1.9702125268731085,,,False,False,-6.360971790242822,0.15479874593442305,1.0602747205676157,,,False,False
2015-06-01,4.625971683229258,0.2674574930804124,1.9851335143278286,,,False,False,-7.107909112736277,0.1421157740673044,1.049356069970215,,,False,False,6.972943784792795,0.21067078995389538,1.944377993870918,,,False,False,-6.377961518313246,0.1445871670203561,1.1204745611297824,,,False,False
2015-06-08,4.6509982968187895,0.2768311070793842,1.8777075667610041,,,False,False,-7.116726229846418,0.13092188229213914,1.0703807384732258,,,False,False,7.001592089439358,0.21622633276895675,1.8899620247975903,,,False,False,-6.392025185463016,0.13525898941671774,1.1674550866614712,,,False,False
2015-06-15,4.68223773005829,0.2876977514404416,1.7955110596030828,,,False,False,-7.116914430905989,0.11853342347131988,1.0412228633020169,,,False,False,7.021374071397269,0.22374011408925318,1.7922329529170384,,,False,False,-6.4004603322356495,0.12577752807076642,1.1842634277183952,,,False,False
2015-06-22,4.70651100587229,0.2987785884149527,1.6995048943929796,,,False,False,-7.117269222587668,0.10594575350736249,1.0209092856298845,,,False,False,7.039599877579226,0.23186079185006733,1.696008935166085,,,False,False,-6.405665507515403,0.11581216505467623,1.1878804205140745,,,False,False
2015-06-29,4.752681032565086,0.3088185010195533,1.6811086304675984,,,False,False,-7.113565843422113,0.09460900402727426,0.9596765827030044,,,False,False,7.073614056561091,0.23921620790749312,1.6727889790605588,,,False,False,-6.40815747966975,0.10643535492806623,1.1727242400288052,,,False,False
2015-07-06,4.787834971969587,0.316544243392505,1.6363846581442716,,,False,False,-7.109450573983986,0.0831102588023438,0.8946369828231776,,,False,False,7.112745798007998,0.2449426271523365,1.6744197106891805,,,False,False,-6.407874869877799,0.09627764409376775,1.1445829249330166,,,False,False
2015-07-13,4.896925981214785,0.32571287477452027,1.7981984300379488,,,False,False,-7.094639015583216,0.072384632203729,0.6813690260581393,,,False,False,7.189712544569538,0.25210003888886806,1.8046950864701286,,,False,False,-6.400527912342253,0.08630060264918636,1.0443940471569988,,,False,False
2015-07-20,4.935805456510563,0.3331547294748379,1.7483069368518465,,,False,False,-7.112641338492305,0.0642417985408347,0.9037606975999811,,,False,False,7.226221044807648,0.25855085323295407,1.7738866779362004,,,False,False,-6.423530269785367,0.07920926150211115,1.2781307686591026,,,False,False
2015-07-27,5.033894605224968,0.3420945138082486,1.855739828176333,,,False,False,-7.116337512558105,0.05837043431000565,0.923621131459642,,,False,False,7.298710527146302,0.26632308356381346,1.8620678424887274,,,False,False,-6.431952969370878,0.07435914956232967,1.3319389279040237,,,False,False
2015-08-03,5.063340841250088,0.3495878688194151,1.7711418951007047,,,False,False,-7.123511789748583,0.0524879408194248,1.019285839138371,,,False,False,7.3309449185283295,0.2750133544995593,1.7959814617370957,,,False,False,-6.43911896322307,0.06916301747943285,1.3850035115026278,,,False,False
2015-08-10,5.1583782419753295,0.36339832070158185,1.8411536101695516,,,False,False,-7.143632776320413,0.04876679708511861,1.3601049762597914,,,False,False,7.407836855864444,0.2883339122122848,1.8598719880579275,,,False,False,-6.451595605485516,0.06574894224845793,1.499011287437104,,,False,False
2015-08-17,5.171224761907107,0.3733008676599616,1.7069828781159446,,,False,False,-7.138715020630424,0.04280260627639757,1.265662465479335,,,False,False,7.4148999603174035,0.29830903331426906,1.706902916211519,,,False,False,-6.453715348404463,0.060688321931164566,1.4976857439662226,,,False,False
2015-08-24,5.2620084972329435,0.3843841524525077,1.7699795341442925,,,False,False,-7.160346825267604,0.038169214898812365,1.7917259332762359,,,False,False,7.473457694973651,0.3071137755776926,1.7284481323330227,,,False,False,-6.477010100152598,0.05745191602715615,1.816214021607673,,,False,False
2015-08-31,5.470466767947394,0.4049065013192149,2.058201727336448,,,False,False,-7.180951482330377,0.035858952090419435,2.2750185764844746,,,False,False,7.72360574083027,0.3295623976238394,2.227048636578092,,,False,False,-6.500548370650275,0.05650212591092685,2.0887645908789345,,,False,False
2015-09-07,5.5933860427606295,0.42792864969287414,2.096075992047103,,,False,False,-7.20201999176531,0.03797621095688285,2.5243567402086495,,,False,False,7.823720620771603,0.35343386266123994,2.217798647059199,,,False,False,-6.522275650333154,0.059202290791260416,2.2062231846765226,,,False,False
2015-09-14,5.785761323442786,0.4603896919272891,2.225260201240414,,,False,False,-7.196877707978118,0.03933397967499839,2.1511929222310338,,,False,False,7.942335049657193,0.38058834337897385,2.2303675497586664,,,False,False,-6.532461837591179,0.06251272180626002,2.111584320257684,,,False,False
2015-09-21,5.822594589052547,0.48235542690985084,2.05987638634995,,,False,False,-7.208824583889328,0.04265460519986604,2.1387209695220966,,,False,False,7.991955457595181,0.4007505716791649,2.100613548760464,,,False,False,-6.548205676494138,0.06756818216719758,2.067815894946948,,,False,False
2015-09-28,5.973271428434531,0.5098979568957459,2.10474265814746,,,False,False,-7.222750353351061,0.04689473761552886,2.131900248776427,,,False,False,8.13087636833175,0.42683058398372764,2.15764862068382,,,False,False,-6.566198991295405,0.07337694720653933,2.0393729543918973,,,False,False
2015-10-05,5.573752419618082,0.5031399278718267,1.2308691582469677,,,False,False,-7.227578469028219,0.050414146037477243,1.9682403194352607,,,False,False,7.772811631020796,0.42174452078750935,1.2277164448555444,,,False,False,-6.56954397053199,0.07789800050859887,1.8554759399162388,,,False,False
2015-10-12,5.601177405008624,0.49418116085167124,1.1997757010319394,,,False,False,-7.073335177794018,0.05080659929590319,1.0753124895657578,,,False,False,7.8164550854379655,0.4163771858870387,1.2399568060031674,,,False,False,-6.444402941504154,0.07644398008116994,0.20618450480457262,,,False,False
2015-10-19,5.68563014579673,0.4907445624175386,1.2733452987247145,,,False,False,-7.058232321592287,0.05095295424479975,1.366574855599258,,,False,False,7.881315807191317,0.4143693494288129,1.2953756834470014,,,False,False,-6.420368215589984,0.07351853787321194,0.1622891253191327,,,False,False
2015-10-26,5.754858621777381,0.48544964315260763,1.3170043098721815,,,False,False,-7.115052099868273,0.04901723589531113,0.3061059173905962,,,False,False,7.941408496146623,0.4117599494964192,1.3380902085915203,,,False,False,-6.469559672655125,0.06980573849647598,0.4485799577266087,,,False,False
2015-11-02,5.791072676058011,0.4820745702479597,1.2929272442915787,,,False,False,-7.170837948552398,0.047905330662882065,0.7681241459208042,,,False,False,7.978679518580952,0.41130960731746813,1.3235007185085694,,,False,False,-6.525260899318693,0.06744110372163062,1.1729862589505435,,,False,False
2015-11-09,5.793682855758207,0.4764081767831852,1.2083817422860998,,,False,False,-7.169233765782835,0.04664376355009559,0.6742808817658262,,,False,False,7.972346677150837,0.4082698325404176,1.2150473777317978,,,False,False,-6.542880489811139,0.06570982982998018,1.347701880884855,,,False,False
2015-11-16,5.915203959675539,0.47363688330323067,1.3592764632780294,,,False,False,-7.28329389556841,0.05338744274009885,2.5826492938068757,,,False,False,8.05519790963939,0.406425815169722,1.3159161424617989,,,False,False,-6.627613437866207,0.06978683820633748,2.3246952308413937,,,False,False
2015-11-23,5.982763974965074,0.47083705402298437,1.3952587930716323,,,False,False,-7.30434390065219,0.0609443817258109,2.478899559723463,,,False,False,8.113702633260154,0.4042768773086126,1.3555260919979186,,,False,False,-6.653476583550638,0.07561571454866463,2.338747869219669,,,False,False
2015-11-30,5.9832134438424935,0.46534737649619917,1.3005067461349307,,,False,False,-7.305858366542646,0.06710421846562052,2.1604608084923282,,,False,False,8.104125224566923,0.3987648007638927,1.2411413130975564,,,False,False,-6.663510114637883,0.08123933949652767,2.1651700412310264,,,False,False
2015-12-07,5.992430455943676,0.45578147060086915,1.234826131055717,,,False,False,-7.316481096035996,0.07302079831497056,2.0256678578885863,,,False,False,8.108266780387048,0.3902873604404135,1.1696525671543205,,,False,False,-6.6835824257693455,0.08740554201046825,2.11377392002021,,,False,False
2015-12-14,6.039869972980767,0.4443581279312392,1.255819860562135,,,False,False,-7.312030843044466,0.07739541642513321,1.7567080843094747,,,False,False,8.151891404590305,0.38008841783949693,1.201414670759741,,,False,False,-6.694223732605242,0.0929899057455226,1.9797661714461146,,,False,False
2015-12-21,6.102192115613281,0.4310520015208778,1.3146345689360632,,,False,False,-7.311492855212202,0.08079166377545433,1.5837404528462073,,,False,False,8.21287158426671,0.36860797141309626,1.2818446230847094,,,False,False,-6.694036075116295,0.09713720741950826,1.7791270832883392,,,False,False
2015-12-28,6.184946962708509,0.41833840434672315,1.420724351311757,,,False,False,-7.325997829247262,0.08410578560284211,1.5966504355579505,,,False,False,8.278171333159559,0.3569676922053168,1.3767878152098831,,,False,False,-6.703092661054762,0.1005667531730985,1.6957131084612502,,,False,False
2016-01-04,6.175108092708327,0.3999181831195238,1.3281417351694023,,,False,False,-7.332591864167855,0.0867203454927731,1.5255845219456232,,,False,False,8.270122576920091,0.3413857337026528,1.285658649397665,,,False,False,-6.70828518218922,0.10289869979624201,1.5954588377632295,,,False,False
2016-01-11,6.227817864264994,0.38538645279095796,1.3821701515586813,,,False,False,-7.375683610024476,0.09045923554909059,1.8194002436638546,,,False,False,8.307838116413674,0.3274849784363538,1.3240797583860062,,,False,False,-6.740888650127811,0.10551794088886819,1.7407780020003474,,,False,False
2016-01-18,6.344067746962501,0.3731640960850574,1.5938178580195725,,,False,False,-7.4284376304495225,0.09762712878423321,2.101767889221416,,,False,False,8.380298720333084,0.31407911166799274,1.4699775151735743,,,False,False,-6.78485845183413,0.11086682960074229,1.9280417327771644,,,False,False
2016-01-25,6.363723953413187,0.3621573424561817,1.5553033394823657,,,False,False,-7.479542974788916,0.1072305634487033,2.2598544676664916,,,False,False,8.450660176742552,0.3042306640108424,1.6032076660622965,,,False,False,-6.827078025103325,0.11788849002344452,2.0424244126298188,,,False,False
2016-02-01,6.2300462602047615,0.338691342947913,1.1358824298219166,,,False,False,-7.518606565590199,0.11793333948587648,2.257148885333852,,,False,False,8.400116180596791,0.28717236354576,1.3792377516387058,,,False,False,-6.8490903351077215,0.12463942760948764,1.9818970212413929,,,False,False
2016-02-08,6.351624822251688,0.32233261817517583,1.4283320471856253,,,False,False,-7.543864977287336,0.12878766573102562,2.143512499457025,,,False,False,8.486298114187132,0.27525159904607815,1.6013771436071562,,,False,False,-6.860236115025961,0.13053138637138986,1.857418007208289,,,False,False
2016-02-15,6.539654350891943,0.3116080984331819,1.912003034453274,,,False,False,-7.557666724571783,0.1378781632074261,1.985420933322841,,,False,False,8.619406234138742,0.2660794564644226,1.9827256941879592,,,False,False,-6.865140676871999,0.1347170110894562,1.7186534679682766,,,False,False
2016-02-22,6.625930111633099,0.3070011410343801,2.050848621452944,,,False,False,-7.572538016135162,0.14652707755483074,1.8615260759594119,,,False,False,8.68708877393861,0.25963223680194253,2.1128616506284783,,,False,False,-6.877086251808683,0.13889834258257364,1.6421354258409266,,,False,False
2016-02-29,6.590374490577747,0.3088293767202438,1.784104471289593,,,False,False,-7.557873457948364,0.15281189520450933,1.5941325649250198,,,False,False,8.67396824767961,0.2657090160418423,1.8775955497067627,,,False,False,-6.86644069795972,0.14176245608572763,1.4345938896113162,,,False,False
2016-03-07,6.633657067255171,0.31603800046567426,1.753763862933845,,,False,False,-7.522431918015374,0.15627782040225977,1.2531358729686526,,,False,False,8.720126820975196,0.27624333792361305,1.848281597030239,,,False,False,-6.844318687231935,0.14303209783731022,1.180597043967087,,,False,False
2016-03-14,6.592492654560223,0.32551545571628165,1.4809234868893144,,,False,False,-7.49421278814109,0.15728166008785796,0.9930099180810081,,,False,False,8.751648565239533,0.29017460495747793,1.7609045395913323,,,False,False,-6.828683653343752,0.14298410489587238,0.9919640463150379,,,False,False
2016-03-21,6.515006757294932,0.32932672421270526,1.1476334030099213,,,False,False,-7.555156899950371,0.1605334085807586,1.2695543458269334,,,False,False,8.700767638573156,0.2990336000838422,1.4474187696476948,,,False,False,-6.879465469846613,0.14488205931693107,1.2415349928029054,,,False,False
2016-03-28,6.512288347892243,0.33551136331523107,1.0565857332689987,,,False,False,-7.599140952737953,0.16537076698655787,1.4108501885691744,,,False,False,8.702933025071939,0.3094105649034125,1.3347639019339492,,,False,False,-6.921908165962105,0.14853100204644235,1.4046745636241267,,,False,False
2016-04-04,6.433790643578638,0.31754190311357966,0.7650027284706371,,,False,False,-7.673833621260117,0.1734108188141252,1.6771870901520767,,,False,False,8.644782867624576,0.29816876832656974,1.0775861670958293,,,False,False,-6.990057371642716,0.15500825201143067,1.681286837524127,,,False,False
2016-04-11,6.4991986487775515,0.29914099027110835,0.9152511951970582,2.3006996971589766,2.9521278109713665,False,False,-7.7451647977390605,0.17546575838397424,1.9168068198444344,,,False,False,8.713709633444637,0.28891906196102574,1.2312081913404878,2.1986557544984,2.350476244279768,False,False,-7.0562923309221794,0.15644423967273205,1.9387999612072737,,,False,False
2016-04-18,6.541048478612626,0.2840602505782714,0.9953461388182748,2.3006996971589766,2.9521278109713665,False,False,-7.7918434241437176,0.17581646130790782,2.017995211872023,,,False,False,8.781786702064464,0.28341166529213047,1.3731371571556745,2.1986557544984,2.350476244279768,False,False,-7.093593038219627,0.15489700083861896,2.031811648988007,,,False,False
2016-04-25,6.555734057351162,0.2703763165072057,0.9861105973312725,2.3006996971589766,2.9521278109713665,False,False,-7.8396590773003085,0.18011191506513718,2.080611551860442,,,False,False,8.811839789217712,0.2793607711227303,1.3807881734089105,2.1986557544984,2.350476244279768,False,False,-7.128278171146659,0.15614728670645456,2.0754208644586596,,,False,False
2016-05-02,6.591816146653232,0.2566326180087231,1.059511517261039,2.3006996971589766,2.9521278109713665,False,False,-7.872743821411676,0.18675117751588582,2.039244413684334,,,False,False,8.864061924079005,0.27658874973531955,1.4603161360909875,2.1986557544984,2.350476244279768,False,False,-7.144418593615951,0.15908967457394774,1.988802872360118,,,False,False
2016-05-09,6.637784708048744,0.2402691085608931,1.187869392502218,2.3006996971589766,2.9521278109713665,False,False,-7.914419766807611,0.19234688122796206,2.047583191057777,,,False,False,8.898146870567054,0.27080974004534075,1.4858559406822713,2.1986557544984,2.350476244279768,False,False,-7.172659780130153,0.16185854511113984,1.979610700521295,,,False,False
2016-05-16,6.706628456199102,0.23268136316899019,1.3916570715034653,2.3006996971589766,2.9521278109713665,False,False,-7.943574214158015,0.20305594760503815,1.9581070932712232,,,False,False,8.954675961306656,0.26972833521857004,1.5731311349148531,2.1986557544984,2.350476244279768,False,False,-7.195647171938375,0.16852450937879404,1.9080717075271743,,,False,False
2016-05-23,6.824425651144983,0.23334500580848846,1.7537905088611505,2.3006996971589766,2.9521278109713665,False,False,-7.969696146818575,0.21306603465570426,1.8686073246439783,2.208333401863172,2.6208440602610805,False,False,9.046002960617733,0.2740578334517132,1.750679155822509,2.1986557544984,2.350476244279768,False,False,-7.227230168673072,0.17588505433194085,1.882322524680357,2.3253978627603074,2.6419552041036996,False,False
2016-05-30,6.872410580502167,0.23266184876072563,1.818189351696333,2.3006996971589766,2.9521278109713665,False,False,-7.998874678785258,0.22167162290128917,1.8074519695640163,2.208333401863172,2.6208440602610805,False,False,9.094812910489305,0.27610370615207946,1.776484353236897,2.1986557544984,2.350476244279768,False,False,-7.26025041353776,0.18309901323598032,1.8631509170995515,2.3253978627603074,2.6419552041036996,False,False
2016-06-06,6.887784898165967,0.22854656072584495,1.7675212570574053,2.3006996971589766,2.9521278109713665,False,False,-8.023675718449041,0.22898616506712033,1.7392406994837362,2.208333401863172,2.6208440602610805,False,False,9.126369435632615,0.27513150447679613,1.755133951231676,2.1986557544984,2.350476244279768,False,False,-7.286254425674919,0.1901035587750003,1.8093581018693279,2.3253978627603074,2.6419552041036996,False,False
2016-06-13,6.878156923909156,0.22246021329516272,1.6276668932620142,2.3006996971589766,2.9521278109713665,False,False,-8.046512218410584,0.23402847922534115,1.6786387515631607,2.208333401863172,2.6208440602610805,False,False,9.130543849289882,0.2721157694399552,1.651600642258333,2.1986557544984,2.350476244279768,False,False,-7.304304942291219,0.1958252158238405,1.7288440997996504,2.3253978627603074,2.6419552041036996,False,False
2016-06-20,6.862377928329827,0.21574318786549268,1.4696835433486979,2.3006996971589766,2.9521278109713665,False,False,-8.063405262853031,0.23649917867340517,1.6102491889801147,2.208333401863172,2.6208440602610805,False,False,9.137045882524331,0.2688450668524417,1.563664352908625,2.1986557544984,2.350476244279768,False,False,-7.3098581327426055,0.19886470512428756,1.6112411474188522,2.3253978627603074,2.6419552041036996,False,False
2016-06-27,6.946857138208836,0.2165815359593143,1.7187484773641735,2.3006996971589766,2.9521278109713665,False,False,-8.070652561695253,0.236678239223022,1.5186412745120614,2.208333401863172,2.6208440602610805,False,False,9.224540203679773,0.27115755102352235,1.7387639184524293,2.1986557544984,2.350476244279768,False,False,-7.310842458293265,0.19957744535811595,1.4932966422131133,2.3253978627603074,2.6419552041036996,False,False
2016-07-04,7.197310735709282,0.233294600546038,2.5006463716734006,2.345235814279131,2.9521278109713665,True,False,-8.085679204018358,0.23455977552867144,1.4729340813904257,2.208333401863172,2.6208440602610805,False,False,9.430488375053262,0.28369361793470194,2.2305672159336805,2.218261146535143,2.350476244279768,True,False,-7.324425688523805,0.198548903950172,1.4500903391309699,2.3253978627603074,2.6419552041036996,False,False
2016-07-11,7.287957418211661,0.2547686630122156,2.485625088944877,2.356221521444688,2.9521278109713665,True,False,-8.105380707234252,0.2328501794924674,1.4478293230461552,2.208333401863172,2.6208440602610805,False,False,9.511920812451434,0.2984264546588475,2.238136859454871,2.2272145822371208,2.350476244279768,True,False,-7.336546343866369,0.19743584764927197,1.40361841483013,2.3253978627603074,2.6419552041036996,False,False
2016-07-18,7.375214005599958,0.283156081231868,2.404527190799813,2.366333338008271,2.9521278109713665,True,False,-8.119366716590166,0.23194181045459045,1.3992265165336033,2.208333401863172,2.6208440602610805,False,False,9.574341219867257,0.31559457209029296,2.1686524561261105,2.2272145822371208,2.350476244279768,False,False,-7.34657661079276,0.1969223288658257,1.348502810161807,2.3253978627603074,2.6419552041036996,False,False
2016-07-25,7.464316138627797,0.312497252380515,2.32843058742188,2.366333338008271,2.9521278109713665,False,False,-8.135155216499278,0.23193203949329616,1.358638403853195,2.208333401863172,2.6208440602610805,False,False,9.63048026151772,0.334181168307515,2.0802377749369882,2.2272145822371208,2.350476244279768,False,False,-7.368900648608682,0.19764116842155902,1.3511103083151215,2.3253978627603074,2.6419552041036996,False,False
2016-08-01,7.536220824648427,0.33216329353364693,2.2558042333024404,2.366333338008271,2.9521278109713665,False,False,-8.152734221501403,0.23230709565220117,1.32712801926607,2.208333401863172,2.6208440602610805,False,False,9.665492452383436,0.3450850238603544,1.9749340469255907,2.2272145822371208,2.350476244279768,False,False,-7.3942165983024415,0.19866506431056344,1.3660407575892244,2.3253978627603074,2.6419552041036996,False,False
2016-08-08,7.6191639130068065,0.35775137164838816,2.1900319905376118,2.366333338008271,2.9521278109713665,False,False,-8.183263036197744,0.2330583739835085,1.3483224481687992,2.208333401863172,2.6208440602610805,False,False,9.744234134430439,0.36036363162312807,1.9754482074725501,2.2272145822371208,2.350476244279768,False,False,-7.427836465137036,0.19983744723980612,1.4170199980362947,2.3253978627603074,2.6419552041036996,False,False
2016-08-15,7.695637712957604,0.3898798861288016,2.091669457677742,2.366333338008271,2.9521278109713665,False,False,-8.184462320192509,0.2319785447808976,1.2558471678366605,2.208333401863172,2.6208440602610805,False,False,9.792210242236651,0.37949970335489785,1.88339528371304,2.2272145822371208,2.350476244279768,False,False,-7.464554414166635,0.20087349695262602,1.4777321952213598,2.3253978627603074,2.6419552041036996,False,False
2016-08-22,7.769625390529773,0.42315082100379897,1.9981037625955707,2.366333338008271,2.9521278109713665,False,False,-8.20787096272217,0.23031330007477405,1.2604671911536653,2.208333401863172,2.6208440602610805,False,False,9.844597739856388,0.39925300889730336,1.8099196684138246,2.2272145822371208,2.350476244279768,False,False,-7.492051210074532,0.20148794631183212,1.492305304761523,2.3253978627603074,2.6419552041036996,False,False
2016-08-29,7.867062882708762,0.45569574157574283,1.9614695914953393,2.366333338008271,2.9521278109713665,False,False,-8.235115570908757,0.2262671194207501,1.28829674319457,2.208333401863172,2.6208440602610805,False,False,9.923852473190788,0.4179602551997568,1.8035163085992332,2.2272145822371208,2.350476244279768,False,False,-7.521411606751119,0.20017833532372234,1.522895764472085,2.3253978627603074,2.6419552041036996,False,False
2016-09-05,7.903522276175536,0.4849568590408881,1.8175879926946934,2.366333338008271,2.9521278109713665,False,False,-8.26811890695151,0.21784758636703802,1.3579322369946922,2.208333401863172,2.6208440602610805,False,False,9.946938937402251,0.43407359086940156,1.6810502522117807,2.2272145822371208,2.350476244279768,False,False,-7.553308710671402,0.19568195385066223,1.5815408103737163,2.3253978627603074,2.6419552041036996,False,False
2016-09-12,7.980587575252563,0.5114563020054425,1.7697089532676689,2.366333338008271,2.9521278109713665,False,False,-8.276149056958516,0.20265093765100192,1.3509828357181823,2.208333401863172,2.6208440602610805,False,False,9.995507411741533,0.4489951525945769,1.6268043533709284,2.2272145822371208,2.350476244279768,False,False,-7.5688797036706,0.1864965650901355,1.5902754555593066,2.3253978627603074,2.6419552041036996,False,False
2016-09-19,8.035024197936567,0.5313185285790575,1.6959755058846615,2.356221521444688,2.734143355377905,False,False,-8.264348757588014,0.1871867986432541,1.2538332341286391,2.208333401863172,2.6208440602610805,False,False,10.04466840379579,0.4586833865692944,1.5869329286411642,2.218261146535143,2.350476244279768,False,False,-7.570168970374115,0.1772663470031023,1.5304916135980982,2.3253978627603074,2.6419552041036996,False,False
2016-09-26,8.126554515238062,0.5497691678991985,1.692612866719262,2.356221521444688,2.734143355377905,False,False,-8.273614719223314,0.1711910655203203,1.2735810212449505,2.208333401863172,2.6208440602610805,False,False,10.12163077637154,0.4670485403483109,1.6064643813183745,2.218261146535143,2.350476244279768,False,False,-7.583556307137596,0.16824980402464135,1.5408278796990804,2.3253978627603074,2.6419552041036996,False,False
2016-10-03,8.224505599695263,0.5624820656580359,1.7060522605070951,2.356221521444688,2.734143355377905,False,False,-8.275673470083307,0.157661446749802,1.2491116914124265,2.208333401863172,2.6208440602610805,False,False,10.202370048441262,0.47001244103755124,1.6406563952255728,2.218261146535143,2.350476244279768,False,False,-7.595749305010563,0.16193103194289632,1.5323878326451617,2.3253978627603074,2.6419552041036996,False,False
2016-10-10,8.333913239928298,0.5774683026947701,1.7290394803849407,2.356221521444688,2.734143355377905,False,False,-8.278090575512504,0.14683004826280333,1.2181206685314687,2.208333401863172,2.6208440602610805,False,False,10.27990410848772,0.47471359593389645,1.6608429482183373,2.218261146535143,2.350476244279768,False,False,-7.601747205054662,0.15796456581778417,1.4760272868381332,2.3253978627603074,2.6419552041036996,False,False
2016-10-17,8.427571629791371,0.5919973632098168,1.7222463553342076,2.356221521444688,2.734143355377905,False,False,-8.282545553141654,0.13694229082628265,1.200787093451854,2.208333401863172,2.6208440602610805,False,False,10.342729637626949,0.480044792528288,1.6482086732987142,2.218261146535143,2.350476244279768,False,False,-7.607619509391624,0.15429482565124836,1.4210590926873707,2.3253978627603074,2.6419552041036996,False,False
2016-10-24,8.464103510950473,0.6003473364462423,1.6368830134124008,2.3297965152412603,2.734143355377905,False,False,-8.304124664942822,0.12924424061559187,1.3010528384785869,2.208333401863172,2.6208440602610805,False,False,10.363802912751755,0.4808794958912576,1.5650415183127424,2.218261146535143,2.350476244279768,False,False,-7.629542152883401,0.1517942166234157,1.461882603048488,2.3253978627603074,2.6419552041036996,False,False
2016-10-31,8.523269984875377,0.6053447126779498,1.598391998395852,2.3297965152412603,2.734143355377905,False,False,-8.32370797287994,0.12259470198645808,1.389881587292356,2.208333401863172,2.6208440602610805,False,False,10.415003525598278,0.48068599394133926,1.5480904343845348,2.218261146535143,2.350476244279768,False,False,-7.644598552397607,0.14876583172411453,1.4635352136554312,2.3253978627603074,2.6419552041036996,False,False
2016-11-07,8.585292251026255,0.6077072539583774,1.5709805480840466,2.3297965152412603,2.734143355377905,False,False,-8.332103462248948,0.1172894206776757,1.3873617066434842,2.208333401863172,2.6208440602610805,False,False,10.485799593616816,0.4794402886804142,1.572412474941425,2.218261146535143,2.350476244279768,False,False,-7.651402571617959,0.14563713137033787,1.41526317025027,2.3253978627603074,2.6419552041036996,False,False
2016-11-14,8.698659204825677,0.6121151260221285,1.6197061946266873,2.3297965152412603,2.734143355377905,False,False,-8.320892140227278,0.11142920544568638,1.229473909889538,2.1654529617959386,2.6208440602610805,False,False,10.582338695641935,0.4801573602521952,1.640742484219933,2.218261146535143,2.350476244279768,False,False,-7.645625778694495,0.14146117196125996,1.293861794707728,2.3253978627603074,2.6419552041036996,False,False
2016-11-21,8.700216293418267,0.614444026188366,1.4986848546875395,2.3297965152412603,2.734143355377905,False,False,-8.329099874175334,0.10595252496224968,1.240025328392214,2.1606011478969007,2.6208440602610805,False,False,10.638939280916643,0.482449426805404,1.6232756021436925,2.218261146535143,2.350476244279768,False,False,-7.649182451055067,0.13752852462414814,1.2387171659379894,2.3253978627603074,2.6419552041036996,False,False
2016-11-28,8.691645417516883,0.6106048514833083,1.3794789011252546,2.3297965152412603,2.734143355377905,False,False,-8.336324383559825,0.10118164011561583,1.241623371613806,2.1606011478969007,2.6208440602610805,False,False,10.64852489703523,0.48064244402677875,1.5249919263278422,2.218261146535143,2.350476244279768,False,False,-7.652444481190002,0.13406064532200324,1.182573653847526,2.3253978627603074,2.6419552041036996,False,False
2016-12-05,8.739970347128551,0.6019198153057966,1.36131676751354,2.3297965152412603,2.734143355377905,False,False,-8.338710218918061,0.0966514720775334,1.1991396556746572,2.1606011478969007,2.6208440602610805,False,False,10.703761127883745,0.47657965349018494,1.5265930067960587,2.218261146535143,2.350476244279768,False,False,-7.652850182052078,0.13058026853801544,1.1092215759364161,2.3253978627603074,2.6419552041036996,False,False
2016-12-12,8.662929918548485,0.579643175358576,1.1622978103712864,2.3297965152412603,2.734143355377905,False,False,-8.343230675428066,0.09242742664020827,1.179377432361186,2.1606011478969007,2.6208440602610805,False,False,10.628997471013065,0.46055620335405906,1.2922346358376184,2.218261146535143,2.350476244279768,False,False,-7.657134230076732,0.12684416116704508,1.0686825535276618,2.3253978627603074,2.6419552041036996,False,False
2016-12-19,8.664742018462402,0.5463075465108601,1.1096467576317268,2.3297965152412603,2.734143355377905,False,False,-8.356714645353346,0.08856339453286935,1.2557068473535262,2.1606011478969007,2.6208440602610805,False,False,10.646733809928753,0.437561746323948,1.2679766936119061,2.218261146535143,2.350476244279768,False,False,-7.665028543887176,0.12216987424778913,1.062373651745228,2.3253978627603074,2.6419552041036996,False,False
2016-12-26,8.691016546242803,0.5102354316724764,1.1081156583490728,2.3297965152412603,2.734143355377905,False,False,-8.379426094415635,0.08480127359419608,1.4391907069872896,2.1606011478969007,2.6208440602610805,False,False,10.680311615063333,0.41467414232346184,1.2839110014823105,2.218261146535143,2.350476244279768,False,False,-7.689428364638214,0.11679816880307767,1.195471480605572,2.3253978627603074,2.6419552041036996,False,False
2017-01-02,8.763936614524187,0.48825438155674683,1.1839424691411307,2.3297965152412603,2.734143355377905,False,False,-8.392554675999763,0.08122804010202246,1.5188213769298484,2.1606011478969007,2.6208440602610805,False,False,10.744293472902775,0.4036565775682035,1.3522771985665014,2.218261146535143,2.350476244279768,False,False,-7.705700701193726,0.11116941464317996,1.2704644819408848,2.3253978627603074,2.6419552041036996,False,False
2017-01-09,8.826446404400421,0.4678828277065886,1.2426235805242114,2.3297965152412603,2.734143355377905,False,False,-8.410033071145692,0.07858427271834098,1.6432280376233273,2.1606011478969007,2.6208440602610805,False,False,10.798212707532407,0.39487990782700155,1.393593455689753,2.218261146535143,2.350476244279768,False,False,-7.72208781278998,0.1050995412322454,1.3586680271753533,2.3253978627603074,2.6419552041036996,False,False
2017-01-16,8.884984158623165,0.4489145900116802,1.296175083170215,2.3297965152412603,2.734143355377905,False,False,-8.411722004439557,0.07539775249968148,1.5859408991446233,2.1606011478969007,2.6208440602610805,False,False,10.851512579161726,0.3870997735030831,1.4323954431311674,2.218261146535143,2.350476244279768,False,False,-7.7256829256744135,0.09754867765800126,1.3512175693325588,2.3253978627603074,2.6419552041036996,False,False
2017-01-23,8.96851347628482,0.4331403536284179,1.402657302329141,2.3297965152412603,2.734143355377905,False,False,-8.364336607243589,0.06947400046436403,0.9122306603689462,2.1606011478969007,2.6208440602610805,False,False,10.930676197503463,0.38148910276103803,1.5298891363373741,2.218261146535143,2.350476244279768,False,False,-7.688476024540302,0.08770461554312756,0.9385050588279206,2.3253978627603074,2.6419552041036996,False,False
2017-01-30,9.021049723719786,0.41765886918316675,1.4437019492824872,2.3297965152412603,2.734143355377905,False,False,-8.354598941126348,0.0632470619623018,0.7253241194713345,2.1606011478969007,2.6208440602610805,False,False,10.989226737997505,0.3751719396407173,1.5760073044548029,2.218261146535143,2.350476244279768,False,False,-7.691648797892383,0.07779085518144244,0.951838086429727,2.3253978627603074,2.6419552041036996,False,False
2017-02-06,9.07497511990954,0.40361951603752233,1.4887971397837971,2.3297965152412603,2.734143355377905,False,False,-8.341615199851724,0.05809702510461686,0.4613043502868923,2.1606011478969007,2.6208440602610805,False,False,11.049938989603598,0.3715381644714758,1.6196628205226515,2.218261146535143,2.350476244279768,False,False,-7.689419917484215,0.0686437792779549,0.8996374757580902,2.3253978627603074,2.6419552041036996,False,False
2017-02-13,9.165349331396229,0.39301686648799716,1.6150818875955533,2.3297965152412603,2.734143355377905,False,False,-8.31439699878046,0.051668431178934354,0.10480825847071416,2.1606011478969007,2.6208440602610805,False,False,11.123460537946524,0.36924681264480086,1.6901599253412367,2.218261146535143,2.350476244279768,False,False,-7.67709477017886,0.06062997301825182,0.680434740106965,2.3253978627603074,2.6419552041036996,False,False
2017-02-20,9.25545885563133,0.3859014375207141,1.7302773219603262,2.3297965152412603,2.734143355377905,False,False,-8.33399386507102,0.0463892754500875,0.20113931616053776,2.1606011478969007,2.6208440602610805,False,False,11.19396394198828,0.3683624354003961,1.7447242375661987,2.218261146535143,2.350476244279768,False,False,-7.696924658008332,0.05416330732388096,0.9823048553374922,2.3253978627603074,2.6419552041036996,False,False
2017-02-27,9.328613203117651,0.38316314506249943,1.7868560384813215,2.3297965152412603,2.734143355377905,False,False,-8.33448840055134,0.04266008947251204,0.1407219437753678,2.1606011478969007,2.6208440602610805,False,False,11.2486140420301,0.3697242310189485,1.7482992647793165,2.218261146535143,2.350476244279768,False,False,-7.700647063999033,0.04914770928744074,1.0180253576184375,2.3253978627603074,2.6419552041036996,False,False
2017-03-06,9.399142405672588,0.37980947850970076,1.836875513576837,2.3297965152412603,2.734143355377905,False,False,-8.337215618952843,0.04086347222936864,0.14861349112513705,2.1606011478969007,2.6208440602610805,False,False,11.300703291310732,0.36907362239708247,1.7514391480434226,2.218261146535143,2.350476244279768,False,False,-7.707904327843385,0.04616589322442666,1.1121823776348851,2.3253978627603074,2.6419552041036996,False,False
2017-03-13,9.417005123015041,0.37519673414276655,1.759819740941485,2.3297965152412603,2.734143355377905,False,False,-8.341733338033679,0.03932836282648239,0.20514736489001273,2.1606011478969007,2.6208440602610805,False,False,11.30376967566201,0.36482189250866026,1.642331800940222,2.218261146535143,2.350476244279768,False,False,-7.714761582663185,0.04389235789989478,1.1981882206467465,2.3253978627603074,2.6419552041036996,False,False
2017-03-20,9.461677362089898,0.3697098294058741,1.7583508235536864,2.3297965152412603,2.734143355377905,False,False,-8.335806883537163,0.036699548726531285,0.016532463691277807,2.1606011478969007,2.6208440602610805,False,False,11.319114451182854,0.35816173266153617,1.5788571587368967,2.1986557544984,2.350476244279768,False,False,-7.720597788899792,0.041106044006892384,1.2806337834503614,2.3253978627603074,2.6419552041036996,False,False
2017-03-27,9.521049212549148,0.36749846855543417,1.7845435509263785,2.3297965152412603,2.734143355377905,False,False,-8.328872066949383,0.034448313630117015,0.28061847245211907,2.1606011478969007,2.6208440602610805,False,False,11.357438355595837,0.35289784901831217,1.5763175117652708,2.1986557544984,2.350476244279768,False,False,-7.721148997164869,0.038585341209355965,1.2414292289107918,2.3253978627603074,2.6419552041036996,False,False
2017-04-03,9.60016034388411,0.37057691896660516,1.8404231904656914,2.3297965152412603,2.734143355377905,False,False,-8.337753864568871,0.03197966977092373,0.09921124992497017,2.1606011478969007,2.6208440602610805,False,False,11.41698795124733,0.35084905506781244,1.6221009391873948,2.1986557544984,2.350476244279768,False,False,-7.733201391868582,0.03692284454880005,1.4805670319073796,2.3253978627603074,2.6419552041036996,False,False
2017-04-10,9.697456221053677,0.3809293461978472,1.9081498422990897,2.3297965152412603,2.734143355377905,False,False,-8.346561345099401,0.02930566371374318,0.10241182085916256,2.1606011478969007,2.6208440602610805,False,False,11.491078800954359,0.35282147659300755,1.6909962374989238,2.1711097656727643,2.350476244279768,False,False,-7.743510745438783,0.03557248152461795,1.6733062615065113,2.3253978627603074,2.6419552041036996,False,False
2017-04-17,9.81725874366445,0.3987676693138463,1.9891865643732964,2.3297965152412603,2.734143355377905,False,False,-8.347226134595454,0.026533229248202832,0.044409264931189865,2.1606011478969007,2.6208440602610805,False,False,11.581964918027156,0.3589578463572039,1.7825018107102797,2.158198812455934,2.302898245174706,False,False,-7.750121390341167,0.034290374338057504,1.7688188178381479,2.3253978627603074,2.6419552041036996,False,False
2017-04-24,9.943036337090868,0.4205855675992791,2.0498060755587897,2.3297965152412603,2.734143355377905,False,False,-8.329582281437851,0.025368439587544374,0.6876525056340846,2.1606011478969007,2.6208440602610805,False,False,11.67643047264457,0.3665927281501207,1.8653476673909166,2.145980591348614,2.29588680348567,False,False,-7.740622548621053,0.033434634151028125,1.4022075000131529,2.3253978627603074,2.6419552041036996,False,False
2017-05-01,10.089710920150294,0.44875937620723233,2.113706714172226,2.3297965152412603,2.734143355377905,False,False,-8.315203496084832,0.025733339442079166,1.2239515671474932,2.1606011478969007,2.6208440602610805,False,False,11.788414408002822,0.3787816997837007,1.9615079890151113,2.1418775460698507,2.29588680348567,False,False,-7.734640926608346,0.032798167838759586,1.1414510926108927,2.3253978627603074,2.6419552041036996,False,False
2017-05-08,10.152731328626782,0.47557968333758316,2.000253648280747,2.3297965152412603,2.734143355377905,False,False,-8.299645118573112,0.02721447536019449,1.6831608991112128,2.1606011478969007,2.6208440602610805,False,False,11.831259634841711,0.3909784155660146,1.8775463419651721,2.1418775460698507,2.29588680348567,False,False,-7.731702073430083,0.03208578127147402,0.9789448071647749,2.3253978627603074,2.6419552041036996,False,False
2017-05-15,10.17751258440811,0.5008065837967348,1.8354037387432143,2.3297965152412603,2.734143355377905,False,False,-8.30312906231032,0.028065338917351496,1.4836521980732067,2.1606011478969007,2.6208440602610805,False,False,11.857829285244438,0.4036115860740099,1.7630624058354547,2.1418775460698507,2.29588680348567,False,False,-7.740752911854132,0.031008453273292064,1.1868477014468468,2.3253978627603074,2.6419552041036996,False,False
2017-05-22,10.21079960505021,0.5206965890696316,1.717641247445456,2.3297965152412603,2.734143355377905,False,False,-8.309545629522646,0.028755528356567774,1.1987450830964437,2.1606011478969007,2.6208440602610805,False,False,11.88776198497627,0.4149739005656519,1.6711737058388672,2.1418775460698507,2.29588680348567,False,False,-7.749083012423786,0.03012748774645526,1.3705119765231293,2.3253978627603074,2.6419552041036996,False,False
2017-05-29,10.252349701534213,0.5355382290185879,1.635537670265806,2.3297965152412603,2.734143355377905,False,False,-8.320798518556577,0.02908101444438514,0.7778446169625235,2.1606011478969007,2.6208440602610805,False,False,11.917720902910325,0.42278479735109126,1.5956987157542781,2.1418775460698507,2.29588680348567,False,False,-7.762465932015743,0.02976693349988882,1.694544992640494,2.3253978627603074,2.6419552041036996,False,False
2017-06-05,10.296183377422041,0.5483672444141132,1.568059151517867,2.3297965152412603,2.734143355377905,False,False,-8.343853230447813,0.029065191095771287,0.008133206945778846,2.1606011478969007,2.6208440602610805,False,False,11.963940548864251,0.43064423084744097,1.5613546326531675,2.1418775460698507,2.29588680348567,False,False,-7.7808285760607445,0.030168998644454072,2.1174652491103947,2.3253978627603074,2.6419552041036996,False,False
2017-06-12,10.364957119603298,0.5539137745884446,1.5583353820056767,2.3297965152412603,2.734143355377905,False,False,-8.353007907703796,0.029123186444307118,0.3095479642004783,2.1606011478969007,2.6208440602610805,False,False,12.026427859241561,0.43184796896498373,1.577241069917778,2.1418775460698507,2.29588680348567,False,False,-7.787978744921914,0.030700971303431288,2.149752628304752,2.3253978627603074,2.6419552041036996,False,False
2017-06-19,10.436464357831042,0.555798726524553,1.559103077239881,2.3297965152412603,2.734143355377905,False,False,-8.37436890052557,0.029633002851580267,1.0021598631451984,2.1606011478969007,2.6208440602610805,False,False,12.07386621923136,0.4301998255828931,1.5659629885694615,2.1418775460698507,2.29588680348567,False,False,-7.80259126311708,0.03230531064389042,2.3315404380404954,2.331900809599454,2.6419552041036996,False,False
2017-06-26,10.487171225162363,0.5538090616812487,1.5315233328626854,2.3297965152412603,2.734143355377905,False,False,-8.39774314675416,0.030691152116482608,1.706249087656999,2.1606011478969007,2.6208440602610805,False,False,12.135308687341826,0.42743656456436496,1.58890956719539,2.1418775460698507,2.29588680348567,False,False,-7.813618721039629,0.03550870704069793,2.297240611702973,2.331900809599454,2.6419552041036996,False,False
2017-07-03,10.557737875890977,0.5521665577023178,1.5389302060845433,2.3297965152412603,2.734143355377905,False,False,-8.424700876157997,0.03321174982466302,2.3512187042298573,2.1654529617959386,2.6208440602610805,True,False,12.191350257091432,0.42524302845363016,1.5980122916184483,2.1418775460698507,2.29588680348567,False,False,-7.831632890034359,0.04006746906086277,2.3645782819256946,2.3392038469078726,2.6419552041036996,True,False
2017-07-10,10.691624642021935,0.5542131165362574,1.6453867814317928,2.3297965152412603,2.734143355377905,False,False,-8.43812237669107,0.03571948158748138,2.5316501247074528,2.209483600052388,2.6208440602610805,True,False,12.262470056914683,0.423915395368765,1.6379348413433614,2.1418775460698507,2.29588680348567,False,False,-7.845319933140082,0.04520568979345961,2.2937381067731923,2.3392038469078726,2.6419552041036996,False,False
2017-07-17,10.736931821205806,0.5536265466813463,1.6003086634599402,2.3297965152412603,2.734143355377905,False,False,-8.438976158284653,0.03800071520374546,2.374554648218128,2.2572841644504837,2.6208440602610805,True,False,12.296127959933415,0.42089417843834237,1.5976499635618124,2.1418775460698507,2.29588680348567,False,False,-7.851814167758533,0.049945263450640986,2.1089696809018688,2.3392038469078726,2.6419552041036996,False,False
2017-07-24,10.80573364442869,0.5537372335820804,1.596628896200129,2.3297965152412603,2.734143355377905,False,False,-8.424579863801055,0.04072838640081207,1.8051643732310734,2.2572841644504837,2.6208440602610805,False,False,12.352591105071095,0.4196223795615693,1.606720022371226,2.1418775460698507,2.29588680348567,False,False,-7.8549411149735064,0.052800158765091115,1.9329011966211465,2.3392038469078726,2.6419552041036996,False,False
2017-07-31,10.877139911068769,0.5526340188502488,1.599849123276506,2.3297965152412603,2.734143355377905,False,False,-8.44206001638937,0.04447227471680752,1.9706142252941907,2.2572841644504837,2.6208440602610805,False,False,12.411000272520312,0.4188622253500551,1.6185304093192605,2.1418775460698507,2.29588680348567,False,False,-7.867608126304637,0.055827445677163814,1.9337591681491895,2.3392038469078726,2.6419552041036996,False,False
2017-08-07,10.95047769068282,0.5504100558517042,1.608499166196952,2.3297965152412603,2.734143355377905,False,False,-8.478493320413023,0.050578086453682544,2.3489709960077865,2.2606126731073903,2.6208440602610805,True,False,12.466854972471207,0.4186036439071954,1.6227741690988884,2.1418775460698507,2.29588680348567,False,False,-7.890467514694224,0.05951248945905741,2.0681981971891417,2.3392038469078726,2.6419552041036996,False,False
2017-08-14,11.075721824562319,0.5529937860930193,1.694598399165339,2.3297965152412603,2.734143355377905,False,False,-8.511736813725339,0.057800961560503225,2.4992656634592727,2.277625230966659,2.6208440602610805,True,False,12.558354039317091,0.4221205274619207,1.6952741909537414,2.1418775460698507,2.29588680348567,False,False,-7.91416503509037,0.0631741597490762,2.1791038810870424,2.3392038469078726,2.6419552041036996,False,False
2017-08-21,11.18002990577829,0.5588257617292056,1.7311093522548895,2.2998871024727734,2.5847475265584565,False,False,-8.499399779072025,0.06287136544158647,2.0002930918290676,2.277625230966659,2.6208440602610805,False,False,12.650993147183618,0.42920127169150885,1.7525799859930367,2.1418775460698507,2.29588680348567,False,False,-7.912514986149402,0.06637881852512069,1.9241239132116923,2.3392038469078726,2.6419552041036996,False,False
2017-08-28,11.243472480917145,0.5638168590677545,1.697683615510155,2.2924628543813825,2.5257339126028326,False,False,-8.504587715357347,0.06732675627274688,1.8478064264571548,2.277625230966659,2.6208440602610805,False,False,12.701884827389197,0.43572302381104994,1.7148651044264747,2.1400497346604004,2.2838593064462493,False,False,-7.918671069715797,0.06904139060089388,1.8176287564271625,2.3392038469078726,2.6419552041036996,False,False
2017-09-04,11.320167572650652,0.5687590986000521,1.687871287754086,2.257621580252677,2.494564878085134,False,False,-8.509484201486625,0.07128933379719771,1.7208406615038163,2.277625230966659,2.6208440602610805,False,False,12.769106277749648,0.44267556828481974,1.712203418151099,2.1389280904522985,2.2559051431582695,False,False,-7.921644048632709,0.07117360275672392,1.6894442982733546,2.3392038469078726,2.6419552041036996,False,False
2017-09-11,11.411285712912896,0.5709454593961755,1.7066554725861747,2.226787402843515,2.4891005549489384,False,False,-8.510696073670307,0.07463865195963645,1.5727895222658117,2.277625230966659,2.6208440602610805,False,False,12.852703470639787,0.44786482339035194,1.7460032502439182,2.1334876501539184,2.233670769777369,False,False,-7.920524747193007,0.07258045005509615,1.532238612109274,2.3392038469078726,2.6419552041036996,False,False
2017-09-18,11.479588173493976,0.570230832601494,1.6924684600446325,2.1935335899582262,2.4866972478039346,False,False,-8.521218104467335,0.07771915213376605,1.5540792254436961,2.277625230966659,2.6208440602610805,False,False,12.910101962424983,0.4497482104322088,1.7302572499207245,2.1297894290568498,2.230449412890422,False,False,-7.928460226394695,0.07385429607241346,1.5050084292587713,2.3392038469078726,2.6419552041036996,False,False
2017-09-25,11.606484298598858,0.5715709678690353,1.7701822509091978,2.190123579426321,2.4866972478039346,False,False,-8.547464267972408,0.08140383816227323,1.702874140060664,2.277625230966659,2.6208440602610805,False,False,13.007652201190353,0.452511947561032,1.7950036050770226,2.113699053367081,2.2284093909821276,False,False,-7.947389054666572,0.07538352981375407,1.610147813780708,2.3392038469078726,2.6419552041036996,False,False
2017-10-02,11.682290619364936,0.5725151354088134,1.759794819801697,2.190123579426321,2.4866972478039346,False,False,-8.549473951795274,0.08453724348671549,1.5672038617389346,2.277625230966659,2.6208440602610805,False,False,13.054981165756265,0.4538266331859073,1.7552733676441004,2.111335341601636,2.2284093909821276,False,False,-7.947561161320346,0.0765403593946391,1.4803448371190093,2.3392038469078726,2.6419552041036996,False,False
2017-10-09,11.693067222799408,0.570014356143905,1.6517680538020663,2.190123579426321,2.4866972478039346,False,False,-8.556322049474426,0.08750448923257732,1.5001227238109303,2.277625230966659,2.6208440602610805,False,False,13.077145058606972,0.4531578218380001,1.672157272194574,2.105103286403462,2.2284093909821276,False,False,-7.955706041624437,0.07778037913305977,1.4565324813571776,2.3392038469078726,2.6419552041036996,False,False
2017-10-16,11.740402052258453,0.568705304189504,1.608740548181521,2.190123579426321,2.4866972478039346,False,False,-8.570880758033487,0.0904897784287119,1.5164594584454658,2.277625230966659,2.6208440602610805,False,False,13.132454123309245,0.45425118565231826,1.6586109965908833,2.105103286403462,2.2284093909821276,False,False,-7.9719462509198085,0.07940069325338818,1.5238926456465711,2.3392038469078726,2.6419552041036996,False,False
2017-10-23,11.83327474503637,0.5721914819821555,1.6341915736417172,2.190123579426321,2.4866972478039346,False,False,-8.564674215276888,0.09141518791901987,1.3343027887987353,2.277625230966659,2.6208440602610805,False,False,13.197726740593744,0.4580923194236504,1.6594629551030042,2.105103286403462,2.2284093909821276,False,False,-7.974347632708455,0.07964079522118028,1.4365764137328005,2.3392038469078726,2.6419552041036996,False,False
2017-10-30,11.945106282763795,0.5829242207651945,1.6735291505148606,2.190123579426321,2.4866972478039346,False,False,-8.563805407119029,0.09054351427229533,1.2319504158270407,2.277625230966659,2.6208440602610805,False,False,13.283073955684166,0.46706984859702905,1.6872156185595035,2.105103286403462,2.2284093909821276,False,False,-7.981417673065423,0.07881175687880337,1.4209645800636383,2.3392038469078726,2.6419552041036996,False,False
2017-11-06,12.050994409291574,0.5952711578228627,1.694049292965178,2.190123579426321,2.4866972478039346,False,False,-8.56010855385069,0.08733470820938295,1.1201782700362106,2.277625230966659,2.6208440602610805,False,False,13.371974659382248,0.4771166680433375,1.7138155755235558,2.105103286403462,2.2284093909821276,False,False,-7.983053868698439,0.07662749862351473,1.3566609347390426,2.3392038469078726,2.6419552041036996,False,False
2017-11-13,12.112321598674086,0.6036799003334881,1.6487713795790249,2.190123579426321,2.4866972478039346,False,False,-8.57940549207746,0.0839377071326071,1.2688143111309287,2.277625230966659,2.6208440602610805,False,False,13.417307796060697,0.4840342639115736,1.6590626549859862,2.105103286403462,2.2284093909821276,False,False,-7.998340151319355,0.07465187340018058,1.4646198418384266,2.3392038469078726,2.6419552041036996,False,False
2017-11-20,12.182025756015692,0.6090779486207647,1.624123663082662,2.190123579426321,2.4866972478039346,False,False,-8.56068443285774,0.07867199088705197,0.9929978790310249,2.277625230966659,2.6208440602610805,False,False,13.467677769792923,0.4883331639782196,1.6231687943135138,2.105103286403462,2.2284093909821276,False,False,-7.980288990660359,0.07099910657639855,1.1604782186966789,2.3392038469078726,2.6419552041036996,False,False
2017-11-27,12.264555332155176,0.6126287672937626,1.6230954437450622,2.190123579426321,2.4866972478039346,False,False,-8.555752863773746,0.07260790652260346,0.8835517851041543,2.277625230966659,2.6208440602610805,False,False,13.548046301776527,0.49185937396297263,1.6474441778334759,2.105103286403462,2.2284093909821276,False,False,-7.970452122843268,0.06671764570185369,0.9676087840726585,2.3392038469078726,2.6419552041036996,False,False
2017-12-04,12.355947275968939,0.6148108465524538,1.6371298944282722,2.190123579426321,2.4866972478039346,False,False,-8.560530780684967,0.06720544678708144,0.9016681429367848,2.277625230966659,2.6208440602610805,False,False,13.619519045481404,0.49483347148194784,1.6532986484910945,2.105103286403462,2.2284093909821276,False,False,-7.971470917219403,0.06278268050548727,0.9276917806644864,2.3392038469078726,2.6419552041036996,False,False
2017-12-11,12.39499098150748,0.6136888832802053,1.57651657500974,2.190123579426321,2.4866972478039346,False,False,-8.565369983896401,0.061277880462274864,0.934569554591253,2.277625230966659,2.6208440602610805,False,False,13.652309467499595,0.49571197171805653,1.5903671257024246,2.105103286403462,2.2284093909821276,False,False,-7.973503940796618,0.058365616173885256,0.9104746814495048,2.3392038469078726,2.6419552041036996,False,False
2017-12-18,12.445502156248446,0.6103863370364231,1.5412061664820291,2.190123579426321,2.4866972478039346,False,False,-8.560235697284508,0.05563427224227783,0.808592079534375,2.277625230966659,2.6208440602610805,False,False,13.698544973430312,0.49453282268959553,1.5612955293376127,2.105103286403462,2.2284093909821276,False,False,-7.975948042688093,0.05412101016324722,0.9038439802288801,2.3392038469078726,2.6419552041036996,False,False
2017-12-25,12.510349746801602,0.6044016447538851,1.5350127297937308,2.190123579426321,2.4866972478039346,False,False,-8.574123854158586,0.05131897829732319,1.0150185589499767,2.277625230966659,2.6208440602610805,False,False,13.759300430391187,0.49317021413835976,1.5621505499806978,2.105103286403462,2.2284093909821276,False,False,-7.99047312304325,0.05027390513974487,1.1266269658766175,2.3392038469078726,2.6419552041036996,False,False
2018-01-01,12.630973493921486,0.6005337246819101,1.6129787461573923,2.190123579426321,2.4866972478039346,False,False,-8.57703689040191,0.048373516931170556,1.0159210511913448,2.277625230966659,2.6208440602610805,False,False,13.843033981068364,0.49270576274721556,1.6046359402073918,2.105103286403462,2.2284093909821276,False,False,-7.996794797760377,0.047183357739642245,1.199771139084069,2.3392038469078726,2.6419552041036996,False,False
2018-01-08,12.693260644050948,0.5994160021215205,1.5914644936700943,2.190123579426321,2.4866972478039346,False,False,-8.579804128148403,0.045766276469842236,1.0151932245279596,2.277625230966659,2.6208440602610805,False,False,13.899343514451242,0.49230797896422845,1.5924304912547582,2.105103286403462,2.2284093909821276,False,False,-7.997099453098829,0.04427658244701177,1.1535716970954542,2.3392038469078726,2.6419552041036996,False,False
2018-01-15,12.771442398880682,0.5961146551552503,1.600163029143676,2.190123579426321,2.4866972478039346,False,False,-8.575001989118386,0.04218182042234142,0.8635879548330596,2.277625230966659,2.6208440602610805,False,False,13.963334294530794,0.48990339886240997,1.5999760322726368,2.105103286403462,2.2284093909821276,False,False,-7.99566370707129,0.040891733934057616,1.078648115279809,2.3392038469078726,2.6419552041036996,False,False
2018-01-22,12.872814541552692,0.5936072762265523,1.6437629770257904,2.190123579426321,2.4866972478039346,False,False,-8.526033414283553,0.03535495355879172,0.4650811494283732,2.277625230966659,2.6208440602610805,False,False,14.045260646630911,0.4880859490902887,1.6404024234374897,2.105103286403462,2.2284093909821276,False,False,-7.959321172487515,0.03583862785203658,0.10465354794030926,2.3392038469078726,2.6419552041036996,False,False
2018-01-29,12.93294960739763,0.5892197598920922,1.6238680214484578,2.190123579426321,2.4866972478039346,False,False,-8.529195095659068,0.029017410239429005,0.5731934769173183,2.277625230966659,2.6208440602610805,False,False,14.078255357066253,0.48368858243053375,1.5909552479872657,2.105103286403462,2.2284093909821276,False,False,-7.968558455321385,0.0310802329227664,0.29295846824382804,2.3392038469078726,2.6419552041036996,False,False
2018-02-05,13.024895420418703,0.5852150973618094,1.6557598151279027,2.190123579426321,2.4866972478039346,False,False,-8.546563720535676,0.025564555776950312,0.07361980855435325,2.277625230966659,2.6208440602610805,False,False,14.12923206532337,0.47778877841083817,1.583473808004824,2.105103286403462,2.2284093909821276,False,False,-7.992954324643101,0.028361122844567047,1.0422466885666477,2.3392038469078726,2.6419552041036996,False,False
2018-02-12,13.474163565025915,0.6129043737801815,2.1634631493950303,2.190123579426321,2.4866972478039346,False,False,-8.543892004043204,0.024472093524691704,0.23661695628348872,2.277625230966659,2.6208440602610805,False,False,14.534922468540714,0.49978100970550504,2.1734210300770322,2.113699053367081,2.2284093909821276,True,False,-8.001496227543631,0.027454401170053943,1.2654545636119754,2.3392038469078726,2.6419552041036996,False,False
2018-02-19,13.663798434069381,0.6485018892897252,2.1898183497890376,2.190123579426321,2.4866972478039346,False,False,-8.55894508549408,0.022264909300753453,0.3131548833117281,2.277625230966659,2.6208440602610805,False,False,14.674023053022415,0.5273422455198165,2.1760560786200007,2.1297894290568498,2.2284093909821276,True,False,-8.021930417137867,0.02719245029329803,1.8743511706051559,2.3392038469078726,2.6419552041036996,False,False
2018-02-26,13.757707404467556,0.6800739825753267,2.0840511481663877,2.190123579426321,2.4866972478039346,False,False,-8.55337448199882,0.020058152166242026,0.023663821019034866,2.277625230966659,2.6208440602610805,False,False,14.73349547045383,0.5502857224182846,2.0514067500424122,2.1297894290568498,2.2284093909821276,False,False,-8.022673606560007,0.026839834159083586,1.7776299438842553,2.3392038469078726,2.6419552041036996,False,False
2018-03-05,13.848462781269557,0.7085208757176601,1.9912218058342444,2.190123579426321,2.4866972478039346,False,False,-8.526209473593338,0.018807638079428864,1.5038007699467841,2.277625230966659,2.6208440602610805,False,False,14.818801110133741,0.5721839370724286,1.98420646738091,2.1297894290568498,2.2284093909821276,False,False,-8.003972941676848,0.025097810654959935,1.0297365166987278,2.3392038469078726,2.6419552041036996,False,False
2018-03-12,13.839041520519888,0.7275678361402925,1.7978058794319645,2.190123579426321,2.4866972478039346,False,False,-8.530889615490503,0.017281747715816354,1.4107064756327137,2.277625230966659,2.6208440602610805,False,False,14.851951094685008,0.5901289993336217,1.8497428780285765,2.1297894290568498,2.2284093909821276,False,False,-8.008646751817595,0.022857774771062576,1.18684494282085,2.3392038469078726,2.6419552041036996,False,False
2018-03-19,13.703309441676497,0.729724781929074,1.4892819052935848,2.190123579426321,2.4866972478039346,False,False,-8.558069408750182,0.01582733188801705,0.08737808744239824,2.277625230966659,2.6208440602610805,False,False,14.780516775937825,0.5963058122476066,1.5901464384949333,2.1297894290568498,2.2284093909821276,False,False,-8.0364287282319,0.022639459639914518,2.2420135871945703,2.3392038469078726,2.6419552041036996,False,False
2018-03-26,13.66684266265482,0.7275188762495735,1.3347482983421441,2.190123579426321,2.4866972478039346,False,False,-8.443095789037349,0.027321381190598598,4.010649560210148,2.3282426326221657,2.672867260234184,True,True,14.796186524849002,0.6005165911881337,1.4905392190087516,2.1297894290568498,2.2284093909821276,False,False,-7.926560782296842,0.024351955342775268,2.394423018441089,2.3482032162940674,2.6419552041036996,True,False
2018-04-02,13.65173299738861,0.720265661189377,1.2220451154037857,2.190123579426321,2.4866972478039346,False,False,-8.477070779478568,0.03109030698651937,2.342104812601738,2.34244812177204,2.672867260234184,False,False,14.753907867852183,0.5971893788170034,1.3186295119623157,2.1297894290568498,2.2284093909821276,False,False,-7.949224657042277,0.02425199285864562,1.4724145963664463,2.3482032162940674,2.6419552041036996,False,False
2018-04-09,13.746754101822157,0.70979729603579,1.2626566564891832,2.190123579426321,2.4866972478039346,False,False,-8.457341597735446,0.035950919303982365,2.4683374063311856,2.34908338141889,2.672867260234184,True,False,14.823890903317595,0.5913684952465823,1.3363445101781517,2.1297894290568498,2.2284093909821276,False,False,-7.936706910825059,0.025425704078784642,1.86803081425453,2.3482032162940674,2.6419552041036996,False,False
2018-04-16,13.807614034735062,0.6961205689940799,1.260675376402797,2.190123579426321,2.4866972478039346,False,False,-8.423513923270274,0.042841096051569494,2.7286584370127036,2.3523855014292705,2.7155745512876144,True,True,14.860262037923178,0.5830724990514178,1.3037641586514879,2.1297894290568498,2.2284093909821276,False,False,-7.904102265836798,0.029833214458885884,2.597482740141458,2.355083038826845,2.6419552041036996,True,False
2018-04-23,13.848032023125622,0.6811260956198442,1.2339996802238518,2.1898290318264664,2.4866972478039346,False,False,-8.404880157221765,0.050072881182202,2.583964730527084,2.379243786123779,2.7155745512876144,True,False,14.891632722100029,0.5727588706005476,1.2682640419272002,2.1297894290568498,2.2284093909821276,False,False,-7.891494482971014,0.034670925477545765,2.5067800095696895,2.365288947970383,2.6419552041036996,True,False
2018-04-30,13.878384627060441,0.6658600013764386,1.1962050987884818,2.188695586377323,2.4866972478039346,False,False,-8.335684028636138,0.0630058318857772,3.012559038788592,2.4688655140007993,2.762236534876183,True,True,14.904300944129705,0.5610089183684771,1.2062603569730146,2.1297894290568498,2.2284093909821276,False,False,-7.858298752974619,0.041897833038993575,2.753669138663927,2.3795731736005497,2.6693148799441406,True,True
2018-05-07,13.887694323583858,0.6493413058531411,1.132181973064917,2.1829935158856535,2.4377773290392915,False,False,-8.322374388796641,0.0740617220001888,2.6190966292958513,2.479917864910253,2.762236534876183,True,False,14.930753382257127,0.5490799507196508,1.171454589841984,2.1297894290568498,2.2284093909821276,False,False,-7.84848265474734,0.0484864594581637,2.4751869586601973,2.396131818299958,2.6693148799441406,True,False
2018-05-14,13.858419499169072,0.6273791394667826,1.0181085801226164,2.1663828837457615,2.3813221991708478,False,False,-8.29593899322271,0.08453224648197497,2.4784345985751544,2.479917864910253,2.762236534876183,False,False,14.923429307872455,0.5328058312734887,1.0847674137505918,2.1297894290568498,2.2284093909821276,False,False,-7.823619789527491,0.05574859139690798,2.478195412034981,2.429014457552857,2.6693148799441406,True,False
2018-05-21,13.864081041065234,0.6023229480379559,0.9624524428717903,2.163566205498581,2.3596301948068343,False,False,-8.31239659959322,0.09175807057913414,1.9998296040762116,2.479917864910253,2.762236534876183,False,False,14.93218107361973,0.5133538108930181,1.033196029652925,2.1297894290568498,2.2284093909821276,False,False,-7.83953330123278,0.06050986362525323,1.9307383021531972,2.429014457552857,2.6693148799441406,False,False
2018-05-28,13.863676769310493,0.5750489361548208,0.9004420628697631,2.163566205498581,2.3596301948068343,False,False,-8.314612363312325,0.09747482625763026,1.764661853822646,2.479917864910253,2.762236534876183,False,False,14.936469309561065,0.49279509971339674,0.9766381007609795,2.1297894290568498,2.2284093909821276,False,False,-7.842290514554061,0.06441059517988765,1.6944759648119776,2.429014457552857,2.6693148799441406,False,False
2018-06-04,13.865580717937767,0.546607899764293,0.8445530598030907,2.163566205498581,2.3596301948068343,False,False,-8.31282387285324,0.10196413248125488,1.6110705333697182,2.479917864910253,2.762236534876183,False,False,14.9588583263984,0.471488117026631,0.959002828472488,2.1297894290568498,2.2284093909821276,False,False,-7.844430423234611,0.06757080423680478,1.511246240722022,2.429014457552857,2.6693148799441406,False,False
2018-06-11,13.897067467972153,0.5141174660049151,0.8467986025052977,2.163566205498581,2.3596301948068343,False,False,-8.303830396967774,0.1057382659934297,1.543487296405002,2.479917864910253,2.762236534876183,False,False,14.985294697346019,0.4466880675220816,0.9566544914697092,2.1297894290568498,2.2284093909821276,False,False,-7.846943690001921,0.07006377384138736,1.352127497142069,2.429014457552857,2.6693148799441406,False,False
2018-06-18,13.8930440316368,0.4766838895979207,0.7880606751847697,2.163566205498581,2.3596301948068343,False,False,-8.306399004326124,0.10847200974764584,1.390903640194675,2.479917864910253,2.762236534876183,False,False,14.993767716134741,0.4183321462943599,0.9226709182020745,2.1297894290568498,2.2284093909821276,False,False,-7.857587233774205,0.0715769551816352,1.1112413539522326,2.429014457552857,2.6693148799441406,False,False
2018-06-25,13.888500755700903,0.4350281062035233,0.7312326246960454,2.163566205498581,2.3596301948068343,False,False,-8.324720919070774,0.10875256967858761,1.1306379081955007,2.479917864910253,2.762236534876183,False,False,15.00602567737492,0.3875013792947051,0.903970706826312,2.1297894290568498,2.2284093909821276,False,False,-7.877083771372714,0.07165089692692049,0.777123643486223,2.429014457552857,2.6693148799441406,False,False
2018-07-02,13.90024812517979,0.39474373376865507,0.7119450780463717,2.163566205498581,2.3596301948068343,False,False,-8.339686149004377,0.10741342331931579,0.9204219569060558,2.479917864910253,2.762236534876183,False,False,15.024965842600079,0.3564295303069679,0.9083735091542547,2.1297894290568498,2.2284093909821276,False,False,-7.896510186517223,0.07075991524811925,0.4578593740306611,2.429014457552857,2.6693148799441406,False,False
2018-07-09,13.94359491328325,0.3511851237116063,0.7867442218046181,2.163566205498581,2.3596301948068343,False,False,-8.358155501110048,0.10451084143551362,0.6876929991462856,2.479917864910253,2.762236534876183,False,False,15.059611476778407,0.32309563636788974,0.9712018709328514,2.1297894290568498,2.2284093909821276,False,False,-7.917581609267879,0.06940005803532208,0.11913951337359463,2.429014457552857,2.6693148799441406,False,False
2018-07-16,13.982734107967737,0.3048787184655813,0.881806117016615,2.163566205498581,2.3596301948068343,False,False,-8.381001067353619,0.10059842809158237,0.41316981409142467,2.479917864910253,2.762236534876183,False,False,15.092256347800951,0.2876445900057044,1.0534384761950124,2.1297894290568498,2.2284093909821276,False,False,-7.940400886144596,0.06800867709393611,0.24521107540174722,2.429014457552857,2.6693148799441406,False,False
2018-07-23,14.00958700266682,0.2572238091106132,0.97959359487871,2.163566205498581,2.3596301948068343,False,False,-8.384975456994788,0.09857852843937034,0.32628340725876925,2.479917864910253,2.762236534876183,False,False,15.12806098887951,0.25176847604264885,1.1803477437739498,2.1297894290568498,2.2284093909821276,False,False,-7.947994006619081,0.06780750782029277,0.36434404303020923,2.429014457552857,2.6693148799441406,False,False
2018-07-30,14.09145243327885,0.20335808367519292,1.4225272988592215,2.163566205498581,2.3596301948068343,False,False,-8.396201022640321,0.09594685325329973,0.1649227182039664,2.479917864910253,2.762236534876183,False,False,15.190495019147276,0.20975877552667752,1.5104490078234591,2.1297894290568498,2.2284093909821276,False,False,-7.957961045873169,0.06755588953461783,0.5192721717363517,2.429014457552857,2.6693148799441406,False,False
2018-08-06,14.117863904615582,0.13905742963758227,1.9679397794812044,2.154798508143003,2.3596301948068343,False,False,-8.399249561130741,0.09195059359436188,0.07731704457192679,2.479917864910253,2.762236534876183,False,False,15.21655126365604,0.15721162217084628,1.9150378678204851,2.1297894290568498,2.2284093909821276,False,False,-7.969868950618688,0.06674490587395474,0.7172936509805113,2.429014457552857,2.6693148799441406,False,False
2018-08-13,14.140646973215764,0.12919501059014274,2.0961005966199275,2.154798508143003,2.3596301948068343,False,False,-8.40657881651764,0.08757449374302534,0.0628171908476346,2.479917864910253,2.762236534876183,False,False,15.243570220112764,0.1498512155706361,2.007521142067794,2.1297894290568498,2.2284093909821276,False,False,-7.980110458969577,0.06585176011672993,0.8950365947034938,2.429014457552857,2.6693148799441406,False,False
2018-08-20,14.193311045060998,0.13692024934546837,2.2137261830808765,2.163566205498581,2.3596301948068343,True,False,-8.424669487533722,0.0816512786848314,0.35218432878824335,2.479917864910253,2.762236534876183,False,False,15.286911427415873,0.1540365606328665,2.081311473225338,2.1297894290568498,2.2284093909821276,False,False,-7.996737358494013,0.06448092650684342,1.1869494220188759,2.429014457552857,2.6693148799441406,False,False
2018-08-27,14.25401584492064,0.15152631069614084,2.274984146810458,2.1663828837457615,2.3596301948068343,True,False,-8.435139202797307,0.07559900195231217,0.5790225485785867,2.479917864910253,2.762236534876183,False,False,15.34190909786716,0.16319464859520955,2.1581296341092067,2.1334876501539184,2.2284093909821276,True,False,-8.009756304107775,0.06370490296614405,1.4135703720519674,2.429014457552857,2.6693148799441406,False,False
2018-09-03,14.250237605780958,0.16496515750520951,1.9730762700154456,2.1663828837457615,2.3596301948068343,False,False,-8.447627892344913,0.07144937008801315,0.8297425822587098,2.479917864910253,2.762236534876183,False,False,15.355535481245282,0.1742809737544671,1.980583155724411,2.1334876501539184,2.2284093909821276,False,False,-8.025025146816965,0.06494060991413914,1.6093243663257617,2.429014457552857,2.6693148799441406,False,False
2018-09-10,14.29067198940193,0.17877881846009003,1.9496315146660637,2.1663828837457615,2.3596301948068343,False,False,-8.451860859301032,0.06666337176383516,0.9984061348598122,2.479917864910253,2.762236534876183,False,False,15.394037685181589,0.1865649584221051,1.9447954414187258,2.114162248650571,2.2284093909821276,False,False,-8.035796731968329,0.06661123362373432,1.7149939256453335,2.429014457552857,2.6693148799441406,False,False
2018-09-17,14.318840107792086,0.18647927446412743,1.893222084009996,2.1663828837457615,2.3596301948068343,False,False,-8.458161106591085,0.058711647087534895,1.3063846347432686,2.479917864910253,2.762236534876183,False,False,15.42615203627444,0.19465513961251588,1.9013775187227318,2.114162248650571,2.2284093909821276,False,False,-8.046593462507952,0.06733825129308245,1.851007976480742,2.429014457552857,2.6693148799441406,False,False
2018-09-24,14.35476753848916,0.1911115623835756,1.8968787535972025,2.1663828837457615,2.3596301948068343,False,False,-8.487740431302072,0.061187004639213276,1.7088958241638559,2.479917864910253,2.762236534876183,False,False,15.444981962636142,0.20147743372532473,1.8066001502524842,2.114162248650571,2.2284093909821276,False,False,-8.073196475751374,0.07359029566525195,1.9786144060065225,2.429014457552857,2.6693148799441406,False,False
2018-10-01,14.355550472653238,0.19079527698400292,1.76224746668989,2.1663828837457615,2.3596301948068343,False,False,-8.506136211111922,0.06320335475414103,1.927747281583109,2.479917864910253,2.762236534876183,False,False,15.468863794264129,0.20382621872448048,1.7680389258153835,2.114162248650571,2.2284093909821276,False,False,-8.091738503124605,0.08027051752042444,1.9766602938122046,2.429014457552857,2.6693148799441406,False,False
2018-10-08,14.364340391108906,0.19392221902811277,1.656669848192212,2.1663828837457615,2.3596301948068343,False,False,-8.538955191578426,0.06875876810942023,2.2036475575163443,2.479917864910253,2.762236534876183,False,False,15.466334369503636,0.20686307964870812,1.6104077176449,2.114162248650571,2.2284093909821276,False,False,-8.12236276302735,0.08844803463117414,2.059414838425793,2.429014457552857,2.6693148799441406,False,False
2018-10-15,14.3737889399576,0.19816621119231767,1.558982645200312,2.1663828837457615,2.3596301948068343,False,False,-8.590866478489154,0.07929682500560581,2.484270228470966,2.485020000220381,2.762236534876183,False,False,15.485127427377975,0.21015689108318467,1.5602327953016033,2.114162248650571,2.2284093909821276,False,False,-8.172707121551811,0.09910635226597386,2.241678685622819,2.429014457552857,2.6693148799441406,False,False
2018-10-22,14.385721212351793,0.20263992975732822,1.4813941331100413,2.1663828837457615,2.3596301948068343,False,False,-8.641470936796416,0.09300127906040195,2.5644760687409898,2.500520217296741,2.762236534876183,True,False,15.49561942759763,0.2129862118593334,1.4796986771643958,2.114162248650571,2.2284093909821276,False,False,-8.217356326559532,0.11120622030655467,2.286568628633317,2.429014457552857,2.6693148799441406,False,False
2018-10-29,14.37071346916716,0.20549158093290634,1.2956547124050988,2.1663828837457615,2.3596301948068343,False,False,-8.686815475728677,0.10724342019134331,2.5207983604515944,2.5209762794394472,2.762236534876183,False,False,15.483283115879045,0.21322461776144866,1.315751258471104,2.114162248650571,2.2284093909821276,False,False,-8.253458013222325,0.12272057459294439,2.242361634558516,2.429014457552857,2.6693148799441406,False,False
2018-11-05,14.548912466911238,0.21811876916880318,1.9210344322273414,2.1663828837457615,2.3596301948068343,False,False,-8.711788601038815,0.12000840267472047,2.335958875779009,2.5209762794394472,2.762236534876183,False,False,15.74634090715956,0.2308741515074517,2.2186961863629957,2.1389280904522985,2.2284093909821276,True,False,-8.26847336638637,0.13222616400273832,2.072553299567648,2.429014457552857,2.6693148799441406,False,False
2018-11-12,14.528738025348712,0.2242752636606777,1.6633922817011035,2.1663828837457615,2.3596301948068343,False,False,-8.734954327902207,0.13059644204611984,2.194663274044392,2.5209762794394472,2.762236534876183,False,False,15.737639249706882,0.24200062848105958,1.9513262341383668,2.1389280904522985,2.2284093909821276,False,False,-8.283653802632196,0.13905837476938682,1.9526518507104584,2.429014457552857,2.6693148799441406,False,False
2018-11-19,14.433575039179587,0.22245954667205975,1.1507311998878065,2.1663828837457615,2.3596301948068343,False,False,-8.751793430294118,0.14036583200885427,2.0414828542422017,2.5209762794394472,2.762236534876183,False,False,15.704120624508588,0.24678762569772483,1.657350387613245,2.1389280904522985,2.2284093909821276,False,False,-8.294657730846728,0.1449833416311824,1.8280150831713087,2.429014457552857,2.6693148799441406,False,False
2018-11-26,14.455648504345488,0.2193180694665844,1.1640466433069785,2.1663828837457615,2.3596301948068343,False,False,-8.773256971060142,0.14921934095356298,1.9459796636069828,2.5209762794394472,2.762236534876183,False,False,15.766202079199829,0.2521454893798471,1.7417810013077302,2.1389280904522985,2.2284093909821276,False,False,-8.314179104188153,0.15004206772281212,1.7755257012599077,2.429014457552857,2.6693148799441406,False,False
2018-12-03,14.377819020354131,0.21088776445524166,0.7481017489348523,2.1663828837457615,2.3596301948068343,False,False,-8.860036992038136,0.16229263765451746,2.194253359898883,2.5209762794394472,2.762236534876183,False,False,15.718929593892321,0.2518145726180026,1.4402511482990834,2.1389280904522985,2.2284093909821276,False,False,-8.384475512091633,0.15793871105344126,2.000326508632657,2.396131818299958,2.6419552041036996,False,False
2018-12-10,14.411625385317718,0.20337527569794212,0.8446512520429226,2.1663828837457615,2.3596301948068343,False,False,-8.908063169670239,0.1752391640444824,2.173587297920889,2.5209762794394472,2.762236534876183,False,False,15.75469191732539,0.25168545942081816,1.4655052019490777,2.1389280904522985,2.2284093909821276,False,False,-8.422174815519199,0.1657509572115518,2.0000127022227407,2.3660705187514637,2.6215508706717796,False,False
2018-12-17,14.306971197236857,0.19096422787441877,0.2681482188677247,2.1663828837457615,2.3596301948068343,False,False,-9.12838085515336,0.2053732596566827,2.773489698368669,2.5247214094335897,2.7886869790762017,True,False,15.688515971207195,0.24519047010492534,1.1254487870850598,2.1389280904522985,2.2284093909821276,False,False,-8.591907943320921,0.18579620345066042,2.5457680761634944,2.3660705187514637,2.6023362106774512,True,False
2018-12-24,14.392402438090725,0.17727996639295632,0.6614234358994792,2.1663828837457615,2.3596301948068343,False,False,-9.211574896396852,0.2362677394042627,2.61857541119657,2.533291421909129,2.7886869790762017,True,False,15.788872690124624,0.24130633645683183,1.4346765223605673,2.1389280904522985,2.2284093909821276,False,False,-8.667535814807398,0.20798832664541844,2.4915817228360604,2.3660705187514637,2.6023362106774512,True,False
2018-12-31,14.312967614740423,0.16000448107519627,0.13717412455214997,2.1663828837457615,2.3596301948068343,False,False,-9.234465439551498,0.2617078145191628,2.319995102306057,2.533291421909129,2.7886869790762017,False,False,15.834521548292246,0.2374508511906406,1.5190875672129844,2.1389280904522985,2.2284093909821276,False,False,-8.694340597697174,0.22716846064865864,2.264129930751507,2.355083038826845,2.6023362106774512,False,False
2019-01-07,14.098920684869412,0.14903773286999264,1.3290092353042637,2.1663828837457615,2.3596301948068343,False,False,-9.236638789388566,0.28152722085024257,2.044372040609759,2.533291421909129,2.7886869790762017,False,False,15.669555498046435,0.224678978716396,0.7667971484155313,2.1389280904522985,2.2284093909821276,False,False,-8.70135172075575,0.24244195557383244,2.026072709590747,2.3482032162940674,2.6023362106774512,False,False
2019-01-14,14.111856230800866,0.14002597086424057,1.3576282441167211,2.1663828837457615,2.3596301948068343,False,False,-9.229834536118977,0.296563221348081,1.807691062175351,2.5247214094335897,2.7886869790762017,False,False,15.695688572273479,0.21197567481094973,0.8265445686702743,2.1389280904522985,2.2284093909821276,False,False,-8.698081905311481,0.25398350336726044,1.8063914807884445,2.3392038469078726,2.5669710883944608,False,False
2019-01-21,14.06070431870544,0.13605935539106592,1.7876108185900217,2.1663828837457615,2.3596301948068343,False,False,-9.271287258108236,0.31027444328606224,1.7515412658774034,2.5209762794394472,2.7470392541686506,False,False,15.674119437573538,0.19813982602891672,0.6694058566459857,2.1389280904522985,2.2284093909821276,False,False,-8.737276469068252,0.26471646254886116,1.7665360824598129,2.331900809599454,2.5227651168731504,False,False
2019-01-28,14.045300266188034,0.13920689462170394,1.8450964338598674,2.1663828837457615,2.3596301948068343,False,False,-9.252360638361411,0.3189808654037147,1.5411665988315184,2.5003422983088885,2.7470392541686506,False,False,15.650468718915171,0.18569136979298773,0.4916434472806446,2.1389280904522985,2.2284093909821276,False,False,-8.716662623924796,0.2707329334396159,1.5433530835595966,2.3250374912013485,2.5227651168731504,False,False
2019-02-04,13.985826839550155,0.1483094795256247,2.098619884664589,2.1663828837457615,2.3596301948068343,False,False,-9.249662721315351,0.3239903599858833,1.4080559061441091,2.485020000220381,2.7470392541686506,False,False,15.613891233267609,0.17222808951635327,0.2289647009087837,2.1389280904522985,2.2284093909821276,False,False,-8.707909038507438,0.2735393156140448,1.3917442329879572,2.3243440927222787,2.5227651168731504,False,False
2019-02-11,13.975306038165689,0.1584809971744925,1.9901866033896098,2.1663828837457615,2.3596301948068343,False,False,-8.884419897778766,0.31458242644517337,0.23070332971226845,2.485020000220381,2.7470392541686506,False,False,15.618814250247976,0.1585722068084597,0.18871344411072186,2.1389280904522985,2.2284093909821276,False,False,-8.380679133468666,0.264333244890298,0.14398632490441318,2.3243440927222787,2.5227651168731504,False,False
2019-02-18,13.975606005001008,0.169220323469164,1.8126281381180387,2.1663828837457615,2.3596301948068343,False,False,-8.912325374576252,0.3049654301660256,0.26798019154950814,2.485020000220381,2.7470392541686506,False,False,15.624730151788508,0.146196183011466,0.15628028376989778,2.1389280904522985,2.2284093909821276,False,False,-8.38685845275924,0.25481531988494044,0.1147302851094211,2.3243440927222787,2.5227651168731504,False,False
2019-02-25,13.982462907245914,0.17912850243261608,1.6157801239302754,2.1663828837457615,2.3596301948068343,False,False,-8.927592993234764,0.2945361256357762,0.2649990132125948,2.485020000220381,2.7470392541686506,False,False,15.633568091486593,0.1363054121006234,0.15016180758353823,2.1389280904522985,2.2284093909821276,False,False,-8.404489458883415,0.24482346467708477,0.12941568346875637,2.3243440927222787,2.5227651168731504,False,False
2019-03-04,13.957004242348871,0.18947882372164598,1.6023570682348884,2.1663828837457615,2.3596301948068343,False,False,-8.95227302808513,0.28340874157179485,0.2940007733688733,2.485020000220381,2.7470392541686506,False,False,15.614533103249883,0.12578737604818963,0.06780146339306271,2.1389280904522985,2.2284093909821276,False,False,-8.429087611025672,0.2344696375712551,0.1737593172686263,2.3243440927222787,2.5227651168731504,False,False
2019-03-11,13.978633215058107,0.19722294209339628,1.3689191813861505,2.1663828837457615,2.3596301948068343,False,False,-8.919863975655797,0.27042315296014774,0.12171005534176586,2.485020000220381,2.7470392541686506,False,False,15.631066239389057,0.11679260582957796,0.009520421943695177,2.1389280904522985,2.2284093909821276,False,False,-8.3903081525404,0.22318415023182986,0.05230312710794612,2.3243440927222787,2.5227651168731504,False,False
2019-03-18,13.883371246941008,0.2091507107141117,1.6662407362989575,2.1663828837457615,2.3596301948068343,False,False,-8.944717038343864,0.2560146997317612,0.1525404203690656,2.485020000220381,2.7470392541686506,False,False,15.546917934394784,0.11050328948274481,0.8135962516401763,2.1389280904522985,2.2284093909821276,False,False,-8.41394154039171,0.2110858989102847,0.010273605978605797,2.3243440927222787,2.5227651168731504,False,False
2019-03-25,13.859232126308921,0.21980973128644396,1.6085525352580259,2.1663828837457615,2.3596301948068343,False,False,-8.949993780972914,0.24146837282442862,0.10995376847450453,2.485020000220381,2.7470392541686506,False,False,15.550997863131464,0.10495810829047365,0.8565576255053933,2.1389280904522985,2.2284093909821276,False,False,-8.425546470146774,0.19916381714931264,0.020664428500366042,2.3243440927222787,2.5227651168731504,False,False
2019-04-01,13.925138932871132,0.22478083096408535,1.2061277770820258,2.1663828837457615,2.3596301948068343,False,False,-8.939035355037628,0.22597030063812126,0.004682188088035833,2.485020000220381,2.7470392541686506,False,False,15.613196256927482,0.09915135399876329,0.33540160009511993,2.1389280904522985,2.2284093909821276,False,False,-8.422389862261822,0.18690223998298308,0.106952031783726,2.3243440927222787,2.5227651168731504,False,False
2019-04-08,13.997508134719455,0.22532033508585203,0.8194389961502293,2.1663828837457615,2.3596301948068343,False,False,-8.946571168923787,0.2106470138828754,0.043673817085586326,2.485020000220381,2.7470392541686506,False,False,15.679585427818784,0.09223475586035865,0.27030682842498216,2.1389280904522985,2.2284093909821276,False,False,-8.432110792485837,0.17519312871352916,0.1266147251229704,2.3243440927222787,2.5227651168731504,False,False
2019-04-15,14.071576517324704,0.22281976409638524,0.4440554556474906,2.1663828837457615,2.3596301948068343,False,False,-8.939870479557971,0.1971514054850047,0.14873685154799277,2.485020000220381,2.7470392541686506,False,False,15.736641715687753,0.08677120609221045,0.833391040408425,2.1389280904522985,2.2284093909821276,False,False,-8.43137895880305,0.16564743793763287,0.1983899101899324,2.3243440927222787,2.5227651168731504,False,False
2019-04-22,14.151012916901545,0.21846434732527872,0.0479743733559345,2.1663828837457615,2.3596301948068343,False,False,-8.937754369593321,0.18568000047180114,0.23069423649258924,2.485020000220381,2.7470392541686506,False,False,15.804432819372638,0.08384039845898691,1.529429888445754,2.1389280904522985,2.2284093909821276,False,False,-8.436356474043963,0.15798194417298114,0.22982593283271888,2.3243440927222787,2.5227651168731504,False,False
2019-04-29,14.209968329602226,0.21454601526435532,0.2547575998448323,2.1663828837457615,2.3596301948068343,False,False,-8.938122287817768,0.17606790963600158,0.2960961735896559,2.485020000220381,2.7470392541686506,False,False,15.855083555416364,0.0812877320824503,2.0246441398301895,2.1389280904522985,2.2284093909821276,False,False,-8.446665991110796,0.1516767534240039,0.22040230913059075,2.3243440927222787,2.5227651168731504,False,False
2019-05-06,14.244016345714613,0.20001209507320233,0.5021297230691348,2.1663828837457615,2.3596301948068343,False,False,-8.938673803376462,0.16710891990825327,0.360889608679354,2.485020000220381,2.7470392541686506,False,False,15.88991868447124,0.08967669386448462,2.1621184824721493,2.140233363001013,2.2284093909821276,True,False,-8.462646696126797,0.14549449348143825,0.17126013551348523,2.3243440927222787,2.5227651168731504,False,False
2019-05-13,14.295739009696202,0.18685187824157298,0.8622668608388036,2.1663828837457615,2.3596301948068343,False,False,-8.963728630669003,0.15844925076368474,0.2780199770749119,2.485020000220381,2.7470392541686506,False,False,15.928568989573373,0.10039717761538132,2.2430759127804905,2.145980591348614,2.230449412890422,True,True,-8.487519379487413,0.13943289076142337,0.056555573018822386,2.3243440927222787,2.5227651168731504,False,False
2019-05-20,14.443494392227612,0.18749571134586174,1.6453179074415147,2.1663828837457615,2.3596301948068343,False,False,-8.997696939913578,0.14965301463895392,0.13057922795930227,2.485020000220381,2.7470392541686506,False,False,16.029878120129233,0.11908233059469941,2.6366505035726266,2.157672671355089,2.233670769777369,True,True,-8.519023514646,0.13332073371421574,0.11242793587518188,2.3243440927222787,2.5227651168731504,False,False
2019-05-27,14.49622628005031,0.19041757534811354,1.8888028320393169,2.1663828837457615,2.3596301948068343,False,False,-9.0347965699776,0.14114546087128557,0.05312845033354937,2.485020000220381,2.7470392541686506,False,False,16.063129001256193,0.13699079530568306,2.4513260257655447,2.1583290765273535,2.2401618713183753,True,True,-8.552819820561572,0.12782879283702167,0.3098424920247748,2.3243440927222787,2.5227651168731504,False,False
2019-06-03,14.57775090104596,0.20409560489846174,2.1239859088586197,2.1663828837457615,2.3596301948068343,False,False,-9.053850691848039,0.1370160828028275,0.13938939150681828,2.485020000220381,2.7470392541686506,False,False,16.128710163814322,0.15795533939628245,2.4413829548550194,2.162445181154847,2.3243818000310523,True,True,-8.56921975058744,0.12549991276986794,0.38965106060454235,2.3243440927222787,2.5227651168731504,False,False
2019-06-10,14.851752759907601,0.24190835814782288,2.8546763620221833,2.1830526086967965,2.4377773290392915,True,True,-9.060873328243503,0.1346208442788888,0.15037724002666228,2.485020000220381,2.7470392541686506,False,False,16.298338093186445,0.19189120263018716,2.7846400823804003,2.1688908848236563,2.445459613928335,True,True,-8.57481653117447,0.12428956473080346,0.3912405646555807,2.3243440927222787,2.5227651168731504,False,False
2019-06-17,14.981356444744357,0.2896156012402075,2.74237941285248,2.1898290318264664,2.491783814863572,True,True,-9.062081356561023,0.1335155573346774,0.1797687140320618,2.485020000220381,2.7470392541686506,False,False,16.396254478020758,0.2276271083585779,2.6580472409326243,2.1735527825041805,2.527309061666453,True,True,-8.579852104072538,0.12405685253994,0.43630301269860144,2.3243440927222787,2.5227651168731504,False,False
2019-06-24,15.011152362140924,0.3297934256154583,2.4264695525184767,2.190123579426321,2.491783814863572,True,False,-9.064472052280228,0.12890674429310686,0.24863258813248532,2.485020000220381,2.7470392541686506,False,False,16.438488729850945,0.26062117056843115,2.3877286158670605,2.17814320704196,2.527309061666453,True,False,-8.585524316984715,0.12131935521804828,0.518902195662928,2.3243440927222787,2.5227651168731504,False,False
2019-07-01,15.105834739545791,0.37338318121614217,2.3151047967679057,2.1929568890502495,2.491783814863572,True,False,-9.02243347318908,0.12214297290087714,0.015007707418293532,2.485020000220381,2.7470392541686506,False,False,16.538629504389775,0.2966877861119489,2.3437173982920356,2.2178435240243886,2.527309061666453,True,False,-8.575450543679835,0.11674031973254065,0.49213331787237685,2.3243440927222787,2.5227651168731504,False,False
2019-07-08,15.209357896094838,0.4173517102153846,2.2169196968878766,2.2138858587712265,2.491783814863572,True,False,-9.04626718764543,0.11436097433433087,0.25640401639599725,2.485020000220381,2.7470392541686506,False,False,16.615360261997672,0.3305824245995944,2.225484244555643,2.219035589272628,2.527309061666453,True,False,-8.5943809097918,0.11180042419458028,0.7200011049285022,2.3243440927222787,2.5227651168731504,False,False
2019-07-15,15.263223792227146,0.4574948349740614,2.0433405665540914,2.1929568890502495,2.491783814863572,False,False,-9.07115059236689,0.10650980865624805,0.5662318543847238,2.485020000220381,2.7470392541686506,False,False,16.660872761857853,0.36181472564857803,2.056566401960479,2.219035589272628,2.527309061666453,False,False,-8.614350179753343,0.10740174725032682,0.9654046842874466,2.298613342659894,2.5227651168731504,False,False
2019-07-22,15.354973134698465,0.4959953932059928,1.96934798447056,2.1929568890502495,2.491783814863572,False,False,-9.137264526131407,0.09613914522092269,1.3686194149989055,2.485020000220381,2.7470392541686506,False,False,16.73263402925788,0.391734275374362,1.9787524986995404,2.219035589272628,2.527309061666453,False,False,-8.68322483261025,0.10328408346179314,1.6908676147779456,2.293913232019681,2.5227651168731504,False,False
2019-07-29,15.35670689277081,0.526529442377485,1.762641354663029,2.1929568890502495,2.491783814863572,False,False,-9.20128391915016,0.09129693841263467,2.1639475139573694,2.485020000220381,2.7470392541686506,False,False,16.725334601907107,0.41411511772705023,1.7543545798578215,2.219035589272628,2.527309061666453,False,False,-8.735816884878956,0.10488354756125107,2.159490854746409,2.293913232019681,2.5227651168731504,False,False
2019-08-05,15.39815056873947,0.5512903135014945,1.660116420888357,2.1912167001647744,2.491783814863572,False,False,-9.25656881099874,0.0920480546779483,2.744012970271434,2.5003422983088885,2.7560984287913013,True,False,16.75642710847662,0.4318727543864734,1.6524625950255079,2.219035589272628,2.527309061666453,False,False,-8.785676238665053,0.11166310748288415,2.44810820297091,2.298613342659894,2.5227651168731504,True,False
2019-08-12,15.448496728804987,0.5723337109583878,1.5880439407542022,2.1912167001647744,2.491783814863572,False,False,-9.295501970251197,0.10507247362684372,2.62393523935575,2.5209762794394472,2.7560984287913013,True,False,16.81431208972016,0.44825940491656735,1.6186115887057118,2.219035589272628,2.527309061666453,False,False,-8.826417890700213,0.12416265268343643,2.3917113291329324,2.3250374912013485,2.5227651168731504,True,False
2019-08-19,15.521641671695326,0.5913886808155469,1.5600114515844894,2.1912167001647744,2.491783814863572,False,False,-9.343672560954642,0.12036499387163069,2.5529322991346453,2.5247214094335897,2.7560984287913013,True,False,16.867427200589447,0.4628187387538858,1.579186141086069,2.219035589272628,2.527309061666453,False,False,-8.876610781703034,0.13803848066764107,2.3784489981108345,2.331900809599454,2.5227651168731504,True,False
2019-08-26,15.61883727630037,0.609926249161212,1.5687654771338981,2.1912167001647744,2.491783814863572,False,False,-9.375722198267237,0.13531888433162775,2.3802855069966546,2.5247214094335897,2.7560984287913013,False,False,16.951528469766664,0.4774691442554903,1.6007053705303265,2.219035589272628,2.527309061666453,False,False,-8.908846896124537,0.15177630913012535,2.247750254638837,2.331900809599454,2.5227651168731504,False,False
2019-09-02,15.771283132837594,0.6295115119257361,1.6512758270499206,2.1912167001647744,2.491783814863572,False,False,-9.396793074262742,0.14935495026790904,2.183198680426402,2.5247214094335897,2.7560984287913013,False,False,17.089798088785486,0.4940577483186837,1.711978173376178,2.219035589272628,2.527309061666453,False,False,-8.931276661664421,0.16482529048334346,2.088696695389428,2.331900809599454,2.5227651168731504,False,False
2019-09-09,15.79672161885296,0.6433299266796645,1.546654539412395,2.1912167001647744,2.491783814863572,False,False,-9.414115762489555,0.1604292420155346,2.0219788511277845,2.5247214094335897,2.7560984287913013,False,False,17.122466953448384,0.5064720110169194,1.6212611208224768,2.219035589272628,2.527309061666453,False,False,-8.94291272878774,0.17382959569595768,1.9251732316886694,2.331900809599454,2.5227651168731504,False,False
2019-09-16,15.782955709506282,0.6427297142308075,1.4130081138558384,2.1912167001647744,2.491783814863572,False,False,-9.423360594369552,0.17028287712754975,1.8511549964140237,2.5247214094335897,2.7560984287913013,False,False,17.111360996016273,0.5061890438445094,1.481356708422341,2.219035589272628,2.527309061666453,False,False,-8.95137093623583,0.18157908546740348,1.7757547888766885,2.331900809599454,2.5227651168731504,False,False
2019-09-23,15.731341655261044,0.6291302705351706,1.2470613338311323,2.1912167001647744,2.491783814863572,False,False,-9.433719992132495,0.17853832405405914,1.7193761838665305,2.5247214094335897,2.7560984287913013,False,False,17.06557608991566,0.4962346456426623,1.3014178406860275,2.219035589272628,2.527309061666453,False,False,-8.961145563609037,0.18785547929821933,1.6587995941494444,2.331900809599454,2.5227651168731504,False,False
2019-09-30,15.704490383877433,0.6100404151023747,1.1298860724799245,2.1912167001647744,2.491783814863572,False,False,-9.480696447662421,0.18715342028302515,1.7799187338657787,2.5247214094335897,2.7560984287913013,False,False,17.025511457172293,0.48149236948323654,1.1452396918777557,2.219035589272628,2.527309061666453,False,False,-8.996687787132185,0.19375050840905722,1.6777681632179,2.331900809599454,2.5227651168731504,False,False
2019-10-07,15.739753974665419,0.5891084094924118,1.1161448274792702,2.1912167001647744,2.491783814863572,False,False,-9.520368663011132,0.1961188755450792,1.788308029274483,2.5247214094335897,2.7560984287913013,False,False,17.04676281985888,0.46564816363077793,1.1169200918824125,2.219035589272628,2.527309061666453,False,False,-9.037687388936158,0.20010179543078588,1.7130112607248251,2.331900809599454,2.5227651168731504,False,False
2019-10-14,15.757782063657311,0.5657501976184663,1.0794593376508332,2.1912167001647744,2.491783814863572,False,False,-9.530237337105369,0.20252284106443874,1.6683709084364504,2.5247214094335897,2.7560984287913013,False,False,17.066371166776342,0.4480994661060678,1.0902862715812744,2.219035589272628,2.527309061666453,False,False,-9.051767233384886,0.20436365691943423,1.629425656442813,2.331900809599454,2.5227651168731504,False,False
2019-10-21,15.872836767668952,0.5448811675395171,1.2104199642770377,2.1912167001647744,2.491783814863572,False,False,-9.547933576857416,0.20714085028770657,1.6033101368848968,2.5247214094335897,2.7560984287913013,False,False,17.15803388313692,0.4330308565069545,1.2196771321188415,2.219035589272628,2.527309061666453,False,False,-9.076246132849088,0.2074987820443191,1.6041691488041299,2.331900809599454,2.5227651168731504,False,False
2019-10-28,15.928373388930476,0.5220522220141163,1.2431307347457898,2.1912167001647744,2.491783814863572,False,False,-9.570514803352108,0.2103322042246194,1.570703182058155,2.5247214094335897,2.7560984287913013,False,False,17.202538446203487,0.4169268412796287,1.249229256970338,2.219035589272628,2.527309061666453,False,False,-9.09757161164041,0.20952392757736962,1.5709603939190961,2.331900809599454,2.5227651168731504,False,False
2019-11-04,15.991202532662008,0.495205686056111,1.3016991837566017,2.1912167001647744,2.491783814863572,False,False,-9.581128507908828,0.2112345057715362,1.497261867980688,2.5247214094335897,2.7560984287913013,False,False,17.259381951256596,0.3990169550041596,1.315756241694667,2.219035589272628,2.527309061666453,False,False,-9.09833103015093,0.20950527945484687,1.4580244165938019,2.331900809599454,2.5227651168731504,False,False
2019-11-11,16.04550198384788,0.46463480096180954,1.3593680698913997,2.1912167001647744,2.491783814863572,False,False,-9.608229141874542,0.21229722146452634,1.500657998541931,2.5247214094335897,2.7560984287913013,False,False,17.308995649249354,0.37883733517262536,1.3766579098635334,2.219035589272628,2.527309061666453,False,False,-9.110835537576193,0.20882862926847978,1.407827187860023,2.331900809599454,2.5227651168731504,False,False
2019-11-18,16.111049404903582,0.43975183702975074,1.4394946173787968,2.1912167001647744,2.491783814863572,False,False,-9.62955307693174,0.21370099340518492,1.4768639788289628,2.5247214094335897,2.7560984287913013,False,False,17.36096514346502,0.3619258784301287,1.4431221546094344,2.219035589272628,2.527309061666453,False,False,-9.122873091661706,0.2079587460837962,1.359919683916017,2.331900809599454,2.5227651168731504,False,False
2019-11-25,16.20818555871744,0.414295098316839,1.603475327751847,2.1912167001647744,2.491783814863572,False,False,-9.666305459913348,0.21657306711027932,1.5148276897956554,2.5247214094335897,2.7560984287913013,False,False,17.43561359504756,0.34393069515276686,1.582190376575314,2.219035589272628,2.527309061666453,False,False,-9.155248978544723,0.2082347300122268,1.4023248037327745,2.331900809599454,2.5227651168731504,False,False
2019-12-02,16.284852226002872,0.3895937668941899,1.7333975796405592,2.1912167001647744,2.491783814863572,False,False,-9.70535413896888,0.22001587661732905,1.5547138613266422,2.5247214094335897,2.7560984287913013,False,False,17.509422151436556,0.3276586340066089,1.7239530005515569,2.219035589272628,2.527309061666453,False,False,-9.19072244399117,0.2088049524037576,1.4539034591855255,2.331900809599454,2.5227651168731504,False,False
2019-12-09,16.342980309987787,0.3832895719524748,1.7639250328309706,2.1912167001647744,2.491783814863572,False,False,-9.724574987167086,0.22201803085106173,1.512289759162224,2.5247214094335897,2.7560984287913013,False,False,17.559042195462734,0.3214265257849952,1.7608985710743124,2.219035589272628,2.527309061666453,False,False,-9.209852329519132,0.20794944999766218,1.4344239638225638,2.331900809599454,2.5227651168731504,False,False
2019-12-16,16.43509808355732,0.38531480522867856,1.8486149370317755,2.1912167001647744,2.491783814863572,False,False,-9.731314146951911,0.22141537403449138,1.430591858691631,2.5247214094335897,2.7560984287913013,False,False,17.63447217877499,0.3211966586014703,1.8487294921952735,2.219035589272628,2.527309061666453,False,False,-9.217918820770945,0.2048643638302695,1.37560839161046,2.331900809599454,2.5227651168731504,False,False
2019-12-23,16.497061182533407,0.3857360314199782,1.8590730596143754,2.1912167001647744,2.491783814863572,False,False,-9.730366987700389,0.21778323101495708,1.3325017137864363,2.5247214094335897,2.7560984287913013,False,False,17.679699541867556,0.3203544055781801,1.845750240866061,2.219035589272628,2.527309061666453,False,False,-9.21440690645343,0.19885353253937163,1.277892469707001,2.331900809599454,2.5227651168731504,False,False
2019-12-30,16.565787408749333,0.389919874815147,1.871373355766244,2.1912167001647744,2.491783814863572,False,False,-9.729953398728941,0.20745651183259659,1.2656659096502625,2.5247214094335897,2.7560984287913013,False,False,17.728900208014174,0.3236766111290035,1.8373747886310179,2.219035589272628,2.527309061666453,False,False,-9.217260253034084,0.18874882391828965,1.2306396656892034,2.331900809599454,2.5227651168731504,False,False
2020-01-06,16.642137472602137,0.3989419713858125,1.8823008746568348,2.1912167001647744,2.491783814863572,False,False,-9.743258774032642,0.19555457973773457,1.273652816988532,2.5247214094335897,2.7560984287913013,False,False,17.786372766120618,0.3300056005607118,1.8398138079066788,2.219035589272628,2.527309061666453,False,False,-9.23384754981603,0.17712083300301232,1.2662215492968332,2.331900809599454,2.5227651168731504,False,False
2020-01-13,16.754340813749316,0.41201859296382803,1.9556921020329492,2.1912167001647744,2.491783814863572,False,False,-9.759530229365659,0.18212711166603984,1.3115233345621784,2.5247214094335897,2.7560984287913013,False,False,17.87876969776543,0.3397775659375863,1.920973212575907,2.219035589272628,2.527309061666453,False,False,-9.25169586011284,0.16384056516667592,1.32817675680508,2.331900809599454,2.5227651168731504,False,False
2020-01-20,16.83923592120491,0.42896205708229374,1.943271139236248,2.1912167001647744,2.491783814863572,False,False,-9.777215604344441,0.1711521361575357,1.3551442242212384,2.5247214094335897,2.7560984287913013,False,False,17.942756689700452,0.35214014858353926,1.9030701775506174,2.219035589272628,2.527309061666453,False,False,-9.268312415562365,0.15358184091948418,1.37856413286273,2.331900809599454,2.5227651168731504,False,False
2020-01-27,16.88733702643153,0.4411964841628467,1.8649747456332086,2.1912167001647744,2.491783814863572,False,False,-9.811412135357207,0.16376838169615662,1.481762764108421,2.5247214094335897,2.7560984287913013,False,False,17.9851538848717,0.36040162798012404,1.8426387976502676,2.219035589272628,2.527309061666453,False,False,-9.300449838414515,0.1461499012026978,1.5199681034038193,2.331900809599454,2.5227651168731504,False,False
2020-02-03,17.055774849061095,0.46040094621562566,2.0145556847067687,2.1912167001647744,2.491783814863572,False,False,-9.82358260159917,0.15819270854542186,1.473064944679888,2.5247214094335897,2.7560984287913013,False,False,18.121876350370343,0.3740593340668114,2.000471960641167,2.219035589272628,2.527309061666453,False,False,-9.316223739031635,0.14059027633732146,1.5471298679855958,2.331900809599454,2.5227651168731504,False,False
2020-02-10,17.183827722486413,0.4831359600745633,2.046655183685352,2.1912167001647744,2.491783814863572,False,False,-9.822951876870423,0.15256156450142236,1.3903296977629487,2.5247214094335897,2.7560984287913013,False,False,18.21893192342635,0.3910991051897451,2.023341225316586,2.219035589272628,2.527309061666453,False,False,-9.321089787151239,0.13565199208704953,1.499068450743689,2.331900809599454,2.5227651168731504,False,False
2020-02-17,17.242378389880766,0.504585580486756,1.9445288192551555,2.1912167001647744,2.491783814863572,False,False,-9.827189253839155,0.1480961177135095,1.335291282480546,2.5247214094335897,2.7560984287913013,False,False,18.260664449510177,0.406423109927214,1.9178865613789735,2.219035589272628,2.527309061666453,False,False,-9.33087363597632,0.13257211873679745,1.4759047684113031,2.331900809599454,2.5227651168731504,False,False
2020-02-24,17.18438750894549,0.5180946671912313,1.6656740674324197,2.1912167001647744,2.491783814863572,False,False,-9.859719169544924,0.14532166697735935,1.4565350572584892,2.5247214094335897,2.7560984287913013,False,False,18.182706859445528,0.4138973608357029,1.5804952570611548,2.219035589272628,2.527309061666453,False,False,-9.366211554538518,0.13167540731691652,1.6207338690819724,2.331900809599454,2.5227651168731504,False,False
2020-03-02,17.195705086923674,0.5327012276707971,1.5384026303156013,2.1912167001647744,2.491783814863572,False,False,-9.897552682327992,0.14386570458724351,1.600378846715526,2.5247214094335897,2.7560984287913013,False,False,18.230824779006866,0.42583570362560963,1.5461246854950395,2.219035589272628,2.527309061666453,False,False,-9.406287279419768,0.13265964526467872,1.773085384264414,2.331900809599454,2.5227651168731504,False,False
2020-03-09,16.894385110892944,0.5284185129695018,0.9007465777432415,2.1912167001647744,2.491783814863572,False,False,-9.972060132035732,0.14618102320103118,1.9379237815205759,2.5247214094335897,2.7560984287913013,False,False,17.914915984598295,0.42066987836323605,0.7416920157338704,2.219035589272628,2.527309061666453,False,False,-9.481379452704163,0.13755704791450007,2.1052995623512523,2.331900809599454,2.5227651168731504,False,False
2020-03-16,17.739664863471866,0.571849345278464,2.1788831020910573,2.1912167001647744,2.491783814863572,False,False,-10.068744182627562,0.1539009230670268,2.307648837188671,2.5247214094335897,2.7560984287913013,False,False,18.363373975185674,0.4336116973780033,1.6427396668118415,2.219035589272628,2.527309061666453,False,False,-9.600492997609496,0.15047808382389183,2.5501793669662356,2.3400393898549696,2.5475767053926184,True,True
2020-03-23,19.78565121373603,0.8437787111764251,3.7166667054713893,2.2138858587712265,2.599756918556829,True,True,-10.121993678956825,0.16277308509578398,2.3463751232861743,2.5247214094335897,2.7560984287913013,False,False,20.076797169733748,0.62906666540651,3.6719766941620064,2.2255624641567655,2.645423165890226,True,True,-9.667968208653448,0.1655469312844729,2.5614236757777173,2.365271817734951,2.5547895335789432,True,True
2020-03-30,19.259933445210727,0.9640212180510275,2.565896494518299,2.2173367221055034,2.6382544910353176,True,False,-10.17011314535086,0.17455807012460953,2.3117244415058824,2.5247214094335897,2.7560984287913013,False,False,18.978575212642866,0.653146034333452,1.7401595981013123,2.2255624641567655,2.645423165890226,False,False,-9.73483076591354,0.18374330302567962,2.5171435601728276,2.379112114661939,2.5547895335789432,True,False
2020-04-06,20.11109366563695,1.139420757365005,2.7703641647812023,2.226787402843515,2.753853161143257,True,True,-10.162119933684608,0.18349395597277487,2.021070407235534,2.5247214094335897,2.7560984287913013,False,False,19.277092237790033,0.6899499450995457,1.955668631686018,2.2255624641567655,2.645423165890226,False,False,-9.737736274823536,0.1986703403931392,2.2071176947135234,2.379112114661939,2.5547895335789432,False,False
2020-04-13,19.86821477576755,1.246834334235345,2.2101075527263543,2.226787402843515,2.753853161143257,False,False,-10.06567287368576,0.18307240874675437,1.3864102820187787,2.5247214094335897,2.7560984287913013,False,False,19.06322857166147,0.7012740774724749,1.5096060514192624,2.2255624641567655,2.645423165890226,False,False,-9.656737753178955,0.2038846682808877,1.6392709071987097,2.379112114661939,2.5547895335789432,False,False
2020-04-20,19.384652411703602,1.2963938959422228,1.6484232062910698,2.226787402843515,2.753853161143257,False,False,-9.945236719839134,0.17662946432674467,0.6686111308171812,2.5247214094335897,2.7560984287913013,False,False,18.630198967513454,0.6895225197438849,0.8252032915542196,2.2255624641567655,2.645423165890226,False,False,-9.569256507654728,0.20298847192694308,1.1221278723746708,2.379112114661939,2.5547895335789432,False,False
2020-04-27,19.208424756329226,1.3222148046633255,1.3875372586188794,2.226787402843515,2.753853161143257,False,False,-9.756925505249901,0.16943272030681036,0.45672660481783545,2.5247214094335897,2.7560984287913013,False,False,18.34922491666935,0.6687634082957657,0.3647311937771055,2.2255624641567655,2.645423165890226,False,False,-9.722147934019645,0.2098117472556102,1.6998489689189276,2.379112114661939,2.5547895335789432,False,False
2020-05-04,19.19623877646601,1.3374738060695115,1.2704291426359557,2.226787402843515,2.753853161143257,False,False,-9.97288612732459,0.16332615777885762,0.7562082639841584,2.5247214094335897,2.7560984287913013,False,False,18.333005243733883,0.6472414827346891,0.28800069949515944,2.2255624641567655,2.645423165890226,False,False,-10.331846233124036,0.2760035757723117,3.3293180581106783,2.3918469135983402,2.576207892166852,True,True
2020-05-11,19.171250715634745,1.3422508814161602,1.1577243541858782,2.226787402843515,2.753853161143257,False,False,-9.097371979462313,0.21579695586379774,3.393732790590852,2.532714233428812,2.8715081279408436,True,True,18.278602656869946,0.6245870443502279,0.15163752842214892,2.2255624641567655,2.645423165890226,False,False,-9.557966251872394,0.27029784472356116,0.47290932946847997,2.3918469135983402,2.576207892166852,False,False
2020-05-18,19.204301198473527,1.3404886529537057,1.0951497363423133,2.226787402843515,2.753853161143257,False,False,-8.700498669931925,0.3076427449235758,3.5544399177006585,2.553509487614962,3.168840277027528,True,True,18.31155901492426,0.6018989963238609,0.15136408525696396,2.2255624641567655,2.645423165890226,False,False,-9.225204168501254,0.26636111822670255,0.7841667091067257,2.3918469135983402,2.576207892166852,False,False
2020-05-25,19.227242348502926,1.333569112128711,1.0309622227594881,2.226787402843515,2.753853161143257,False,False,-8.417291142279561,0.40915093774030686,3.247374124867239,2.5653847299942836,3.307381177813924,True,False,18.329263621426104,0.5804209127595336,0.12825062123083034,2.2255624641567655,2.645423165890226,False,False,-8.970836210462872,0.2763508357364489,1.6506072057435048,2.3918469135983402,2.576207892166852,False,False
2020-06-01,19.3479636135133,1.3248230376435381,1.039964301241254,2.226787402843515,2.753853161143257,False,False,-8.47909737416359,0.4787718828286567,2.5475518895754257,2.5653847299942836,3.307381177813924,False,False,18.4385721124123,0.5609686348519669,0.263849505064437,2.2255624641567655,2.645423165890226,False,False,-8.99025761927563,0.28583974206166984,1.5008937641306836,2.3918469135983402,2.576207892166852,False,False
2020-06-08,19.59030998128122,1.3183362935418435,1.1341701997085996,2.226787402843515,2.753853161143257,False,False,-8.724364080751034,0.51540016751542,1.8159867166001904,2.5653847299942836,3.307381177813924,False,False,18.549341112740127,0.5426333591474933,0.40670532575001717,2.2255624641567655,2.645423165890226,False,False,-9.181602559648798,0.2867199653807558,0.8251382707281696,2.3918469135983402,2.576207892166852,False,False
2020-06-15,19.937281104604704,1.3208573275207265,1.2927130569768368,2.226787402843515,2.753853161143257,False,False,-8.725972538356833,0.5466272118242405,1.6385653623071803,2.5653847299942836,3.307381177813924,False,False,18.834748908792587,0.5321698597901938,0.8642638719010414,2.2255624641567655,2.645423165890226,False,False,-9.184212762219442,0.28773608132433065,0.8086473754302582,2.3918469135983402,2.576207892166852,False,False
2020-06-22,20.039870268999106,1.3176931705008879,1.2702629319287788,2.226787402843515,2.753853161143257,False,False,-8.750764651695166,0.5720055859197676,1.4566558607786224,2.5653847299942836,3.307381177813924,False,False,18.886542785353697,0.5216429351257026,0.892012487725729,2.2255624641567655,2.645423165890226,False,False,-9.219711870909924,0.28758859808019993,0.6863344259860459,2.3918469135983402,2.576207892166852,False,False
2020-06-29,20.088038703472883,1.3062158146004452,1.2145879748507284,2.226787402843515,2.753853161143257,False,False,-8.751642796457812,0.5937819604147917,1.3383865905150762,2.5653847299942836,3.307381177813924,False,False,18.93918129550874,0.5112884595703565,0.9219868764909147,2.2255624641567655,2.645423165890226,False,False,-9.2317786423123,0.28719889950994903,0.6471946232590432,2.3918469135983402,2.576207892166852,False,False
2020-07-06,20.127228817611147,1.2864437565649964,1.15952380560091,2.226787402843515,2.753853161143257,False,False,-8.732329243248348,0.6131551370072358,1.2641848936822386,2.5653847299942836,3.307381177813924,False,False,18.963948205143947,0.5005568973593894,0.9007503418682382,2.2255624641567655,2.645423165890226,False,False,-9.219031172678545,0.2875926228229514,0.6886518527469302,2.3918469135983402,2.576207892166852,False,False
2020-07-13,20.29756430921517,1.266709140931031,1.204475262598727,2.226787402843515,2.753853161143257,False,False,-8.743344910590976,0.628637197058712,1.1533548237613478,2.5653847299942836,3.307381177813924,False,False,19.107960284605888,0.4962810654328003,1.1034318111109478,2.2255624641567655,2.645423165890226,False,False,-9.246971880610626,0.28770275912129095,0.5906401231986006,2.3918469135983402,2.576207892166852,False,False
2020-07-20,20.425046629964548,1.242857396985235,1.2191956640346058,2.226787402843515,2.753853161143257,False,False,-8.71817280087198,0.6419945878878375,1.105120590126,2.5653847299942836,3.307381177813924,False,False,19.215844308576678,0.49571331392326146,1.2235528346066504,2.2255624641567655,2.645423165890226,False,False,-9.240645851050298,0.28832480241891084,0.607615864287279,2.3918469135983402,2.576207892166852,False,False
2020-07-27,20.592991570607605,1.2137921638650997,1.2693327252819713,2.226787402843515,2.753853161143257,False,False,-8.551014593633829,0.6592132626235749,1.256289676634636,2.5653847299942836,3.307381177813924,False,False,19.360689971321193,0.4998204585067774,1.3974455170163782,2.2255624641567655,2.645423165890226,False,False,-9.127938270989809,0.29303286519386657,0.9598351488870374,2.3918469135983402,2.576207892166852,False,False
2020-08-03,20.77988577785327,1.1882324778944324,1.3333798867501077,2.226787402843515,2.753853161143257,False,False,-8.59730137692165,0.6699268663843503,1.0967038457862022,2.5653847299942836,3.307381177813924,False,False,19.503285551854283,0.5133241340302507,1.5349683839451531,2.2255624641567655,2.645423165890226,False,False,-9.164218648714442,0.29645839944742175,0.8066444293218381,2.3918469135983402,2.576207892166852,False,False
2020-08-10,20.90661955104195,1.1600916755156798,1.3515438408788705,2.226787402843515,2.753853161143257,False,False,-8.597316055073529,0.6770829161474378,1.0154692090292459,2.5653847299942836,3.307381177813924,False,False,19.61117547903391,0.531754249843687,1.5839617921584068,2.2255624641567655,2.645423165890226,False,False,-9.15624272808703,0.3000294221637395,0.8024951814008208,2.3918469135983402,2.576207892166852,False,False
2020-08-17,21.043328966566527,1.12429202737019,1.3861467747595282,2.226787402843515,2.753853161143257,False,False,-8.612587441166417,0.6800632893733166,0.9198702865691638,2.5653847299942836,3.307381177813924,False,False,19.67714262591159,0.5498546910941885,1.5527113715941683,2.2255624641567655,2.645423165890226,False,False,-9.175168880760927,0.3029422308725636,0.7125364061586362,2.3918469135983402,2.576207892166852,False,False
2020-08-24,21.199392301524654,1.0701022123000943,1.4578736716924197,2.226787402843515,2.753853161143257,False,False,-8.669640335164171,0.6765959528667059,0.7726100840650925,2.5653847299942836,3.307381177813924,False,False,19.78603862764593,0.5648324247884042,1.5951545756052594,2.219035589272628,2.645423165890226,False,False,-9.219533414571305,0.3047829670135933,0.5441621930270955,2.3918469135983402,2.576207892166852,False,False
2020-08-31,21.33908217722619,0.9977099317603685,1.5439387848895398,2.226787402843515,2.753853161143257,False,False,-8.682621598708824,0.6678436455271942,0.6933291601682292,2.5653847299942836,3.307381177813924,False,False,19.88167746656498,0.5809078655268349,1.6063468701484285,2.219035589272628,2.645423165890226,False,False,-9.233473726382236,0.3061899961475663,0.4744256266610805,2.3918469135983402,2.576207892166852,False,False
2020-09-07,21.274217396151386,0.8459340920096123,1.545135966372799,2.218863923708604,2.753853161143257,False,False,-8.715328036250588,0.6509031946688596,0.5868663568193715,2.5653847299942836,3.307381177813924,False,False,19.843939394353157,0.5666250156105344,1.4492975578733933,2.1781880840071497,2.645423165890226,False,False,-9.26408756593382,0.306241822969612,0.3470889767993194,2.3918469135983402,2.576207892166852,False,False
2020-09-14,21.227080500460218,0.7496181790308245,1.5018511502161793,2.218863923708604,2.753853161143257,False,False,-8.726089659722525,0.6234320844366157,0.5126316280962737,2.5653847299942836,3.307381177813924,False,False,19.83420901679652,0.5715640360831318,1.320774659734519,2.1781880840071497,2.645423165890226,False,False,-9.272349208873582,0.30312495113097543,0.28176698347617396,2.3918469135983402,2.576207892166852,False,False
2020-09-21,21.299648458235183,0.7822156582737854,1.4575931929584736,2.218863923708604,2.753853161143257,False,False,-8.801416029046472,0.5848360643010031,0.3308161019208242,2.5653847299942836,3.307381177813924,False,False,19.87854685283663,0.5589067948499258,1.4436577814719636,2.1781880840071497,2.645423165890226,False,False,-9.337240710034916,0.29645257529380764,0.02630712018294925,2.3918469135983402,2.576207892166852,False,False
2020-09-28,21.11479331028653,0.7814751577508401,1.1311380767105652,2.218863923708604,2.753853161143257,False,False,-8.88209822025128,0.5336138701472465,0.11853507528160889,2.5653847299942836,3.307381177813924,False,False,19.728262784208095,0.5730703595143052,1.0954186114917217,2.1781880840071497,2.645423165890226,False,False,-9.405311108613105,0.28598058739786597,0.25507122244979213,2.3918469135983402,2.576207892166852,False,False
2020-10-05,21.3812016579342,0.8127617304051563,1.3552733919175726,2.218863923708604,2.753853161143257,False,False,-8.878380012643976,0.47240517654029773,0.03724674580761906,2.5653847299942836,3.307381177813924,False,False,19.985095245247283,0.5980725690386142,1.4335275650936155,2.1781880840071497,2.645423165890226,False,False,-9.394873572272212,0.2742030630169699,0.2760542054926306,2.3918469135983402,2.576207892166852,False,False
2020-10-12,21.47193491006179,0.840660823825635,1.3448539811132891,2.218863923708604,2.753853161143257,False,False,-8.879925643078018,0.4077820641400412,0.0724792486478132,2.5653847299942836,3.307381177813924,False,False,20.072234527655553,0.6258120234090089,1.4472155228554375,2.1781880840071497,2.645423165890226,False,False,-9.390970854062003,0.26594543475918475,0.3083865469660776,2.3918469135983402,2.576207892166852,False,False
2020-10-19,21.495223832276555,0.8464635397307356,1.2672479128583356,2.218863923708604,2.753853161143257,False,False,-8.817576367640937,0.34120896770940523,0.031001571448952412,2.5653847299942836,3.307381177813924,False,False,20.12424696219913,0.6429518252589282,1.4001576625700352,2.1781880840071497,2.645423165890226,False,False,-9.335791127091946,0.26069462135571997,0.13737799753760532,2.3918469135983402,2.576207892166852,False,False
2020-10-26,21.566342654059717,0.8374452139054049,1.2575256368040606,2.218863923708604,2.753853161143257,False,False,-8.827468378757672,0.2810992607408638,0.19999474982241275,2.5653847299942836,3.307381177813924,False,False,20.164099088068376,0.6426974520580445,1.354110235128499,2.1781880840071497,2.645423165890226,False,False,-9.336880562719395,0.24628984210567867,0.21000101366409912,2.3918469135983402,2.576207892166852,False,False
2020-11-02,21.68419668583872,0.8229572479569298,1.3065954173577654,2.218863923708604,2.753853161143257,False,False,-8.868259864543186,0.14056609245682555,0.9923836194499425,2.5653847299942836,3.307381177813924,False,False,20.260124469133515,0.6385689476960791,1.3971687975108031,2.1781880840071497,2.645423165890226,False,False,-9.368718083115517,0.1252546912468736,0.9628543735797085,2.3918469135983402,2.576207892166852,False,False
2020-11-09,21.767236389528026,0.798675114913929,1.3252776378580515,2.218863923708604,2.753853161143257,False,False,-8.965086610472095,0.12857281789981626,1.877614073361698,2.553509487614962,3.307381177813924,False,False,20.381222214820454,0.6281503362755533,1.4843840998281066,2.1781880840071497,2.645423165890226,False,False,-9.41751896962082,0.1138683405455155,1.5351477987157893,2.3918469135983402,2.576207892166852,False,False
2020-11-16,21.681591107856722,0.7587875932645807,1.15650363118381,2.218863923708604,2.753853161143257,False,False,-8.95446665910481,0.13616466137668626,1.6231978191329,2.553509487614962,3.307381177813924,False,False,20.321344387890946,0.6058699203079227,1.3125574986684305,2.1781880840071497,2.645423165890226,False,False,-9.401240751252796,0.11794611441574308,1.2866543074983452,2.3918469135983402,2.576207892166852,False,False
2020-11-23,21.752925254114796,0.708876734969013,1.2015249773815497,2.218863923708604,2.753853161143257,False,False,-8.978853831758082,0.12832213316514596,1.744132391992734,2.553509487614962,3.307381177813924,False,False,20.38747661788971,0.5770115179126846,1.355621637537945,2.1781880840071497,2.645423165890226,False,False,-9.403030163082722,0.10705679464988208,1.2789701402128804,2.3918469135983402,2.576207892166852,False,False
2020-11-30,21.82304192333588,0.6561807030391843,1.2597969564385392,2.218863923708604,2.753853161143257,False,False,-9.010965528090155,0.12492148085379698,1.8849121570362641,2.553509487614962,3.307381177813924,False,False,20.473204804377506,0.549780853656254,1.436358462631117,2.1781880840071497,2.645423165890226,False,False,-9.40705626426277,0.09457707235706007,1.3208045524781389,2.3918469135983402,2.576207892166852,False,False
2020-12-07,21.809759443555073,0.6085848533365822,1.196231762807852,2.218863923708604,2.753853161143257,False,False,-9.028355262851482,0.1338508653183003,1.8017349651181158,2.553509487614962,3.307381177813924,False,False,20.477298246912927,0.5198932672594182,1.3841756993746117,2.1781880840071497,2.645423165890226,False,False,-9.415925934241391,0.09577063696731831,1.3028529847423866,2.3918469135983402,2.576207892166852,False,False
2020-12-14,21.908608764397453,0.5825394138880129,1.289247629009904,2.218863923708604,2.753853161143257,False,False,-9.016325299393928,0.1404867841951346,1.5515082650688934,2.553509487614962,3.307381177813924,False,False,20.570005105362174,0.5079173989023733,1.467935266491091,2.1781880840071497,2.645423165890226,False,False,-9.390396177086876,0.09509556908587588,0.960246335405146,2.3918469135983402,2.576207892166852,False,False
2020-12-21,21.977454852835027,0.5572204020329398,1.3376415506045425,2.218863923708604,2.753853161143257,False,False,-9.026232272510214,0.1469906016881564,1.4781793457520505,2.553509487614962,3.307381177813924,False,False,20.633024951854722,0.49422390205124667,1.5002053010977496,2.1781880840071497,2.645423165890226,False,False,-9.392861351347914,0.09537743334796152,0.9134314850947821,2.3918469135983402,2.576207892166852,False,False
2020-12-28,22.077714463284487,0.5297665592059086,1.4517616654477632,2.218863923708604,2.753853161143257,False,False,-9.154280503092712,0.16123109260167548,2.045763202713459,2.553509487614962,3.307381177813924,False,False,20.733423399465998,0.4810081846930691,1.606680464699891,2.1781880840071497,2.645423165890226,False,False,-9.494164915793078,0.1009567781811623,1.7664245877919158,2.3918469135983402,2.576207892166852,False,False
2021-01-04,22.13876697832832,0.49615114506226515,1.5172401645982079,2.218863923708604,2.753853161143257,False,False,-9.153835345883444,0.17240304915520857,1.8165786946627887,2.553509487614962,3.307381177813924,False,False,20.79356990481429,0.4628609503200483,1.6475852913410765,2.1781880840071497,2.645423165890226,False,False,-9.488150221807253,0.10437320763088974,1.551807329823811,2.3918469135983402,2.576207892166852,False,False
2021-01-11,22.233761983988586,0.47091495058718147,1.6421358216774662,2.218863923708604,2.753853161143257,False,False,-9.188871594299929,0.18408959073434342,1.79849556623441,2.553509487614962,3.307381177813924,False,False,20.88281077313199,0.4520418294592183,1.7334242775953852,2.1781880840071497,2.645423165890226,False,False,-9.512698920335001,0.10920477763263592,1.6143573589885676,2.3918469135983402,2.576207892166852,False,False
2021-01-18,22.298598350367694,0.4489733168819362,1.7062996069970866,2.218863923708604,2.753853161143257,False,False,-9.236170358833276,0.19601897140961635,1.8287010266541703,2.553509487614962,3.307381177813924,False,False,20.940732948719127,0.4437056811772453,1.7470152386352211,2.1781880840071497,2.645423165890226,False,False,-9.548708011783091,0.11496012318832351,1.7437010126032668,2.3918469135983402,2.576207892166852,False,False
2021-01-25,22.307314048018835,0.4309988109324259,1.644698764632263,2.218863923708604,2.753853161143257,False,False,-9.28094148471987,0.1995955145385864,1.87958687257429,2.553509487614962,3.307381177813924,False,False,20.953477913144802,0.43805259413079806,1.6588064674463485,2.1781880840071497,2.645423165890226,False,False,-9.587116267774997,0.11503119779518646,1.9229882958724898,2.3918469135983402,2.576207892166852,False,False
2021-02-01,22.402166523500476,0.42514405321258386,1.743691975659301,2.218863923708604,2.753853161143257,False,False,-9.33154422725136,0.20604211487639038,1.929313053757688,2.553509487614962,3.307381177813924,False,False,21.044549903121073,0.44050086649807324,1.721760672358996,2.1781880840071497,2.645423165890226,False,False,-9.623023945158634,0.11800575310125713,2.0292651888162707,2.3918469135983402,2.576207892166852,False,False
2021-02-08,22.432400088103314,0.42216515067873644,1.6886044969195606,2.218863923708604,2.753853161143257,False,False,-9.347687101489978,0.20951582214880796,1.8366259277449897,2.553509487614962,3.307381177813924,False,False,21.07116077979545,0.44406315817019404,1.6414211594489811,2.1781880840071497,2.645423165890226,False,False,-9.630072884236608,0.11808389888001757,1.9332836340658008,2.3918469135983402,2.576207892166852,False,False
2021-02-15,22.46554683214055,0.4231823253545149,1.633612718110266,2.218863923708604,2.753853161143257,False,False,-9.37274364839341,0.21170482696164908,1.7978898563453765,2.553509487614962,3.307381177813924,False,False,21.10644937689453,0.4468921681847647,1.5869822184529598,2.1781880840071497,2.645423165890226,False,False,-9.641135400778346,0.11767406475207262,1.8817264188863523,2.3918469135983402,2.576207892166852,False,False
2021-02-22,22.44660720951522,0.42609407814682354,1.4654195728687023,2.218863923708604,2.753853161143257,False,False,-9.414540679553063,0.21666338145065986,1.8174228437272881,2.553509487614962,3.307381177813924,False,False,21.11595759394926,0.4502345274683238,1.4827103905388606,2.1781880840071497,2.645423165890226,False,False,-9.658667694280414,0.11929748670707445,1.8615053519128764,2.3918469135983402,2.576207892166852,False,False
2021-03-01,22.51715452127213,0.4352048985538686,1.492730070696339,2.218863923708604,2.753853161143257,False,False,-9.439654818349904,0.22024085140650282,1.7697282446079108,2.553509487614962,3.307381177813924,False,False,21.193441267094762,0.4576258016472601,1.5178310069828729,2.1781880840071497,2.645423165890226,False,False,-9.649815758251226,0.1188840323012161,1.658825117693148,2.3918469135983402,2.576207892166852,False,False
2021-03-08,22.59130710642472,0.4400111669331964,1.5298219185685418,2.218863923708604,2.753853161143257,False,False,-9.463600044101224,0.22363743158765914,1.7212323793898536,2.553509487614962,3.307381177813924,False,False,21.25300675833941,0.4603926742937091,1.5203743739824496,2.1781880840071497,2.645423165890226,False,False,-9.650554549290037,0.11852995705593228,1.544609478613491,2.3918469135983402,2.576207892166852,False,False
2021-03-15,22.731006030895962,0.44435824594918194,1.6990668437258394,2.218863923708604,2.753853161143257,False,False,-9.487754528518582,0.22548347302949912,1.6843437133591297,2.553509487614962,3.307381177813924,False,False,21.348286037756584,0.4615872941582915,1.596696402034077,2.1781880840071497,2.645423165890226,False,False,-9.646810110114505,0.11660700964918651,1.4144579655502894,2.3918469135983402,2.576207892166852,False,False
2021-03-22,22.770518113631528,0.44841586333762623,1.6456477026671041,2.218863923708604,2.753853161143257,False,False,-9.47174674175989,0.22734601271100752,1.4867291006576953,2.553509487614962,3.307381177813924,False,False,21.390118626021344,0.46079974312336347,1.564041636167498,2.1781880840071497,2.645423165890226,False,False,-9.613248073390936,0.1154712093518457,1.0457845706316398,2.3918469135983402,2.576207892166852,False,False
2021-03-29,22.84927194102512,0.43524026724454656,1.7231347892413447,2.218863923708604,2.753853161143257,False,False,-9.451660726393584,0.22955807838541573,1.2894761512875899,2.553509487614962,3.307381177813924,False,False,21.45022335884726,0.44354400080200734,1.6110813421967334,2.1781880840071497,2.645423165890226,False,False,-9.602868140884091,0.1160038011867237,0.8860031148894507,2.3918469135983402,2.576207892166852,False,False
2021-04-05,22.967574763130422,0.4416928646908738,1.827663932579497,2.218863923708604,2.753853161143257,False,False,-9.430440143748054,0.22841459268248673,1.1100691940238268,2.553509487614962,3.307381177813924,False,False,21.558636441759734,0.44439002508700487,1.7157849833558223,2.1781880840071497,2.645423165890226,False,False,-9.585717693052413,0.11511445305296247,0.6800981179244943,2.3918469135983402,2.576207892166852,False,False
2021-04-12,23.14110915070523,0.45861821020515436,1.9986155717246634,2.218863923708604,2.753853161143257,False,False,-9.383702612654364,0.22353156226292922,0.8385501918371661,2.553509487614962,3.307381177813924,False,False,21.715917348054866,0.45409429915265476,1.8862603421260449,2.1781880840071497,2.645423165890226,False,False,-9.54251654981295,0.11279519276176397,0.2594020038048924,2.3918469135983402,2.576207892166852,False,False
2021-04-19,23.274037754681203,0.4777541591913396,2.0535963139215028,2.218863923708604,2.753853161143257,False,False,-9.336102028529552,0.2111844869150896,0.5677431964549238,2.553509487614962,3.307381177813924,False,False,21.846631218791703,0.46798266118078685,1.968039559755683,2.1781880840071497,2.645423165890226,False,False,-9.496288325878586,0.10693397268291631,0.21641292767757966,2.3918469135983402,2.576207892166852,False,False
2021-04-26,23.435522504417804,0.5039627046647728,2.1245766549704044,2.218863923708604,2.753853161143257,False,False,-9.35542273779866,0.1972327163795498,0.6029087374984461,2.553509487614962,3.307381177813924,False,False,22.00873421901575,0.4873411083269963,2.0769105424859773,2.1781880840071497,2.645423165890226,False,False,-9.523717695992971,0.10024435109206882,0.02891502152477974,2.3918469135983402,2.576207892166852,False,False
2021-05-03,23.552865398669063,0.5352897357785684,2.0851855423006107,2.218863923708604,2.753853161143257,False,False,-9.400691683333923,0.1847120445086611,0.7779900172007428,2.553509487614962,3.307381177813924,False,False,22.154427581760384,0.5137236616444069,2.1120293212086567,2.1781880840071497,2.645423165890226,False,False,-9.555474662171756,0.09503320632868618,0.22808294172391688,2.3918469135983402,2.576207892166852,False,False
2021-05-10,23.665615532737245,0.5687484316416604,2.032381814729514,2.218863923708604,2.753853161143257,False,False,-9.421666410129692,0.17741009645333294,0.8292543372448662,2.553509487614962,3.307381177813924,False,False,22.27734826981146,0.5457091935612737,2.07984804478712,2.1781880840071497,2.645423165890226,False,False,-9.556990275102477,0.09209806205523949,0.19356308714581746,2.3918469135983402,2.576207892166852,False,False
2021-05-17,23.800377497920373,0.5964656979784424,2.027248431339055,2.218863923708604,2.753853161143257,False,False,-9.470553871986343,0.16882895360498712,1.0433994990930988,2.553509487614962,3.307381177813924,False,False,22.411049566981056,0.5731502299343678,2.0733136937546024,2.1781880840071497,2.645423165890226,False,False,-9.58966501312268,0.08813932626378006,0.49075070198878495,2.3918469135983402,2.576207892166852,False,False
2021-05-24,23.92698472762783,0.6259117715792584,2.0005594479621553,2.218863923708604,2.753853161143257,False,False,-9.48274570721859,0.1598401259230831,1.0571026713838505,2.553509487614962,3.307381177813924,False,False,22.507656861156338,0.5997676321751847,2.0064139109019394,2.1781880840071497,2.645423165890226,False,False,-9.594185977749163,0.08355421261090062,0.48379672169919863,2.3918469135983402,2.576207892166852,False,False
2021-05-31,24.023163490841306,0.6542326197788005,1.931625499773606,2.218863923708604,2.753853161143257,False,False,-9.499481378634314,0.15130538157983045,1.1031598652061418,2.553509487614962,3.307381177813924,False,False,22.592570941517888,0.625757205050162,1.9285149398673191,2.1781880840071497,2.645423165890226,False,False,-9.608768868968786,0.07860550358079917,0.6010771015834832,2.3918469135983402,2.576207892166852,False,False
2021-06-07,24.132732227009413,0.6775556535747072,1.8949824025326687,2.218863923708604,2.753853161143257,False,False,-9.52574891939123,0.14249093739474983,1.2214884892768627,2.553509487614962,3.307381177813924,False,False,22.673522790817525,0.6461173319591977,1.8622992043168327,2.1781880840071497,2.645423165890226,False,False,-9.63822090831932,0.0740958966959106,0.9197567470675615,2.3918469135983402,2.576207892166852,False,False
2021-06-14,24.21169793837307,0.699904966680794,1.8207348989426813,2.218863923708604,2.753853161143257,False,False,-9.564445868413864,0.13096921522200666,1.4634464152875561,2.553509487614962,3.307381177813924,False,False,22.720801556569103,0.6636917833145175,1.7595812512418099,2.1781880840071497,2.645423165890226,False,False,-9.674089003656965,0.06714058977197286,1.3867473313767287,2.3918469135983402,2.576207892166852,False,False
2021-06-21,24.303065386066102,0.7206221091528452,1.7710562461121218,2.218863923708604,2.753853161143257,False,False,-9.60645734401311,0.1183867056592717,1.785348735298694,2.553509487614962,3.307381177813924,False,False,22.816393709816698,0.6805500147064882,1.7330630002552578,2.1781880840071497,2.645423165890226,False,False,-9.70830474650391,0.059896943037098,1.9231421909747628,2.3918469135983402,2.576207892166852,False,False
2021-06-28,24.3806136073244,0.7405528873427581,1.7085038575682436,2.2138858587712265,2.753853161143257,False,False,-9.648091994506172,0.11781706874032315,1.98615920893459,2.553509487614962,3.307381177813924,False,False,22.88054047303595,0.6966066358697303,1.6666527819881702,2.1735527825041805,2.645423165890226,False,False,-9.738863929879066,0.0628776687637762,2.1683059149449324,2.3918469135983402,2.576207892166852,False,False
2021-07-05,24.463167436884056,0.7580353275453349,1.6600694333814394,2.21028848424408,2.753853161143257,False,False,-9.670004657321146,0.11567809489510573,2.0406927798454504,2.553509487614962,3.307381177813924,False,False,22.94669886793212,0.7099779156116334,1.6118066561358266,2.1688908848236563,2.645423165890226,False,False,-9.749626543934708,0.06473552951842894,2.1169804982406895,2.3918469135983402,2.576207892166852,False,False
2021-07-12,24.53388250761838,0.774225063791375,1.602428326660536,2.1910357686470485,2.753853161143257,False,False,-9.69671412990293,0.11551738422854667,2.105661602618709,2.553509487614962,3.307381177813924,False,False,22.993917267252684,0.7212371201354917,1.5395340794220542,2.1626836098523934,2.645423165890226,False,False,-9.76352493809543,0.06786877244035,2.0818866775505165,2.3918469135983402,2.576207892166852,False,False
2021-07-19,24.6541328296547,0.7908201320997384,1.6062982768544356,2.1898290318264664,2.753853161143257,False,False,-9.719796120380401,0.11803689426164685,2.0986787360282997,2.553509487614962,3.307381177813924,False,False,23.084627328182513,0.7316142478662419,1.5289774821251652,2.1626836098523934,2.645423165890226,False,False,-9.782725460546585,0.07304829235713857,2.073901245623521,2.3918469135983402,2.576207892166852,False,False
2021-07-26,24.803424755726763,0.8062651786641069,1.6416195547101862,2.179429864475956,2.753853161143257,False,False,-9.761946922093756,0.12440467901722822,2.1813658037713135,2.553509487614962,3.307381177813924,False,False,23.205793848448675,0.7402225372793292,1.5578567752351589,2.1626836098523934,2.645423165890226,False,False,-9.816507524085107,0.08093428659413886,2.1802165046096897,2.3918469135983402,2.576207892166852,False,False
2021-08-02,24.930983058292174,0.8234086645530293,1.6442343516778208,2.1642341470298314,2.753853161143257,False,False,-9.800035080271229,0.13400691880574847,2.174823467696936,2.553509487614962,3.307381177813924,False,False,23.31076156626245,0.7501296652923339,1.5610186876103613,2.1626836098523934,2.645423165890226,False,False,-9.85479542038946,0.09110808757234674,2.2591614169640173,2.3918469135983402,2.576207892166852,False,False
2021-08-09,25.029054389868094,0.8363854530601735,1.6165714253607961,2.1642341470298314,2.753853161143257,False,False,-9.807855455308193,0.14205190781349153,1.9821133583083073,2.553509487614962,3.307381177813924,False,False,23.390326259201192,0.7558397996577914,1.5364796175485076,2.1626836098523934,2.645423165890226,False,False,-9.870133553109051,0.10076864215902971,2.103163263359357,2.3918469135983402,2.576207892166852,False,False
2021-08-16,25.074382723657642,0.8417106919500823,1.5409870971314308,2.1642341470298314,2.753853161143257,False,False,-9.794518613971459,0.14778288857221486,1.705231445179991,2.553509487614962,3.307381177813924,False,False,23.417279353782913,0.7544237393446126,1.4572811107571744,2.1626836098523934,2.645423165890226,False,False,-9.871569845195943,0.10900474563771022,1.876123226847728,2.3918469135983402,2.576207892166852,False,False
2021-08-23,25.14880019618228,0.8376456855623023,1.5132320391517204,2.1642341470298314,2.753853161143257,False,False,-9.830495826018366,0.15567862583444414,1.7470796930399963,2.553509487614962,3.307381177813924,False,False,23.478429554861158,0.7460968090006771,1.4337192531030507,2.1626836098523934,2.645423165890226,False,False,-9.901228271083589,0.118245608948401,1.9014279689601563,2.3918469135983402,2.576207892166852,False,False
2021-08-30,25.229947624273418,0.8298541940580653,1.4994941636516925,2.1642341470298314,2.753853161143257,False,False,-9.868823922078281,0.16504272211110974,1.7801727585921547,2.553509487614962,3.307381177813924,False,False,23.530071479075055,0.7344921617576816,1.4043238919256738,2.1626836098523934,2.645423165890226,False,False,-9.937218408275307,0.12863861736782917,1.9416540871306627,2.3918469135983402,2.576207892166852,False,False
2021-09-06,25.26361056036248,0.8156254144003205,1.440910905836065,2.1642341470298314,2.753853161143257,False,False,-9.920900642880232,0.1766526391081664,1.8584086589196305,2.553509487614962,3.307381177813924,False,False,23.534607681635364,0.715780088729413,1.324774504089332,2.1626836098523934,2.645423165890226,False,False,-9.98960815837503,0.14131049770513185,2.0459974916496355,2.3918469135983402,2.576207892166852,False,False
2021-09-13,25.33878869372334,0.8022639748935723,1.4335959121363302,2.1642341470298314,2.753853161143257,False,False,-9.966634385082981,0.18976145827284024,1.8739742177221514,2.553509487614962,3.307381177813924,False,False,23.59154860995195,0.6954870550456931,1.321245023949318,2.1626836098523934,2.645423165890226,False,False,-10.037876946601038,0.15547153492535548,2.0733614037880033,2.3918469135983402,2.576207892166852,False,False
2021-09-20,25.401115120992948,0.7818802820788966,1.4212814923547419,2.1642341470298314,2.753853161143257,False,False,-10.011611421421321,0.20298720657651603,1.8711577784829618,2.553509487614962,3.307381177813924,False,False,23.63910685970323,0.668945966371717,1.3154537993182105,2.1626836098523934,2.645423165890226,False,False,-10.086063406921863,0.17000256029440028,2.0726154622421595,2.3918469135983402,2.576207892166852,False,False
2021-09-27,25.35929608973413,0.751254614218331,1.2950516830759973,2.1642341470298314,2.753853161143257,False,False,-10.054848443126073,0.21565091909640388,1.8541937420519026,2.553509487614962,3.307381177813924,False,False,23.61332310865319,0.6332021770428234,1.217601021729882,2.1626836098523934,2.645423165890226,False,False,-10.126180704465577,0.1842714157039801,2.020605447223504,2.3918469135983402,2.576207892166852,False,False
2021-10-04,25.449771181481854,0.7208437903743855,1.34275908903031,2.1642341470298314,2.753853161143257,False,False,-10.07225561868275,0.22543094399783817,1.7414669995008494,2.553509487614962,3.307381177813924,False,False,23.688214619354376,0.5972211024292737,1.279211789968813,2.1626836098523934,2.645423165890226,False,False,-10.128450057538235,0.19489857137491334,1.814968961574671,2.3918469135983402,2.576207892166852,False,False
2021-10-11,25.409910962025272,0.6886543018259722,1.2209285870757047,2.1642341470298314,2.753853161143257,False,False,-10.100446445603533,0.23153125848681191,1.6982774102776061,2.553509487614962,3.307381177813924,False,False,23.689353623625237,0.5618677971812619,1.226640658104802,2.1626836098523934,2.645423165890226,False,False,-10.148285229613881,0.20210502236777894,1.7331149433881912,2.3918469135983402,2.576207892166852,False,False
2021-10-18,25.437998778016777,0.655858379890903,1.1979053613767867,2.1642341470298314,2.753853161143257,False,False,-10.112153793324232,0.23179411997118501,1.6180889706297477,2.553509487614962,3.307381177813924,False,False,23.714113521858422,0.5267793852157042,1.2189989933772998,2.1626836098523934,2.645423165890226,False,False,-10.149858888917565,0.20371435225341825,1.6037532983881868,2.3918469135983402,2.576207892166852,False,False
2021-10-25,25.485474364812735,0.6262774498736999,1.2043983927577115,2.1642341470298314,2.753853161143257,False,False,-10.114073823238414,0.2295667858263805,1.5150477876965098,2.553509487614962,3.307381177813924,False,False,23.755842941518637,0.4962751407528084,1.2426100362544696,2.1626836098523934,2.645423165890226,False,False,-10.149688892476384,0.20390036305157258,1.4833801575350118,2.3918469135983402,2.576207892166852,False,False
2021-11-01,25.605343800089194,0.6006419739184866,1.3239426261857632,2.1642341470298314,2.753853161143257,False,False,-10.092878222073928,0.2255767295451542,1.3298645265978661,2.553509487614962,3.307381177813924,False,False,23.86002005675573,0.47308596356473154,1.3850630239925306,2.1626836098523934,2.645423165890226,False,False,-10.13273659108164,0.20228331617596662,1.301674672764134,2.3918469135983402,2.576207892166852,False,False
2021-11-08,25.66942537663332,0.5759624543139287,1.3581223457392169,2.1642341470298314,2.753853161143257,False,False,-10.118801776879113,0.22107360053877984,1.3529301825418443,2.553509487614962,3.307381177813924,False,False,23.909029153973254,0.452934487424402,1.4163328985736336,2.1626836098523934,2.645423165890226,False,False,-10.144637308459764,0.19877652348034208,1.2708038825159302,2.3918469135983402,2.576207892166852,False,False
2021-11-15,25.7932296518186,0.5578632531220215,1.4867148719492747,2.1642341470298314,2.753853161143257,False,False,-10.11963381062033,0.21667354737160216,1.2690269337648956,2.553509487614962,3.307381177813924,False,False,23.986233465255456,0.4389217637480606,1.499416034904693,2.1626836098523934,2.645423165890226,False,False,-10.139990297127541,0.1945469130842577,1.1657476635688564,2.3918469135983402,2.576207892166852,False,False
2021-11-22,25.87503327097088,0.5436730092480077,1.538171393251159,2.1642341470298314,2.753853161143257,False,False,-10.084400522271729,0.20844620009184686,1.0390724762321153,2.553509487614962,3.307381177813924,False,False,24.053947926608668,0.4279276534767293,1.5571979358779977,2.1626836098523934,2.645423165890226,False,False,-10.11986966776589,0.18724623156706088,0.995765709132018,2.3918469135983402,2.576207892166852,False,False
2021-11-29,26.00545883534464,0.5344679920404926,1.6660412206305069,2.1642341470298314,2.753853161143257,False,False,-10.106104349161516,0.19931988282833163,1.0784818875944944,2.553509487614962,3.307381177813924,False,False,24.159416004178247,0.4217734241902853,1.6870974409872692,2.1626836098523934,2.645423165890226,False,False,-10.119853508330998,0.17842031559509225,0.9347596715855009,2.3918469135983402,2.576207892166852,False,False
2021-12-06,26.180967167015815,0.5348430312821827,1.8457298924291192,2.1642341470298314,2.753853161143257,False,False,-10.09525121386037,0.18856140938914612,0.9662942929535351,2.553509487614962,3.307381177813924,False,False,24.303045456259362,0.4231780199386869,1.8728013523787659,2.1626836098523934,2.645423165890226,False,False,-10.10320150951473,0.16863403424650836,0.7842085265155997,2.3918469135983402,2.576207892166852,False,False
2021-12-13,26.253766096204618,0.5347926425057244,1.835166639899508,2.1642341470298314,2.753853161143257,False,False,-10.115691470710802,0.17852076076460846,1.0163765598063408,2.553509487614962,3.307381177813924,False,False,24.385979924947314,0.42488250549902906,1.9097456458283262,2.1626836098523934,2.645423165890226,False,False,-10.110500764393493,0.15936779636410178,0.7702838181592235,2.3918469135983402,2.576207892166852,False,False
2021-12-20,26.404587768017958,0.5412112787178449,1.9427302165121316,2.1642341470298314,2.753853161143257,False,False,-10.136901545248147,0.16965167017651217,1.074275844028907,2.553509487614962,3.307381177813924,False,False,24.514016509345893,0.434052513630049,2.013951969442496,2.1626836098523934,2.645423165890226,False,False,-10.119226993203426,0.15068652404209093,0.767686177806118,2.3918469135983402,2.576207892166852,False,False
2021-12-27,26.551133038916923,0.5524793108974071,2.017254288076921,2.1642341470298314,2.753853161143257,False,False,-10.16857524352889,0.16259277755813836,1.1925978869529976,2.553509487614962,3.307381177813924,False,False,24.650746996973716,0.4487697544833372,2.100869157447255,2.1626836098523934,2.645423165890226,False,False,-10.141839654773289,0.1428961400541159,0.8593203208290622,2.3918469135983402,2.576207892166852,False,False
2022-01-03,26.629242907334426,0.5630283417534332,1.970221479307965,2.1642341470298314,2.753853161143257,False,False,-10.194715390195931,0.1556820720140306,1.2838136401796927,2.553509487614962,3.307381177813924,False,False,24.74236532682741,0.4648176965399887,2.076858902868758,2.1626836098523934,2.645423165890226,False,False,-10.156760615500158,0.13423647043126175,0.9092574804653359,2.3918469135983402,2.576207892166852,False,False
2022-01-10,26.7221767764479,0.5731964557567868,1.950568999651808,2.1642341470298314,2.753853161143257,False,False,-10.241171363515909,0.15050742310623305,1.4974814757985495,2.553509487614962,3.307381177813924,False,False,24.810152226608462,0.47869331497274054,2.0123374406460544,2.1626836098523934,2.645423165890226,False,False,-10.183969467534139,0.12528813764013857,1.0622986819965565,2.3918469135983402,2.576207892166852,False,False
2022-01-17,26.752838009447235,0.5817743860681022,1.8357649733169492,2.1642341470298314,2.753853161143257,False,False,-10.318568991571704,0.14920940076029635,1.8748817359163574,2.553509487614962,3.307381177813924,False,False,24.833363372983232,0.49003081601240467,1.875891307235542,2.1626836098523934,2.645423165890226,False,False,-10.234776435788898,0.11772560228919376,1.4144231376262502,2.3918469135983402,2.576207892166852,False,False
2022-01-24,26.83605659030086,0.5950142062845285,1.8033879903258783,2.1642341470298314,2.753853161143257,False,False,-10.390669770478485,0.15343055501001268,2.1356183661273085,2.553509487614962,3.307381177813924,False,False,24.89621076786083,0.504227374181012,1.818774534088622,2.1626836098523934,2.645423165890226,False,False,-10.284834702960705,0.11341428341830694,1.7507450838918768,2.3918469135983402,2.576207892166852,False,False
2022-01-31,26.927350200244998,0.6119202144952642,1.777277014642215,2.1642341470298314,2.753853161143257,False,False,-10.461216391518374,0.16262034065190925,2.2923681030145366,2.553509487614962,3.307381177813924,False,False,25.010279471144496,0.5238922277800537,1.8434679622222598,2.1626836098523934,2.645423165890226,False,False,-10.341008718289103,0.11380401187793127,2.0740305997438373,2.3918469135983402,2.576207892166852,False,False
2022-02-07,27.002779039551267,0.6294933272244816,1.726893737842133,2.1642341470298314,2.753853161143257,False,False,-10.547409242463363,0.1757312782270762,2.449957461593222,2.553509487614962,3.307381177813924,False,False,25.07156631909441,0.5433150577908815,1.7713521694137262,2.1626836098523934,2.645423165890226,False,False,-10.409773261435802,0.1183780566406334,2.3994495332884096,2.394674344183455,2.576207892166852,True,False
2022-02-14,27.027978385828654,0.641531356200365,1.616646055336295,2.1642341470298314,2.753853161143257,False,False,-10.610264559412302,0.18825117572542388,2.4542456504767713,2.553509487614962,3.307381177813924,False,False,25.095762458287425,0.5573543040733424,1.654318260873723,2.1626836098523934,2.645423165890226,False,False,-10.458361451613541,0.12379594214094806,2.5046172728629332,2.4018824667725336,2.576207892166852,True,False
2022-02-21,27.097609218677235,0.6529582417932003,1.5802017801597,2.1642341470298314,2.753853161143257,False,False,-10.649826585719088,0.20107259958863716,2.3377821491479858,2.553509487614962,3.307381177813924,False,False,25.142498397662706,0.5697258977163574,1.588087707100806,2.1626836098523934,2.645423165890226,False,False,-10.478226234859564,0.12932716593591695,2.379500135486352,2.4018824667725336,2.576207892166852,False,False
2022-02-28,27.060288454357973,0.6578861694432528,1.4046309687286815,2.1642341470298314,2.753853161143257,False,False,-10.670953488914751,0.21265875888681054,2.16468723141454,2.553509487614962,3.307381177813924,False,False,25.126889367826255,0.5764187224224885,1.43602135027961,2.1626836098523934,2.645423165890226,False,False,-10.48559283339334,0.13437911627628324,2.1879090405154447,2.4018824667725336,2.576207892166852,False,False
2022-03-07,27.106991537156247,0.6594143011069109,1.3646824165744509,2.1642341470298314,2.753853161143257,False,False,-10.693242061656287,0.2242005615441951,2.0201681496649626,2.553509487614962,3.307381177813924,False,False,25.170711112646472,0.5789174618465507,1.3968213694947431,2.1626836098523934,2.645423165890226,False,False,-10.494580337180334,0.14037793178895147,2.0200809105348423,2.4018824667725336,2.576207892166852,False,False
2022-03-14,27.06820144991479,0.6555357133412507,1.212115714380775,2.1642341470298314,2.753853161143257,False,False,-10.653875678168369,0.23105042146978388,1.6754961544397236,2.553509487614962,3.307381177813924,False,False,25.131801026729455,0.5757146100580038,1.2341075004574809,2.1626836098523934,2.645423165890226,False,False,-10.455919754109182,0.14365751094468443,1.5929249098896021,2.4018824667725336,2.576207892166852,False,False
2022-03-21,27.257908091645778,0.6578189930208518,1.3877323042342022,2.1642341470298314,2.753853161143257,False,False,-10.668162225521959,0.23782869796608108,1.5816370741670092,2.553509487614962,3.307381177813924,False,False,25.266234047894674,0.5757227765750796,1.358891738284894,2.1626836098523934,2.645423165890226,False,False,-10.457306063619418,0.1474790149644812,1.4642311892280773,2.4018824667725336,2.576207892166852,False,False
2022-03-28,27.446520243847512,0.6600663992572292,1.5471336947668735,2.1642341470298314,2.753853161143257,False,False,-10.694184986432358,0.2452629947874985,1.5395375082626488,2.553509487614962,3.307381177813924,False,False,25.440206380096562,0.5767047742585228,1.5364057229490655,2.1626836098523934,2.645423165890226,False,False,-10.47597228429984,0.1524231398957444,1.450935022057662,2.4018824667725336,2.576207892166852,False,False
2022-04-04,27.439027521477556,0.6577520404360634,1.4248657972271945,2.1642341470298314,2.753853161143257,False,False,-10.731168030022946,0.25292851982477865,1.538900550530519,2.553509487614962,3.307381177813924,False,False,25.488240625591725,0.5766370862810448,1.499825474676146,2.1626836098523934,2.645423165890226,False,False,-10.496868408654013,0.15725402828531276,1.4491346396931104,2.4018824667725336,2.576207892166852,False,False
2022-04-11,27.326845838448858,0.6375897422398034,1.1783414760218092,2.1642341470298314,2.753853161143257,False,False,-10.797173433048854,0.2630265557193623,1.6288851459600853,2.553509487614962,3.307381177813924,False,False,25.412229814691777,0.5638599862131053,1.2814878330223007,2.1626836098523934,2.645423165890226,False,False,-10.54292586297087,0.1640371839472036,1.5774547075943584,2.4018824667725336,2.576207892166852,False,False
2022-04-18,27.25140393425697,0.6066070812764708,0.9991808541648068,2.1642341470298314,2.753853161143257,False,False,-10.87610263175938,0.2755879426883774,1.734424938986542,2.553509487614962,3.307381177813924,False,False,25.399827739394244,0.543758740664441,1.1868176565974784,2.1626836098523934,2.645423165890226,False,False,-10.591727964247733,0.17225011603355017,1.6868979340631078,2.4018824667725336,2.576207892166852,False,False
2022-04-25,27.239409007540285,0.568815505402445,0.9258823382506947,2.1642341470298314,2.753853161143257,False,False,-10.93863048730741,0.28872436669227997,1.7622369189373384,2.553509487614962,3.307381177813924,False,False,25.396992013188935,0.5178330413505235,1.118865703301273,2.1626836098523934,2.645423165890226,False,False,-10.62677496419898,0.18067432344047357,1.7006616916132125,2.4018824667725336,2.576207892166852,False,False
2022-05-02,27.291186098632327,0.5324545907467355,0.964576588853366,2.1642341470298314,2.753853161143257,False,False,-11.021305589219677,0.30246972478237116,1.8374304926017389,2.553509487614962,3.307381177813924,False,False,25.45206734147462,0.49363388974522027,1.1612419291370646,2.1626836098523934,2.645423165890226,False,False,-10.67508941535672,0.18934839619386673,1.7677500016308632,2.4018824667725336,2.576207892166852,False,False
2022-05-09,27.254686491791148,0.4895150476601607,0.8500699756982458,2.1642341470298314,2.753853161143257,False,False,-11.090354580650711,0.31755709624673056,1.8498993669123107,2.553509487614962,3.307381177813924,False,False,25.404889227370468,0.4622552014453189,1.0135465757877429,2.1626836098523934,2.645423165890226,False,False,-10.739201809066884,0.20034779006007433,1.8765625309367036,2.4018824667725336,2.576207892166852,False,False
2022-05-16,27.294487318490045,0.44806614421293467,0.8886683294926749,2.1642341470298314,2.753853161143257,False,False,-11.125144727223244,0.32999756096197697,1.7683928310994186,2.553509487614962,3.307381177813924,False,False,25.44324717880131,0.42962803771496183,1.0493638669652936,2.1626836098523934,2.645423165890226,False,False,-10.761287122623981,0.20949841400198876,1.785953557559582,2.4018824667725336,2.576207892166852,False,False
2022-05-23,27.346058119387614,0.4047288388822211,0.9714531711605044,2.1642341470298314,2.753853161143257,False,False,-11.121403410230307,0.335158620558433,1.6109962403262614,2.553509487614962,3.307381177813924,False,False,25.52149121198741,0.39652919744818543,1.1919329086645054,2.1626836098523934,2.645423165890226,False,False,-10.73575250533469,0.21286211361513843,1.5264906165649736,2.4018824667725336,2.576207892166852,False,False
2022-05-30,27.34256127832946,0.3622490432758936,0.9337533450394622,2.1642341470298314,2.753853161143257,False,False,-11.10443668490239,0.3357071656405506,1.4434459683085978,2.553509487614962,3.307381177813924,False,False,25.5331054175545,0.36341183382262887,1.1871275420703167,2.1626836098523934,2.645423165890226,False,False,-10.716004189068531,0.21237356075162409,1.329048820646663,2.4018824667725336,2.576207892166852,False,False
2022-06-06,27.35776243846832,0.3270706979398677,0.9422765823473721,2.1642341470298314,2.753853161143257,False,False,-11.143425491999675,0.3331143498917129,1.4507017386596712,2.553509487614962,3.307381177813924,False,False,25.572581975596442,0.3360727780421975,1.2558721056760664,2.1626836098523934,2.645423165890226,False,False,-10.742140942229366,0.2095428399239835,1.3544580676263043,2.4018824667725336,2.576207892166852,False,False
2022-06-13,27.32175665810053,0.28783956891114243,0.8029080917341896,2.1642341470298314,2.753853161143257,False,False,-11.195967808438752,0.3298396200795091,1.498433672000099,2.553509487614962,3.307381177813924,False,False,25.53548378357829,0.3057111397340999,1.1146291523039185,2.1626836098523934,2.645423165890226,False,False,-10.783279450873973,0.2063890752386241,1.4491047795093324,2.4018824667725336,2.576207892166852,False,False
2022-06-20,27.31195874619798,0.2543952921307102,0.732764831298662,2.1642341470298314,2.753853161143257,False,False,-11.23557510270526,0.32492451098544994,1.5129465320286863,2.553509487614962,3.307381177813924,False,False,25.595079068609156,0.2820243140015178,1.2721261485213127,2.1626836098523934,2.645423165890226,False,False,-10.826696596340806,0.20295411249991938,1.5534850099788995,2.4018824667725336,2.576207892166852,False,False
2022-06-27,27.039888396109166,0.2268146843414662,0.46053768537823747,2.1642341470298314,2.753853161143257,False,False,-11.278725160410586,0.31917739155950803,1.5416047911210577,2.553509487614962,3.307381177813924,False,False,25.419942240617566,0.257412168749075,0.5984536188374824,2.1626836098523934,2.645423165890226,False,False,-10.889935159384672,0.20148774999068825,1.7358466235228285,2.4018824667725336,2.576207892166852,False,False
2022-07-04,27.052411752797465,0.20222330356624207,0.5350969743117412,2.1642341470298314,2.753853161143257,False,False,-11.317522383414584,0.3117523990494919,1.564246935009719,2.553509487614962,3.307381177813924,False,False,25.41227450119885,0.23550891578234104,0.5121494726663436,2.1626836098523934,2.645423165890226,False,False,-10.92902567519811,0.1996176368310445,1.7991388422451124,2.4018824667725336,2.576207892166852,False,False
2022-07-11,26.958997505303866,0.18639938949905385,1.1305391906322242,2.1642341470298314,2.753853161143257,False,False,-11.338197077341533,0.30300454784426245,1.538389886398759,2.553509487614962,3.307381177813924,False,False,25.394105561761158,0.21467581407916334,0.37259476234821337,2.1626836098523934,2.645423165890226,False,False,-10.951386755488041,0.19699141221736174,1.7868031444171226,2.4018824667725336,2.576207892166852,False,False
2022-07-18,26.95292853272802,0.17207936216424277,1.304610698505086,2.1642341470298314,2.753853161143257,False,False,-11.352943715343624,0.2952316925469241,1.4940879920824548,2.553509487614962,3.307381177813924,False,False,25.405132153142794,0.19149170411643862,0.36044678123074847,2.1626836098523934,2.645423165890226,False,False,-10.967535782380164,0.1951471108714239,1.7420234834902923,2.4018824667725336,2.576207892166852,False,False
2022-07-25,26.94207700921437,0.16476730429344302,1.4531148023056621,2.1642341470298314,2.753853161143257,False,False,-11.363487362237377,0.2880978059840195,1.4378093265027183,2.553509487614962,3.307381177813924,False,False,25.409032581079067,0.1695191739721017,0.3138233816144914,2.1626836098523934,2.645423165890226,False,False,-10.980193251334875,0.19393996190386692,1.6802300880964778,2.4018824667725336,2.576207892166852,False,False
2022-08-01,26.933237807317248,0.16440769365123808,1.5114344810097986,2.1642341470298314,2.753853161143257,False,False,-11.271718165386277,0.2768060165623802,1.0523158925748468,2.553509487614962,3.307381177813924,False,False,25.40015343704887,0.15428923597811867,0.19006370518030966,2.1626836098523934,2.645423165890226,False,False,-10.943604058204839,0.1909828673038444,1.3933072953547385,2.4018824667725336,2.576207892166852,False,False
2022-08-08,26.91751922546905,0.16890842714359727,1.544806376863599,2.1642341470298314,2.753853161143257,False,False,-11.318424972848621,0.2697708376458613,1.1429690821043412,2.553509487614962,3.307381177813924,False,False,25.434416348833714,0.14206347978304265,0.34936442036682647,2.1626836098523934,2.645423165890226,False,False,-10.970942158312546,0.1912248039915888,1.4216382897233069,2.4018824667725336,2.576207892166852,False,False
2022-08-15,26.95209433689826,0.17223531905514533,1.2972779792635112,2.1642341470298314,2.753853161143257,False,False,-11.358562923088869,0.2652886107947254,1.2050912011257742,2.553509487614962,3.307381177813924,False,False,25.47574477816683,0.13019025578536095,0.58641600733879,2.1626836098523934,2.645423165890226,False,False,-10.996651007323003,0.1932481704029372,1.4326547427698781,2.4018824667725336,2.576207892166852,False,False
2022-08-22,26.979904167285063,0.17587386583035997,1.0865749610459612,2.1642341470298314,2.753853161143257,False,False,-11.516519172628339,0.2688762933666553,1.6525030315537457,2.553509487614962,3.307381177813924,False,False,25.46658807212391,0.11970199040174433,0.4571683084483646,2.1626836098523934,2.645423165890226,False,False,-11.10579200900723,0.20090936722896297,1.8011194270085085,2.4018824667725336,2.576207892166852,False,False
2022-08-29,26.93268844913893,0.1807983012465014,1.2909864912563813,2.1642341470298314,2.753853161143257,False,False,-11.578802426472393,0.27359156911530313,1.72404755907321,2.553509487614962,3.307381177813924,False,False,25.4206171479957,0.10464451505868863,0.02431269303625839,2.1626836098523934,2.645423165890226,False,False,-11.162631647712452,0.20976719791872359,1.8718915664047013,2.4018824667725336,2.576207892166852,False,False
2022-09-05,26.867660885824538,0.18979653024164056,1.5238987901742522,2.1642341470298314,2.753853161143257,False,False,-11.618001802786726,0.27771401889463765,1.7115325066097582,2.553509487614962,3.307381177813924,False,False,25.382046394750013,0.09165225435822152,0.5372832740881298,2.1626836098523934,2.645423165890226,False,False,-11.204539932693404,0.21851150592982932,1.8638084692674148,2.4018824667725336,2.576207892166852,False,False
2022-09-12,26.802054240421654,0.20158246726296492,1.7094786156848936,2.1642341470298314,2.753853161143257,False,False,-11.689844871617664,0.2790912136482094,1.8177378789537713,2.553509487614962,3.307381177813924,False,False,25.286744519487602,0.07490791615495714,2.009193038507372,2.1626836098523934,2.645423165890226,False,False,-11.269818073954685,0.22582960269877955,1.953853479969562,2.4018824667725336,2.576207892166852,False,False
2022-09-19,26.91021789363956,0.2054033189021481,1.085983250582628,2.1642341470298314,2.753853161143257,False,False,-11.728061780127394,0.27836096949245487,1.813351249195576,2.553509487614962,3.307381177813924,False,False,25.387380293743927,0.06721791375809998,0.8112147098427804,2.1626836098523934,2.645423165890226,False,False,-11.320017025063573,0.2323803148336784,1.9720074642520895,2.4018824667725336,2.576207892166852,False,False
2022-09-26,26.698633561731008,0.21204263461360084,1.914162329669706,2.1642341470298314,2.753853161143257,False,False,-11.767262811669625,0.2763168311093868,1.8192703543711104,2.553509487614962,3.307381177813924,False,False,25.181503611388422,0.08442508234630627,2.966591554449345,2.1735527825041805,2.7099503059262156,True,True,-11.35918167192806,0.23821056654604225,1.9455508508700852,2.4018824667725336,2.576207892166852,False,False
2022-10-03,26.11055100410634,0.2780104889048099,3.391495530014527,2.179429864475956,2.8049321656500066,True,True,-11.863339773955715,0.2780997564673061,1.996502699304246,2.553509487614962,3.307381177813924,False,False,24.674701118448667,0.1700594065445652,4.2689038079042785,2.1781880840071497,2.8592401859286722,True,True,-11.433136948957912,0.24613861820752128,2.0370461272509206,2.4018824667725336,2.576207892166852,False,False
2022-10-10,25.953832395942506,0.34606803017776727,3.024785989959187,2.190832809935903,2.924421309476359,True,True,-11.92325147064597,0.2829877775513699,2.0206806186021513,2.553509487614962,3.307381177813924,False,False,24.56740823735946,0.23577471586533302,3.396322581616058,2.219035589272628,3.142781275587708,True,True,-11.472851584277986,0.254791557097613,1.9833623459374305,2.4018824667725336,2.576207892166852,False,False
2022-10-17,25.927734292083116,0.4007425175038187,2.5501897543259684,2.21028848424408,2.924421309476359,True,False,-11.916998361268831,0.28665835078942437,1.8333334976635278,2.553509487614962,3.307381177813924,False,False,24.569066211111643,0.28289725769845986,2.7117853940481034,2.2263638279668854,3.142781275587708,True,False,-11.461310246607471,0.26050071488627746,1.7672011784772768,2.4018824667725336,2.576207892166852,False,False
2022-10-24,25.80443802390456,0.4544610361455331,2.398609456173963,2.2138858587712265,2.924421309476359,True,False,-11.917097101868926,0.28904989148727195,1.6883098057814991,2.553509487614962,3.307381177813924,False,False,24.501045691543496,0.3264184822430878,2.4530403168327624,2.248107987056066,3.142781275587708,True,False,-11.447084772338592,0.2630329795443468,1.5761571782913575,2.4018824667725336,2.576207892166852,False,False
2022-10-31,25.6871887015764,0.5045670502680966,2.2705241115163086,2.219599917619297,2.924421309476359,True,False,-11.875648511556033,0.2893991667721473,1.429505956401311,2.553509487614962,3.307381177813924,False,False,24.434981062484162,0.3662053448732827,2.2601079823378494,2.264288453135557,3.142781275587708,False,False,-11.397729823072002,0.2619327583114626,1.2882409588996655,2.4018824667725336,2.576207892166852,False,False
2022-11-07,25.731447702233258,0.5407590131438448,1.9283757093576972,2.219599917619297,2.924421309476359,False,False,-11.916257525281317,0.29229250934317336,1.4456112798879266,2.553509487614962,3.307381177813924,False,False,24.484607256882267,0.39523126354745025,1.8790061334108956,2.264288453135557,3.142781275587708,False,False,-11.411845083849016,0.26216795171464874,1.2422451760311028,2.4018824667725336,2.576207892166852,False,False
2022-11-14,25.673166544194512,0.571002328202831,1.8190980333683506,2.219599917619297,2.924421309476359,False,False,-12.075635970762518,0.303572796041067,1.7964799402510458,2.553509487614962,3.307381177813924,False,False,24.499294316228685,0.41733372674413816,1.657304419274265,2.264288453135557,3.142781275587708,False,False,-11.503929894897258,0.26578681190003345,1.4643258559161738,2.4018824667725336,2.576207892166852,False,False
2022-11-21,25.64081281200198,0.5927643444998836,1.6962501132671923,2.219599917619297,2.924421309476359,False,False,-12.088540604860487,0.31063954948569367,1.677408717098373,2.553509487614962,3.307381177813924,False,False,24.53363913184188,0.4307871941464063,1.4376237540774295,2.264288453135557,3.142781275587708,False,False,-11.496694277252683,0.2642775741040167,1.3345661021382764,2.4018824667725336,2.576207892166852,False,False
2022-11-28,25.71238391906116,0.602309336330571,1.446443376661727,2.219599917619297,2.924421309476359,False,False,-12.12833908489321,0.3144692720591354,1.6583086266672353,2.553509487614962,3.307381177813924,False,False,24.617470981685734,0.43586293281420513,1.1477492272891956,2.264288453135557,3.142781275587708,False,False,-11.516326020995779,0.2589887678657051,1.3187677195115965,2.4018824667725336,2.576207892166852,False,False
2022-12-05,25.6884344925599,0.6054484507866862,1.372455168828929,2.219599917619297,2.924421309476359,False,False,-12.165720136463708,0.3180972781050798,1.6333026694092678,2.553509487614962,3.307381177813924,False,False,24.60375546447928,0.43683385680827935,1.0912943124673862,2.264288453135557,3.142781275587708,False,False,-11.532108528635483,0.2524586938707048,1.2950441939487913,2.4018824667725336,2.576207892166852,False,False
2022-12-12,25.72423019311144,0.6018142679375929,1.2191665580279984,2.219599917619297,2.924421309476359,False,False,-12.180084944228899,0.3209223368041372,1.5457424593662399,2.553509487614962,3.307381177813924,False,False,24.652333772933403,0.4343666611780263,0.9074561242872932,2.264288453135557,3.142781275587708,False,False,-11.549890071785487,0.2458968677197585,1.2820077290989191,2.4018824667725336,2.576207892166852,False,False
2022-12-19,25.719494557699907,0.5923827878600755,1.14317778346822,2.219599917619297,2.924421309476359,False,False,-12.201598176155684,0.3228415994186291,1.4881037058262143,2.553509487614962,3.307381177813924,False,False,24.68058089794654,0.4250955917024435,0.7780568929697431,2.264288453135557,3.142781275587708,False,False,-11.571425998220345,0.2397744460293124,1.2851001346544786,2.4018824667725336,2.576207892166852,False,False
2022-12-26,25.633638263837202,0.5954973824581015,1.190548629748622,2.219599917619297,2.924421309476359,False,False,-12.260703938097446,0.3264295666639771,1.5371129920396416,2.553509487614962,3.307381177813924,False,False,24.65694681491806,0.4220847473932333,0.7700744042979517,2.264288453135557,3.142781275587708,False,False,-11.625186829583486,0.23732469759386018,1.40573693860037,2.4018824667725336,2.576207892166852,False,False
2023-01-02,25.586898574333915,0.5949821971498285,1.175400531441777,2.219599917619297,2.924421309476359,False,False,-12.337585475811416,0.33249706619827124,1.622292418772711,2.553509487614962,3.307381177813924,False,False,24.65110976746229,0.41741738652081767,0.722533729846576,2.264288453135557,3.142781275587708,False,False,-11.678749818389637,0.237059091353407,1.5116211601135447,2.4018824667725336,2.576207892166852,False,False
2023-01-09,25.574506636612902,0.5943176293016222,1.1079676038338147,2.219599917619297,2.924421309476359,False,False,-12.371684276022046,0.33705215355336,1.5836028837068246,2.553509487614962,3.307381177813924,False,False,24.66497715688992,0.41102027793939494,0.6318115322013447,2.264288453135557,3.142781275587708,False,False,-11.70306375001948,0.2360885577011797,1.4983649361306977,2.4018824667725336,2.576207892166852,False,False
2023-01-16,25.537625538769127,0.5905427484689426,1.0853254038291094,2.219599917619297,2.924421309476359,False,False,-12.376515054217858,0.3379156712318817,1.4773490980289488,2.553509487614962,3.307381177813924,False,False,24.636710101649903,0.4026313363827299,0.6417774504190902,2.264288453135557,3.142781275587708,False,False,-11.711042035592156,0.2330040155265521,1.4297123040848336,2.4018824667725336,2.576207892166852,False,False
2023-01-23,25.48872969782596,0.5841293340659302,1.0852543733355502,2.219599917619297,2.924421309476359,False,False,-12.360056748887859,0.3337985177655487,1.3314364544068304,2.553509487614962,3.307381177813924,False,False,24.618601015787892,0.3919750120589158,0.6278654933694993,2.264288453135557,3.142781275587708,False,False,-11.708922244768504,0.22700066795154666,1.3347136006292153,2.4018824667725336,2.576207892166852,False,False
2023-01-30,25.560129492110292,0.5698091242020568,0.8945403647947995,2.219599917619297,2.924421309476359,False,False,-12.336985467455703,0.3165323652120131,1.2017362394607494,2.553509487614962,3.307381177813924,False,False,24.661113879699858,0.37814563258979983,0.4632345503071327,2.264288453135557,3.142781275587708,False,False,-11.69719113682897,0.21330364901895973,1.229541330984829,2.4018824667725336,2.576207892166852,False,False
2023-02-06,25.479043591525805,0.5538221962200447,0.9668756148551856,2.219599917619297,2.924421309476359,False,False,-12.22167700629421,0.2923315131379406,0.787939308282808,2.553509487614962,3.307381177813924,False,False,24.616091155792724,0.35998997576584957,0.5242334864541834,2.264288453135557,3.142781275587708,False,False,-11.604786997754683,0.19345090271664261,0.752040252749048,2.4018824667725336,2.576207892166852,False,False
2023-02-13,25.50541348681382,0.5279252241329746,0.8589582185438048,2.219599917619297,2.924421309476359,False,False,-12.207135805692399,0.26494624566621877,0.6913133289627396,2.553509487614962,3.307381177813924,False,False,24.633383494347754,0.33417132198916705,0.4160379466004793,2.264288453135557,3.142781275587708,False,False,-11.599533736979716,0.17055417906127637,0.6862441503825538,2.4018824667725336,2.576207892166852,False,False
2023-02-20,25.432971039881956,0.49435513202175396,0.9434730192704759,2.219599917619297,2.924421309476359,False,False,-12.232596262603579,0.246674080590552,0.734085644620014,2.553509487614962,3.307381177813924,False,False,24.566115617430214,0.3047131127218524,0.5633570214538723,2.264288453135557,3.142781275587708,False,False,-11.622295144701988,0.15422058400320496,0.777702347469061,2.4018824667725336,2.576207892166852,False,False
2023-02-27,25.414822847482025,0.4555496641857897,0.9355280196386291,2.219599917619297,2.924421309476359,False,False,-12.26987224734285,0.23039574775640534,0.8323776787251236,2.553509487614962,3.307381177813924,False,False,24.546996160478773,0.2729121375512019,0.5759396512391585,2.264288453135557,3.142781275587708,False,False,-11.644099734527463,0.14005158407269905,0.8798493605742803,2.4018824667725336,2.576207892166852,False,False
2023-03-06,25.3634959716205,0.41352640678620134,1.0148175484258997,2.219599917619297,2.924421309476359,False,False,-12.32372355915554,0.215085636654404,1.0158021169662825,2.553509487614962,3.307381177813924,False,False,24.486730946126773,0.2382411813225712,0.768175027901453,2.264288453135557,3.142781275587708,False,False,-11.686492700335913,0.12787310796901163,1.150207576314977,2.4018824667725336,2.576207892166852,False,False
2023-03-13,25.47017019557904,0.36147834052874384,0.7241189626623559,2.219599917619297,2.924421309476359,False,False,-12.355768537172338,0.20294851138063344,1.1082464850523819,2.553509487614962,3.307381177813924,False,False,24.53833380895963,0.2033720041277643,0.5046074870974367,2.264288453135557,3.142781275587708,False,False,-11.732862344352561,0.1208774303768164,1.4530493082680016,2.4018824667725336,2.576207892166852,False,False
2023-03-20,25.529282903347145,0.2717355262406488,0.5502693410284623,2.219599917619297,2.924421309476359,False,False,-12.349246980327361,0.18977019911803716,1.0249432206635063,2.5478209100533866,3.108833224080843,False,False,24.61098260551311,0.13484367708332545,0.0008364489199909384,2.264288453135557,3.142781275587708,False,False,-11.745656608674434,0.11619942081879388,1.4807679460695449,2.4018824667725336,2.576207892166852,False,False
2023-03-27,25.654555424603316,0.17488596543109294,0.09092578519094176,2.219599917619297,2.924421309476359,False,False,-12.310876168555708,0.17472132945962604,0.7739447821424174,2.5478209100533866,3.108833224080843,False,False,24.752353597577585,0.07538576170459181,2.092755560348154,2.264288453135557,3.142781275587708,False,False,-11.707919543914485,0.11044491020903309,1.0947930297115471,2.4018824667725336,2.576207892166852,False,False
2023-04-03,25.708612884986746,0.14705389277599368,0.5808636610995329,2.219599917619297,2.924421309476359,False,False,-12.29603887709049,0.1640660815092217,0.632337260981772,2.5478209100533866,3.108833224080843,False,False,24.811494762919533,0.08531954111938024,2.480602222251413,2.345917959170786,3.142781275587708,True,False,-11.69653624393523,0.10781560585182641,0.921947013002988,2.4018824667725336,2.576207892166852,False,False
2023-04-10,25.78254562157995,0.13499098621506503,1.2292594983025948,2.219599917619297,2.924421309476359,False,False,-12.311959078374985,0.15608545148141886,0.6708825472664155,2.5221360369077854,3.108833224080843,False,False,24.88575807137036,0.10174045948616653,2.689814148177799,2.3904113328164573,3.142781275587708,True,False,-11.698408700992836,0.10648153083783249,0.8696105172363209,2.392098239340706,2.5547895335789432,False,False
2023-04-17,25.83246355876838,0.1272806130517836,1.7247021591801066,2.219599917619297,2.924421309476359,False,False,-12.330752274185816,0.14608135916123535,0.7365388005316377,2.486096635069997,3.108833224080843,False,False,24.934117206328704,0.11924752016209722,2.582708965475584,2.4418801084005457,3.142781275587708,True,False,-11.703476977975747,0.10389617937788537,0.8503838309293537,2.380110695168681,2.5547895335789432,False,False
2023-04-24,25.85005481306103,0.13030434354521972,1.806216923785963,2.219599917619297,2.924421309476359,False,False,-12.34044402972801,0.13366883191233953,0.7556269401430364,2.478726380069945,2.9677823132330947,False,False,24.95148935545942,0.132348488579427,2.327408764285008,2.4418801084005457,3.142781275587708,False,False,-11.711055865472204,0.0996283902354919,0.8609773176169907,2.3785015549796102,2.5475767053926184,False,False
2023-05-01,25.852953644024893,0.13783104379499045,1.682358055369602,2.219599917619297,2.924421309476359,False,False,-12.409709022916397,0.11530150173491184,1.2985778371262289,2.45545509788169,2.9677823132330947,False,False,24.941002250060578,0.13756777146679044,2.021400583345201,2.4418801084005457,3.142781275587708,False,False,-11.761320124067181,0.09160569768851876,1.332425859005923,2.2911626471071913,2.5475767053926184,False,False
2023-05-08,25.845470946703152,0.1431931351203875,1.5364770098727192,2.219599917619297,2.924421309476359,False,False,-12.430610845565305,0.09657209037125848,1.5620142092648297,2.450171871037399,2.9677823132330947,False,False,24.919046764260948,0.1413741576532944,1.6934840132361393,2.4418801084005457,3.142781275587708,False,False,-11.775195645700236,0.08281824228207271,1.4726018941632966,2.265251865645597,2.5475767053926184,False,False
2023-05-15,25.872821877112358,0.15099489699419022,1.5873704608469739,2.219599917619297,2.924421309476359,False,False,-12.421222870115571,0.09097322538355007,1.4088452681208685,2.450171871037399,2.9677823132330947,False,False,24.925156595484307,0.1442846796142058,1.5881477456492674,2.4418801084005457,3.142781275587708,False,False,-11.772238883963267,0.08014270964139943,1.3561054112425797,2.265251865645597,2.5475767053926184,False,False
2023-05-22,25.89042893790262,0.1592143470465091,1.555709547445295,2.219599917619297,2.924421309476359,False,False,-12.404504975803475,0.08334458078839906,1.1914011331080168,2.450171871037399,2.9677823132330947,False,False,24.90849318530404,0.14612750255315496,1.3554225688214938,2.4418801084005457,3.142781275587708,False,False,-11.775834945647238,0.0754553260952219,1.3457213639039678,2.265251865645597,2.5475767053926184,False,False
2023-05-29,25.872688891642827,0.1650174297828826,1.3561334578816626,2.219599917619297,2.924421309476359,False,False,-12.37965856840188,0.0762860119753409,0.849228907495576,2.450171871037399,2.9677823132330947,False,False,24.904448381953575,0.14962167651538077,1.2229653047551499,2.4418801084005457,3.142781275587708,False,False,-11.768736169988431,0.07038554740216874,1.203869106112806,2.265251865645597,2.5475767053926184,False,False
2023-06-05,25.831714772256447,0.16874081371470825,1.0507283589805252,2.219599917619297,2.924421309476359,False,False,-12.355469013380826,0.07028657625382052,0.4737276964258049,2.450171871037399,2.9677823132330947,False,False,24.88564041615583,0.15095792161747024,1.0157295679903005,2.4418801084005457,3.142781275587708,False,False,-11.760236285165805,0.06468134757361296,1.0429738906254542,2.265251865645597,2.5475767053926184,False,False
2023-06-12,25.835033795033635,0.1719434270459727,1.025675171755888,2.219599917619297,2.924421309476359,False,False,-12.330644711302865,0.06403629437389646,0.04187680649795715,2.450171871037399,2.9677823132330947,False,False,24.8848324845782,0.15290469374942203,0.9390309170411325,2.4418801084005457,3.142781275587708,False,False,-11.748006362098469,0.058554784858249984,0.8131047950724841,2.265251865645597,2.5475767053926184,False,False
2023-06-19,25.741024175972335,0.17229951400696714,0.4731320528381429,2.219599917619297,2.924421309476359,False,False,-12.331339749520946,0.05862152188094368,0.027522089769378266,2.450171871037399,2.9677823132330947,False,False,24.830594212623822,0.15335347005590996,0.5449776906538936,2.4418801084005457,3.142781275587708,False,False,-11.747719579582164,0.052963291095638396,0.765508914336434,2.265251865645597,2.5475767053926184,False,False
2023-06-26,25.767191270524393,0.173484250054199,0.5911249187277229,2.219599917619297,2.924421309476359,False,False,-12.335294662657082,0.05673926873074899,0.009294227521971746,2.450171871037399,2.9677823132330947,False,False,24.86126724025632,0.15378761694536722,0.6917902222094809,2.4418801084005457,3.142781275587708,False,False,-11.75066604684703,0.05086901226584724,0.7600740267612134,2.265251865645597,2.5475767053926184,False,False
2023-07-03,25.788160131777307,0.174364563353035,0.6640047330023804,2.219599917619297,2.924421309476359,False,False,-12.350545924809431,0.05681226583773334,0.2503937391328382,2.450171871037399,2.9677823132330947,False,False,24.872961971830506,0.15395434807338793,0.7115792801810659,2.4418801084005457,3.142781275587708,False,False,-11.761634661689408,0.051297136295467644,0.9054102158193464,2.265251865645597,2.5475767053926184,False,False
2023-07-10,25.85107275512892,0.17657682382224138,0.9517350954881746,2.219599917619297,2.924421309476359,False,False,-12.370028465096013,0.05677195205749371,0.5948652419017783,2.450171871037399,2.9677823132330947,False,False,24.915802590628978,0.15539145888688294,0.9186104045673278,2.4418801084005457,3.142781275587708,False,False,-11.776085697339136,0.05258939144230851,1.1045469222109574,2.265251865645597,2.5475767053926184,False,False
2023-07-17,25.86694972556414,0.17753925715208832,0.9646599776704025,2.219599917619297,2.924421309476359,False,False,-12.386130045037655,0.057075185948123046,0.8673372284994734,2.450171871037399,2.9677823132330947,False,False,24.93134817729647,0.15579326518669112,0.9432857301441211,2.4418801084005457,3.142781275587708,False,False,-11.784524467130343,0.054151924022475435,1.1763196605251653,2.265251865645597,2.5475767053926184,False,False
2023-07-24,25.96040241455542,0.17963218480551496,1.3726740938014121,2.219599917619297,2.924421309476359,False,False,-12.389572285592976,0.05784814186347936,0.8956287882804309,2.450171871037399,2.9677823132330947,False,False,24.98634575539632,0.15682944029581694,1.1975501105040147,2.4418801084005457,3.142781275587708,False,False,-11.793465989774237,0.05591814939605108,1.2409175513858681,2.265251865645597,2.5475767053926184,False,False
2023-07-31,25.997187891044014,0.18504242684916222,1.440491184115444,2.219599917619297,2.924421309476359,False,False,-12.36107977877566,0.058027918760382706,0.3858702945226931,2.450171871037399,2.9677823132330947,False,False,25.007042761295242,0.1593581418955302,1.2249337256893311,2.4418801084005457,3.142781275587708,False,False,-11.782852280285033,0.05678752908313473,0.9770004976348778,2.265251865645597,2.5475767053926184,False,False
2023-08-07,26.03650239596553,0.18701024462348134,1.5209100806751574,2.219599917619297,2.924421309476359,False,False,-12.374125366264382,0.05323577425057786,0.5555181557374647,2.450171871037399,2.9677823132330947,False,False,25.046493399082596,0.16056095890114275,1.3583617668753132,2.4418801084005457,3.142781275587708,False,False,-11.792999358150215,0.052359692342506946,1.1151628760272243,2.265251865645597,2.5475767053926184,False,False
2023-08-14,26.04538135051335,0.1884984555112552,1.4458300217279594,2.219599917619297,2.924421309476359,False,False,-12.395625950732764,0.04613461817306702,0.9499244682556711,2.450171871037399,2.9677823132330947,False,False,25.0476801046567,0.16099088442899329,1.2631279659567398,2.4418801084005457,3.142781275587708,False,False,-11.810143401232551,0.046601378287206834,1.4470227911560565,2.265251865645597,2.5475767053926184,False,False
2023-08-21,25.97633613480092,0.17920165551663325,1.018923917258487,2.21044815993443,2.924421309476359,False,False,-12.40702188949847,0.0404372578229958,1.1996773781443442,2.450171871037399,2.9677823132330947,False,False,24.996073906833548,0.15316215450233298,0.8827835682895073,2.4418801084005457,3.142781275587708,False,False,-11.81978280816289,0.04206308676027349,1.6517328945280398,2.265251865645597,2.5475767053926184,False,False
2023-08-28,26.00437779488806,0.16616242237358106,1.1311782768664784,2.21044815993443,2.924421309476359,False,False,-12.395435077274685,0.03675848926453328,0.8731455576673997,2.450171871037399,2.9677823132330947,False,False,25.025135590970667,0.1422876614739939,1.025252209562926,2.4418801084005457,3.142781275587708,False,False,-11.812279458548613,0.03779191305191726,1.4687053135656933,2.265251865645597,2.5475767053926184,False,False
2023-09-04,25.937753361318435,0.13959206392852808,0.7109864527901069,2.21044815993443,2.924421309476359,False,False,-12.39067368731425,0.03621325318144783,0.6837031899403577,2.450171871037399,2.9677823132330947,False,False,24.988343949278637,0.1190449254256813,0.7543059016845787,2.4418801084005457,3.142781275587708,False,False,-11.813608375100465,0.03653757286305779,1.4216881849728695,2.265251865645597,2.5475767053926184,False,False
2023-09-11,25.94360966901054,0.11897963401805499,0.7303364501231814,2.21044815993443,2.924421309476359,False,False,-12.388426037603267,0.036413072980460766,0.583730170475201,2.450171871037399,2.9677823132330947,False,False,24.99986500444201,0.09520731286216845,0.8777282189687965,2.4418801084005457,3.142781275587708,False,False,-11.81535872817943,0.037505624816472675,1.3470633040694011,2.265251865645597,2.5475767053926184,False,False
2023-09-18,25.899788182105592,0.0986444007301059,0.29219573942616944,2.21044815993443,2.924421309476359,False,False,-12.39806611059374,0.03670934763448926,0.7904750506985744,2.450171871037399,2.9677823132330947,False,False,24.967595124204948,0.07242454086206165,0.5188903976940625,2.4418801084005457,3.142781275587708,False,False,-11.824141843005254,0.0390277682150279,1.442227045709931,2.265251865645597,2.5475767053926184,False,False
2023-09-25,25.911327110921846,0.08843715411246893,0.3447257959012175,2.21044815993443,2.924421309476359,False,False,-12.42663467622877,0.03639022729611511,1.4601211017460969,2.450171871037399,2.9677823132330947,False,False,24.970160953723028,0.06304172560994346,0.5039364328282232,2.4418801084005457,3.142781275587708,False,False,-11.84952830415844,0.040192627759499874,1.8965386807775313,2.265251865645597,2.5475767053926184,False,False
2023-10-02,25.88583088975301,0.0811622724241743,0.022494810483273238,2.21044815993443,2.924421309476359,False,False,-12.436578625833567,0.034828196873044094,1.6559201624983502,2.450171871037399,2.9677823132330947,False,False,24.939213596383976,0.05748978152133147,0.07115347689884013,2.4418801084005457,3.142781275587708,False,False,-11.861476263069276,0.04060627341496271,2.0152301200556693,2.265251865645597,2.5475767053926184,False,False
2023-10-09,25.873721903928804,0.07836044431585906,0.2225803593049116,2.21044815993443,2.924421309476359,False,False,-12.443178647500483,0.034241457578745395,1.7296526718065202,2.3837691047264817,2.9677823132330947,False,False,24.924934360503396,0.056424724707130426,0.3522678077104654,2.4418801084005457,3.142781275587708,False,False,-11.872651228869998,0.041038884774906505,2.1029888077017,2.265251865645597,2.5475767053926184,False,False
2023-10-16,25.874174252381106,0.07753322537807776,0.23981209029788858,2.21044815993443,2.924421309476359,False,False,-12.44822786237085,0.034688401339436056,1.7226724004944647,2.3480706424716975,2.9677823132330947,False,False,24.92632977850714,0.05650437307781884,0.32177473396251705,2.4418801084005457,3.142781275587708,False,False,-11.882549783288251,0.0415975810341183,2.1471309622125165,2.2594098426533917,2.5475767053926184,False,False
2023-10-23,25.86980251815698,0.07719405095638138,0.30733801238213404,2.21044815993443,2.924421309476359,False,False,-12.461091401060504,0.036049631192836114,1.885733765706219,2.338211797854895,2.9677823132330947,False,False,24.92066627255179,0.05667520282574553,0.39981652030600967,2.4418801084005457,3.142781275587708,False,False,-11.896583477221593,0.042831226949555205,2.2463393557036992,2.2594098426533917,2.5475767053926184,False,False
2023-10-30,25.876365937689464,0.07683755635225128,0.23506368951440285,2.21044815993443,2.924421309476359,False,False,-12.449419447346486,0.037589287094820595,1.4573495079287282,2.338211797854895,2.9677823132330947,False,False,24.92570164507612,0.056779636456573614,0.30003406349787753,2.4418801084005457,3.142781275587708,False,False,-11.891132352040678,0.045575272449721725,1.8819320864091176,2.2594098426533917,2.5475767053926184,False,False
2023-11-06,25.87845391723125,0.07626711247295612,0.2260779932280679,2.21044815993443,2.924421309476359,False,False,-12.438553268852042,0.03792409797664219,1.1499040205180677,2.338211797854895,2.9677823132330947,False,False,24.92390206486625,0.05670654077274584,0.335448915268425,2.4418801084005457,3.142781275587708,False,False,-11.885153829253223,0.04771547345940917,1.5835928766568843,2.2594098426533917,2.5475767053926184,False,False
2023-11-13,25.858754454648473,0.07648546494818247,0.47591687694483314,2.21044815993443,2.924421309476359,False,False,-12.4323300002292,0.03829272248847028,0.9651600722326912,2.338211797854895,2.9677823132330947,False,False,24.911129241653352,0.05694855860072617,0.5488366687907261,2.4418801084005457,3.142781275587708,False,False,-11.884755210961657,0.049269262359049215,1.4377263055097063,2.2594098426533917,2.5475767053926184,False,False
2023-11-20,25.860185240858605,0.07678959248121012,0.44025130476989954,2.21044815993443,2.924421309476359,False,False,-12.430493312760396,0.03887542416540428,0.8777362214121086,2.338211797854895,2.9677823132330947,False,False,24.909990924355792,0.05691365172795713,0.5701862181621672,2.4418801084005457,3.142781275587708,False,False,-11.880564189830107,0.05030138490385457,1.2448294551255514,2.2594098426533917,2.5475767053926184,False,False
2023-11-27,25.862203112046746,0.07693335272658555,0.40795762522881246,2.21044815993443,2.924421309476359,False,False,-12.432902720918362,0.03935921548615523,0.8761334194520152,2.338211797854895,2.9677823132330947,False,False,24.913265724949085,0.056704087422858845,0.5205216972087809,2.4418801084005457,3.142781275587708,False,False,-11.88246051193775,0.05079309596896277,1.1839986000148583,2.2594098426533917,2.5475767053926184,False,False
2023-12-04,25.855808824757645,0.07630075469929978,0.5072889468503784,2.21044815993443,2.924421309476359,False,False,-12.438176974382909,0.039090471784253226,0.9357037769741561,2.338211797854895,2.9677823132330947,False,False,24.907986720529166,0.0559679223951812,0.6370467932920524,2.4418801084005457,3.142781275587708,False,False,-11.886214892491337,0.050642209324089124,1.1659839649252934,2.2594098426533917,2.5475767053926184,False,False
2023-12-11,25.864372058455455,0.07559962604249056,0.41364874644885935,2.21044815993443,2.924421309476359,False,False,-12.441953007173485,0.03705069207909786,0.9735863098880242,2.3208844546481533,2.950391043655727,False,False,24.912914325723662,0.05505109276232387,0.5777660262836509,2.4418801084005457,3.142781275587708,False,False,-11.888862466888225,0.049352890759642117,1.1403189369258524,2.2483208127550958,2.5306882409581255,False,False
2023-12-18,25.852600118063943,0.06938279706445698,0.6822298224754298,2.21044815993443,2.924421309476359,False,False,-12.43886693832092,0.03429625702857762,0.8412088991457963,2.312137974545891,2.950391043655727,False,False,24.904548196769994,0.05065339111168765,0.8492454922179147,2.4418801084005457,3.142781275587708,False,False,-11.885303562260706,0.04721944830346764,1.004404781509636,2.2464099006504563,2.5306882409581255,False,False
2023-12-25,25.859292428743057,0.06451479059857057,0.6848825590883115,2.21044815993443,2.924421309476359,False,False,-12.437674191399251,0.031102581195365443,0.7626343089268834,2.3078526174045315,2.950391043655727,False,False,24.908825231964357,0.04821227722431473,0.8414720219761265,2.4418801084005457,3.142781275587708,False,False,-11.885000910086788,0.04457038674683662,0.9413887793129445,2.2090787777630316,2.5306882409581255,False,False
2024-01-01,25.859230662737986,0.0608339953171859,0.7722705471561109,2.21044815993443,2.924421309476359,False,False,-12.441329975795426,0.028702668937378082,0.8321172395278217,2.3078526174045315,2.950391043655727,False,False,24.913589409651287,0.046254590977872524,0.8078700445822651,2.4418801084005457,3.142781275587708,False,False,-11.88542184206638,0.04206771412616737,0.8942237374905835,2.2090787777630316,2.5306882409581255,False,False
2024-01-08,25.870502111054495,0.06024608052643548,0.6051204847592466,2.21044815993443,2.924421309476359,False,False,-12.43840965306626,0.027281706643657467,0.6720113760619177,2.3078526174045315,2.950391043655727,False,False,24.919415676083197,0.046150059330980556,0.6864649217777449,2.4418801084005457,3.142781275587708,False,False,-11.883508726411572,0.039964892009666006,0.7900228512270216,2.2090787777630316,2.5306882409581255,False,False
2024-01-15,25.89134940071741,0.05978622310845129,0.2767744134702389,2.21044815993443,2.924421309476359,False,False,-12.434991700375141,0.02652214867192955,0.4915276758682473,2.3078526174045315,2.950391043655727,False,False,24.92863125733404,0.046199612143168464,0.48399364537754763,2.4418801084005457,3.142781275587708,False,False,-11.881656899321158,0.03789778157277615,0.6856730655215426,2.2090787777630316,2.5306882409581255,False,False
2024-01-22,25.892827998152292,0.05887423892753282,0.21180203109552237,2.21044815993443,2.924421309476359,False,False,-12.43847330605629,0.025859480072936893,0.5660271303310738,2.3078526174045315,2.950391043655727,False,False,24.935995047081608,0.0457110815804773,0.28570672127343205,2.4418801084005457,3.142781275587708,False,False,-11.885160760532026,0.036101396926955735,0.7191585239387442,2.2090787777630316,2.5306882409581255,False,False
2024-01-29,25.877017707553478,0.05601961383844237,0.42231715336076014,2.21044815993443,2.924421309476359,False,False,-12.431896876906151,0.022495817874237985,0.23724425729940193,2.3078526174045315,2.950391043655727,False,False,24.927839157441134,0.04430974172421351,0.41005791777923833,2.4418801084005457,3.142781275587708,False,False,-11.882211054257294,0.03280486432715449,0.5850178056939592,2.2090787777630316,2.5306882409581255,False,False
2024-02-05,25.894498231358437,0.04869029833271037,0.014701520209072274,2.21044815993443,2.924421309476359,False,False,-12.424734851933673,0.019806045956975934,0.19042367448504666,2.3078526174045315,2.950391043655727,False,False,24.933528047273157,0.03932002645662518,0.20691362917270326,2.4418801084005457,3.142781275587708,False,False,-11.878542870590218,0.029638260301906236,0.41274726853830807,2.2090787777630316,2.5306882409581255,False,False
2024-02-12,25.89614974029288,0.03787492347334574,0.17624761276121728,2.21044815993443,2.924421309476359,False,False,-12.428419332970307,0.0186381424049565,0.07234320429745766,2.3078526174045315,2.950391043655727,False,False,24.935342225761197,0.032843119394911566,0.06092549283692169,2.4418801084005457,3.142781275587708,False,False,-11.880121525402231,0.02742876092030397,0.4054247843694042,2.2090787777630316,2.5306882409581255,False,False
2024-02-19,25.892411639123992,0.03349955881626922,0.18403612205644818,2.21044815993443,2.924421309476359,False,False,-12.427270513052811,0.01806389142988813,0.18135383992804,2.3078526174045315,2.950391043655727,False,False,24.930099357707316,0.03059577194873997,0.15382415055593826,2.4418801084005457,3.142781275587708,False,False,-11.878365965037561,0.02556690779960653,0.2781541213888312,2.2090787777630316,2.5306882409581255,False,False
2024-02-26,25.911061653742184,0.0239844805148248,1.1842752169489796,2.21044815993443,2.924421309476359,False,False,-12.42737552243598,0.01660796345078455,0.2648985448920788,2.3078526174045315,2.950391043655727,False,False,24.939511431521307,0.024481184696497838,0.32673835782193045,2.4418801084005457,3.142781275587708,False,False,-11.877797417278536,0.02257550302909101,0.17820517761257723,2.2090787777630316,2.5306882409581255,False,False
2024-03-04,25.900036846145866,0.021534300111448267,0.874421428617356,2.21044815993443,2.924421309476359,False,False,-12.435106098748744,0.014340797645044182,0.11311867720725066,2.3078526174045315,2.950391043655727,False,False,24.93650386254823,0.02161013442886336,0.32323827622718043,2.4418801084005457,3.142781275587708,False,False,-11.884485243201018,0.019018832788885803,0.4198398581881685,2.2090787777630316,2.5306882409581255,False,False
2024-03-11,25.874687998549057,0.017388303957640672,0.22244611430829245,2.21044815993443,2.924421309476359,False,False,-12.43852364751465,0.011027459756455586,0.2822889172959002,2.3078526174045315,2.950391043655727,False,False,24.91815597277664,0.01624643180044656,0.5059579978347921,2.4418801084005457,3.142781275587708,False,False,-11.88658620290257,0.014437719220928118,0.5088272871599387,2.2090787777630316,2.5306882409581255,False,False
2024-03-18,25.890487221707225,0.017025919502938833,0.7217813846908917,2.21044815993443,2.924421309476359,False,False,-12.440859086904243,0.008011877407369727,0.4746060339139501,2.3078526174045315,2.950391043655727,False,False,24.92779171293375,0.013915050033710068,0.2117583823101256,2.4418801084005457,3.142781275587708,False,False,-11.887786632656015,0.009149098112192578,0.6666076434624658,2.2090787777630316,2.5306882409581255,False,False
2024-03-25,25.879783443393855,0.015638119037462858,0.17894936189180818,2.21044815993443,2.924421309476359,False,False,-12.438096704755568,0.007725714914288543,0.07756640873443872,2.3078526174045315,2.950391043655727,False,False,24.92671893896016,0.01042710661828182,0.33995060784646447,2.4418801084005457,3.142781275587708,False,False,-11.88299987831383,0.006378243606560178,0.0038782076965698685,2.2090787777630316,2.5306882409581255,False,False
2024-04-01,25.887127423110577,0.015669490702557805,0.6440888643829353,2.21044815993443,2.924421309476359,False,False,-12.430604111225701,0.007842111355372515,0.8497135839715865,2.3078526174045315,2.950391043655727,False,False,24.931441518673477,0.010053611176560921,0.852052746185128,2.4418801084005457,3.142781275587708,False,False,-11.876297209626443,0.004862074821557886,1.4907152205574694,2.2090787777630316,2.5306882409581255,False,False
2024-04-08,25.8951172917322,0.01604582821697221,1.0756386849843016,2.21044815993443,2.924421309476359,False,False,-12.427025551139522,0.007993480579641202,1.2035852966728795,2.3078526174045315,2.950391043655727,False,False,24.9346464403585,0.010310323691736073,1.1054538640074232,2.4418801084005457,3.142781275587708,False,False,-11.872972550808573,0.0048336017043598195,2.1898755713382365,2.2090787777630316,2.5306882409581255,False,False
2024-04-15,25.86789186432536,0.016150477566135645,0.6021050148142343,2.21044815993443,2.924421309476359,False,False,-12.434800795651682,0.007641295293536882,0.1739450562543713,2.3078526174045315,2.950391043655727,False,False,24.923820957949495,0.010292060017136026,0.06496249074095402,2.4418801084005457,3.142781275587708,False,False,-11.87895811521714,0.004914206316116697,0.9078334361136463,2.2090787777630316,2.5306882409581255,False,False
2024-04-22,25.900087525874916,0.016648822111119777,1.279764411199012,2.21044815993443,2.924421309476359,False,False,-12.437839655335464,0.0057229028652878815,0.4550124504800425,2.3078526174045315,2.950391043655727,False,False,24.947482825278808,0.011324830488159772,2.0573428744143274,2.4418801084005457,3.142781275587708,False,False,-11.882559474864708,0.004116394981710082,0.07786824479956085,2.2090787777630316,2.5306882409581255,False,False
2024-04-29,25.912160632304165,0.017875875578812796,1.790287546514788,2.21044815993443,2.924421309476359,False,False,-12.43941828503938,0.005024969558006592,0.9089173171142546,2.3078526174045315,2.950391043655727,False,False,24.95438099062679,0.01278159341752406,2.2762555461128513,2.4418801084005457,3.142781275587708,False,False,-11.885900852790279,0.003813604117154169,0.8448839690988941,2.2090787777630316,2.5306882409581255,False,False
2024-05-06,25.89810807878418,0.018213325063621534,0.9440601626146706,2.21044815993443,2.924421309476359,False,False,-12.446768588644705,0.005502669251849119,2.1083607037605545,2.3078526174045315,2.950391043655727,False,False,24.948805244746584,0.013581714909342391,1.6611018979856695,2.4418801084005457,3.142781275587708,False,False,-11.889409360668312,0.004010324509281256,1.6374950607395353,2.2090787777630316,2.5306882409581255,False,False
2024-05-13,25.885546646037064,0.017658945491345064,0.2040083863676008,2.21044815993443,2.924421309476359,False,False,-12.437182893689554,0.005484866137523154,0.33351167866221043,2.3078526174045315,2.950391043655727,False,False,24.941601800148284,0.01353990778663253,1.047654574792804,2.3904113328164573,3.142781275587708,False,False,-11.882557503868377,0.0039915132289546,0.05021730271999335,2.2090787777630316,2.5306882409581255,False,False
2024-05-20,25.894699498294884,0.01725038700972047,0.6624752120725477,2.21044815993443,2.924421309476359,False,False,-12.435234049672598,0.005394890741572466,0.0559627903030152,2.3078526174045315,2.950391043655727,False,False,24.94803026916407,0.013636479213465313,1.4043627631112485,2.345917959170786,3.142781275587708,False,False,-11.881768318350485,0.0039719792277938685,0.2608123361199154,2.2090787777630316,2.5306882409581255,False,False
2024-05-27,25.901161223417525,0.017037821062077838,0.9620531848906361,2.21044815993443,2.924421309476359,False,False,-12.441251586793424,0.00547968846289124,0.9844562865416192,2.3078526174045315,2.950391043655727,False,False,24.95514021292076,0.014180572248554315,1.7382902270993044,2.328224195985359,3.142781275587708,False,False,-11.883472825200446,0.003973436184218684,0.1584599610667299,2.2090787777630316,2.5306882409581255,False,False
2024-06-03,25.934560801047024,0.018610786919557996,2.5126259132947446,2.21044815993443,2.8746771131041826,True,False,-12.44394205354074,0.005689925467883295,1.3819595236389401,2.3078526174045315,2.950391043655727,False,False,24.973140029320405,0.015718195136023586,2.5539745317200673,2.328224195985359,3.142781275587708,True,False,-11.88614334796397,0.003971031837923055,0.8317498206946082,2.2090787777630316,2.5306882409581255,False,False
2024-06-10,25.948101413119257,0.02142613331547111,2.6641390174280675,2.21044815993443,2.8746771131041826,True,False,-12.442441384099126,0.005710860817850483,1.110829649320981,2.3078526174045315,2.950391043655727,False,False,24.982982849145642,0.017981212300384863,2.6300644188321654,2.328224195985359,3.142781275587708,True,False,-11.885927919545692,0.003832304119835784,0.8350965127754068,2.2090787777630316,2.5306882409581255,False,False
2024-06-17,25.94104987995806,0.022093548024802345,2.110514373961758,2.1804443246228216,2.8746771131041826,False,False,-12.447260505206255,0.0060978027751274365,1.7777034664633111,2.3078526174045315,2.950391043655727,False,False,24.984375063588452,0.019223171253398917,2.37284974533301,2.328224195985359,3.142781275587708,True,False,-11.89097706384641,0.004134461006168853,1.9425208015404085,2.2090787777630316,2.5306882409581255,False,False
2024-06-24,25.940766170819792,0.022681845003126058,1.9051111613472052,2.1272919773264363,2.8746771131041826,False,False,-12.451111540989093,0.006743566866213485,2.1018994928242023,2.3078526174045315,2.950391043655727,False,False,24.98058013618112,0.019892577198094098,1.963494483821524,2.278813207021458,3.142781275587708,False,False,-11.895580730845825,0.004810228114863111,2.5420888639838206,2.2464099006504563,2.5454059702066107,True,False
2024-07-01,25.944689824744813,0.023094362598257978,1.8986537934289356,2.1112174880121897,2.8746771131041826,False,False,-12.446050073560867,0.006927576924810435,1.2892372358881403,2.3078526174045315,2.950391043655727,False,False,24.981764716939423,0.02054600799786961,1.8310816951043116,2.278813207021458,3.142781275587708,False,False,-11.891985951026433,0.005087442495124603,1.6473467333383136,2.2464099006504563,2.5454059702066107,False,False
2024-07-08,25.96685591694304,0.025623474426781936,2.4316911400589314,2.1272919773264363,2.8746771131041826,True,False,-12.444081891925396,0.0070579433657135026,0.9556531000518399,2.3078526174045315,2.950391043655727,False,False,24.999278604958214,0.02257130646086988,2.306630152350015,2.3076690829467643,3.142781275587708,False,False,-11.891725652780973,0.005330620558886662,1.4640786779180213,2.2464099006504563,2.5454059702066107,False,False
2024-07-15,25.95253995936445,0.02712867957736041,1.6823131773706717,2.1272919773264363,2.8746771131041826,False,False,-12.446147822361826,0.007246264090643614,1.1567056036243286,2.3078526174045315,2.950391043655727,False,False,24.99114253780919,0.023808050517962365,1.7440868945547319,2.3076690829467643,3.142781275587708,False,False,-11.892655931419322,0.005574596772554007,1.4909933725655258,2.2464099006504563,2.5454059702066107,False,False
2024-07-22,25.943009530250478,0.02786255711212095,1.2266801987805651,2.1272919773264363,2.8746771131041826,False,False,-12.447255416231943,0.007481418216577355,1.2232459696655107,2.3078526174045315,2.950391043655727,False,False,24.989129877563748,0.024849519841088238,1.5077555446221254,2.3076690829467643,3.142781275587708,False,False,-11.890947056923098,0.005722048313435139,1.1150312153435096,2.2464099006504563,2.5454059702066107,False,False
2024-07-29,25.937326460661737,0.02761742759463063,0.9478004419911931,2.1272919773264363,2.8746771131041826,False,False,-12.454124322077188,0.007996047388971682,1.8966394333314396,2.293132139723243,2.879545182415476,False,False,24.98157046682798,0.025022645569204742,1.1126322229301147,2.3076690829467643,3.142781275587708,False,False,-11.891670169647188,0.005865195680201523,1.149077276593703,2.2090787777630316,2.5454059702066107,False,False
2024-08-05,25.944127043055236,0.028130741597180264,1.104400035710105,2.1272919773264363,2.8746771131041826,False,False,-12.451549204381955,0.007815287339967652,1.4790473264306698,2.1886571515558066,2.837653447685026,False,False,24.98696887536911,0.025487438271162538,1.2235044380449573,2.3076690829467643,3.142781275587708,False,False,-11.890536778957069,0.005814141956245888,0.8848886490107729,2.1907376775070007,2.5454059702066107,False,False
2024-08-12,25.944988039919636,0.028583368848264894,1.051317390504376,2.1272919773264363,2.8746771131041826,False,False,-12.453113219216329,0.00785328429419558,1.550106855703742,2.181457447604068,2.8344790060450866,False,False,24.98727159607646,0.025853457088428143,1.140637825416622,2.3076690829467643,3.142781275587708,False,False,-11.890282756825327,0.0057871526789456,0.7775895583766727,2.188007367056584,2.5454059702066107,False,False
2024-08-19,25.941630452780593,0.028661553871828813,0.8652557508484777,2.1272919773264363,2.8746771131041826,False,False,-12.45390150697014,0.0077349377777588095,1.5433153988051016,2.1751505845006545,2.8344790060450866,False,False,24.982300968212655,0.0256437571125735,0.8778373956678437,2.3076690829467643,3.142781275587708,False,False,-11.891687709538452,0.005693199905887293,0.9472014876790801,2.1806011314049774,2.5454059702066107,False,False
2024-08-26,25.935253962692347,0.028858782051068232,0.6061451510841637,2.1272919773264363,2.8746771131041826,False,False,-12.453508701580892,0.00745632060832749,1.4135015741399772,2.1651940432286594,2.8344790060450866,False,False,24.977206249668164,0.025516675722311147,0.6257292246901001,2.3076690829467643,3.142781275587708,False,False,-11.892531180028602,0.005544877902066023,1.0224561889546222,2.1806011314049774,2.5454059702066107,False,False
2024-09-02,25.893374070796916,0.029051407198424663,0.8306317258168744,2.1272919773264363,2.8746771131041826,False,False,-12.456853626186446,0.007752875906755688,1.6829886504900915,2.1651940432286594,2.8344790060450866,False,False,24.944669233106875,0.025248899012784258,0.668723794655083,2.3076690829467643,3.142781275587708,False,False,-11.89335768702902,0.0056644959470261175,1.086531607825926,2.1806011314049774,2.5454059702066107,False,False
2024-09-09,25.90162135657665,0.027921816474200074,0.6059646269867729,2.1272919773264363,2.8746771131041826,False,False,-12.45537006270694,0.007993994337169439,1.3655876116406418,2.1651940432286594,2.8344790060450866,False,False,24.952150801872907,0.023747228337540536,0.4510195491953165,2.3076690829467643,3.142781275587708,False,False,-11.891622555519216,0.005728312092752758,0.7377071012796029,2.1806011314049774,2.5454059702066107,False,False
2024-09-16,25.899718925044358,0.02760773387342526,0.6946289122374525,2.1272919773264363,2.8746771131041826,False,False,-12.454294513885113,0.008184326414256564,1.1392756286847179,2.1651940432286594,2.8344790060450866,False,False,24.948615710276524,0.022851394029022795,0.658449054418074,2.3076690829467643,3.142781275587708,False,False,-11.893097422552579,0.0058364371787785856,0.941742748923781,2.1806011314049774,2.5454059702066107,False,False
2024-09-23,25.901587965419832,0.02668794616678072,0.6799596013681791,2.1272919773264363,2.8746771131041826,False,False,-12.454046423268139,0.008246029298451103,1.026271188917548,2.1651940432286594,2.8344790060450866,False,False,24.949613562902588,0.021787202894381418,0.6852274106125286,2.3076690829467643,3.142781275587708,False,False,-11.892786057273314,0.005843392966455242,0.8229235381847612,2.1806011314049774,2.5454059702066107,False,False
2024-09-30,25.912572274199583,0.025899286879797364,0.31433547239130294,2.1272919773264363,2.8746771131041826,False,False,-12.456099411585253,0.007902185984016402,1.206636005910624,2.1651940432286594,2.8344790060450866,False,False,24.959737269041714,0.02074961405273598,0.2840429012696388,2.3076690829467643,3.142781275587708,False,False,-11.893368978174983,0.005422413311359308,0.873223740446606,2.1806011314049774,2.5454059702066107,False,False
2024-10-07,25.92495327693414,0.025375506339632228,0.1218655590483952,2.1272919773264363,2.8746771131041826,False,False,-12.454073483668175,0.0069501019799006695,0.9307531224849052,2.1651940432286594,2.8344790060450866,False,False,24.97038842385786,0.01977585848965461,0.1710511110857951,2.3076690829467643,3.142781275587708,False,False,-11.891623470441905,0.00440609149818265,0.5156790863355383,2.1806011314049774,2.5454059702066107,False,False
2024-10-14,25.916131958026238,0.022915994557372994,0.3309612786807244,2.1272919773264363,2.8746771131041826,False,False,-12.451730364734887,0.006479682543833683,0.5362257934948653,2.1651940432286594,2.8344790060450866,False,False,24.96647811216786,0.01771155721916335,0.12242226211223688,2.3076690829467643,3.142781275587708,False,False,-11.890491424149355,0.0038652588696976293,0.18019340073608675,2.1806011314049774,2.5454059702066107,False,False
2024-10-21,25.92053506187156,0.022418110601430574,0.17698399202087553,2.1272919773264363,2.8746771131041826,False,False,-12.450095010870426,0.006127861917054289,0.22321965466031707,2.1651940432286594,2.8344790060450866,False,False,24.966881781423933,0.017185138455751193,0.14609910467611803,2.3076690829467643,3.142781275587708,False,False,-11.889346080146591,0.003575381637413888,0.19854471896144354,2.1806011314049774,2.5454059702066107,False,False
2024-10-28,25.91687989334695,0.02233312870645101,0.34945060206765466,2.1272919773264363,2.8746771131041826,False,False,-12.455233464519303,0.005949199627603357,0.9914000378473381,2.1651940432286594,2.8344790060450866,False,False,24.956825875671974,0.017106220216402998,0.7401210187937244,2.3076690829467643,3.142781275587708,False,False,-11.89339259163271,0.0035287019908243527,0.8639138555858522,2.1806011314049774,2.5454059702066107,False,False
2024-11-04,25.934399180769585,0.021731681651301894,0.38281209290542545,2.1272919773264363,2.8746771131041826,False,False,-12.453760023321156,0.005986427253805095,0.6941860358313781,2.1651940432286594,2.8344790060450866,False,False,24.973365830299855,0.016588792456949605,0.17690519640475857,2.3076690829467643,3.142781275587708,False,False,-11.893048397755559,0.0035621545333613413,0.7198839006126675,2.1806011314049774,2.5454059702066107,False,False
2024-11-11,25.908973127071754,0.02043059753735661,0.881419235582972,2.1272919773264363,2.8746771131041826,False,False,-12.460406258789673,0.005788191949217344,1.7118857511220038,2.1651940432286594,2.8344790060450866,False,False,24.961720202010643,0.015631866546289567,0.6067585953623158,2.3076690829467643,3.142781275587708,False,False,-11.898838183199414,0.003543952980169531,2.180599802788162,2.1809652646745263,2.5454059702066107,False,False
2024-11-18,25.92173190377855,0.01938306695198931,0.3244508661027808,2.1272919773264363,2.8746771131041826,False,False,-12.460722074446481,0.0052312913080250325,1.7671029560332576,2.1651940432286594,2.8344790060450866,False,False,24.9701059009144,0.014905406842424127,0.1306997698878923,2.3076690829467643,3.142781275587708,False,False,-11.896465466336009,0.0031438135255305102,1.5236117997534004,2.1809652646745263,2.5454059702066107,False,False
2024-11-25,25.91809107568547,0.018717609151146033,0.565287427047543,2.1272919773264363,2.8746771131041826,False,False,-12.453774290597229,0.004811760927783381,0.3771600580901344,2.1651940432286594,2.8344790060450866,False,False,24.974740896817416,0.014506059829999975,0.13325397962777322,2.3076690829467643,3.142781275587708,False,False,-11.889645418576876,0.0027015613236426924,0.8393308688277538,2.1809652646745263,2.5454059702066107,False,False
2024-12-02,25.916591075153782,0.018822932820046386,0.6050962649935181,2.1272919773264363,2.8746771131041826,False,False,-12.453615369387606,0.004532945325933468,0.28322252301937156,2.1651940432286594,2.8344790060450866,False,False,24.973986136629485,0.014507783677377407,0.0789705340113039,2.3076690829467643,3.142781275587708,False,False,-11.892080646617897,0.0024318318567259473,0.024933225671670323,2.1809652646745263,2.5454059702066107,False,False
2024-12-09,25.913596462438665,0.018562160920670444,0.7034302540980403,2.1272919773264363,2.8746771131041826,False,False,-12.446922829222077,0.004215952516306338,1.3237984075918094,2.1651940432286594,2.8344790060450866,False,False,24.964450954256797,0.0144446545685687,0.5314581753332354,2.3076690829467643,3.142781275587708,False,False,-11.888198039527765,0.0022323999840602707,1.8054796803405546,2.1809652646745263,2.5454059702066107,False,False
2024-12-16,25.89854001624711,0.01910755540986774,1.3857679037687105,2.1272919773264363,2.8746771131041826,False,False,-12.453778369036389,0.004083398206421522,0.25071802077546157,2.1651940432286594,2.8344790060450866,False,False,24.951812031698303,0.014748757005762581,1.2925311609586339,2.3076690829467643,3.142781275587708,False,False,-11.895822213302647,0.0023240923172886552,1.466064423412629,2.1809652646745263,2.5454059702066107,False,False
2024-12-23,25.91078832023351,0.019023586015724486,0.6874276361957488,2.1272919773264363,2.8746771131041826,False,False,-12.45270236225429,0.004069689488363087,0.027867162678680533,2.1651940432286594,2.8344790060450866,False,False,24.964507533143717,0.014662296451277585,0.3921315838313568,2.3076690829467643,3.142781275587708,False,False,-11.898552193815686,0.0025482476748250257,2.363570306898468,2.188007367056584,2.5454059702066107,True,False
2024-12-30,25.900675304646803,0.01905471761743909,1.128197679307173,2.1272919773264363,2.8746771131041826,False,False,-12.453709957224792,0.003830548290972759,0.15652416202200115,2.1651940432286594,2.8344790060450866,False,False,24.956279437995267,0.014713995497069003,0.8833386991840548,2.3076690829467643,3.142781275587708,False,False,-11.899948249002241,0.002930170193004611,2.4274274281192567,2.1907376775070007,2.5454059702066107,True,False
2025-01-06,25.89950990043314,0.01722746636402689,1.1651545608121168,2.1272919773264363,2.8746771131041826,False,False,-12.45800228724065,0.003474429910470172,1.2538757924687256,2.1651940432286594,2.8344790060450866,False,False,24.94872304125401,0.013909127702976453,1.3379267214290715,2.3076690829467643,3.142781275587708,False,False,-11.904379566860584,0.0036906546979758037,2.996054970112171,2.2090787777630316,2.5547895335789432,True,True
2025-01-13,25.912231476125154,0.015905969960379233,0.364690682132984,2.1272919773264363,2.8746771131041826,False,False,-12.454136788174978,0.0031199903116935533,0.0588901110102034,2.1651940432286594,2.8344790060450866,False,False,24.95889346522121,0.01311623564996937,0.5488328286253285,2.3076690829467643,3.142781275587708,False,False,-11.900302883037272,0.003932230033067431,1.7004618111167884,2.2090787777630316,2.5547895335789432,False,False
2025-01-20,25.91834563001241,0.01507028001761617,0.08374140351482483,2.1272919773264363,2.8746771131041826,False,False,-12.454937261857253,0.002808552613930997,0.24523473539083407,2.1651940432286594,2.8344790060450866,False,False,24.95996301448621,0.012288201099444927,0.4074859274442654,2.3076690829467643,3.142781275587708,False,False,-11.900863534923168,0.004138486110259284,1.6590259594278984,2.2090787777630316,2.5547895335789432,False,False
2025-01-27,25.898945549062514,0.01488676367225003,1.119241630285021,2.1272919773264363,2.8746771131041826,False,False,-12.457728917407788,0.0028899639651415432,1.1563368837831614,2.1651940432286594,2.8344790060450866,False,False,24.95030846488262,0.012127342731405982,1.1098419689381676,2.3076690829467643,3.142781275587708,False,False,-11.902133389609718,0.004403355261913532,1.7562241925078552,2.2090787777630316,2.5547895335789432,False,False
2025-02-03,25.896123179210818,0.014167613512273566,1.2449487715809464,2.1272919773264363,2.8746771131041826,False,False,-12.459852610026035,0.0030196880354447014,1.704183587177677,2.1651940432286594,2.8344790060450866,False,False,24.948084169508796,0.01153490436263464,1.2300200550247444,2.3076690829467643,3.142781275587708,False,False,-11.903232943483879,0.004654599145120247,1.7927470514466954,2.2090787777630316,2.5547895335789432,False,False
2025-02-10,25.89193314347459,0.013283238703090105,1.4896529586394534,2.1272919773264363,2.8746771131041826,False,False,-12.461106142312431,0.003249138179806764,1.8750248892400756,2.1651940432286594,2.8344790060450866,False,False,24.94582053521758,0.010781400153163057,1.3780702142092744,2.3076690829467643,3.142781275587708,False,False,-11.904255989916384,0.004901680411512397,1.8014502256987261,2.2090787777630316,2.5547895335789432,False,False
2025-02-17,25.883300453323383,0.01295121669763485,2.0211726109695753,2.1272919773264363,2.8746771131041826,False,False,-12.461016889558556,0.0034454218455953517,1.6628714559507285,2.1651940432286594,2.8344790060450866,False,False,24.937046571661757,0.010803877550568598,2.0262110671298363,2.3076690829467643,3.142781275587708,False,False,-11.903263792571927,0.005071359589619704,1.4577357108475444,2.2090787777630316,2.5547895335789432,False,False
2025-02-24,25.883394058305086,0.012815284875528654,1.8796638555487013,2.1272919773264363,2.8746771131041826,False,False,-12.462355293864196,0.0036908053166106384,1.8227578590378928,2.1651940432286594,2.8344790060450866,False,False,24.94220665231902,0.010615374806189367,1.4492862969908575,2.3076690829467643,3.142781275587708,False,False,-11.90306775222415,0.005212807930635105,1.3028312077064017,2.2090787777630316,2.5547895335789432,False,False
2025-03-03,25.884740643415405,0.013298218550193298,1.6851721668506765,2.1272919773264363,2.8746771131041826,False,False,-12.465556372052042,0.0041699455033707995,2.3007019114017964,2.1751505845006545,2.8344790060450866,True,False,24.93451410592556,0.011276110384875302,2.0119244179493094,2.3076690829467643,3.142781275587708,False,False,-11.904458861258577,0.005414902984663908,1.432260128871025,2.2090787777630316,2.5547895335789432,False,False
2025-03-10,25.835723157141583,0.019313547783833755,3.567067463847829,2.1288531998582005,3.1751369013818858,True,True,-12.46825169243226,0.0048124855210477145,2.450641071345685,2.1751505845006545,2.8344790060450866,True,False,24.8915454634225,0.0171144575005157,3.7000500756856742,2.3296808133374074,3.5093407677599036,True,True,-11.906278632440522,0.005623666005904102,1.602446794123045,2.1907376775070007,2.550016136819319,False,False
2025-03-17,25.831311608536268,0.02407893836921677,2.9350640297300172,2.1288531998582005,2.971850033423979,True,False,-12.466453325740169,0.005171227427747448,1.842437120462783,2.1651940432286594,2.8344790060450866,False,False,24.894415134016626,0.020808923338792366,2.8050486167490085,2.3296808133374074,3.142781275587708,True,False,-11.905553722270888,0.0057825843110801125,1.3501968189342193,2.188007367056584,2.5273711347353354,False,False
2025-03-24,25.854717538761395,0.025802657097012682,1.762011825676678,2.1112174880121897,2.971850033423979,False,False,-12.475787784845547,0.006317749997054611,2.8532174065926497,2.1651940432286594,3.014821661085241,True,False,24.914315930813718,0.022133400845372977,1.6767257709515226,2.3296808133374074,3.142781275587708,False,False,-11.914037332901632,0.006509653149976841,2.377066866904541,2.188007367056584,2.519980625222498,True,False
2025-03-31,25.830247134757382,0.02906623104554705,2.297120645645107,2.1112174880121897,2.971850033423979,True,False,-12.491747522090364,0.009167842518029717,3.557496790493682,2.1751505845006545,3.307381177813924,True,True,24.897778378476723,0.02442025459777147,2.09932953301018,2.3296808133374074,3.142781275587708,False,False,-11.929397532200824,0.008793684740563927,3.3488085335629836,2.188007367056584,2.7282149674964558,True,True
2025-04-07,25.841650308247527,0.030423067584160753,1.714538004995107,2.0864519838836677,2.971850033423979,False,False,-12.492631869131314,0.011208264810444997,2.856454865275264,2.186915918733473,3.307381177813924,True,False,24.90022856525412,0.025804523325507527,1.7871873942969818,2.3296808133374074,3.142781275587708,False,False,-11.930651781221403,0.010484218078731471,2.785284169579355,2.1926987605565085,2.8717001977978147,True,False
2025-04-14,25.848231643314733,0.03133120746815276,1.3714319823842394,2.0864519838836677,2.971850033423979,False,False,-12.49634434937137,0.013056246441663517,2.6050718677145626,2.2927847934338996,3.307381177813924,True,False,24.903736315200966,0.026762454542774216,1.5019781819678257,2.3296808133374074,3.142781275587708,False,False,-11.934342847254046,0.012059581908081513,2.587651853876006,2.246980458766715,2.8717001977978147,True,False
2025-04-21,25.830462563212883,0.032898395863295654,1.7409168956715746,2.0864519838836677,2.971850033423979,False,False,-12.4968184614659,0.014446116597654787,2.2628584218147205,2.2927847934338996,3.307381177813924,False,False,24.892387372181595,0.028158537715720668,1.7287970257457366,2.3296808133374074,3.142781275587708,False,False,-11.93772826184192,0.013493978532239723,2.425567881923309,2.264381861460738,2.8717001977978147,True,False
2025-04-28,25.820183324296995,0.03487805748163167,1.830191183634421,2.0864519838836677,2.971850033423979,False,False,-12.491445952402781,0.01527600750325475,1.6970546486940472,2.2927847934338996,3.307381177813924,False,False,24.88763107215467,0.0298299131218353,1.7021624392604395,2.3296808133374074,3.142781275587708,False,False,-11.934125012633555,0.01442511066895024,1.9106044157543058,2.246980458766715,2.668681103314384,False,False
2025-05-05,25.78036633569841,0.038835280562268995,2.516427338590277,2.1112174880121897,2.971850033423979,True,False,-12.49701446543335,0.016267028043425905,1.8337154217040172,2.264333905874711,3.0167317617079834,False,False,24.854983960535048,0.033132299257665684,2.380436076939511,2.3732290619133347,3.142781275587708,True,False,-11.937450781644277,0.015359111971952983,1.8997625129710756,2.246980458766715,2.668681103314384,False,False
2025-05-12,25.805752710445816,0.04077946551384098,1.676573492951563,2.1112174880121897,2.971850033423979,False,False,-12.492377327546485,0.016928993215437775,1.4154595908963843,2.1854404346734824,2.8545447646525215,False,False,24.87210945274002,0.03473938221542265,1.6781317704149668,2.3732290619133347,3.142781275587708,False,False,-11.933075026004708,0.01597330286001557,1.4703351008079963,2.246980458766715,2.668681103314384,False,False
2025-05-19,25.805414249837618,0.041717098354570256,1.5397637457589277,2.1112174880121897,2.971850033423979,False,False,-12.501711973659113,0.018055086660411435,1.7568687392728344,2.1751505845006545,2.7068115386545846,False,False,24.871405567472593,0.03560957387905643,1.5502847566886102,2.3732290619133347,3.142781275587708,False,False,-11.9399715047392,0.016800878114208127,1.708796245106782,2.246980458766715,2.668681103314384,False,False
2025-05-26,25.805561755443115,0.04232321027385487,1.4119656532173603,2.1112174880121897,2.971850033423979,False,False,-12.501810495748321,0.018772692871349583,1.5965420241611297,2.1651940432286594,2.7068115386545846,False,False,24.868444470031026,0.035962887258396095,1.5037099919905397,2.3732290619133347,3.142781275587708,False,False,-11.939962766103452,0.01710648281340311,1.5646264924873976,2.246980458766715,2.668681103314384,False,False
2025-06-02,25.81309174558146,0.04217513769516952,1.1439959249421383,2.1112174880121897,2.971850033423979,False,False,-12.502062888933064,0.01928880221768121,1.4703048848809268,2.1651940432286594,2.7068115386545846,False,False,24.874061882010228,0.03558037030822139,1.253980776009306,2.3732290619133347,3.142781275587708,False,False,-11.939904874361696,0.017314950407152987,1.4362138211115514,2.246980458766715,2.668681103314384,False,False
2025-06-09,25.80502729798656,0.042168977845606206,1.2363803635133572,2.1112174880121897,2.971850033423979,False,False,-12.505079158069268,0.019430606562701926,1.4996910820869762,2.1651940432286594,2.7068115386545846,False,False,24.86684396244832,0.035706826677682706,1.34654656646366,2.3732290619133347,3.142781275587708,False,False,-11.942253254322674,0.017208381132440116,1.4607593899302405,2.246980458766715,2.668681103314384,False,False
2025-06-16,25.80335132397892,0.042563335393395796,1.1782856337048015,2.1112174880121897,2.971850033423979,False,False,-12.50772343938485,0.019845317803009778,1.4970472427850945,2.1651940432286594,2.7068115386545846,False,False,24.860838707606224,0.036398227024800826,1.3898255446958365,2.3732290619133347,3.142781275587708,False,False,-11.942631952097338,0.017339639681797008,1.3677116690749445,2.246980458766715,2.668681103314384,False,False
2025-06-23,25.8226535153886,0.041309697347306835,0.6647295135017883,2.1112174880121897,2.971850033423979,False,False,-12.502044325359227,0.019686592271433167,1.1242421317352986,2.1651940432286594,2.7068115386545846,False,False,24.877750848722563,0.03529738352048984,0.8595041899378417,2.3732290619133347,3.142781275587708,False,False,-11.93863388192645,0.01723818063266617,1.0544009462426809,2.246980458766715,2.668681103314384,False,False
2025-06-30,25.82897856637349,0.04017697255904598,0.45740522514523985,2.1112174880121897,2.971850033423979,False,False,-12.501424979652429,0.019367766184590362,1.0160158583699694,2.1651940432286594,2.7068115386545846,False,False,24.88493139449382,0.03415600227481261,0.5976562354961904,2.3732290619133347,3.142781275587708,False,False,-11.93821456693896,0.017049578796042197,0.9551472044442697,2.246980458766715,2.668681103314384,False,False
2025-07-07,25.82169800791196,0.039018003839247584,0.5808844203553026,2.1112174880121897,2.971850033423979,False,False,-12.49922699147644,0.019030640138793208,0.8352006945277788,2.1651940432286594,2.7068115386545846,False,False,24.885480520828885,0.03318126980594145,0.525357132934162,2.3732290619133347,3.142781275587708,False,False,-11.936995567208085,0.01690592851873745,0.816955793110073,2.246980458766715,2.668681103314384,False,False
2025-07-14,25.811919420644138,0.036942952501561495,0.7737709061059581,2.1112174880121897,2.971850033423979,False,False,-12.499680853320395,0.018318540756543225,0.7968195221382185,2.1651940432286594,2.7068115386545846,False,False,24.88056064314881,0.03140360385940164,0.6158240210290058,2.3732290619133347,3.142781275587708,False,False,-11.938026052019897,0.01647696132447241,0.8127099211244787,2.246980458766715,2.668681103314384,False,False
2025-07-21,25.810687165436295,0.03376605279595805,0.7604361403556072,2.1112174880121897,2.971850033423979,False,False,-12.49441879296065,0.017329235542641572,0.4510291343127373,2.1651940432286594,2.7068115386545846,False,False,24.88693470848188,0.028989675742578488,0.3503401473146766,2.3732290619133347,3.142781275587708,False,False,-11.93367751370015,0.015827220920247707,0.49158191138133206,2.246980458766715,2.668681103314384,False,False
2025-07-28,25.79980305161285,0.031966158047953275,1.0244542887727066,2.1112174880121897,2.971850033423979,False,False,-12.498820522161221,0.016441640356473514,0.6469715149080614,2.1651940432286594,2.7068115386545846,False,False,24.872252375494025,0.02724742015337007,0.8014124952392406,2.3732290619133347,3.142781275587708,False,False,-11.936942072306932,0.015196310298605518,0.6387167963495388,2.246980458766715,2.668681103314384,False,False
2025-08-04,25.81996892224049,0.029284603026382125,0.3296267047909904,2.1112174880121897,2.971850033423979,False,False,-12.496680191620602,0.015460397271897889,0.45797639335607176,2.1651940432286594,2.7068115386545846,False,False,24.88285654966542,0.024986052791706046,0.3491345458165413,2.3732290619133347,3.142781275587708,False,False,-11.936153397683922,0.01447050912527623,0.5287507596050106,2.246980458766715,2.668681103314384,False,False
2025-08-11,25.832493645593544,0.026404067605448243,0.19534379199878085,2.1112174880121897,2.971850033423979,False,False,-12.49924963904206,0.014423421636340115,0.5673332613914923,2.1651940432286594,2.7068115386545846,False,False,24.89122036969932,0.022406256822782706,0.077671706638414,2.3732290619133347,3.142781275587708,False,False,-11.936724654945701,0.013673449293809106,0.5100216481570158,2.246980458766715,2.668681103314384,False,False
2025-08-18,25.838865675195674,0.02396190531427223,0.5524990624377293,2.1112174880121897,2.971850033423979,False,False,-12.502292664959374,0.01320360199369109,0.7299813290479777,2.1651940432286594,2.7068115386545846,False,False,24.899509880712692,0.020332081814558957,0.5643082792740194,2.3732290619133347,3.142781275587708,False,False,-11.938698593055726,0.012655878448332233,0.5993117225426711,2.246980458766715,2.668681103314384,False,False
2025-08-25,25.823093160466737,0.0208651148459562,0.01027165240555168,2.1112174880121897,2.971850033423979,False,False,-12.503081864690493,0.011807267369749888,0.7504849187335619,2.1651940432286594,2.7068115386545846,False,False,24.88664033590067,0.017068811374348528,0.04342325254199331,2.3732290619133347,3.142781275587708,False,False,-11.939253091428093,0.011372932273937103,0.5933008926337641,2.246980458766715,2.668681103314384,False,False
2025-09-01,25.819982292649826,0.016684789120702627,0.0500144904021813,2.1112174880121897,2.971850033423979,False,False,-12.504470934235798,0.010412434093522513,0.84068063518954,2.1651940432286594,2.7068115386545846,False,False,24.884551013395733,0.013893883385778629,0.041278467007950355,2.3732290619133347,3.142781275587708,False,False,-11.940050180201089,0.00990994582914653,0.6231883470461298,2.246980458766715,2.668681103314384,False,False
2025-09-08,25.832929739255228,0.016593707537291835,0.7364481085419102,2.1112174880121897,2.971850033423979,False,False,-12.508909882741321,0.009091898750678909,1.2790181656959543,2.1651940432286594,2.7068115386545846,False,False,24.896566102040037,0.014037420382584195,0.8830329952468696,2.3732290619133347,3.142781275587708,False,False,-11.941556990316895,0.008257850676458251,0.7660241394412229,2.246980458766715,2.668681103314384,False,False
2025-09-15,25.83030811708806,0.01656920991252728,0.5816437982366892,2.1112174880121897,2.971850033423979,False,False,-12.49584789767779,0.006587961705083868,0.38917072907493333,2.1651940432286594,2.7068115386545846,False,False,24.892174006112455,0.01397875547135649,0.578707216250503,2.3732290619133347,3.142781275587708,False,False,-11.933909646724494,0.005638675558471925,0.4278031407026499,2.246980458766715,2.668681103314384,False,False
2025-09-22,25.82942420543455,0.015174057664648546,0.6409812893373624,2.1112174880121897,2.971850033423979,False,False,-12.495307155950995,0.004767271873667053,0.8087075231626953,2.1651940432286594,2.7068115386545846,False,False,24.893001471918456,0.01270155186127393,0.7665881664229447,2.3732290619133347,3.142781275587708,False,False,-11.933581836354657,0.0034122200118866133,1.023311844565062,2.246980458766715,2.668681103314384,False,False
2025-09-29,25.82787886653132,0.015115193518779194,0.5472662571153339,2.1112174880121897,2.971850033423979,False,False,-12.494865196856386,0.004609916263188764,0.9581949084416472,2.1651940432286594,2.7068115386545846,False,False,24.890803147577014,0.012453986188445358,0.6268525598163357,2.3732290619133347,3.142781275587708,False,False,-11.933661604931725,0.003118342482801133,1.1467628698332566,2.246980458766715,2.668681103314384,False,False
2025-10-06,25.815378125271938,0.0144459637729326,0.22277761119865883,2.1112174880121897,2.971850033423979,False,False,-12.49721506410729,0.004429535639544965,0.5065108294063978,2.1651940432286594,2.7068115386545846,False,False,24.881151872908394,0.011949894776459986,0.09294999084762373,2.3732290619133347,3.142781275587708,False,False,-11.935770374850964,0.002834596974759269,0.587067034937305,2.246980458766715,2.668681103314384,False,False
2025-10-13,25.83234225333923,0.013443416072617849,1.0679592949149401,2.1112174880121897,2.971850033423979,False,False,-12.495501785491072,0.004456232895050122,0.8806721228953459,2.1651940432286594,2.7068115386545846,False,False,24.893077753743956,0.011351612476685544,0.9888536029523147,2.3732290619133347,3.142781275587708,False,False,-11.936346136828366,0.0027737734029542084,0.4201446526171565,2.246980458766715,2.668681103314384,False,False
2025-10-20,25.848586546908805,0.014541332492192596,2.0564991853253813,2.1112174880121897,2.971850033423979,False,False,-12.491784487393979,0.00467791309052342,1.592197984310359,2.1651940432286594,2.7068115386545846,False,False,24.907997150397446,0.012303917728488822,2.0760951128603224,2.3732290619133347,3.142781275587708,False,False,-11.933548731070935,0.002879794096758272,1.3202473888785373,2.246980458766715,2.668681103314384,False,False
2025-10-27,25.867022998866602,0.017362540338688802,2.6804352087148016,2.1318740277976973,2.971850033423979,True,False,-12.488180082617685,0.004932294147578201,2.215390620776343,2.1751505845006545,2.7068115386545846,True,False,24.914757091872417,0.013817522723582526,2.262398051720451,2.3732290619133347,3.142781275587708,False,False,-11.933090689109356,0.00293279379440161,1.439003632775572,2.246980458766715,2.668681103314384,False,False
2025-11-03,25.839029955445056,0.015669879076755017,1.0395630922254195,2.1318740277976973,2.971850033423979,False,False,-12.489503370134265,0.0052682820361347115,1.7680872687249922,2.1751505845006545,2.7068115386545846,False,False,24.896258155366578,0.012739676178233593,0.8771283347615186,2.3732290619133347,3.142781275587708,False,False,-11.933214634319167,0.003040410395306109,1.2937158014309145,2.246980458766715,2.668681103314384,False,False
2025-11-10,25.856426206612834,0.016596440200280237,1.9122834843380192,2.1318740277976973,2.971850033423979,False,False,-12.495655495138475,0.005145773967822088,0.6391148895035457,2.1751505845006545,2.7068115386545846,False,False,24.906464317303836,0.013116219569319581,1.5293394440446262,2.3732290619133347,3.142781275587708,False,False,-11.9385690009913,0.002935104247566353,0.41212606729106027,2.246980458766715,2.668681103314384,False,False
2025-11-17,25.85593171302539,0.017195896597319155,1.7038730947909901,2.1318740277976973,2.971850033423979,False,False,-12.493276264731003,0.005229544146089138,1.021794763685991,2.1751505845006545,2.7068115386545846,False,False,24.907512234990122,0.013373494484146138,1.4744352474463587,2.3732290619133347,3.142781275587708,False,False,-11.937070663759286,0.0028865714357844173,0.06136465297877609,2.246980458766715,2.668681103314384,False,False
2025-11-24,25.887449589910844,0.020385654605947247,2.8288505548749634,2.271853938222748,2.971850033423979,True,False,-12.496035016190719,0.005211221627018764,0.45337460295922916,2.1751505845006545,2.7068115386545846,False,False,24.93353606580553,0.015525782463414123,2.784958481277851,2.3840662889341724,3.142781275587708,True,False,-11.93796772998749,0.0028376154076728277,0.28075155283534925,2.246980458766715,2.668681103314384,False,False
2025-12-01,25.901700639088087,0.024479529541078588,2.798705140152243,2.3021950861715483,2.971850033423979,True,False,-12.500576097997143,0.005177441122689005,0.4318022135124747,2.1751505845006545,2.7068115386545846,False,False,24.941534089022852,0.018124852922346012,2.6836961431126802,2.4544184121036943,3.142781275587708,True,False,-11.941261560428352,0.002901649027184311,1.3917310817917858,2.246980458766715,2.668681103314384,False,False
2025-12-08,25.912188474112536,0.028275222867121055,2.6481572518211385,2.400263540368211,2.971850033423979,True,False,-12.498661051676072,0.00499301883210548,0.11364556814428667,2.1751505845006545,2.7068115386545846,False,False,24.952623956467324,0.02080295312067304,2.712703069612657,2.4842708377248446,3.142781275587708,True,False,-11.937807046701646,0.002718592820737334,0.2776470946822924,2.246980458766715,2.668681103314384,False,False
2025-12-15,25.929408052413994,0.032683076920591414,2.6695307570587987,2.4357378787207207,2.971850033423979,True,False,-12.49742916337756,0.004590808641593848,0.05849081609739797,2.1751505845006545,2.7068115386545846,False,False,24.961861323340454,0.02322861215079975,2.6598281481021395,2.5554112534078426,3.142781275587708,True,False,-11.93888512691265,0.0025016393848932925,0.790281078156848,2.246980458766715,2.668681103314384,False,False
2025-12-22,25.945886463549265,0.03820956876508387,2.5906380164423903,2.5128159845595213,2.971850033423979,True,False,-12.501423758711327,0.004568866944859149,0.8207599790108825,2.1751505845006545,2.7068115386545846,False,False,24.97306477004448,0.026809338261303047,2.5857274960526957,2.5828598920044397,3.142781275587708,True,False,-11.941822473606116,0.0026626040589530736,1.7996317575210186,2.246980458766715,2.668681103314384,False,False
2025-12-29,25.939649998608157,0.04209975499051844,2.1020099277545503,2.5128159845595213,2.971850033423979,False,False,-12.505109378284935,0.0047436605378122125,1.537600554155137,2.1751505845006545,2.7068115386545846,False,False,24.969573818483752,0.029443343956624558,2.1252753688207426,2.5828598920044397,3.142781275587708,False,False,-11.943021827628886,0.0029040599158167402,1.9993272767621397,2.246980458766715,2.668681103314384,False,False
2026-01-05,25.961817606437048,0.046875514567578117,2.245788583191776,2.5128159845595213,2.971850033423979,False,False,-12.50444719877834,0.004913233810705106,1.3088932073896264,2.1751505845006545,2.7068115386545846,False,False,24.98655557207294,0.03295215697173905,2.2963433128184745,2.5828598920044397,3.142781275587708,False,False,-11.942470654182344,0.0030806016424673294,1.6374764002988216,2.246980458766715,2.668681103314384,False,False
2026-01-12,25.94757868657961,0.04920190314080996,1.7441583767528523,2.5128159845595213,2.971850033423979,False,False,-12.502351237384929,0.004976920078783452,0.8503712780870898,2.1751505845006545,2.7068115386545846,False,False,24.980916351257374,0.03506756972444574,1.886940272226739,2.5828598920044397,3.142781275587708,False,False,-11.94037392995808,0.0031328564298313405,0.9120702880500751,2.246980458766715,2.668681103314384,False,False
2026-01-19,25.926129343603968,0.049615500046379504,1.2078178131408186,2.5128159845595213,2.971850033423979,False,False,-12.501238739885663,0.004953768540069949,0.5768187825070678,2.1751505845006545,2.7068115386545846,False,False,24.963605990510036,0.03585030278316867,1.2806350236397315,2.5828598920044397,3.142781275587708,False,False,-11.93831096076088,0.003036029966194903,0.20296458654900534,2.246980458766715,2.668681103314384,False,False
2026-01-26,25.91341135982644,0.04852452454906892,0.882830920417339,2.5128159845595213,2.971850033423979,False,False,-12.496959675245023,0.004960606961825083,0.27215759637594766,2.1751505845006545,2.7068115386545846,False,False,24.959431422650095,0.035505332349568285,1.0810642423830505,2.5828598920044397,3.142781275587708,False,False,-11.937294983184247,0.003033317955597984,0.13626811007862863,2.246980458766715,2.668681103314384,False,False
2026-02-02,25.926100489065814,0.048561369235525766,1.059403747882158,2.5128159845595213,2.971850033423979,False,False,-12.500857868959361,0.004973356140873422,0.4800474532229866,2.1751505845006545,2.7068115386545846,False,False,24.980142764362167,0.03643367695292748,1.5192841917189195,2.5828598920044397,3.142781275587708,False,False,-11.938579588308619,0.0030208630104831507,0.2575242877850182,2.246980458766715,2.668681103314384,False,False
2026-02-09,25.915361506119428,0.04840272162624244,0.7751607132528991,2.5128159845595213,2.971850033423979,False,False,-12.501472992924926,0.005006295670439698,0.5826777913476471,2.1751505845006545,2.7068115386545846,False,False,24.9680527063011,0.03671679106489967,1.0978073067214351,2.5828598920044397,3.142781275587708,False,False,-11.938019806494328,0.0030130616318118013,0.05587348698717867,2.246980458766715,2.668681103314384,False,False
2026-02-16,25.935658969632918,0.049003658906299395,1.1038876264175703,2.5128159845595213,2.971850033423979,False,False,-12.504613372380152,0.005095477056327256,1.1712698763259566,2.1751505845006545,2.7068115386545846,False,False,24.982681132098396,0.03776655224552242,1.3699289436666726,2.5828598920044397,3.142781275587708,False,False,-11.938293769164183,0.0030095528351742925,0.15214322674717534,2.246980458766715,2.668681103314384,False,False
2026-02-23,25.931738935968646,0.04844731510093021,0.9493986463977667,2.5128159845595213,2.971850033423979,False,False,-12.504737006010187,0.0051630143279373176,1.1675646719544157,2.1751505845006545,2.7068115386545846,False,False,24.97915304644082,0.03778359380166626,1.1817622861876922,2.5828598920044397,3.142781275587708,False,False,-11.938106708825373,0.0029963279845628857,0.10510010278791532,2.246980458766715,2.668681103314384,False,False
2026-03-02,25.92773941131301,0.04718947365045988,0.8021235082891441,2.5128159845595213,2.971850033423979,False,False,-12.505234777174687,0.005199159891730289,1.249537589785545,2.1751505845006545,2.7068115386545846,False,False,24.968281397907514,0.03691413306323494,0.8278449395382904,2.5828598920044397,3.142781275587708,False,False,-11.940514415955324,0.00301166802558863,0.8980957611589298,2.246980458766715,2.668681103314384,False,False
2026-03-09,25.948690568932236,0.047061380978304104,1.154887575444247,2.5128159845595213,2.971850033423979,False,False,-12.501826440806841,0.004816331895342126,0.6977611800027883,2.1751505845006545,2.7068115386545846,False,False,24.981162597021786,0.03686967224622324,1.089965371926313,2.5828598920044397,3.142781275587708,False,False,-11.939842838482445,0.0029443633610670527,0.7129275412764755,2.246980458766715,2.668681103314384,False,False
2026-03-16,25.938071572405008,0.045928232313011484,0.8619286520032168,2.5128159845595213,2.971850033423979,False,False,-12.511334371054426,0.005401662835792957,2.272068149354048,2.1830670446215645,2.7068115386545846,True,False,24.972696188773423,0.03597748596209165,0.795587851219826,2.5828598920044397,3.142781275587708,False,False,-11.948445400585769,0.003512442174706358,2.887624016072698,2.264381861460738,2.827243506641628,True,True
2026-03-23,25.930349561657273,0.04408596670529224,0.6347394928564467,2.5128159845595213,2.971850033423979,False,False,-12.520325664513216,0.006762982519828068,3.0019283877647234,2.2177640108282612,2.8545447646525215,True,True,24.96766291516762,0.034694830983812416,0.5971605159747377,2.5828598920044397,3.142781275587708,False,False,-11.958402360202754,0.005163107997260297,3.7080255677929714,2.3642451348987716,2.932080707228885,True,True
2026-03-30,25.927416898175554,0.04161123160222855,0.510007851660839,2.5128159845595213,2.971850033423979,False,False,-12.51910388096831,0.0076375283374366994,2.3761546647412937,2.2633189081916867,2.8545447646525215,True,False,24.965352267917094,0.03290381095144281,0.4722997614205826,2.5828598920044397,3.142781275587708,False,False,-11.957700034536543,0.006174249621593126,2.837276897720254,2.3771885303336315,2.932080707228885,True,False
2026-04-06,25.91614928402469,0.03728174311765076,0.16304567268174602,2.5128159845595213,2.971850033423979,False,False,-12.519461369637328,0.008408849023497754,2.098956714530369,2.2633189081916867,2.8545447646525215,False,False,24.956116438879686,0.029783176196310112,0.11487627998022466,2.5828598920044397,3.142781275587708,False,False,-11.95766718012953,0.006988169494820144,2.381598872068079,2.3796050723154383,2.932080707228885,True,False
2026-04-13,25.921569810005053,0.033783144484115256,0.2387973022163754,2.5128159845595213,2.971850033423979,False,False,-12.506801137391653,0.008361556305071342,0.5447535422552172,2.2633189081916867,2.8545447646525215,False,False,24.963256288760395,0.027235147934282902,0.288673149982242,2.5828598920044397,3.142781275587708,False,False,-11.94651431090991,0.007000411416670804,0.7283948678217417,2.3796050723154383,2.932080707228885,False,False
2026-04-20,25.92930038813305,0.031188106381432754,0.4069988484496975,2.5128159845595213,2.971850033423979,False,False,-12.4912003645277,0.008391520637412114,1.3136259398289643,2.2633189081916867,2.8545447646525215,False,False,24.962156591901937,0.025479608344152034,0.18364896274235207,2.5828598920044397,3.142781275587708,False,False,-11.934950949768545,0.00694254547470001,0.9388816976345107,2.3796050723154383,2.932080707228885,False,False
2026-04-27,25.938104508237124,0.029750098066056052,0.6307118463416008,2.5128159845595213,2.971850033423979,False,False,-12.486996091320911,0.00847359047107897,1.791690820522953,2.2633189081916867,2.8545447646525215,False,False,24.967873096761757,0.024004005305219966,0.3479788115407143,2.5828598920044397,3.142781275587708,False,False,-11.930242223296204,0.007100723381861626,1.5656713236432966,2.3796050723154383,2.932080707228885,False,False
2026-05-04,25.925658773075277,0.02484203064606448,0.12020460644383464,2.5128159845595213,2.971850033423979,False,False,-12.487778759128568,0.008582823285793068,1.6699697507978406,2.2633189081916867,2.8545447646525215,False,False,24.959916701491363,0.020245507432829213,0.10135165340047944,2.5828598920044397,3.142781275587708,False,False,-11.932540930921292,0.007132791445853432,1.2327263103952113,2.3796050723154383,2.932080707228885,False,False
2026-05-11,25.916275623111684,0.020921496943785596,0.41578879869166563,2.5128159845595213,2.971850033423979,False,False,-12.487249506384826,0.008984670973810203,1.618200687602658,2.2633189081916867,2.8545447646525215,False,False,24.954582135150705,0.016889992489754417,0.546901800004353,2.5828598920044397,3.142781275587708,False,False,-11.931126340792954,0.007392791400046954,1.3419983213197137,2.3796050723154383,2.932080707228885,False,False
2026-05-18,25.91949444449643,0.015556929421953802,0.5094079250853006,2.5128159845595213,2.971850033423979,False,False,-12.485080715019556,0.009428078302126655,1.7386977639800345,2.2633189081916867,2.8545447646525215,False,False,24.954501264179033,0.012590812952189298,0.8836052653665459,2.5828598920044397,3.142781275587708,False,False,-11.92956065280715,0.0076949246229752214,1.4552390839562954,2.3796050723154383,2.932080707228885,False,False
2026-05-25,25.91417164388086,0.01356600392670128,1.0522918271865638,2.5128159845595213,2.971850033423979,False,False,-12.487882589908118,0.009746368853920854,1.3622662055940005,2.2633189081916867,2.8545447646525215,False,False,24.954318419157538,0.01103571690878599,1.0971172080742277,2.5828598920044397,3.142781275587708,False,False,-11.932632083682348,0.007842073842042439,1.0101035999177501,2.3796050723154383,2.932080707228885,False,False
2026-06-01,25.890674992776958,0.014570646598722823,2.5632344172816293,2.5181154593770607,2.971850033423979,True,False,-12.491375008303113,0.009933653516927142,0.9493830684481712,2.2633189081916867,2.8545447646525215,False,False,24.943408462417754,0.010871506367754368,2.1238568205003756,2.5828598920044397,3.142781275587708,False,False,-11.931562360495816,0.008035351701533534,1.0725086311166032,2.3796050723154383,2.932080707228885,False,False
2026-06-08,25.884235807398092,0.01666628481319602,2.5627826558562097,2.55081939940248,2.971850033423979,True,False,-12.48824582673545,0.01022921044142908,1.1886976535918967,2.2633189081916867,2.8545447646525215,False,False,24.93288226122926,0.01245356127268423,2.6383158557328414,2.5879443421916686,3.142781275587708,True,False,-11.927731061193176,0.008389563066794281,1.4377084189472447,2.3796050723154383,2.932080707228885,False,False
2026-06-15,25.89662500449177,0.017681871406713134,1.6436032949293122,2.55081939940248,2.971850033423979,False,False,-12.490047685980441,0.010415844272998995,0.9671492741239979,2.2633189081916867,2.8545447646525215,False,False,24.93660550520469,0.013691537863000182,2.0568767987807224,2.5879443421916686,3.142781275587708,False,False,-11.928429193512828,0.008680373644439824,1.2627868680719152,2.3796050723154383,2.932080707228885,False,False
2026-06-22,25.870319832709697,0.020252495890277847,2.590334805765953,2.5628052439274804,2.971850033423979,True,False,-12.502162924986157,0.010420548979399804,0.19318879548155868,2.2633189081916867,2.8545447646525215,False,False,24.925504749942267,0.015584810406717794,2.401911175892666,2.5879443421916686,3.142781275587708,False,False,-11.937188498910496,0.008676017533101765,0.2332783038742759,2.3796050723154383,2.932080707228885,False,False
2026-06-29,25.85768133083731,0.02362118247639846,2.622502318602776,2.564589436705845,2.971850033423979,True,False,-12.500553998440944,0.010372008051601326,0.055863211305746834,2.2633189081916867,2.8545447646525215,False,False,24.920021323423754,0.01763579598716262,2.3254346809075277,2.5879443421916686,3.142781275587708,False,False,-11.936090997343104,0.008660753366204591,0.3296315811775749,2.3796050723154383,2.932080707228885,False,False
2026-07-06,25.878994246428924,0.023286305094349757,1.6081630908246372,2.564589436705845,2.971850033423979,False,False,-12.499042205202663,0.010332870302885903,0.07011557982409682,2.2633189081916867,2.8545447646525215,False,False,24.930757958096393,0.017799860941297558,1.5802480119401197,2.5879443421916686,3.142781275587708,False,False,-11.936658290241171,0.008641123998001682,0.23885925828917773,2.3796050723154383,2.932080707228885,False,False
2026-07-13,25.86239192962068,0.02468131435315269,2.057187017148569,2.564589436705845,2.971850033423979,False,False,-12.508169471911947,0.010453382152722472,0.7824255486135132,2.2633189081916867,2.8545447646525215,False,False,24.926615988898202,0.01829044025155187,1.6501346152984029,2.5879443421916686,3.142781275587708,False,False,-11.941100078788347,0.008647846586906507,0.2717262908690998,2.3796050723154383,2.932080707228885,False,False
2026-07-20,25.83134208797025,0.029264808574562377,2.6714084674941105,2.5903499662997747,2.971850033423979,True,False,-12.501084908619099,0.01045269089078781,0.10526921455283146,2.2633189081916867,2.8545447646525215,False,False,24.908826678580446,0.02049678450679021,2.237624261406546,2.5879443421916686,3.142781275587708,False,False,-11.93418417880455,0.008693979826590273,0.5069404820006359,2.3796050723154383,2.932080707228885,False,False
2026-07-27,25.82334393385993,0.03376978176004285,2.449298617201122,2.5903499662997747,2.971850033423979,False,False,-12.501843306040264,0.010440031338067327,0.16004856436072576,2.2633189081916867,2.8545447646525215,False,False,24.900353884904277,0.0230640345199082,2.2573970280100033,2.5879443421916686,3.142781275587708,False,False,-11.932139165797087,0.008783078010660073,0.7120559164942248,2.3796050723154383,2.932080707228885,False,False
2026-08-03,25.821681573648153,0.03731375233018711,2.153590106331256,2.5903499662997747,2.971850033423979,False,False,-12.501731963391784,0.010443733725150362,0.14611157298592406,2.2633189081916867,2.8545447646525215,False,False,24.898889425548113,0.02461020365550972,2.04809414115176,2.5879443421916686,3.142781275587708,False,False,-11.932649402542305,0.008854751202845573,0.622910991287694,2.3796050723154383,2.932080707228885,False,False
2026-08-10,25.826115323194156,0.040044312145307015,1.8103003628133407,2.5903499662997747,2.971850033423979,False,False,-12.49225527924216,0.01055486683994522,0.719687557697269,2.2633189081916867,2.8545447646525215,False,False,24.90079828053893,0.026051837431875256,1.7621962506663689,2.5879443421916686,3.142781275587708,False,False,-11.931509426936115,0.008950558572542198,0.7156311184233834,2.3796050723154383,2.932080707228885,False,False
2026-08-17,25.79738093908641,0.04392141991621947,2.183632298447966,2.5903499662997747,2.971850033423979,False,False,-12.48782469056847,0.010763378316525378,1.0573888741659776,2.2633189081916867,2.8545447646525215,False,False,24.880899864270585,0.02800385865545033,2.2101312225589975,2.5879443421916686,3.142781275587708,False,False,-11.92956480875948,0.00909826210122579,0.8808481315353203,2.3796050723154383,2.932080707228885,False,False
2026-08-24,25.856138621092867,0.04377635600619042,0.7822223643547123,2.5903499662997747,2.971850033423979,False,False,-12.474033104096637,0.011769566423249537,2.0384560301561465,2.2633189081916867,2.8545447646525215,False,False,24.912848378180158,0.027575944086846334,0.9933842635526746,2.5879443421916686,3.142781275587708,False,False,-11.920305042639683,0.009706455331684394,1.7090970139270945,2.3796050723154383,2.932080707228885,False,False
2026-08-31,25.876427956607543,0.04317733382282074,0.2774602003868176,2.5903499662997747,2.971850033423979,False,False,-12.48596942972738,0.011903179788653594,0.9505395462495738,2.2633189081916867,2.8545447646525215,False,False,24.922396771957352,0.027175043251776273,0.5917312320914698,2.5879443421916686,3.142781275587708,False,False,-11.926842789987194,0.009871415230959274,0.9649776131195839,2.3796050723154383,2.932080707228885,False,False
2026-09-07,25.86769150749115,0.041545103280699804,0.4236622587060889,2.5903499662997747,2.971850033423979,False,False,-12.492530279699988,0.011900890989061219,0.36938818183537697,2.2633189081916867,2.8545447646525215,False,False,24.907858766477755,0.026359691166083263,1.0546007171369232,2.5879443421916686,3.142781275587708,False,False,-11.9302188585804,0.009916260157780224,0.5828278957352243,2.3796050723154383,2.932080707228885,False,False
2026-09-14,25.843689894969536,0.04086682942631858,0.9291799934567839,2.5903499662997747,2.971850033423979,False,False,-12.48671076091766,0.011686276036254767,0.7931102525653213,2.2633189081916867,2.8545447646525215,False,False,24.888365877247264,0.02680446180843968,1.6433221167548082,2.5879443421916686,3.142781275587708,False,False,-11.925100105705514,0.00980037865463585,1.0204024060381849,2.3796050723154383,2.932080707228885,False,False
2026-09-21,25.79898841797686,0.042686458799202964,1.8184166078693909,2.5903499662997747,2.971850033423979,False,False,-12.486879982914951,0.01069813523649001,0.7303058710227325,2.2633189081916867,2.8545447646525215,False,False,24.83167997079051,0.03234544642037846,2.9526307007105053,2.630476990677199,3.142781275587708,True,False,-11.924921726223248,0.008760589961543337,1.0148851605941072,2.3796050723154383,2.932080707228885,False,False
2026-09-28,,,,,,False,False,,,,,,False,False,,,,,,False,False,,,,,,False,False
2026-10-05,,,,,,False,False,,,,,,False,False,,,,,,False,False,,,,,,False,False
2026-10-12,,,,,,False,False,,,,,,False,False,,,,,,False,False,,,,,,False,False
2026-10-19,,,,,,False,False,,,,,,False,False,,,,,,False,False,,,,,,False,False
2026-10-26,,,,,,False,False,,,,,,False,False,,,,,,False,False,,,,,,False,False
2026-11-02,,,,,,False,False,,,,,,False,False,,,,,,False,False,,,,,,False,False
2026-11-09,,,,,,False,False,,,,,,False,False,,,,,,False,False,,,,,,False,False
2026-11-16,,,,,,False,False,,,,,,False,False,,,,,,False,False,,,,,,False,False
2026-11-23,,,,,,False,False,,,,,,False,False,,,,,,False,False,,,,,,False,False
2026-11-30,,,,,,False,False,,,,,,False,False,,,,,,False,False,,,,,,False,False
2026-12-07,,,,,,False,False,,,,,,False,False,,,,,,False,False,,,,,,False,False
2026-12-14,,,,,,False,False,,,,,,False,False,,,,,,False,False,,,,,,False,False
2026-12-21,,,,,,False,False,,,,,,False,False,,,,,,False,False,,,,,,False,False
2026-12-28,,,,,,False,False,,,,,,False,False,,,,,,False,False,,,,,,False,False
2027-01-04,,,,,,False,False,,,,,,False,False,,,,,,False,False,,,,,,False,False
2027-01-11,,,,,,False,False,,,,,,False,False,,,,,,False,False,,,,,,False,False
2027-01-18,,,,,,False,False,,,,,,False,False,,,,,,False,False,,,,,,False,False
2027-01-25,,,,,,False,False,,,,,,False,False,,,,,,False,False,,,,,,False,False
2027-02-01,,,,,,False,False,,,,,,False,False,,,,,,False,False,,,,,,False,False
2027-02-08,,,,,,False,False,,,,,,False,False,,,,,,False,False,,,,,,False,False
2027-02-15,,,,,,False,False,,,,,,False,False,,,,,,False,False,,,,,,False,False
2027-02-22,,,,,,False,False,,,,,,False,False,,,,,,False,False,,,,,,False,False
2027-03-01,,,,,,False,False,,,,,,False,False,,,,,,False,False,,,,,,False,False
2027-03-08,,,,,,False,False,,,,,,False,False,,,,,,False,False,,,,,,False,False
2027-03-15,,,,,,False,False,,,,,,False,False,,,,,,False,False,,,,,,False,False
2027-03-22,,,,,,False,False,,,,,,False,False,,,,,,False,False,,,,,,False,False
2027-03-29,,,,,,False,False,,,,,,False,False,,,,,,False,False,,,,,,False,False
