date,RiskScore,Regime,MRDI_Short,MRDI_Long,MA20_MRDI,MA60_MRDI
2005-01-03,,,,,,
2005-01-04,,,,,,
2005-01-05,,,,,,
2005-01-06,,,,,,
2005-01-07,,,,,,
2005-01-10,,,,,,
2005-01-11,,,,,,
2005-01-12,,,,,,
2005-01-13,,,,,,
2005-01-14,,,,,,
2005-01-18,,,,,,
2005-01-19,,,,,,
2005-01-20,,,,,,
2005-01-21,,,,,,
2005-01-24,,,,,,
2005-01-25,,,,,,
2005-01-26,,,,,,
2005-01-27,,,,,,
2005-01-28,,,,,,
2005-01-31,,,,,,
2005-02-01,,,,,,
2005-02-02,,,,,,
2005-02-03,,,,,,
2005-02-04,,,,,,
2005-02-07,,,,,,
2005-02-08,,,,,,
2005-02-09,,,,,,
2005-02-10,,,,,,
2005-02-11,,,,,,
2005-02-14,,,,,,
2005-02-15,,,,,,
2005-02-16,,,,,,
2005-02-17,,,,,,
2005-02-18,,,,,,
2005-02-22,,,,,,
2005-02-23,,,,,,
2005-02-24,,,,,,
2005-02-25,,,,,,
2005-02-28,,,,,,
2005-03-01,,,,,,
2005-03-02,,,,,,
2005-03-03,,,,,,
2005-03-04,,,,,,
2005-03-07,,,,,,
2005-03-08,,,,,,
2005-03-09,,,,,,
2005-03-10,,,,,,
2005-03-11,,,,,,
2005-03-14,,,,,,
2005-03-15,,,,,,
2005-03-16,,,,,,
2005-03-17,,,,,,
2005-03-18,,,,,,
2005-03-21,,,,,,
2005-03-22,,,,,,
2005-03-23,,,,,,
2005-03-24,,,,,,
2005-03-28,,,,,,
2005-03-29,,,,,,
2005-03-30,,,,,,
2005-03-31,,,1.929681869957867,,,
2005-04-01,,,2.7746661650714644,,,
2005-04-04,,,2.245879640027384,,,
2005-04-05,,,1.3614828896569906,,,
2005-04-06,,,2.0171320835045856,,,
2005-04-07,,,2.7603732407462713,,,
2005-04-08,,,2.6268367685557976,,,
2005-04-11,,,2.639256343971086,,,
2005-04-12,,,2.72710714100899,,,
2005-04-13,,,4.773761574748773,,,
2005-04-14,,,3.6992324276490303,,,
2005-04-15,,,5.303880180963825,,,
2005-04-18,,,2.8454665466248206,,,
2005-04-19,,,3.4011807515760655,,,
2005-04-20,,,3.020551716915,,,
2005-04-21,,,4.814691175868339,,,
2005-04-22,,,3.099289413016278,,,
2005-04-25,,,2.001551909901233,,,
2005-04-26,,,2.5761837264032157,,,
2005-04-27,,,2.712553221772403,,,
2005-04-28,,,2.856987812734077,,,
2005-04-29,,,4.123196381339175,,,
2005-05-02,,,2.0906782095727108,,,
2005-05-03,,,2.0848021224946036,,,
2005-05-04,,,3.900228983388085,,,
2005-05-05,,,1.3032973129976717,,,
2005-05-06,,,3.153932150593584,,,
2005-05-09,,,2.059708826146395,,,
2005-05-10,,,2.2013443482658457,,,
2005-05-11,,,1.2527712393464212,,,
2005-05-12,,,3.708628527761379,,,
2005-05-13,,,4.36131640213377,,,
2005-05-16,,,2.319239419971104,,,
2005-05-17,,,1.8739912711296105,,,
2005-05-18,,,2.6262037551904407,,,
2005-05-19,,,2.052688296401161,,,
2005-05-20,,,2.02046769305551,,,
2005-05-23,,,2.2060928423589816,,,
2005-05-24,,,2.1124470305015053,,,
2005-05-25,,,2.125559695948599,,,
2005-05-26,,,1.8670078149490204,,,
2005-05-27,,,1.4353026120246843,,,
2005-05-31,,,2.620104301446579,,,
2005-06-01,,,2.943165293207719,,,
2005-06-02,,,3.352737455966291,,,
2005-06-03,,,3.553572188830693,,,
2005-06-06,,,2.1782084636813086,,,
2005-06-07,,,2.5756533865314153,,,
2005-06-08,,,2.402602380169506,,,
2005-06-09,,,2.0782247920196366,,,
2005-06-10,,,5.633415594070721,,,
2005-06-13,,,2.5963098940657456,,,
2005-06-14,,,2.375588016015747,,,
2005-06-15,,,0.8377165095070392,,,
2005-06-16,,,3.479171216251758,,,
2005-06-17,,,2.223287163919458,,,
2005-06-20,,,1.9358528291622925,,,
2005-06-21,,,2.7198781136889165,,,
2005-06-22,,,2.758275498769306,,,
2005-06-23,,,3.6368116240303405,,,
2005-06-24,,,3.168523482225215,,,
2005-06-27,,,1.5774212660421112,,,
2005-06-28,,,3.1284275816405653,,,
2005-06-29,,,2.1571598987070253,,,
2005-06-30,,,2.346756887678165,,,
2005-07-01,,,4.191771106663743,,,
2005-07-05,,,3.8330871290835367,,,
2005-07-06,,,2.7102606832481158,,,
2005-07-07,,,1.6487000184722185,,,
2005-07-08,,,3.1882865251961516,,,
2005-07-11,,,2.3800983869062375,,,
2005-07-12,,,2.624618630148872,,,
2005-07-13,,,2.3668055044590703,,,
2005-07-14,,,2.6360244853566055,,,
2005-07-15,,,1.565274021419495,,,
2005-07-18,,,2.7045540260492786,,,
2005-07-19,,,2.84142283633509,,,
2005-07-20,,,2.411117875121681,,,
2005-07-21,,,7.283329505362723,,,
2005-07-22,,,3.3294744556149483,,,
2005-07-25,,,1.8849663827370668,,,
2005-07-26,,,1.7737356695527804,,,
2005-07-27,,,2.5886050206359017,,,
2005-07-28,,,2.907407508896698,,,
2005-07-29,,,3.6913506930807567,,,
2005-08-01,,,2.689172396697295,,,
2005-08-02,,,2.9814950228378043,,,
2005-08-03,,,1.8885451123287453,,,
2005-08-04,,,2.686161245433753,,,
2005-08-05,,,2.7811001613804818,,,
2005-08-08,,,2.32179364890861,,,
2005-08-09,,,2.262170858051112,,,
2005-08-10,,,3.2012142402680914,,,
2005-08-11,,,3.8604992205179514,,,
2005-08-12,,,3.1465162765039953,,,
2005-08-15,,,1.9754485647617308,,,
2005-08-16,,,3.499053146452637,,,
2005-08-17,,,2.953049821912834,,,
2005-08-18,,,2.1739738937030313,,,
2005-08-19,,,1.2407465862326565,,,
2005-08-22,,,2.0332519676002088,,,
2005-08-23,,,1.5156899662692112,,,
2005-08-24,,,2.1633732601577518,,,
2005-08-25,,,1.129640339864081,,,
2005-08-26,,,2.124441602818885,,,
2005-08-29,,,1.7462408027321277,,,
2005-08-30,,,3.5569650193486204,,,
2005-08-31,,,3.212629082799402,,,
2005-09-01,,,3.9356748579959397,,,
2005-09-02,,,1.3993518133096872,,,
2005-09-06,,,2.7878543914616336,,,
2005-09-07,,,2.8068572039892277,,,
2005-09-08,,,2.8179421293965023,,,
2005-09-09,,,2.908116774509425,,,
2005-09-12,,,2.7610825851565504,,,
2005-09-13,,,2.9482212228084066,,,
2005-09-14,,,3.2177802385832575,,,
2005-09-15,,,3.42363879427314,,,
2005-09-16,,,4.126958005727704,,,
2005-09-19,,,2.398250000726518,,,
2005-09-20,,,1.9611038560171978,,,
2005-09-21,,,3.463815044617986,,,
2005-09-22,,,3.6337554337646654,,,
2005-09-23,,,2.469238078201849,,,
2005-09-26,,,1.7302804059998504,,,
2005-09-27,,,2.9404986879102455,,,
2005-09-28,,,2.192216435983378,,,
2005-09-29,,,2.7706041551331633,,,
2005-09-30,,,2.4344544210475156,,,
2005-10-03,,,2.7681373491332035,,,
2005-10-04,,,2.2773584595375653,,,
2005-10-05,,,3.4628192556768487,,,
2005-10-06,,,3.8307144483342346,,,
2005-10-07,,,1.9778962956971018,,,
2005-10-10,,,4.3383020608419995,,,
2005-10-11,,,3.031366054262638,,,
2005-10-12,,,4.217625575439412,,,
2005-10-13,,,3.095672195886398,,,
2005-10-14,,,3.9531209546769035,,,
2005-10-17,,,3.571828877280429,,,
2005-10-18,,,2.400456588257243,,,
2005-10-19,,,5.109563487218691,,,
2005-10-20,,,5.097326696129939,,,
2005-10-21,,,4.527802322481865,,,
2005-10-24,,,3.5122484094843456,,,
2005-10-25,,,3.052535677100548,,,
2005-10-26,,,2.4594761042359825,,,
2005-10-27,,,3.144685023022286,,,
2005-10-28,,,4.346542376188417,,,
2005-10-31,,,5.464078556127436,,,
2005-11-01,,,2.740100136495533,,,
2005-11-02,,,3.5820362079647916,,,
2005-11-03,,,2.951059203192958,,,
2005-11-04,,,2.216246285884323,,,
2005-11-07,,,2.569082830756044,,,
2005-11-08,,,2.6726015676108044,,,
2005-11-09,,,3.2244044773076204,,,
2005-11-10,,,3.4991943211712724,,,
2005-11-11,,,1.5470862431392072,,,
2005-11-14,,,2.4873502133495964,,,
2005-11-15,,,2.1804934692983724,,,
2005-11-16,,,4.209725689733401,,,
2005-11-17,,,3.1678295958654106,,,
2005-11-18,,,2.8885942147769423,,,
2005-11-21,,,2.139008524285641,,,
2005-11-22,,,1.8533974976355272,,,
2005-11-23,,,2.502797543662023,,,
2005-11-25,,,2.773480455634008,,,
2005-11-28,,,2.870597232813831,,,
2005-11-29,,,2.568769879459199,,,
2005-11-30,,,3.6988174169864507,,,
2005-12-01,,,4.5177076201099755,,,
2005-12-02,,,1.6809540243303278,,,
2005-12-05,,,2.4917383826741295,,,
2005-12-06,,,2.581189857675795,,,
2005-12-07,,,2.173846553682426,,,
2005-12-08,,,2.890534004926181,,,
2005-12-09,,,2.4797270023883473,,,
2005-12-12,,,2.415651835549809,,,
2005-12-13,,,3.0287695460753934,,,
2005-12-14,,,6.998500272403157,,,
2005-12-15,,,3.0126066038806676,,,
2005-12-16,,,1.8445728880845564,,,
2005-12-19,,,2.9140990714503516,,,
2005-12-20,,,3.7510633952594916,,,
2005-12-21,,,1.370074330349804,,,
2005-12-22,,,2.7131126219937225,,,
2005-12-23,,,1.5319478689795218,,,
2005-12-27,,,3.403290123541349,,,
2005-12-28,,,2.063568683109509,,,
2005-12-29,,,1.212078656266199,,,
2005-12-30,,,1.428293411825216,,,
2006-01-03,,,5.780294040492641,,,
2006-01-04,,,1.99891611876847,,,
2006-01-05,,,3.1003743840240414,,,
2006-01-06,,,4.306610480686299,,,
2006-01-09,,,1.8832778372072227,,,
2006-01-10,,,2.2470191509480135,,,
2006-01-11,,,1.7533665355336348,,,
2006-01-12,,,2.224679224946837,,,
2006-01-13,,,2.148264550752817,,,
2006-01-17,,,2.7813666501137515,,,
2006-01-18,,,3.284056278541595,,,
2006-01-19,,,3.532398503485018,,,
2006-01-20,,,5.420510137446952,,,
2006-01-23,,,1.7659683140065714,,,
2006-01-24,,,1.8821996162272048,,,
2006-01-25,,,3.186994088005646,,,
2006-01-26,,,2.7893161092390124,,,
2006-01-27,,,3.2007542254243164,,,
2006-01-30,,,2.337240733588807,,,
2006-01-31,,,2.043551372645087,,,
2006-02-01,,,2.74969361840426,,,
2006-02-02,,,2.611528042837063,,,
2006-02-03,,,3.107926707629578,,,
2006-02-06,,,2.7330704944465767,,,
2006-02-07,,,4.918889433448222,,,
2006-02-08,,,2.426725967394184,,,
2006-02-09,,,3.62907702306376,,,
2006-02-10,,,4.032766184333304,,,
2006-02-13,,,2.346950073978929,,,
2006-02-14,,,2.986597246651364,,,
2006-02-15,,,2.4933501816108157,,,
2006-02-16,,,1.7947022515878057,,,
2006-02-17,,,2.759001138014214,,,
2006-02-21,,,2.215213210332325,,,
2006-02-22,,,2.408684046056286,,,
2006-02-23,,,3.247648902823217,,,
2006-02-24,,,2.1992457180743776,,,
2006-02-27,,,2.6774795240836116,,,
2006-02-28,,,3.2157461141838146,,,
2006-03-01,,,3.3201101617398527,,,
2006-03-02,,,2.1857678464020047,,,
2006-03-03,,,2.4154532551312475,,,
2006-03-06,,,3.3501260701998667,,,
2006-03-07,,,3.13899341964084,,,
2006-03-08,,,1.8952407196943706,,,
2006-03-09,,,1.4457426046630941,,,
2006-03-10,,,3.1836249447081695,,,
2006-03-13,,,2.0160804920353432,,,
2006-03-14,,,3.410038132975825,,,
2006-03-15,,,3.4883050591404157,,,
2006-03-16,,,4.547787762304294,,,
2006-03-17,,,2.013253597732523,,,
2006-03-20,,,2.142660342354344,,,
2006-03-21,,,2.844454997112853,,,
2006-03-22,,,1.9104797663566704,,,
2006-03-23,,,2.0813308828468218,,,
2006-03-24,,,2.6006906106488756,,,
2006-03-27,,,2.0658049184467004,,,
2006-03-28,,,3.7684051612463474,,,
2006-03-29,,,2.5805818645313865,,,
2006-03-30,,,3.616177998549053,,,
2006-03-31,,,2.245232097299387,,,
2006-04-03,,,2.050880361576965,,,
2006-04-04,,,1.8326954272553446,,,
2006-04-05,,,2.706190859873812,,,
2006-04-06,,,2.3964745213670637,,,
2006-04-07,,,2.9332971725398296,,,
2006-04-10,,,1.9276754898444262,,,
2006-04-11,,,2.2657501861920313,,,
2006-04-12,,,1.6700241390712736,,,
2006-04-13,,,1.6371100762174606,,,
2006-04-17,,,3.2718511515049054,,,
2006-04-18,,,3.7590337233535753,,,
2006-04-19,,,3.0157348039435963,,,
2006-04-20,,,4.522369998911917,,,
2006-04-21,,,4.368674891110605,,,
2006-04-24,,,4.136761111660089,,,
2006-04-25,,,3.1544273978716193,,,
2006-04-26,,,2.378461125219588,,,
2006-04-27,,,2.222469857257728,,,
2006-04-28,,,3.8742100688495515,,,
2006-05-01,,,3.2122757533503834,,,
2006-05-02,,,1.9142533559821313,,,
2006-05-03,,,2.302472077184876,,,
2006-05-04,,,1.6619576641736087,,,
2006-05-05,,,2.890097303845391,,,
2006-05-08,,,2.1221973779752257,,,
2006-05-09,,,3.095555544668263,,,
2006-05-10,,,2.41883512233243,,,
2006-05-11,,,3.9800980065986953,,,
2006-05-12,,,4.417696592205916,,,
2006-05-15,,,4.947033986619805,,,
2006-05-16,,,2.8041056778511293,,,
2006-05-17,,,6.591628197307295,,,
2006-05-18,,,4.419539540886353,,,
2006-05-19,,,4.0691478117838065,,,
2006-05-22,,,3.02668160652999,,,
2006-05-23,,,2.394889308953172,,,
2006-05-24,,,3.366516268672214,,,
2006-05-25,,,4.158337614409573,,,
2006-05-26,,,3.1254650940661546,,,
2006-05-30,,,6.470548531231949,,,
2006-05-31,,,3.1907970634372007,,,
2006-06-01,,,4.099344732747955,,,
2006-06-02,,,3.509705227468942,,,
2006-06-05,,,3.219644881923878,,,
2006-06-06,,,2.6675429972082294,,,
2006-06-07,,,2.0941533168021538,,,
2006-06-08,,,2.31019753457905,,,
2006-06-09,,,2.168387937046777,,,
2006-06-12,,,2.8252943864697717,,,
2006-06-13,,,4.611456172195878,,,
2006-06-14,,,3.78943566087334,,,
2006-06-15,,,4.307438246632299,,,
2006-06-16,,,2.075494390720901,,,
2006-06-19,,,1.9058654336683039,,,
2006-06-20,,,1.9450495730202642,,,
2006-06-21,,,2.2583338334192407,,,
2006-06-22,,,2.7361511936637375,,,
2006-06-23,,,1.5042111257156086,,,
2006-06-26,,,1.2711539029624528,,,
2006-06-27,,,2.8177450781256965,,,
2006-06-28,,,2.1998467117878127,,,
2006-06-29,,,3.983433307665094,,,
2006-06-30,,,2.8809605704737935,,,
2006-07-03,,,2.131160742463977,,,
2006-07-05,,,3.2517300929692943,,,
2006-07-06,,,1.8898805066002449,,,
2006-07-07,,,3.6818956828035203,,,
2006-07-10,,,2.2684299617718633,,,
2006-07-11,,,3.419360966334876,,,
2006-07-12,,,2.784618261253848,,,
2006-07-13,,,3.251532437925908,,,
2006-07-14,,,2.3329646170548908,,,
2006-07-17,,,2.480340659491426,,,
2006-07-18,,,2.379943296612362,,,
2006-07-19,,,3.6974439804805694,,,
2006-07-20,,,2.6972219369081873,,,
2006-07-21,,,3.852058779386015,,,
2006-07-24,,,2.858450840548178,,,
2006-07-25,,,1.5880610285873178,,,
2006-07-26,,,1.5909518941389091,,,
2006-07-27,,,2.7561414231058987,,,
2006-07-28,,,3.1057183071704104,,,
2006-07-31,,,1.0730904110848567,,,
2006-08-01,,,2.272921276771102,,,
2006-08-02,,,1.5817186907269305,,,
2006-08-03,,,1.6746924988587677,,,
2006-08-04,,,1.6248618223441469,,,
2006-08-07,,,1.7240434575333101,,,
2006-08-08,,,1.4572055751587525,,,
2006-08-09,,,3.10504914308982,,,
2006-08-10,,,2.2109573069187323,,,
2006-08-11,,,2.4170199489195867,,,
2006-08-14,,,1.8386128917116904,,,
2006-08-15,,,3.2470414968681713,,,
2006-08-16,,,3.356825664669665,,,
2006-08-17,,,1.6373636032235774,,,
2006-08-18,,,1.2424048764158286,,,
2006-08-21,,,2.3053216602128126,,,
2006-08-22,,,1.050096327325673,,,
2006-08-23,,,1.119611096974951,,,
2006-08-24,,,0.7710039844040663,,,
2006-08-25,,,2.0105806633864756,,,
2006-08-28,,,1.8860454334395662,,,
2006-08-29,,,1.8363860844619921,,,
2006-08-30,,,1.8266806237891116,,,
2006-08-31,,,2.2206474417008435,,,
2006-09-01,,,2.1225580470265912,,,
2006-09-05,,,4.671974388810718,,,
2006-09-06,,,2.226372743061167,,,
2006-09-07,,,2.4566540219365014,,,
2006-09-08,,,2.03684452660606,,,
2006-09-11,,,3.898303003517545,,,
2006-09-12,,,2.752673732596437,,,
2006-09-13,,,2.014826881168556,,,
2006-09-14,,,2.2917182417496775,,,
2006-09-15,,,1.2301337458147226,,,
2006-09-18,,,1.7920150133713464,,,
2006-09-19,,,3.926022661271658,,,
2006-09-20,,,2.213867667695151,,,
2006-09-21,,,3.6391934449445817,,,
2006-09-22,,,2.395145098364507,,,
2006-09-25,,,2.2209968127170403,,,
2006-09-26,,,2.637409455820514,,,
2006-09-27,,,2.129071532243321,,,
2006-09-28,,,1.8359744065137724,,,
2006-09-29,,,1.0636225724098098,,,
2006-10-02,,,2.6747723016246394,,,
2006-10-03,,,3.022165279421715,,,
2006-10-04,,,3.4880821025925806,,,
2006-10-05,,,2.9641050045386756,,,
2006-10-06,,,3.868669403496745,,,
2006-10-09,,,1.6627545879911498,,,
2006-10-10,,,2.3146630551898593,,,
2006-10-11,,,2.2770661815241677,,,
2006-10-12,,,2.1474090483046457,,,
2006-10-13,,,2.404001706832008,,,
2006-10-16,,,2.2880721002939963,,,
2006-10-17,,,2.748846531723207,,,
2006-10-18,,,3.249438043857194,,,
2006-10-19,,,3.1769042332351103,,,
2006-10-20,,,1.7737283083627546,,,
2006-10-23,,,4.834793963104708,,,
2006-10-24,,,2.1793533210105167,,,
2006-10-25,,,2.8660123358306677,,,
2006-10-26,,,2.0879173136288283,,,
2006-10-27,,,3.598371156094579,,,
2006-10-30,,,2.3703043969117266,,,
2006-10-31,,,2.457601749799919,,,
2006-11-01,,,3.70937629463905,,,
2006-11-02,,,1.9522555369113441,,,
2006-11-03,,,4.232183878566975,,,
2006-11-06,,,3.262799162399571,,,
2006-11-07,,,2.438305069304562,,,
2006-11-08,,,1.8026801154542713,,,
2006-11-09,,,3.4042476940389905,,,
2006-11-10,,,1.9488305423901104,,,
2006-11-13,,,1.801495613031646,,,
2006-11-14,,,2.58665498327783,,,
2006-11-15,,,1.6058744529872973,,,
2006-11-16,,,1.7430966442268034,,,
2006-11-17,,,2.3815636493250376,,,
2006-11-20,,,2.4878966786839785,,,
2006-11-21,,,1.5346571793404746,,,
2006-11-22,,,2.926951229215698,,,
2006-11-24,,,2.689448617784983,,,
2006-11-27,,,4.976555530289166,,,
2006-11-28,,,2.1347262698172207,,,
2006-11-29,,,2.862104629110708,,,
2006-11-30,,,2.4487526213182718,,,
2006-12-01,,,2.5059499084632826,,,
2006-12-04,,,2.020905726517157,,,
2006-12-05,,,3.068351982166232,,,
2006-12-06,,,2.740172014764774,,,
2006-12-07,,,3.8717224183653287,,,
2006-12-08,,,3.0274140097634192,,,
2006-12-11,,,4.145873473837002,,,
2006-12-12,,,1.5114212223714212,,,
2006-12-13,,,2.93585098904828,,,
2006-12-14,,,2.502854108735401,,,
2006-12-15,,,2.0236310873479204,,,
2006-12-18,,,2.571382727247446,,,
2006-12-19,,,2.43607850286374,,,
2006-12-20,,,1.8847731635900404,,,
2006-12-21,,,2.1863321244580955,,,
2006-12-22,,,3.475004395966236,,,
2006-12-26,,,1.9065284385718393,,,
2006-12-27,,,3.716227189883596,,,
2006-12-28,,,1.7726115591947857,,,
2006-12-29,,,2.4418705861939083,,,
2007-01-03,,,3.659750086646893,,,
2007-01-04,,,4.835473579522812,,,
2007-01-05,,,4.374549874020963,,,
2007-01-08,,,1.644149098351985,,,
2007-01-09,,,2.4017885615933956,,,
2007-01-10,,,2.557571065358892,,,
2007-01-11,,,2.8948175401886145,,,
2007-01-12,,,3.3787031986648457,,,
2007-01-16,,,2.8818990042982704,,,
2007-01-17,,,2.55503777305678,,,
2007-01-18,,,4.727083465279005,,,
2007-01-19,,,1.9977899089340774,,,
2007-01-22,,,2.5219257033392597,,,
2007-01-23,,,3.3665142610257286,,,
2007-01-24,,,3.0631374435652607,,,
2007-01-25,,,4.343833952159261,,,
2007-01-26,,,2.5727207460887507,,,
2007-01-29,,,1.7946254769233347,,,
2007-01-30,,,2.0422880326675963,,,
2007-01-31,,,3.8441014672850424,,,
2007-02-01,,,2.108531410077275,,,
2007-02-02,,,2.3626655158433283,,,
2007-02-05,,,2.5807301943748637,,,
2007-02-06,,,1.7632559805202992,,,
2007-02-07,,,2.585484379308737,,,
2007-02-08,,,2.5249801222806343,,,
2007-02-09,,,2.7843953894711677,,,
2007-02-12,,,1.6102898641966303,,,
2007-02-13,,,3.4875243631955506,,,
2007-02-14,,,3.9370606027533337,,,
2007-02-15,,,2.1623203973781795,,,
2007-02-16,,,1.7025174881072036,,,
2007-02-20,,,2.8292289246464337,,,
2007-02-21,,,4.879379259270596,,,
2007-02-22,,,4.0698413892993,,,
2007-02-23,,,2.5644140757194234,,,
2007-02-26,,,2.11280903752905,,,
2007-02-27,,,15.435889461648742,,,
2007-02-28,,,2.251984346493314,,,
2007-03-01,,,2.3543898716188383,,,
2007-03-02,,,3.3684889504335707,,,
2007-03-05,,,3.435356115146141,,,
2007-03-06,,,3.306855717065675,,,
2007-03-07,,,2.386981941312308,,,
2007-03-08,,,2.9182215803034244,,,
2007-03-09,,,2.9163962862908654,,,
2007-03-12,,,1.8086611527088003,,,
2007-03-13,,,3.8942724829307873,,,
2007-03-14,,,2.3945004381330275,,,
2007-03-15,,,1.2956342256556697,,,
2007-03-16,,,1.606973757511651,,,
2007-03-19,,,2.572473215787208,,,
2007-03-20,,,1.7338017600767377,,,
2007-03-21,,,3.1858712274987835,,,
2007-03-22,,,2.7673419295307737,,,
2007-03-23,,,1.761183647877804,,,
2007-03-26,,,1.5113394487165042,,,
2007-03-27,,,1.5971456639256094,,,
2007-03-28,,,2.255434396972362,,,
2007-03-29,,,2.2907289908722284,,,
2007-03-30,,,1.0336255180593783,,,
2007-04-02,,,0.7135736776065716,,,
2007-04-03,,,2.239264828485235,,,
2007-04-04,,,1.5744616203666817,,,
2007-04-05,,,1.346348815002477,,,
2007-04-09,,,2.2774034885993304,,,
2007-04-10,,,1.3937648106303917,,,
2007-04-11,,,1.516963383397405,,,
2007-04-12,,,1.5035556325672799,,,
2007-04-13,,,1.7511132575556778,,,
2007-04-16,,,2.6088911157993313,,,
2007-04-17,,,2.1827521035148245,,,
2007-04-18,,,3.6358528331887188,,,
2007-04-19,,,1.9130026774329152,,,
2007-04-20,,,2.556855165704821,,,
2007-04-23,,,1.5691922834166223,,,
2007-04-24,,,3.5694378613516196,,,
2007-04-25,,,2.5528223520655122,,,
2007-04-26,,,2.9227546300089773,,,
2007-04-27,,,2.107047992247731,,,
2007-04-30,,,3.3975703628092075,,,
2007-05-01,,,1.731789401044975,,,
2007-05-02,,,1.445039906941221,,,
2007-05-03,,,1.5874444689490084,,,
2007-05-04,,,1.6743353226446291,,,
2007-05-07,,,1.2498880672501589,,,
2007-05-08,,,1.4059406108134307,,,
2007-05-09,,,2.2571913574400178,,,
2007-05-10,,,3.386328957807966,,,
2007-05-11,,,1.6776618086365993,,,
2007-05-14,,,1.9363359747929114,,,
2007-05-15,,,2.4104809392360753,,,
2007-05-16,,,2.6561908747719754,,,
2007-05-17,,,2.1086635945788057,,,
2007-05-18,,,2.4707619447702713,,,
2007-05-21,,,2.3140916759621177,,,
2007-05-22,,,1.9442101829407497,,,
2007-05-23,,,1.8279867874637687,,,
2007-05-24,,,2.584745855250848,,,
2007-05-25,,,1.2858886437402897,,,
2007-05-29,,,2.356705339910904,,,
2007-05-30,,,2.6711169760444524,,,
2007-05-31,,,2.739893338254036,,,
2007-06-01,,,2.8032216796625775,,,
2007-06-04,,,1.7345226543023373,,,
2007-06-05,,,2.94044456651221,,,
2007-06-06,,,2.329300522035925,,,
2007-06-07,,,6.571365005433974,,,
2007-06-08,,,4.718068561677675,,,
2007-06-11,,,1.4480358444940513,,,
2007-06-12,,,4.417960348856243,,,
2007-06-13,,,4.278482042127131,,,
2007-06-14,,,1.6856513671582116,,,
2007-06-15,,,3.13900230387402,,,
2007-06-18,,,3.255064842947276,,,
2007-06-19,,,3.0238237559266223,,,
2007-06-20,,,3.387464711755286,,,
2007-06-21,,,3.245022882047449,,,
2007-06-22,,,4.25526267455775,,,
2007-06-25,,,2.7329381023794217,,,
2007-06-26,,,4.297861559030026,,,
2007-06-27,,,4.238072863072303,,,
2007-06-28,,,2.609790702813379,,,
2007-06-29,,,2.8796185062565085,,,
2007-07-02,,,4.293518652647456,,,
2007-07-03,,,1.656609544543818,,,
2007-07-05,,,3.0142080286158777,,,
2007-07-06,,,2.127730439082742,,,
2007-07-09,,,2.0259302325111537,,,
2007-07-10,,,6.6578994954885875,,,
2007-07-11,,,2.9279734813105995,,,
2007-07-12,,,4.264452521580456,,,
2007-07-13,,,2.2806576086847348,,,
2007-07-16,,,2.350286395742318,,,
2007-07-17,,,3.230707489310104,,,
2007-07-18,,,3.3597736817349317,,,
2007-07-19,,,1.6534631845029448,,,
2007-07-20,,,3.3024874928282832,,,
2007-07-23,,,2.217381415050198,,,
2007-07-24,,,3.457551287610578,,,
2007-07-25,,,2.280301417997171,,,
2007-07-26,,,6.581179239376287,,,
2007-07-27,,,4.570346469013061,,,
2007-07-30,,,2.6252939372499533,,,
2007-07-31,,,3.290022966959115,,,
2007-08-01,,,3.2263991897854436,,,
2007-08-02,,,2.6826224416283195,,,
2007-08-03,,,4.262143406117998,,,
2007-08-06,,,3.9138725349514027,,,
2007-08-07,,,1.7720416829766454,,,
2007-08-08,,,3.9277375603162756,,,
2007-08-09,,,5.436067994373754,,,
2007-08-10,,,3.998473324689501,,,
2007-08-13,,,2.5919074472394894,,,
2007-08-14,,,3.112288179768441,,,
2007-08-15,,,3.3094864366751198,,,
2007-08-16,,,6.957833119735696,,,
2007-08-17,,,4.015798058211323,,,
2007-08-20,,,3.160384826146906,,,
2007-08-21,,,2.7399959212012908,,,
2007-08-22,,,2.812377351206483,,,
2007-08-23,,,2.0629329531235094,,,
2007-08-24,,,2.526228544901111,,,
2007-08-27,,,1.94282230579596,,,
2007-08-28,,,2.691373481429129,,,
2007-08-29,,,3.7063774654064447,,,
2007-08-30,,,2.447839076755305,,,
2007-08-31,,,2.456037067927263,,,
2007-09-04,,,2.686850729744151,,,
2007-09-05,,,1.9814744357688372,,,
2007-09-06,,,2.952179718809826,,,
2007-09-07,,,3.6347743831341788,,,
2007-09-10,,,2.1162654827179024,,,
2007-09-11,,,2.161735580050866,,,
2007-09-12,,,3.244102724992278,,,
2007-09-13,,,3.0768328107320024,,,
2007-09-14,,,1.9350916498703903,,,
2007-09-17,,,2.6840389563642537,,,
2007-09-18,,,3.8849263895852113,,,
2007-09-19,,,2.2545830374615172,,,
2007-09-20,,,7.627151798034574,,,
2007-09-21,,,2.917511647485968,,,
2007-09-24,,,2.1622778494076615,,,
2007-09-25,,,2.1903818582393098,,,
2007-09-26,,,2.0590585313395886,,,
2007-09-27,,,1.8604452633990316,,,
2007-09-28,,,1.9909928112351072,,,
2007-10-01,,,2.811200881287846,,,
2007-10-02,,,3.150814848981564,,,
2007-10-03,,,3.17901160402668,,,
2007-10-04,,,1.7354887732317257,,,
2007-10-05,,,3.6574734099843744,,,
2007-10-08,,,2.4933039376104777,,,
2007-10-09,,,2.3477352920581027,,,
2007-10-10,,,1.946078382521339,,,
2007-10-11,,,3.5766566969702223,,,
2007-10-12,,,2.2641738509477016,,,
2007-10-15,,,1.9246884555986745,,,
2007-10-16,,,1.130365888201327,,,
2007-10-17,,,3.8772700649800735,,,
2007-10-18,,,3.1421481285141284,,,
2007-10-19,,,4.036106305462162,,,
2007-10-22,,,2.560620122319622,,,
2007-10-23,,,3.2646801419507168,,,
2007-10-24,,,4.040546046379093,,,
2007-10-25,,,2.665034982079337,,,
2007-10-26,,,3.332119625383578,,,
2007-10-29,,,2.1230099591462683,,,
2007-10-30,,,2.0723613825721197,,,
2007-10-31,,,2.564657578309081,,,
2007-11-01,,,3.7516886625610555,,,
2007-11-02,,,3.8761469609368473,,,
2007-11-05,,,1.658062485607438,,,
2007-11-06,,,2.4209315523636254,,,
2007-11-07,,,4.011710978128585,,,
2007-11-08,,,5.937332818594989,,,
2007-11-09,,,5.139482845695817,,,
2007-11-12,,,6.9491358736977045,,,
2007-11-13,,,3.1751855493294987,,,
2007-11-14,,,2.516048815502276,,,
2007-11-15,,,3.5891126341760033,,,
2007-11-16,,,2.0594923076385316,,,
2007-11-19,,,3.262986565887843,,,
2007-11-20,,,3.0144121361044056,,,
2007-11-21,,,2.15395356388701,,,
2007-11-23,,,3.4735195848122657,,,
2007-11-26,,,4.527118950343094,,,
2007-11-27,,,3.4362728308998096,,,
2007-11-28,,,4.0043043872145265,,,
2007-11-29,,,2.432224469716157,,,
2007-11-30,,,4.7101424299776005,,,
2007-12-03,,,2.5973355679522045,,,
2007-12-04,,,1.5287438873357015,,,
2007-12-05,,,3.971547589081547,,,
2007-12-06,,,2.108258905593099,,,
2007-12-07,,,3.3222919397767967,,,
2007-12-10,,,1.9677484224003146,,,
2007-12-11,,,3.1059336266160007,,,
2007-12-12,,,3.0832588287476086,,,
2007-12-13,,,3.2942028304503035,,,
2007-12-14,,,3.9581828924914357,,,
2007-12-17,,,2.8638239647635153,,,
2007-12-18,,,2.4594923628122807,,,
2007-12-19,,,3.3387424396867247,,,
2007-12-20,,,3.2180692453469115,,,
2007-12-21,,,2.8212251644092134,,,
2007-12-24,,,1.5175853745401904,,,
2007-12-26,,,1.9926672198312445,,,
2007-12-27,,,1.8502519104856259,,,
2007-12-28,,,3.534919895706196,,,
2007-12-31,,,1.5788395288407517,,,
2008-01-02,,,4.447477929328854,,,
2008-01-03,,,1.9109920413168042,,,
2008-01-04,,,4.605098795960062,6.482790849904492,4.364848057292796,5.05754571343348
2008-01-07,,,1.8927755866218712,2.335364819322316,4.537107563520338,4.948089573707428
2008-01-08,,,3.312261234498167,4.630017906678029,5.310370845218477,5.564961263128928
2008-01-09,,,4.184343204007058,6.380980232920926,5.259899052323848,5.3560253837240195
2008-01-10,,,2.71876311854887,3.744790288951226,4.2631224943034045,4.8563716348493875
2008-01-11,,,2.7808624484603635,4.999445286119229,5.03646915459315,5.196914871703959
2008-01-14,,,3.369006805279491,3.461456797710655,5.035560639926543,4.672049801004517
2008-01-15,,,3.6859817835866293,6.164145420917085,5.924892496993366,5.299546620361978
2008-01-16,,,3.2528375881289024,4.123241442291203,5.551734867705826,5.69098556874834
2008-01-17,,,3.185298229008712,5.587215395952659,5.650396004243948,5.733499721625218
2008-01-18,,,4.772794848409789,4.954473161488221,6.536480676143426,6.595060856488254
2008-01-22,,,4.8819763580461,8.192046958890932,6.829038387192078,7.425788722242338
2008-01-23,,,5.128338714079906,9.036504074655092,8.449329903830483,8.07387365658998
2008-01-24,,,4.639618285277736,8.222708613010301,6.704252976671643,6.7078890754781435
2008-01-25,,,3.1734462393374194,5.393470027358665,6.787673299582697,6.643772545076811
2008-01-28,,,2.194032105756144,4.053918313204277,6.404317965203611,6.478970768074927
2008-01-29,,,2.1841605900790384,3.0363154006372515,5.8856119298255205,6.149702940839442
2008-01-30,,,2.1425491822144616,3.6982011837417277,5.338842973832696,5.729008230985077
2008-01-31,,,3.377073875794926,5.211646716591041,5.00163739384108,5.488365826777586
2008-02-01,,,6.401960588608012,6.608322869702635,5.353807114059495,6.020619160997346
2008-02-04,,,2.5698677602514493,2.9074630108437973,4.598961952944923,5.90111723531488
2008-02-05,,,3.106105468022673,5.492083767808971,4.796967474645873,6.1511260048706715
2008-02-06,,,2.2676144149338713,3.2502781755878933,4.673234741144866,5.281126337752764
2008-02-07,,,2.888059552874059,4.41805222676654,4.8405907587733115,4.874921537850302
2008-02-08,,,2.94586866088045,4.357514395046753,4.619728686657737,5.07553927338975
2008-02-11,,,2.093896239328106,2.5471166358773605,4.2444738964538296,5.042437989402235
2008-02-12,,,3.1261809661537656,4.281762850976361,4.242078056648886,4.983226805953172
2008-02-13,,,2.9678390741136553,5.162507940627335,4.983170874718057,5.048693472572261
2008-02-14,,,3.109792271001172,4.99239715541464,3.5772383529297325,4.631446218373337
2008-02-15,,,2.098649344895392,3.0004940809640495,3.863739893418284,4.162267800704676
2008-02-19,,,2.736556515322603,4.396022416956216,3.393565593855771,3.6087284700939066
2008-02-20,,,3.712284070705453,5.94531821290641,3.8644663586284063,3.438961289752123
2008-02-21,,,2.1139764920548085,4.5547266274769544,3.924461382853157,3.9360709941516205
2008-02-22,,,1.7282922523254949,3.1153797878361433,2.685853437396166,4.046356385952938
2008-02-25,,,2.26631238925773,4.307153270552361,3.4044547016939566,3.8827764205455373
2008-02-26,,,2.201592104916977,3.565168041672858,3.2067716928612704,4.649802569360258
2008-02-27,,,2.2578962304547727,2.5647669287265673,3.064359842511236,4.502800077668517
2008-02-28,,,3.1308050401517127,4.55687418232773,2.650486917026106,4.5812293982052
2008-02-29,,,2.9840952754635466,6.3535623562618655,3.3037036861755897,4.823212669255145
2008-03-03,,,1.2014648326408033,2.2115379641077464,3.3673816519688757,4.73946423715541
2008-03-04,,,3.32498659559683,3.679222557272062,3.8578224296165096,4.763535199147515
2008-03-05,,,2.5044012449353983,3.8699345680721073,3.3850040796988954,4.77661464073325
2008-03-06,,,2.7415670339694813,3.8672977096052645,3.7813171295332606,5.173773976997102
2008-03-07,,,2.842260473364784,5.319190598404565,4.281891436880681,5.798013547418021
2008-03-10,,,1.9208121058345264,3.5542593890214564,4.5764458439310065,5.651528614465893
2008-03-11,,,4.72126885659507,8.350855909606096,2.6705340585283994,4.496535785068562
2008-03-12,,,3.193343532275524,4.860360501680669,3.236693434504658,4.83123719998372
2008-03-13,,,2.3414269808121215,3.092210219334688,4.081046570300993,4.851048400512873
2008-03-14,,,2.9021151519863237,4.336390873292198,3.926853170255645,5.009291369911757
2008-03-17,,,3.711968081979557,7.005819278705104,5.019753335721996,5.59589709476117
2008-03-18,,,5.652980872161787,9.412930552878887,4.065285841936147,4.650483707037632
2008-03-19,,,4.601151444844862,5.065531250164934,4.686690350292815,4.557797042361664
2008-03-20,,,3.8129840017378918,5.245209435930342,4.52832972745906,4.89520317226327
2008-03-24,,,3.9179387387573263,6.976652933159716,4.016564902610987,4.289886116911056
2008-03-25,,,2.348724315564427,3.138563666359816,4.084767085532481,4.329392224306641
2008-03-26,,,1.903355280635461,3.2481135277652347,4.437452442684184,4.469988761505543
2008-03-27,,,2.664061196162955,3.9668387796814644,4.057720854917796,4.502535497280625
2008-03-28,,,1.8923644997705316,2.873087480360997,4.112120023239713,4.753530678292278
2008-03-31,,,1.9776665068495893,2.906894859607388,3.7977418550848157,4.234413036353749
2008-04-01,,,5.568363424952688,7.403811822087753,5.1042178743128614,4.859473608125718
2008-04-02,,,5.059407175656034,6.234758545785502,3.4716605075333216,3.1563366701917017
2008-04-03,,,2.0356674689583127,3.126372732729204,3.6785748910823193,3.5043564693321883
2008-04-04,,,2.499136069457198,3.8225013693869423,3.5454762268772755,3.6319020946721046
2008-04-07,,,1.7620651243017893,3.199567204739502,4.603295011190479,3.7172638905705755
2008-04-08,,,8.80596468093822,11.207131462981351,4.330378373770568,2.901680697044228
2008-04-09,,,5.701756600177943,10.164613354052412,2.7552412293778374,3.7686027468525767
2008-04-10,,,1.5999321809771512,3.2216019293639726,2.9341334250489313,3.6619205534172274
2008-04-11,,,2.003580231413425,3.561047306398512,3.166499007119272,3.213751352027259
2008-04-14,,,1.3860147479150318,1.9508452751631005,3.467251862684836,3.1226287875650955
2008-04-15,,,1.6801380959250907,2.5156655453106334,4.123585235869161,3.092134014810667
2008-04-16,,,2.8261783374480176,5.212063375265225,3.379270794022692,3.4480537098115898
2008-04-17,,,1.087272026402496,2.02431222872111,3.6979567256426584,4.980870569612693
2008-04-18,,,3.449548568070646,4.795522422595366,3.9562694260073568,5.509584340470973
2008-04-21,,,1.592643248899635,2.1511513253704986,3.2494609014405027,4.700282486961117
2008-04-22,,,2.1299188723675058,3.1975995745389416,3.591773641987529,4.995530629586883
2008-04-23,,,2.876496144195722,4.029219494869019,3.6594628178844317,5.233343883984543
2008-04-24,,,2.150458659265932,3.273429538275623,3.6397507969743472,5.232158775297121
2008-04-25,,,1.4642506846173802,2.941051938312768,3.8473923892387742,4.720640533719527
2008-04-28,,,0.7549272330517046,1.0811214504558049,3.8023271906157343,5.0480987754491045
2008-04-29,,,2.0967050648633276,3.0136674194427915,3.8327868213174474,5.180459343816729
2008-04-30,,,1.755628608533968,2.471948765400136,2.8508407622599936,4.745989001805667
2008-05-01,,,3.2212562293547,4.489399543754953,2.8114800794829105,4.833613387917675
2008-05-02,,,1.9484989249659905,3.304904329013934,3.4475254571289584,5.093781438915962
2008-05-05,,,1.6716545889924113,2.2376204344232633,3.0674998732952248,4.882143390463165
2008-05-06,,,1.3185029018578254,2.3620008366128142,5.518401697917305,5.233804887377418
2008-05-07,,,2.2177951187081852,2.653521968137618,3.8898688921078133,4.8192991328884975
2008-05-08,,,4.079272645598945,6.864646201169071,3.096288121680063,3.7875888136127904
2008-05-09,,,4.2284599012174064,8.557077665396744,3.2035593576014083,5.439064170729509
2008-05-12,,,1.9947731503598407,2.5069995467828905,3.217571942174498,4.626699236407831
2008-05-13,,,2.9174992462537186,4.412545511773504,4.0617478320498215,4.8926560590415304
2008-05-14,,,1.5201037112151685,2.5432699733760797,3.363084930167504,4.7181499125693085
2008-05-15,,,3.2485353967621338,3.500755787748457,3.152905734531265,4.466945018601572
2008-05-16,,,2.0644110502767106,2.9669980345172897,3.3559055992761317,4.521384078186468
2008-05-19,,,1.8678057713824787,2.188268993280492,2.433605224590536,3.971121420255715
2008-05-20,,,2.813890588541532,4.439003443511071,2.984253783232413,4.184283264614484
2008-05-21,,,2.761633610496563,4.540962445597216,3.229789138504328,4.719048850640712
2008-05-22,,,1.8752163956759509,2.916614889629795,3.2946921194940084,4.761864050043626
2008-05-23,,,2.296684015568827,3.786587100028905,3.289525321518982,4.663082898694807
2008-05-27,,,2.2257382254849847,3.595111802035457,3.3796199616363145,5.285476267563369
2008-05-28,,,1.378224389894519,2.1519892036171653,3.2949137742008774,5.568010255694093
2008-05-29,,,2.3974082800261933,3.4132523040090033,4.125277211210934,5.332903303749937
2008-05-30,,,2.0460797815095932,2.39275909541825,4.2024962514984745,5.0268852254146354
2008-06-02,,,2.584819030491221,2.807943328683239,3.902306478897805,4.694659110445563
2008-06-03,,,1.7959246210250073,2.925945983985693,3.66977144393408,4.633048619231164
2008-06-04,,,2.4557449615963454,3.2796012135475285,3.845837095044015,4.844477582343813
2008-06-05,,,2.25075377886252,3.089781645162093,3.445722990348664,4.892024308067267
2008-06-06,,,5.417341001627458,5.2898466578307275,4.856529320490806,4.962831200855654
2008-06-09,,,2.4706475864946102,4.269497158437723,3.5631104897846972,4.5410552888063735
2008-06-10,,,2.7317732136130135,4.150501115852568,4.226798668291542,5.118074813454416
2008-06-11,,,2.677474472500075,3.709220307571881,3.502151329729976,5.834670426171211
2008-06-12,,,1.9504477037359198,3.6100074510222924,3.877791360909196,5.7448234237933855
2008-06-13,,,1.9557226453059113,2.4730374157198733,4.487509559284561,5.304302793673762
2008-06-16,,,1.933702519993513,2.7452842302577127,4.726713152914418,5.710493623917402
2008-06-17,,,1.3352248276272902,1.9771691188588667,5.1696303927299,5.187559477536353
2008-06-18,,,1.8332000463721752,2.3403839493120957,5.067562113177014,5.159693256873633
2008-06-19,,,2.0445156892904057,2.6543346387571733,4.311297133034175,5.058721432690205
2008-06-20,,,2.1812415842339505,3.121500111440813,4.17998167964687,4.890088416751204
2008-06-23,,,2.5960128955856088,3.6026779992588494,4.5372249583780855,4.845458319277119
2008-06-24,,,2.0155714260552324,2.527574656938523,4.1369052705840845,4.821121131004004
2008-06-25,,,2.1744547688532907,3.0468723296959896,4.140108463594476,5.337706651971125
2008-06-26,,,3.7874651285608105,5.353427473480839,4.868840968491175,5.225099211438013
2008-06-27,,,3.1815103165507073,4.092316297549185,5.260472018499651,5.467371019140427
2008-06-30,,,2.42251459510356,3.1198664525243007,5.273244145328691,5.375753126500294
2008-07-01,,,2.7417197495754033,3.5532497687697235,5.1341043793126895,5.096338825061005
2008-07-02,,,2.0763972199260032,2.694011780204774,5.924090310418697,5.708681003077626
2008-07-03,,,2.350392242055769,3.017342138086583,5.964715066042892,5.173540659155371
2008-07-07,,,2.411119443430226,3.3678753276909297,5.599535571071193,4.960756953137427
2008-07-08,,,4.019312586185867,4.7540335511666445,4.983864092838627,4.585474692517444
2008-07-09,,,3.187531581306332,4.284097880393353,5.060155211172334,4.615943714469633
2008-07-10,,,2.8220479744984037,3.053738694577811,4.271481005849602,4.425208337990318
2008-07-11,,,4.0724785302489215,5.038738305476492,4.242029702066932,4.836911963817877
2008-07-14,,,2.0172986032101647,3.0697691974612784,4.864584614730454,4.7867821782570585
2008-07-15,,,3.06087978415091,4.444730457486129,4.912121048499606,5.208417095191084
2008-07-16,,,4.352917835060887,5.391447324286996,3.7088416491475837,4.7027624918889455
2008-07-17,,,3.935142181958553,5.183293914012607,3.1745310262950186,4.316947146718248
2008-07-18,,,3.883031967894548,5.158190665913464,3.5664013264576098,4.049289489575257
2008-07-21,,,2.3163587460948096,2.823015509451603,3.079226922492961,3.9326498793441815
2008-07-22,,,6.501537660809642,7.130523111945313,3.02618018430113,4.15854939199317
2008-07-23,,,2.5622334187857385,3.1004634435906437,2.9565267210378288,4.230880191462076
2008-07-24,,,3.3245278765254547,4.915123552158108,3.4010171304153656,4.394525529322578
2008-07-25,,,2.4600595376349483,3.2053230130690693,3.1164425605335606,4.641977865556594
2008-07-28,,,2.5402234657302505,3.3820801111270367,3.3823060927109028,4.945499150114552
2008-07-29,,,2.9449967939029493,3.5100383559975263,3.971417666316928,4.632410341458722
2008-07-30,,,3.282074797175504,4.267507492357257,3.6582389192823572,4.06285238229488
2008-07-31,,,2.78891263234314,4.3489437136003195,3.860305654239227,4.565489817496723
2008-08-01,,,2.0057928329304247,2.7671605391505194,4.251650511922592,4.4563812168005486
2008-08-04,,,2.573192362440692,3.103061602521869,4.242627087475366,4.819486224068653
2008-08-05,,,3.778823915959832,5.053169502658035,4.296156712603101,3.8497247962724197
2008-08-06,,,1.902500269828161,2.4232431081038817,4.06329677291092,3.8210061920523635
2008-08-07,,,4.447571679546442,5.155348989570788,4.400057386643755,3.8973704027503175
2008-08-08,,,4.641147348708705,5.461591350274741,4.40393934690755,3.834074993993028
2008-08-11,,,3.90747259844413,4.230762269980984,5.298000978158344,4.313800622560137
2008-08-12,,,2.3410845529000057,3.196425883987571,4.855507069644445,4.939399735977864
2008-08-13,,,1.9668642223585502,3.1753260801221863,3.9118946114256596,5.0332018696913785
2008-08-14,,,3.0460087805716918,3.0819028937723503,4.666116883561446,5.158842412352327
2008-08-15,,,2.7542514878262905,3.016741906022778,5.193394599309613,5.101935774277805
2008-08-18,,,1.6820431312104327,2.461446588171318,5.0629667501473685,4.798160706081529
2008-08-19,,,2.6269332736505144,3.006946243324476,4.380452395380994,4.4109365226774315
2008-08-20,,,1.8283110214866618,2.1071023842284253,4.345502734790118,4.159811263453116
2008-08-21,,,2.980135527597821,2.913594186403414,3.3564360581208583,3.91168354814459
2008-08-22,,,2.308766426873141,3.519892715946398,3.580903505511429,3.7623016876512048
2008-08-25,,,2.3305772153146247,2.9968566144931317,3.5086346276749465,4.027218842615007
2008-08-26,,,1.7740520914311941,1.876237548436382,3.1505946428582936,3.877322994999522
2008-08-27,,,1.4476782338036265,1.3931353423935202,3.244600283962899,3.624663732184823
2008-08-28,,,3.1063185595291025,3.590234632546601,2.8590625088047794,3.8859667543442225
2008-08-29,,,2.4708787870526794,2.8127600648833275,2.314359003592625,3.828252331148994
2008-09-02,,,3.453470097525525,3.4450438397597214,2.8251098258644,4.1355866980961205
2008-09-03,,,3.3986686144163536,4.1658162151201354,3.192161704974526,4.232246045660283
2008-09-04,,,3.2419597476059963,3.989865312172685,3.805426871606742,4.2152686417072145
2008-09-05,,,3.3485455031183964,3.857369536891245,3.523140736544884,4.02598414255181
2008-09-08,,,4.157027795904396,5.99293017485629,4.083075928693904,3.9393759740996703
2008-09-09,,,4.366121372104462,5.8254567440481155,4.537027834703101,4.557666456163221
2008-09-10,,,2.5134647543860993,2.95470782508722,4.589480099557295,4.751030294076008
2008-09-11,,,3.4225945755511247,4.022402732731758,4.739433794219385,4.644225735357455
2008-09-12,,,4.551430632066734,4.310591578826132,4.172522199283595,4.180234695972813
2008-09-15,,,7.127858969814106,7.498337969107758,4.070498505403767,4.656767409956209
2008-09-16,,,1.9673058577309206,3.4942580489130535,4.025766594559165,4.3058951801182
2008-09-17,,,8.205155597183062,11.303536394917215,4.6094073355223495,4.228558985108722
2008-09-18,,,4.912468381292886,8.785811344404255,4.861051293795055,4.441556707313799
2008-09-19,,,7.812442047582492,10.235265645492406,5.462910875607904,3.745784722228863
2008-09-22,,,4.489358026022734,7.496698594516814,5.649756776662429,3.837055617405572
2008-09-23,,,2.235414077253246,2.838852628363677,5.145931436281241,3.8348122098659907
2008-09-24,,,1.751694537493656,3.0444294518624773,4.322076638730689,3.7774076782910355
2008-09-25,,,2.2953503817978,4.0445830573878165,4.564477347390677,4.032069745392557
2008-09-26,,,2.66800829207205,4.715827849146341,4.83892701832464,4.450106926245999
2008-09-29,,,5.78703422051311,11.029278527599663,6.542235613127926,5.485126257301409
2008-09-30,,,3.926369536214476,9.397392237043556,5.990765361345358,5.5644078199341465
2008-10-01,,,1.8314611924608346,2.912688854175297,6.353285020676865,5.9459868443919754
2008-10-02,,,4.222117881494238,5.897549674727852,5.9514172628085165,5.842327592081855
2008-10-03,,,2.162728792192589,4.008173021246433,6.144072779879916,6.248169805127076
2008-10-06,,,4.114485427387691,6.067203980322079,5.954103994802619,5.680129812886284
2008-10-07,,,5.679310518050083,9.934730982874358,7.268490959947514,6.433159121126839
2008-10-08,,,13.248016914367259,14.488022344815356,9.229840857245684,7.173026142574904
2008-10-09,,,11.49651342838854,19.18386004308576,12.10869365685513,8.478044486539106
2008-10-10,,,4.596218944093139,7.407505618002675,10.96879020130213,7.390590701164422
2008-10-13,,,7.249962818288991,14.72229055110214,5.718569386399758,4.982926754259122
2008-10-14,,,3.790287883153404,8.159085331354508,7.297358475026003,5.604177494151565
2008-10-15,,,3.5618180318509283,8.591970599067793,9.505755715641234,7.286714313450073
2008-10-16,,,3.2224382358020414,7.7410615674158745,8.478323342516205,5.941054852920718
2008-10-17,,,2.092487356396359,4.482514835066491,8.362645674525945,5.61934635121293
2008-10-20,,,4.537365836443791,6.030861519424905,5.851203480660919,4.9391802574640495
2008-10-21,,,4.039915840485562,8.088560443473915,6.486219006936075,5.093375046612005
2008-10-22,,,4.946823512087149,8.722257792660786,7.949740776156266,6.315072329171511
2008-10-23,,,2.101176067934853,5.376596619733068,7.851681662539185,6.202548833405354
2008-10-24,,,3.604320794992462,7.192984739851224,8.89614391946107,6.9337251787771175
2008-10-27,,,2.306141708894117,4.968841856708222,8.75236924508919,7.409761090719192
2008-10-28,,,4.907863563801743,12.62869031621554,6.24391284536439,5.484672242187389
2008-10-29,,,1.9154673033690452,4.661349086819927,6.449966915733002,5.772038404430558
2008-10-30,,,1.9205219372698703,3.302798075614974,5.811302601675169,5.3252506387985346
2008-10-31,,,2.0724363198680367,4.384549867727523,5.873092361248318,5.083399762485495
2008-11-03,,,2.2891480381453846,3.5740692263529104,5.389507870227254,4.989684809946848
2008-11-04,,,4.241616916201444,6.932699839180259,4.308685161231009,4.180952738723474
2008-11-05,,,2.1729329929137466,5.173526667147842,7.469722565739974,4.779412964315126
2008-11-06,,,2.853098410205063,5.498292827893151,5.681710623906499,5.112106063055991
2008-11-07,,,1.3952954177167345,2.656736528893748,5.198052863472143,4.999935013914096
2008-11-10,,,1.6509508536993285,3.106982994538611,4.005448561550078,5.177724125325016
2008-11-11,,,1.2633694727645668,2.8169053855308257,4.245548932163159,5.30743278035408
2008-11-12,,,2.067785906791827,5.3299338394588185,5.210332653819664,5.6937214864381795
2008-11-13,,,3.1827002603044052,6.900231653574374,3.8216567781525494,4.916875922894772
2008-11-14,,,2.438166604997492,5.109983716752198,3.8304331726266536,5.333504491080301
2008-11-17,,,1.1617983343922036,2.8184423285854097,4.147623880162413,5.239471506924468
2008-11-18,,,2.2341172820941386,4.836569820305813,3.745479826142183,4.989622773731195
2008-11-19,,,2.768471707572293,6.555947316206634,4.865205494541674,5.86158929767923
2008-11-20,,,5.027167415026656,9.478646231290785,6.315402461232669,7.216829198508448
2008-11-21,,,3.5834196022281573,8.178235688535045,7.054754414801247,6.409823088179916
2008-11-24,,,2.883930119190973,6.786881209570465,5.840178943489695,5.66500061947419
2008-11-25,,,3.1669493349230593,6.136730364311119,5.745908669196929,5.515513875356816
2008-11-26,,,3.2989335161309996,6.0367153196994305,6.064427328552792,4.573233341842191
2008-11-28,,,1.652147713057873,3.7860365480527394,6.521481359016596,4.587101073926278
2008-12-01,,,3.592956006039844,8.32375714469851,8.293097776948487,5.430934272618111
2008-12-02,,,2.1676202483030846,4.68554161401358,7.259546562802985,4.848145490620856
2008-12-03,,,2.821216291687269,4.500680634276919,6.241568896251702,4.175132566844636
2008-12-04,,,1.942808924448056,4.016825262720293,6.52571031158094,4.874865186184046
2008-12-05,,,1.683019975322238,3.992307422565994,6.019615155974833,4.282457954840303
2008-12-08,,,9.532719333534137,21.524477354696128,11.008039749111733,8.059869357512763
2008-12-09,,,6.4809149361200165,15.764497204607627,6.2050400546284425,4.374949194588749
2008-12-10,,,1.8055029139312189,4.026528399697414,6.2457405786356235,4.502868507316638
2008-12-11,,,1.6970576276285434,3.980594702992237,6.419038635268865,4.17740645580259
2008-12-12,,,2.276258645365098,4.543856305474564,6.593091065857385,4.669561985412788
2008-12-15,,,1.1787620841896898,2.6948205158653513,6.432704172497237,5.6559527409910775
2008-12-16,,,3.4909658983356544,7.645041497226953,7.502079124604099,5.57650200966199
2008-12-17,,,2.578176334898662,5.417650078915622,7.889983833018992,6.297504896477613
2008-12-18,,,3.149929115983705,6.763387891390812,8.091389752824156,6.421707471402773
2008-12-19,,,2.162477527966942,4.349614732594349,7.309858612763713,6.254294828863508
2008-12-22,,,1.7944935906007888,3.859529505731075,6.330183598232115,6.185279187361062
2008-12-23,,,1.2302426133049136,2.6316059975435335,6.566226326859641,5.46464413116853
2008-12-24,,,0.737993829766716,1.3265109987562382,5.467290560061705,5.827259139237003
2008-12-26,,,1.3339401040540138,2.5984792461877135,4.9145132727459275,5.721449360739034
2008-12-29,,,1.4887604973559065,3.4871455514613543,5.347873669744121,5.482971436699933
2008-12-30,,,1.9584378606228514,3.9719809211304162,4.565692062043109,5.250685771700781
2008-12-31,,,2.8464765994375125,5.648494935750051,4.065789860041735,4.081075287858481
2009-01-02,,,2.7968584135689776,5.754868374451038,3.4358315293122383,3.713316333146726
2009-01-05,,,2.7109199732647107,5.212422182163257,3.4888135554344997,5.268127557600883
2009-01-06,,,2.213855262984467,4.234566531368651,4.284666893003236,5.258842627830328
2009-01-07,,,1.6890230157027986,2.9906743071903557,8.320566495247272,4.826062053216305
2009-01-08,,,2.0274390653422785,4.145409675809059,4.048887718694726,4.145383726453059
2009-01-09,,,1.3314091424287975,3.051629925378594,4.199631922536696,4.949689730294435
2009-01-12,,,1.9775412782492345,3.893260658612749,4.274919683832828,5.966986362817716
2009-01-13,,,1.110530035784561,2.008025534472833,3.6881341167187083,5.213612425138027
2009-01-14,,,1.7882018442720458,3.0188313944198177,4.115945231287968,5.255583910375867
2009-01-15,,,1.7491946205833953,3.015475862144013,4.65506589391743,5.339909634909002
2009-01-16,,,2.829551464035229,4.200115993458707,4.057236409399822,4.594475122215656
2009-01-20,,,3.8836074755586907,5.353308099917886,3.620797782026278,4.939135088568673
2009-01-21,,,3.912476187261667,5.944689715383115,3.567298891270562,3.8016284377820373
2009-01-22,,,2.3850433426448814,5.002785051816177,4.084906593579208,4.361726637706911
2009-01-23,,,3.199397057769263,5.011426336328665,4.7556803509904855,4.35265896596302
2009-01-26,,,0.8703571708761094,1.7011351803779078,4.760341260998538,4.381175232619783
2009-01-27,,,2.51480885065128,4.662994275294528,4.576777273915662,4.9990638100797735
2009-01-28,,,2.2761553194033324,3.989282620855431,4.592944502639274,4.446153763324506
2009-01-29,,,3.3332267188752,5.615965731551961,5.4098469450268825,4.5024402025950945
2009-01-30,,,1.5109004039500098,2.3811112675250223,5.64797123687466,4.726259543152038
2009-02-02,,,2.5369750215931397,4.438371677888471,5.744715640217302,4.369863610602404
2009-02-03,,,2.0360002927504874,3.5773247910697523,4.900209293537073,3.6572570906579185
2009-02-04,,,1.6825081364979697,3.3890142196414597,5.100340672443002,3.7739530730185566
2009-02-05,,,1.6821329808885361,3.1313033526735294,4.580817589117817,4.261713681088357
2009-02-06,,,2.122388960597543,3.6104530038187908,3.954415289962797,4.046865459250253
2009-02-09,,,1.5661740932203556,3.139878203568927,4.371867846010509,3.9096964717375986
2009-02-10,,,2.7033187692626797,4.984451672103223,4.981928655207332,4.721713181462766
2009-02-11,,,1.8198980435614907,3.1730511630772607,4.566617111427829,4.859823024917779
2009-02-12,,,2.219234449572935,4.446753148765564,4.677174869283516,4.639290203412629
2009-02-13,,,2.599182181442034,4.522247350933473,5.010642905582383,4.572903285030118
2009-02-17,,,3.4193495335529227,5.934030647469268,4.412054608757556,5.5146884275661225
2009-02-18,,,1.092415760478946,2.2539743590152486,4.433296365217517,5.414175096472195
2009-02-19,,,2.9454449450877656,4.786309703295582,5.123874774376448,4.329979916593796
2009-02-20,,,1.9327147418348856,3.150048706720559,5.074445472982583,4.644178349578538
2009-02-23,,,2.0376863177871076,3.810447389190096,5.488651770374734,5.329722429524937
2009-02-24,,,3.143342438435029,4.060459447727091,5.089763585774907,5.30119694657374
2009-02-25,,,3.031063129600804,5.72638851690734,5.5365882764908925,5.578546134944947
2009-02-26,,,2.098217050119348,3.5862891821780454,6.1487833216406065,6.254966795263396
2009-02-27,,,1.4517687520178444,3.165579363704267,5.874961416012044,5.932666765892018
2009-03-02,,,2.842916923478884,3.744230152745905,6.071163879623787,6.702178254124418
2009-03-03,,,1.6653607957720793,2.8501535300982876,6.6062738321148675,7.199323724366663
2009-03-04,,,1.8437457873681937,3.073241231769464,6.700998680136693,6.763912185135301
2009-03-05,,,3.307378189094793,5.320735611597316,7.499297416698957,7.774032784557862
2009-03-06,,,1.5740118310515123,2.157416947487315,6.896317173947722,7.878890241643834
2009-03-09,,,2.0350958564086232,2.9419827973914523,7.444750493098049,7.032027927783818
2009-03-10,,,4.005875808897704,5.426208284081479,6.368842570830917,6.2193623632922455
2009-03-11,,,2.227991291642238,2.6142993943322237,5.085800126017198,5.612237635278579
2009-03-12,,,2.8875508343480694,3.606271001995276,4.494898067529793,4.7609353778319585
2009-03-13,,,1.7812998436312928,2.187350106344545,4.248494170250695,4.807482056832013
2009-03-16,,,2.5101903919540542,3.8726033172279153,3.6726749117105446,5.70547800451306
2009-03-17,,,1.9840649897165805,2.9729362046046273,3.4305014154409768,5.5485863153807795
2009-03-18,,,6.5172595051356295,11.263211339731537,3.8609841494681105,5.013722390454771
2009-03-19,,,3.5188473206869446,4.055885620675289,3.7741990750841556,4.913703691148847
2009-03-20,,,2.300063971247963,2.6353358375241442,3.3019524647380174,4.875036863843393
2009-03-23,,,4.447983035110137,5.538679403454063,4.451087087891685,4.460170661256264
2009-03-24,,,2.6891318492864236,3.5758210254587017,3.3549582712045076,4.341451455355153
2009-03-25,,,1.999144395096562,3.0500076685730138,3.1108511330411277,4.055271023179967
2009-03-26,,,2.6669898646896844,4.580834043572988,3.8095539212685523,3.8852192428085957
2009-03-27,,,2.5044446815216306,3.5802958834079197,3.468606573773213,3.983527484449032
2009-03-30,,,2.1233680891395736,3.184610424351921,3.455663718875634,4.3666354997036745
2009-03-31,,,2.4261408363205756,2.6067046477521383,3.729648476512447,4.389708171636441
2009-04-01,,,1.9593402501808848,2.5408778854715965,3.5748320897163355,3.4024033374306675
2009-04-02,,,2.46335904414655,3.34211616190596,5.105662656002117,3.0363620221135244
2009-04-03,,,2.0951315839286497,3.705941700210706,5.209779944336868,3.155907375314103
2009-04-06,,,1.9575556255420368,2.516236331659139,5.139474924626875,3.509293648651745
2009-04-07,,,2.2377288126084847,2.8333649546325086,3.122249052147619,3.714360366039875
2009-04-08,,,1.8652917856786686,2.476295962308209,3.2750763239933014,3.878880044333903
2009-04-09,,,1.670907699178863,2.9675206715877502,3.2904539708319733,3.9153684493444785
2009-04-13,,,1.768551319096622,2.6132429828179613,3.1678225890683422,3.8608329222565465
2009-04-14,,,2.3049099815266554,2.3687497582868913,3.122753024430473,3.431463484548972
2009-04-15,,,2.2629887901628165,2.854193690534656,2.246902979070328,2.5575699057058667
2009-04-16,,,1.9499568438319224,2.877275218812299,4.0240476570642985,2.9287850741429087
2009-04-17,,,1.6845736706601966,2.45977347809251,3.7848980139276938,2.8947936392609064
2009-04-20,,,3.161754784042001,3.5164288441767995,3.4479119375645473,2.9573470592204347
2009-04-21,,,1.8285718886021092,2.542427553526266,3.4166313603934513,2.662517276289373
2009-04-22,,,3.199832248992508,4.133125040818418,3.8214749861505655,2.8844387673173832
2009-04-23,,,1.8815564436676884,2.5483396450533076,2.638874192202352,2.4899779490082556
2009-04-24,,,2.110788718693848,2.9423209113744653,3.065637386868017,2.469332736854103
2009-04-27,,,2.0023340179615206,2.701599247794843,2.7927473620835337,2.517905991564147
2009-04-28,,,2.0367047991847187,2.7620562382539307,3.017853632758831,2.701246271644458
2009-04-29,,,1.8449660642644548,2.470660506324735,3.426308460588136,2.3743151447309474
2009-04-30,,,2.133319147423244,2.9106884048064683,3.196100287661297,2.7379815852935034
2009-05-01,,,1.0182626683982003,1.2676494863531733,2.9091442277759976,2.6298880692359874
2009-05-04,,,2.8212398126397225,3.97911320184836,2.82432005528984,2.4229741346298055
2009-05-05,,,1.3828395935876623,1.436991405485626,2.9569887607061265,2.1219532638012306
2009-05-06,,,2.087437636544328,2.816726283441722,3.673106788238613,2.5173838542877465
2009-05-07,,,3.2826579879755373,4.6692297726114615,3.712323550272847,2.6843997782522155
2009-05-08,,,2.9413024036355964,4.220834015787196,3.871554388185072,2.8691510318602313
2009-05-11,,,2.56185832058444,3.5175090456810287,3.1081687992030367,2.329403022960974
2009-05-12,,,2.7058467865480544,3.114137697255422,3.6829586027575747,2.1397522692937923
2009-05-13,,,2.1000390086352114,2.0469378355955574,3.2334585978147987,3.095693998922953
2009-05-14,,,1.9568798718691656,2.4390137875290065,3.0604967597378567,3.554761470059612
2009-05-15,,,1.73560163160996,1.832219061695357,2.5657469299889617,3.4272435998659336
2009-05-18,,,1.9904699311122565,2.417396977290005,3.2454856874219096,3.879813779035328
2009-05-19,,,2.0942655210040297,2.128093954602202,3.1483684951972375,4.56288509696318
2009-05-20,,,1.7468132456764132,1.874006700395057,3.140486872014951,4.513722116106916
2009-05-21,,,4.413818967558808,4.2004857552104,3.5435520432390835,4.645403476223443
2009-05-22,,,2.0050465024886854,1.7999864388700462,3.204913953531444,4.805798026434156
2009-05-26,,,2.4700653269942876,3.252826878978158,3.547223315612062,4.957571324859812
2009-05-27,,,3.4346192184018256,4.583122967713138,3.781707125359602,5.481299016211798
2009-05-28,,,3.3952743315620064,3.62068176455359,3.5048297060527274,5.518676439287347
2009-05-29,,,3.5709483996719027,4.004673755920846,3.7007698189554894,5.259645625365679
2009-06-01,,,3.8595984049955376,4.811509187620906,4.061928395727109,6.155109975891855
2009-06-02,,,2.405715180778809,3.5345411309461734,3.3814004538829674,6.188822739179558
2009-06-03,,,3.1319280366982256,2.8169519779328103,2.831617378122019,5.666138955902322
2009-06-04,,,3.0670252206646786,2.85865500509113,3.231153701673,4.949225016267219
2009-06-05,,,3.281839482093064,3.7175194402138185,3.571769213873676,4.586171749412785
2009-06-08,,,0.9023826021839053,0.866891753118946,3.569565319814781,4.312880218711452
2009-06-09,,,2.870220960381344,3.4136586887202904,3.805287563954907,4.624988789563022
2009-06-10,,,1.795149419336038,2.5331326988101828,3.6030962971476685,4.539380640196963
2009-06-11,,,1.7173035329826785,2.325254638207916,3.513722066217342,4.2783327534047535
2009-06-12,,,2.4048642338422583,2.210647711942216,2.9058913109710196,5.274459423892959
2009-06-15,,,2.9891976709887484,1.7796371456651396,2.5603112999839865,4.201407590753248
2009-06-16,,,3.0768891778492145,3.5443129997754177,2.62395281461604,4.8435009450877455
2009-06-17,,,2.258361700753137,2.649020086333829,2.359113646707738,4.749778720921494
2009-06-18,,,2.8190526825647195,3.4206897567874277,2.605226919480464,5.31250014921088
2009-06-19,,,2.881391973373043,3.115513250676354,2.8912286030151955,4.746632719347204
2009-06-22,,,3.4925031133199647,2.3511985592775533,2.5237881356248177,4.782070040014088
2009-06-23,,,1.5619932050492047,2.1011760565072874,3.3747375058917255,4.4941201545899645
2009-06-24,,,2.985839076567401,3.1688131893364537,2.826632049280122,4.561954199699626
2009-06-25,,,2.9055496151410534,3.067910972301886,2.772426428268919,4.634757246953866
2009-06-26,,,1.4896194701978274,1.7215829829371279,2.7134068756126397,4.755094797447971
2009-06-29,,,1.974781160969495,1.4926713929614734,3.1464359550524508,4.414864414201583
2009-06-30,,,1.4865750055010747,1.44778154116469,2.6929206180545946,4.016568265346279
2009-07-01,,,1.9372918198781128,1.741031192643714,2.4981711583258885,3.920614832394822
2009-07-02,,,2.787379135815213,2.5195131580549455,2.824401664257467,3.846040774883684
2009-07-06,,,2.442113130482062,2.048039273881407,2.71742008336011,3.696117774809723
2009-07-07,,,2.0529126141430813,1.5243830123835367,2.905590178495316,3.528880989589969
2009-07-08,,,4.326958797166349,3.316132307259289,3.140734834131538,3.8506307069765064
2009-07-09,,,2.536400346909754,3.025116303306756,3.487089243736399,3.8549837088473415
2009-07-10,,,1.9179305045991424,2.292081947030719,3.381633123399514,3.9069674206204557
2009-07-13,,,2.016573768147894,1.684043918225073,3.2964457436085954,3.689861818877055
2009-07-14,,,2.0489931073232936,2.4236517274810816,3.0996130784829052,3.3697854817890875
2009-07-15,,,4.888573296146109,4.479286881139909,2.2067754861292057,3.5504196759556232
2009-07-16,,,1.9657032927065579,2.231516414685493,1.9782558300196087,3.4847380083677018
2009-07-17,,,2.0823511978502243,2.554455247952987,2.4507928529603302,3.3675742722155553
2009-07-20,,,2.2788067320604632,1.7980624360056057,2.590895931568729,3.289599674193672
2009-07-21,,,2.1258646682507623,2.9740375526042766,2.586414153431612,2.9891803765188114
2009-07-22,,,1.8485109228195404,2.390806723073003,2.984379747772089,3.3780902649236926
2009-07-23,,,2.9537716915543317,2.8106976868073685,2.7360317101341196,3.324690930223125
2009-07-24,,,1.512680848269223,1.6121833782104757,2.503608184227361,2.9648497613429448
2009-07-27,,,2.257904111012178,2.5680246849817503,2.8565368556975756,2.9182447606397797
2009-07-28,,,3.3657797666151192,3.0002728005112087,2.784780489648448,3.0795190924129052
2009-07-29,,,2.493589033888617,2.3546190471224353,2.5846128146468534,2.690995674333942
2009-07-30,,,2.3822303613324225,3.1251689488345673,2.179967766593635,2.8151366423386865
2009-07-31,,,2.9371549879270584,2.65106919021168,2.5601886255538844,2.962670398796915
2009-08-03,,,1.6436510136095408,2.02216920244779,2.7130358631399902,3.543265496539327
2009-08-04,,,1.4942084067142614,1.329203895945481,3.032420480716952,3.4091507099908993
2009-08-05,,,2.329403797997039,2.4079328951735817,3.326360147611857,3.2733800563389015
2009-08-06,,,2.0962184726421444,1.3212157928773043,3.0689797008634474,2.880187925296883
2009-08-07,,,2.9397747386356974,2.3482768143879778,3.9483932359977905,2.839851911035674
2009-08-10,,,1.573982929563354,1.7836224046110507,3.3626556143262123,2.568827694157468
2009-08-11,,,1.608879040486002,1.4172066873202984,3.1331117942851834,2.453547791069197
2009-08-12,,,1.736359348447191,2.4520641160329433,2.450815134401546,2.1265958314569344
2009-08-13,,,2.1944260230842123,2.377629116878371,2.123152868016661,2.1866289357341064
2009-08-14,,,2.170397408271051,1.7806914734260784,2.2169508025458424,1.7565341861840271
2009-08-17,,,3.8759127725657114,2.8213524072144667,2.5230275332723844,2.0800737667908873
2009-08-18,,,1.4873355752465875,1.2711836907860468,2.1150787954206844,2.0815401165552734
2009-08-19,,,1.4146465023217467,1.3930079988197062,2.4309032290742834,2.531964208749647
2009-08-20,,,1.634479789198221,1.7208518210463017,2.3286784615330998,2.6827050673071424
2009-08-21,,,2.761351589516101,2.824362501741456,2.037348511011029,1.985335205854516
2009-08-24,,,2.2375225352122152,2.98951211666569,2.8323968742839587,2.029502484316854
2009-08-25,,,0.905697502119249,0.8744234298027215,2.6610785946333264,2.0914277198267075
2009-08-26,,,1.3025926148994613,1.1848624597740713,2.6394650897011607,2.301816499915485
2009-08-27,,,1.305456331146056,0.890238440249842,1.9250617658789366,2.57512277707247
2009-08-28,,,2.5205000975910727,2.2211310717811616,1.7708748918383483,2.8633641675191237
2009-08-31,,,1.8829567699234102,1.6747319382780053,1.476270469337266,2.817808889687867
2009-09-01,,,3.9105657595187777,2.346934943957426,1.2601690499254101,2.4806629251233936
2009-09-02,,,4.071192709742663,2.312878871944262,1.6220790924955812,2.3105887143380492
2009-09-03,,,2.1592360845308733,1.4896928778844922,1.4873488699351185,2.676772608637038
2009-09-04,,,2.740182330580316,2.3086533537219895,1.9703657468849924,2.361040085187229
2009-09-08,,,2.6662776797046344,1.855486120636454,2.2347333451985403,2.623699541032878
2009-09-09,,,1.6865945915757552,1.1611662189901297,2.179291900963451,2.6725270904923066
2009-09-10,,,2.5347942835117028,2.5136812353890092,2.5936109886588503,2.7125962926007468
2009-09-11,,,3.607753856808495,2.198248138587379,2.2795633952515835,3.0017701090139433
2009-09-14,,,1.8107511262728926,1.5108315983072622,2.3140523150154775,3.0591946071275795
2009-09-15,,,1.542095640431546,1.272350077320699,2.5960333349679408,2.851820342960899
2009-09-16,,,2.4958841199263664,2.1146091840976293,2.6414028713249573,3.1860039929676516
2009-09-17,,,2.26576935955705,2.0146930099465408,2.2113037221783225,2.819512081684947
2009-09-18,,,2.201037646753858,1.7518633223834916,2.1557621453089233,3.081026158701615
2009-09-21,,,2.430847213378198,1.4918431859743646,2.019749901905524,2.7285650914523285
2009-09-22,,,3.035639060127175,1.7963433508586961,2.3416637883700275,3.054811206422635
2009-09-23,,,2.8564665825508895,1.8766948315722198,1.989487580143045,2.959414262188355
2009-09-24,,,2.57474918136696,1.9660342424662705,1.7158658515589984,2.7795170610397837
2009-09-25,,,1.995497709893726,1.9186673180531317,1.8341965219369816,2.841495672385294
2009-09-28,,,2.3349297278544348,2.088537247046156,1.8045505422858423,3.28799429296712
2009-09-29,,,2.126227190744864,1.3322207362121077,1.7404538938311853,3.094659464288006
2009-09-30,,,2.262418598672166,1.2995463831256404,2.31550738286678,3.2912228817487943
2009-10-01,,,3.8606490638688262,2.5834090197403854,1.5965547599311114,3.185655225348629
2009-10-02,,,1.7358862913149287,1.3634472149692092,1.5240577049431436,2.7164457242369284
2009-10-05,,,2.4817448952515546,1.831214820357949,1.6103525520630153,3.2956659494372404
2009-10-06,,,3.390209847627239,2.679957578220694,1.6282401122715577,3.008879484776853
2009-10-07,,,2.231288237373376,1.8889712337869518,1.7695868972484918,3.063399918452627
2009-10-08,,,2.533278556785882,1.7587560736991594,1.7606691362332738,3.053561538377884
2009-10-09,,,4.299033271892881,3.6480330430096872,0.8828833311436706,2.490071891719891
2009-10-12,,,1.6620793462136185,1.4974261047962167,1.0072623429844103,2.9379471950097478
2009-10-13,,,1.9749447394828565,1.3803986196484115,0.8500581753846834,2.6524587245793163
2009-10-14,,,3.2790896490262567,2.2170831200074015,1.0267780839468985,2.5277119432949218
2009-10-15,,,3.981681255952185,2.1534294459880066,1.284150807202334,2.5108685364139074
2009-10-16,,,2.38902808245444,1.6131993181693782,1.2525666974661525,2.355720330356288
2009-10-19,,,2.138985967794549,1.7899551068062396,1.420330898964185,2.52269030368319
2009-10-20,,,2.6763382959926796,1.778171124613131,1.2847334458862023,2.5921691424980486
2009-10-21,,,3.3564224950676804,1.969065936313478,1.2883342094652714,2.5439238159692508
2009-10-22,,,2.9742700460169407,1.9346348163224165,1.6246500534453345,2.5953337879630505
2009-10-23,,,3.943893060106191,3.0121722268957978,2.086040885598299,1.705910060162358
2009-10-26,,,4.156891555646979,2.6793703257876262,2.324097835404504,1.1480676057233743
2009-10-27,,,3.4989873670470595,2.6237093237454907,2.066221785933627,1.12681589709738
2009-10-28,,,3.8205875127347646,2.641861212202545,2.3855944783504297,1.0844866806330358
2009-10-29,,,3.656287688890434,2.210539217518448,2.540267110469577,1.384900538077846
2009-10-30,,,5.471989185762107,3.636547765002746,1.9763560819282966,1.3046031631367874
2009-11-02,,,2.152551356794659,1.4313763745309516,2.3357716262463213,1.5763933020665764
2009-11-03,,,3.833938957907065,2.759824189248673,2.4468605234848946,1.6548530132248587
2009-11-04,,,2.1064369269613903,1.6165085647099733,2.79827179932359,1.6886677960413687
2009-11-05,,,3.2687260203051594,1.8063272076235162,2.5668384781473073,1.7374757388772313
2009-11-06,,,2.8720844571039126,1.6780291168548578,2.4517336774006964,1.7354833721454619
2009-11-09,,,2.934057992245809,1.8515380717499468,2.613052285266987,1.9366161450615846
2009-11-10,,,1.0780574376688534,1.072485975955871,2.658714999626561,2.195014032709514
2009-11-11,,,2.0583619504984645,1.3512976821616767,2.5160428759421256,2.1865261288743447
2009-11-12,,,2.491955490969635,1.8552216138683923,2.626844659506538,1.9259556412488146
2009-11-13,,,1.897508432680799,1.5366740248860045,2.5598256670071566,2.2065144543182824
2009-11-16,,,3.12409766791482,2.3151503601532,2.6087355283818368,2.1066303108487405
2009-11-17,,,1.2488794917697248,1.145590054170004,2.516915366651244,2.3426274942081564
2009-11-18,,,2.229257446181446,1.3882417616972564,2.408686749639101,2.273838086415669
2009-11-19,,,2.4146208128862257,1.8649661535881183,2.490295296489101,2.3847054700599295
2009-11-20,,,1.4396380330681942,0.9269908799443052,2.464903095812831,2.3425130467925586
2009-11-23,,,1.7332216057643328,1.2843843558541121,2.9323094538632257,2.615866351763614
2009-11-24,,,1.938420455816225,1.3145574726255254,2.7701226478783427,2.5649929861593694
2009-11-25,,,2.5344534584791485,1.6529508408263152,3.0689382471216975,2.7601879771248434
2009-11-27,,,4.386914098565291,3.291531658482926,2.6685534178204264,2.3534125478524737
2009-11-30,,,0.8585648221922164,0.7571245334290475,2.841627987914533,2.3044553658667524
2009-12-01,,,2.8640565541666594,2.570284724173268,2.934928693203723,2.3368542415434144
2009-12-02,,,4.029077465569044,2.5355678421834646,2.802085764566446,2.500651714331787
2009-12-03,,,3.1431833629422226,2.4520223360219235,2.4609489254488555,2.487650814822009
2009-12-04,,,6.634342574376326,4.117422394602211,1.9353356366919372,2.2738555425720453
2009-12-07,,,2.8337986498565435,1.7268782647633234,2.2156691935185027,2.1493876987265343
2009-12-08,,,3.32606725964905,2.2191837769656164,2.1954306310291,2.012547314870987
2009-12-09,,,2.164387712685972,1.402074074202025,2.1453274745956254,1.9179137265610184
2009-12-10,,,1.9765592323842862,1.582894796069302,2.0867948001979313,2.3231221188572744
2009-12-11,,,3.2632305823550785,2.4251250882545556,1.9955914469178293,2.3422274378423955
2009-12-14,,,1.7841297672951328,1.3222574267862734,1.8771263242244767,2.1204732771447423
2009-12-15,,,1.9080449948716944,1.246637788854711,1.9035804044021982,2.266003390356749
2009-12-16,,,2.479576708693302,1.9159982618467204,2.1996220646568463,2.289178253530523
2009-12-17,,,4.323537785168263,3.2802913809631185,2.126185299939412,1.8099031139311705
2009-12-18,,,3.130867777153641,2.268792934996551,2.364877821711259,1.7561657249796498
2009-12-21,,,3.392304406039394,2.4895691184541793,2.867971710919741,2.0686592135427206
2009-12-22,,,1.547420927223873,1.3356545293227648,3.153122116121805,2.44308926089769
2009-12-23,,,1.5923758394529304,1.2309401494428325,3.0065129017430836,2.3263161446877763
2009-12-24,,,1.954833972843951,1.858531136124898,3.1841619204278273,2.5061014529221346
2009-12-28,,,1.893564855571416,1.4551416455728636,3.092216107321595,2.660139116684508
2009-12-29,,,1.6950065420352545,1.323662133552983,3.2567931739556726,2.4137061326237133
2009-12-30,,,2.1766759719581934,1.685077217627177,3.1741172629125023,2.2921642607911914
2009-12-31,,,2.7318119573038357,1.831644354581773,3.0772404972447625,2.1603458910550644
2010-01-04,,,2.336787868104419,1.9238676765592815,2.459739773196237,2.4548375904239723
2010-01-05,,,2.7516101807587257,1.82143527159816,1.5858268216209452,2.06690860168497
2010-01-06,,,3.4827226167170053,2.522571624115341,1.6428470638025647,1.9182427270179951
2010-01-07,,,2.595972152165333,1.5734853725957207,2.100946865920086,2.027032233472635
2010-01-08,,,2.4040139582668116,1.4862480082535061,2.0480017106633746,1.8597044569083638
2010-01-11,,,2.382746364620181,1.8620572938178623,1.987059582880269,2.059547850353623
2010-01-12,,,4.107670505333772,3.337260573941176,1.2841957190035163,1.6732600794342483
2010-01-13,,,1.9412691487752158,1.7325999675873704,1.3610774987506071,1.7744938886068666
2010-01-14,,,2.5880877081904705,2.336183911306008,1.2480662517757277,1.6607905726154824
2010-01-15,,,2.952516196752311,2.1433616118788983,1.3169296782866926,1.5843515771920873
2010-01-19,,,2.084758248362286,1.1017635330387985,1.5863525916117571,1.6831866209411182
2010-01-20,,,2.9186885252127706,2.4927513396752135,1.1526918471027296,1.1101565139104699
2010-01-21,,,3.849620388955097,3.333602037935784,0.877638715182568,1.2550494898577074
2010-01-22,,,5.089971175290244,4.071215127013953,2.0233666180010776,1.077273579524071
2010-01-25,,,1.9134996247078488,1.7690826130346642,1.5299785371545325,1.1864420853434705
2010-01-26,,,2.4249497463773633,1.542974934368005,1.3423683289685437,1.126387952852688
2010-01-27,,,1.5960948451459183,1.3304780699410734,1.1914936765836714,1.3096776357732698
2010-01-28,,,3.575511810964417,2.282085194696049,1.408951185361294,1.353945206958152
2010-01-29,,,3.467605891088863,2.2545242860001404,1.873957237191822,1.246827565354659
2010-02-01,,,2.771707155450203,2.5508540376389317,1.7641870953455299,1.5067253912781082
2010-02-02,,,1.867906465277712,1.294628587643725,1.9073065958427022,1.5143601546974403
2010-02-03,,,2.7863308969050995,2.088583717916131,1.5903542807863913,1.2884852999107372
2010-02-04,,,4.590778922238496,3.9916690777569253,2.299018930808385,1.2505408112901968
2010-02-05,,,2.769239660775668,2.10047133117634,2.101273472905632,1.5422342847641954
2010-02-08,,,2.730928894276549,1.7522916869656209,2.205511110622753,1.5348320702259264
2010-02-09,,,2.9804624160704547,1.8840585929323186,2.1218669525593694,1.5557296294182723
2010-02-10,,,1.8083874074554456,1.3535950508039203,1.710286080678136,1.4651201640852598
2010-02-11,,,1.9217914099924673,1.8063906831526513,1.4069346831033214,1.4971493913768472
2010-02-12,,,2.6718047348913383,1.714092644777799,1.6062426982705647,1.70028682439883
2010-02-16,,,3.870091174664535,2.2142568517235386,1.5119571697280154,1.6522209330391295
2010-02-17,,,1.9602933935879312,1.3626020222866007,1.6301418166521178,1.7438014166751201
2010-02-18,,,1.8434852209435757,1.366584622828043,1.4475058050467515,1.7563457091665895
2010-02-19,,,1.5807637037618854,1.241681051244572,1.4928192074783895,1.8068467641469146
2010-02-22,,,1.3049114230892853,0.8936882866481871,2.197046465506542,2.0274143687156747
2010-02-23,,,2.4510683477970665,2.2286607759798005,1.607767451505767,1.9530544186455123
2010-02-24,,,1.8990386317412262,1.3590526414877286,1.5246007170160114,2.077308263463412
2010-02-25,,,2.365194168345492,1.408570476349599,1.2859408354887263,2.0794479330459708
2010-02-26,,,1.776181627434149,1.1217941202022716,1.2554766304551115,2.0094124968083165
2010-03-01,,,2.5135983435132583,1.7721666781246181,1.7833107230171579,1.972460612725193
2010-03-02,,,1.6019195299997355,1.1712103207831803,1.6544419306767295,2.1106474188046294
2010-03-03,,,1.367108684063133,1.066964681888155,1.6227730563389544,2.1098420405962575
2010-03-04,,,1.9899424234698628,1.2129864244896156,1.4935950123858748,1.748064651286688
2010-03-05,,,2.781279778760134,1.6950313908138992,2.1136916194683004,1.6798104834360499
2010-03-08,,,1.488901785566763,1.1349012286264542,1.9737664278411506,1.6816720996859986
2010-03-09,,,1.2709539143096105,0.8937195665536815,2.0390467100195506,1.6703477332986394
2010-03-10,,,2.716580059652622,2.11584880827562,1.8224724841052145,1.6737713911491328
2010-03-11,,,1.2863743669458234,1.078252447687648,1.7811658774788626,1.641857455990519
2010-03-12,,,1.5266189728555621,1.457473694647628,1.7821542379012654,1.6135675273184806
2010-03-15,,,1.6683578173603755,1.297736387794117,1.555693800344334,1.7187138096159018
2010-03-16,,,3.3073253353105243,2.347316507749539,1.618879466174139,1.5605497009604499
2010-03-17,,,1.7270761887160966,1.4918680273827947,1.9510528378426897,1.4226708839032451
2010-03-18,,,1.6993957812420863,1.5129798515666013,1.8291678706098469,1.3861612459145356
2010-03-19,,,1.9782786535262646,1.6086459620995333,1.6080171932743694,1.3272435108360319
2010-03-22,,,2.224642608726011,1.5607275475246745,1.5862318770825388,1.2765099442024084
2010-03-23,,,1.9935070255563834,1.6458590480925706,1.5077508780333926,1.231358057921199
2010-03-24,,,5.117206826762394,3.1320727011185254,1.1528260078751105,1.4030622322735238
2010-03-25,,,2.171809080558157,1.483166809285657,1.5389892814080008,1.3058005216943955
2010-03-26,,,2.690855041314601,1.5989931755208073,1.6293320788712626,1.1728614458114794
2010-03-29,,,1.1431839145079066,0.9269953910500388,1.6344699658284327,1.3572696198303935
2010-03-30,,,1.599369532435848,1.2506289146119565,1.7961004913256127,1.5785055099270455
2010-03-31,,,3.4375610014835285,1.4055868686139024,2.1380075764083077,1.524556364612634
2010-04-01,,,1.8705369575852786,1.2569368911440055,2.1299613488224347,1.5577030651630677
2010-04-05,,,3.456227139780482,2.4414593452559736,2.006214939160968,1.3042893374100009
2010-04-06,,,2.039851728843375,1.528981503118953,1.7027317167641962,1.1081250506819678
2010-04-07,,,3.302503251870901,1.730287878595985,1.7534617958157506,0.9804253117247658
2010-04-08,,,2.080308989429775,1.6554261517066418,1.7472633758674716,1.226033345611514
2010-04-09,,,1.4010572954631637,0.9014234934702429,1.6450972229854406,1.2366699537864583
2010-04-12,,,1.7427356161491785,1.295245611486137,1.6487659880776544,1.398861289686935
2010-04-13,,,1.7161187156456932,1.186828290965541,1.706643849194637,1.2061642322480153
2010-04-14,,,2.903673458664973,2.5871888250238895,1.7023546029772654,1.6298999540029238
2010-04-15,,,1.308639828416648,0.8882231607104425,1.5762039314797494,1.5152052975784134
2010-04-16,,,3.4286414458315173,2.98402193676259,1.8784453948818014,1.4278843837301662
2010-04-19,,,2.2403792543298016,1.7592761925111837,1.7490372749190242,1.3930207740838343
2010-04-20,,,2.852412778566045,2.4139773801379314,1.666787165515945,2.3172620375408814
2010-04-21,,,2.9134489520008717,1.9600604625620244,1.496330274306846,1.9582284651375022
2010-04-22,,,1.7385626837531012,1.4295012210860742,1.5300067929873342,2.1252865350050905
2010-04-23,,,2.06797533197484,1.223995325863431,1.6167136539873486,2.253145357325953
2010-04-26,,,1.5547461059183603,1.3388405170428963,1.7549313731843361,2.235651714770669
2010-04-27,,,8.328931189752144,5.609223012747488,2.80937661839225,2.419677966059441
2010-04-28,,,2.7310584204482486,2.0854258471163747,2.524773802198455,2.136976949245373
2010-04-29,,,3.454892729229754,2.368004185882451,1.7927266240744109,2.0175611284588544
2010-04-30,,,4.339791968994595,3.862711536146633,2.4668708573975042,2.5346789618229804
2010-05-03,,,2.312722929993596,1.8290386687867288,2.4124250427546814,3.1845993625486124
2010-05-04,,,5.162339492137377,3.4434506138028653,3.5025514688825337,3.624596437229914
2010-05-05,,,2.3611882139913924,1.285289903347965,3.3584448485149507,3.317342994165807
2010-05-06,,,8.539831601276253,6.234084245999127,4.740999075622987,3.8639589814687256
2010-05-07,,,5.712627968397318,5.287617982372167,5.900995295406764,4.594535221770436
2010-05-10,,,5.459420438706217,4.647543655076278,4.94237302548826,3.985822758862451
2010-05-11,,,3.582422159553109,2.2642054380897094,4.360735304921738,3.9479432892817097
2010-05-12,,,1.9164349431800842,2.070218024220912,4.133856854672768,3.363831563546616
2010-05-13,,,2.4745386259038966,1.911246653564677,3.9244162663532074,3.414889193020573
2010-05-14,,,2.9061654017457803,2.889934917319373,4.207783937254939,3.7626941736478954
2010-05-17,,,1.7346197073993919,1.3159003706297254,4.252823449941394,3.7685805689428395
2010-05-18,,,2.0535257165740193,2.014796604793983,4.846159098594332,4.0446471970254025
2010-05-19,,,3.3851450323870553,2.3767878782410947,4.567961631781496,4.093367083953739
2010-05-20,,,5.043707607611825,4.706151048695672,5.493251109060611,4.789572319633109
2010-05-21,,,3.557180022611314,3.01988600400362,4.8993464077534075,4.5994294598440515
2010-05-24,,,4.211233153909324,2.6731680221569736,4.274689433538069,4.277123074004726
2010-05-25,,,2.986939691077668,2.6083994649588655,2.8118675813441865,3.83600215305596
2010-05-26,,,2.9239901669862003,1.9134591542016024,2.987472626511677,3.8847821645279246
2010-05-27,,,3.7229155081893404,2.975440782721887,2.865078175084972,3.7265323922483478
2010-05-28,,,1.915517809165564,1.5621865687583563,2.6302392536891954,3.765490582682645
2010-06-01,,,2.311549255562545,2.4880820232489236,3.164574961906772,4.100059321021617
2010-06-02,,,2.276585871431084,2.3580757288929437,2.3718371116159145,3.929798543283408
2010-06-03,,,2.2781582209950972,1.7438046593874663,2.202713656897211,3.83708022258175
2010-06-04,,,3.9072684381776015,3.3887326024322095,2.417912980140909,4.111340668233959
2010-06-07,,,3.1623158686131707,2.505999280223112,1.635291676430961,4.187223235326912
2010-06-08,,,3.6822795836344024,2.9800032218378965,1.6741476344616455,3.9565998949772303
2010-06-09,,,1.4740926631453999,1.03446522281733,1.7675212254761234,3.8679175321705666
2010-06-10,,,4.446954144641515,2.6978866619976056,1.8150557215832523,3.2716925552574287
2010-06-11,,,3.0973937697612195,2.3624710158586515,1.7581380353259932,3.273210208398141
2010-06-14,,,1.6651061413796755,1.1945135802670153,1.8066990922418351,3.2916645426692095
2010-06-15,,,3.299903636049015,2.6703422497245026,1.9200109011695272,3.4957166455049595
2010-06-16,,,1.2977544947956876,1.110472659559046,2.2652139215838507,3.421613800821789
2010-06-17,,,2.2835475225180626,1.894681654800111,2.1988405908075683,3.270109950793535
2010-06-18,,,1.5472932157065058,1.278782187454128,2.921091360790294,3.227251026689579
2010-06-21,,,2.6380538402141815,1.9332548672268979,2.3140878229343675,3.01008394519173
2010-06-22,,,1.663431937325314,1.84532677789767,1.8437594958478662,3.1723294666767607
2010-06-23,,,1.9044483417809392,1.4351243911153744,1.7097787041919656,3.1892373027797865
2010-06-24,,,2.8863279191213356,2.2947449524819334,1.5610627985734278,3.1101157542547604
2010-06-25,,,1.7509519190015028,1.599298999158557,1.366674199445994,2.929455447455386
2010-06-28,,,2.5652244597163363,1.9122584248790042,1.5604248915905705,3.039832103895944
2010-06-29,,,2.721388551491323,2.6834203714269473,1.6144420226556002,3.2572866925679875
2010-06-30,,,1.5988572453051355,1.4367301586419103,1.796212457040142,3.392784262375166
2010-07-01,,,5.060587925524738,3.0941808110084437,2.4609513137314143,2.9958599725923527
2010-07-02,,,2.95454912046486,2.375747128163453,2.8234619910669245,2.867429147900206
2010-07-06,,,2.5370979108159846,1.8383321013768865,2.9529805570665744,2.848144605436627
2010-07-07,,,3.248200622640883,2.419636467581683,2.68084785190691,2.7685629029902876
2010-07-08,,,2.026785701293377,1.4353698189771367,2.479203809354928,2.3687389164363886
2010-07-09,,,1.3040614853326336,0.9618388378047578,2.1306788349636583,2.1790325119278866
2010-07-12,,,1.1741038977721105,1.2909469062109318,2.2866632711625563,2.226913455015694
2010-07-13,,,2.557454667287516,2.1251961283793745,1.9284263247514044,1.9270785823628727
2010-07-14,,,1.892988263173286,1.4329175714827649,1.7094570205690702,2.0903219547779637
2010-07-15,,,2.144831134409221,1.4029908349697904,1.8083992548120331,2.3046811631458985
2010-07-16,,,3.3961627877041685,2.110381310979093,2.0787506142017915,2.3201001814424087
2010-07-19,,,1.7053571641770526,1.6893859342567918,2.2202294279483987,2.3430222654732162
2010-07-20,,,2.173173767811414,2.0099364087397458,2.0151101047932256,2.335990255811327
2010-07-21,,,2.433408237740972,2.6195151397746805,2.0573513473834177,2.3163210598711745
2010-07-22,,,2.4425045164384636,2.0308758989484987,1.6163615847510482,2.0605239729734843
2010-07-23,,,1.783409029144784,1.5908717356980955,1.91458597149638,2.0273423447566437
2010-07-26,,,1.8856016284826107,1.240080125694487,2.117811594114092,2.1492386137711352
2010-07-27,,,2.6992366194260433,1.9591935967069878,1.98523393525013,2.257276735545588
2010-07-28,,,1.5209915005177213,1.4715760938225435,2.280120185972347,2.5913838467545802
2010-07-29,,,2.2886164385349077,1.5568465526838475,2.526430486791241,2.769185182337918
2010-07-30,,,2.5349770265111053,2.1614587672804197,2.0568205789021468,2.4460017363723936
2010-08-02,,,2.270891171164385,1.9605172952090724,2.434322429865656,3.0946050091062336
2010-08-03,,,1.751810213460792,1.0481133489885313,2.401198515720453,3.3283004793209923
2010-08-04,,,1.4486934387143782,1.130495179027392,2.2558596720738677,2.8764990831493455
2010-08-05,,,2.0500128694927935,1.1604438832928214,2.09800653991365,2.8866709035024565
2010-08-06,,,2.0912125984602317,1.6467021153500878,2.2929498096514918,2.9952545287337875
2010-08-09,,,1.9577931480638444,1.3703203507263748,2.5360452404604708,3.3390025579094185
2010-08-10,,,2.7494031780948145,2.090787193478107,3.046686914652453,3.5017266719552524
2010-08-11,,,2.417882985486217,2.243955546949057,3.267460134661649,3.564909166949554
2010-08-12,,,2.44378236697173,1.701024688316054,2.8269254836385245,3.2281279429263785
2010-08-13,,,3.6827574422824503,1.9979662865668337,2.7552365185716656,2.934522601164049
2010-08-16,,,3.794241353824979,2.98333216128155,2.8001012015692712,3.420544863172381
2010-08-17,,,3.4112811061221073,2.2564692996240527,2.0541255845557926,2.8327010285961514
2010-08-18,,,1.595560488351611,0.9809545138740681,2.067372309500552,2.6525495768842284
2010-08-19,,,1.8323857829330235,1.7565379083083041,2.0390421843248223,2.266066119013329
2010-08-20,,,2.3177895923663216,1.6414368213098314,1.9800033410721303,2.5073087286789035
2010-08-23,,,1.4992361055343053,1.0782684881652314,2.2705183984754944,2.474730136242654
2010-08-24,,,2.399908608681752,2.000376667967129,2.386178102224156,2.548118382729834
2010-08-25,,,3.0587181376691595,1.8083403568197738,2.2463710058742286,2.6327059360402347
2010-08-26,,,2.195792788441958,1.4733607026432674,2.3093762445398784,2.5089047368389386
2010-08-27,,,4.096405870997679,3.4107475282187556,1.5619853552489185,2.5141811117472033
2010-08-30,,,4.383717201101588,3.083319052928853,2.160528884112325,2.6246575970262995
2010-08-31,,,3.438744957581268,2.3879738447417957,2.3823490816836506,2.805339436553524
2010-09-01,,,3.3411589807289537,2.6682578268584525,2.166309424708532,2.5473305582411885
2010-09-02,,,2.1801275196735115,1.5562791618673488,1.8301106703755003,2.449904322445394
2010-09-03,,,1.8890906806713992,1.7844643063478167,1.9840696143892615,2.43929521399616
2010-09-07,,,3.1408499618024273,2.7396379839037133,2.447825409272581,2.2374553393641023
2010-09-08,,,2.5381284314092194,1.9774043613068415,2.710105883308899,2.4409486030168885
2010-09-09,,,2.782053354466874,2.2267149128609294,2.9242193443811746,2.671407004781754
2010-09-10,,,2.2624000021434862,1.7233959500465,2.7503397542345978,2.7936267805454262
2010-09-13,,,3.5539178824953326,2.539507813961996,2.408268366326375,2.501796290068584
2010-09-14,,,3.630955424867342,2.175562785693692,2.2099577762567426,2.4633165883783765
2010-09-15,,,2.8285880731676913,2.3828459054176783,1.7967260796267932,2.7273101903296677
2010-09-16,,,6.328603831666528,3.185167378665727,1.526446695257478,2.4365827768903876
2010-09-17,,,1.3015270857015353,1.0543155856157878,1.8441658599835105,2.3970274324201077
2010-09-20,,,2.740523186936525,1.84378532584558,2.2909849189678013,2.4483495196886014
2010-09-21,,,2.416327013520438,2.2467592375203917,2.5444426060220064,2.7534197026302176
2010-09-22,,,1.5377277245638317,1.4456779214360975,2.628591704068864,2.6873042019333337
2010-09-23,,,2.9487146057855056,1.7002617849248316,2.5201442676818333,2.6083834040000595
2010-09-24,,,2.513831536447063,2.1002445403886942,2.7182752016214007,2.82088688720866
2010-09-27,,,1.7245962631419023,1.748693235267499,2.9139292377833983,2.56447889042242
2010-09-28,,,2.6887681737132225,2.0370402957347578,2.743419615579425,2.794679130509107
2010-09-29,,,2.3822545974689873,1.5467736856240921,2.6393187973480217,2.416499540693783
2010-09-30,,,1.1379193617561505,0.6808284937145275,2.3827208544210237,2.2352918616622324
2010-10-01,,,2.371184484401696,1.5185274204366264,2.1316861982007516,2.2616120530925237
2010-10-04,,,1.9270755127588088,1.5449588677339927,2.593136794722814,2.560695501741675
2010-10-05,,,3.5551016298146605,2.2660915589503143,2.9489203182769477,2.7779024761293227
2010-10-06,,,2.905058548018918,2.084744435659207,2.9810464473791822,2.828168139643567
2010-10-07,,,3.0182964336285787,2.1876426978125956,3.580042740680905,3.136680919736897
2010-10-08,,,2.0755482021682097,1.76731239203143,4.174023730786405,3.2707130630557977
2010-10-11,,,3.2157383929627508,1.9664725414955726,3.5662946821756467,3.0860248892535935
2010-10-12,,,1.7482678769167534,1.3364237571961415,3.2651410483630117,3.097965059645058
2010-10-13,,,3.1700438571722533,1.6189751841133786,3.0628351904548508,2.9873317884464594
2010-10-14,,,3.290315823204792,2.1229460544624352,3.0588800886249032,3.5798434930830663
2010-10-15,,,5.256320536275296,3.481333440369896,3.1600956097420134,3.4342148490527444
2010-10-18,,,3.1141883522492813,2.548239383453304,3.301954824363154,3.650323164122169
2010-10-19,,,5.832301874368513,2.724129180440016,2.8534448846834364,3.5825250521703573
2010-10-20,,,2.043659511932351,1.2194821790275738,2.6772728088509337,3.2773662853091876
2010-10-21,,,2.8012701004824634,1.9897065542125063,2.9019094724582932,3.18095835855149
2010-10-22,,,3.27841804972769,2.974822965032619,2.0678982085562345,2.5877380526364324
2010-10-25,,,2.6350522723364223,1.6533235072225292,2.0895860966638007,2.638310480746363
2010-10-26,,,2.449610059099177,2.0906030904616286,2.4725057863080493,2.7506012151518107
2010-10-27,,,4.130361122457503,2.986498259064649,2.291226298753727,2.425802585412876
2010-10-28,,,2.090091707590527,1.7468837348825774,2.3961167826486296,2.4339773853516817
2010-10-29,,,1.595833566147145,1.4036284081746735,2.184773889530318,2.5270428661806985
2010-11-01,,,2.7859923053041804,1.7934223912458014,2.391258775907661,2.7840240711752666
2010-11-02,,,2.473238399971852,2.198176396661376,2.0429550370433356,2.2508457760546796
2010-11-03,,,4.138085800391397,4.014500581387887,2.644304656673314,2.729978026432928
2010-11-04,,,5.293754862351507,4.524863273251443,2.4310150657615432,2.805759336353255
2010-11-05,,,2.3317007679688633,2.3919914971488585,2.4536282666346882,3.4205129481096916
2010-11-08,,,2.498796320893654,2.0138643069655515,2.1719664677842325,3.43613574220854
2010-11-09,,,3.283042751148693,2.949904250029876,2.298944092342308,4.047470985799369
2010-11-10,,,2.2129258539413934,1.473933704730048,2.1654074595861026,4.051888081519071
2010-11-11,,,2.2861584009592675,1.402595699149231,1.9759274953021733,3.9613394877574675
2010-11-12,,,5.377037369602685,4.319181653188271,2.0633515761954344,3.770830863849807
2010-11-15,,,2.999139139635798,2.8403082964888653,2.273546083265865,3.8072646668654344
2010-11-16,,,3.6657341978674767,3.938427582235863,2.2771833695473576,3.201383047315269
2010-11-17,,,1.6900692210276795,1.3092922923137311,2.210537438690326,3.232983104141185
2010-11-18,,,3.893170979167012,3.395207267901374,2.3491951422792403,2.6240078245196066
2010-11-19,,,2.2441793781685,1.7948335792324859,2.200169754184515,2.6320703831874415
2010-11-22,,,2.374688452894739,2.052388247377842,1.9620200602168616,2.79225525468143
2010-11-23,,,3.3343727500724385,2.3508993279355805,2.3312395453582657,3.1665322042008133
2010-11-24,,,2.9577838999997272,2.648181655503563,1.7823451585497936,3.231637427073399
2010-11-26,,,3.515286277512296,3.15972786223219,1.924120067782288,3.0175385531296968
2010-11-29,,,2.3403672699143705,1.699039195887429,1.915638034111939,2.558719239151274
2010-11-30,,,3.105793192966978,2.0701647775385674,2.392891358333097,2.7001829631808496
2010-12-01,,,4.305138189337955,3.238070048475007,2.6153204669425913,2.578543621546879
2010-12-02,,,2.424349895396151,1.7345416250392474,3.1859557890343133,2.4108296156725157
2010-12-03,,,3.287706507140703,2.3408000919316088,3.49757981025997,2.4953470683531536
2010-12-06,,,2.651085156726312,1.748015678991716,3.695458908746831,2.776035255788832
2010-12-07,,,3.4497995372297003,3.9319163580632153,4.203724003791196,2.3802257500953643
2010-12-08,,,2.3413227017012046,1.5603285676368392,4.423883459738382,2.135145341893974
2010-12-09,,,1.8278831982584367,1.462004253189773,4.621134144421295,1.9500144139267603
2010-12-10,,,2.0029720478684716,1.7423706846886469,4.903378035125579,2.429081509906568
2010-12-13,,,1.8194487462432372,1.1253185165330943,4.117530688352816,2.3588411237941784
2010-12-14,,,2.9932557311803714,2.9902507457443135,4.3141814694315315,2.893972486577829
2010-12-15,,,2.561938999435011,1.9816779146277834,3.707399587375021,3.0857477737267653
2010-12-16,,,2.566883220786003,1.3672857401728276,3.708119972791377,2.9814566652876366
2010-12-17,,,3.463782947128028,2.7150473655152623,2.7605941104589826,2.764202485345777
2010-12-20,,,1.4888496342832507,1.2043134508635596,2.821563174244835,2.589298037147873
2010-12-21,,,1.7272280730083704,1.191161385695245,3.422541778648786,2.8277142689643946
2010-12-22,,,1.814987792342436,1.6862648851315432,3.808010093538369,2.9572840691365307
2010-12-23,,,1.8538244027814588,1.796025435333807,3.3195993305574905,2.770705752517333
2010-12-27,,,2.7584175009959933,1.9265124760322245,3.4755938655886367,2.7052444576505774
2010-12-28,,,3.3827140593479768,2.478752751632397,3.773897047978216,2.890488159764783
2010-12-29,,,2.413842250526512,1.8872024996646493,3.6972921764225704,2.896770090218039
2010-12-30,,,2.143875504363547,1.1508387214720535,3.1979479213111786,3.241530560277523
2010-12-31,,,1.7852046408075064,1.4819596191814575,2.918918898940084,3.3662754470330083
2011-01-03,0.4131206033553335,Neutral,2.8926616451782445,1.760813499978233,2.973540352127836,3.597885685297768
2011-01-04,0.4843334396211757,Neutral,3.3704780308970514,2.0929508452570116,2.692927436474228,3.5501892423281483
2011-01-05,0.41267145789954157,Neutral,2.464341811918619,2.3433585646925055,1.8741821948130515,3.395980720303261
2011-01-06,0.5375629916913054,Neutral,3.6224377402159837,2.485817565776898,1.2559667711424867,3.0239483477543305
2011-01-07,0.30366700867479557,Low,1.7853022862839978,1.7630028120590866,0.9199226201903862,2.715767843126339
2011-01-10,0.2800537207502646,Low,1.9381525894599356,1.2249631495945146,0.6788855472234618,2.8215749650255106
2011-01-11,0.211318445592055,Low,1.3579107769725178,1.068029984695119,0.8373000198683775,2.912954990976277
2011-01-12,0.3500860849734768,Neutral,2.261871808923302,1.752533863591696,1.467319230709656,3.1490782483348254
2011-01-13,0.2804403926860864,Low,1.9635675329413067,1.1953967918430024,1.6165794195256125,3.149189201602533
2011-01-14,0.4558238419712539,Neutral,3.131537267540296,2.0254831611446757,1.994879346470796,3.3345004771069493
2011-01-18,0.2848956474069252,Low,1.8667696542558945,1.3903301349809056,1.6927183052037185,3.179985843472587
2011-01-19,0.5730455089754276,Neutral,3.844220156761591,2.6737072355583575,1.6352762774172502,2.661444222731548
2011-01-20,0.49849067238941347,Neutral,3.0760255174855544,2.680609201872198,2.007098661931056,2.8734293933705937
2011-01-21,0.5182173271272059,Neutral,3.5508976993938317,2.033404438685957,2.1704550095413144,3.066222730766877
2011-01-24,0.44558240956668327,Neutral,2.944319317967354,1.8858529687783985,2.2267719087917475,2.757231217551688
2011-01-25,0.33240420977386165,Low,2.190305039719403,1.4155832784010438,2.1457968560360876,2.7479374252884226
2011-01-26,0.4193623288714367,Neutral,2.5374118530935266,2.10656675700251,2.002764899719771,2.806107101875431
2011-01-27,0.5421442716680228,Neutral,3.5812188489106798,2.296184319584969,2.4493025129250436,2.903049050839378
2011-01-28,0.9242559575509834,High,5.808540791861223,4.754915164091782,2.8277506848097023,2.793357653769893
2011-01-31,0.33459801560395974,Low,2.302349815788659,1.4524885969389838,2.8048673619906452,2.8662664288855373
2011-02-01,0.3801118195930586,Neutral,2.4463872400278825,1.8779702411948613,2.563520636787668,3.2879921952578424
2011-02-02,0.3642002737557969,Neutral,2.383562539903182,1.7460244536391223,2.1284373069310707,3.595801779156863
2011-02-03,0.2941985047320067,Low,1.9134684426637545,1.4265382355289957,2.0389699717483727,3.328735998732729
2011-02-04,0.37874906462140623,Neutral,2.391783634165345,1.9329945565836166,2.2205597227333462,3.73964472397176
2011-02-07,0.39202744944325996,Neutral,2.8637640837570713,1.47778374290631,2.072650404234685,3.7905042955899018
2011-02-08,0.3144844217410343,Low,1.9882087214070332,1.6019752721047693,2.1530705586016947,3.852185571632032
2011-02-09,0.27251264293370525,Low,1.8105937028141892,1.2699537109963532,1.9758441203707724,3.2478867954129393
2011-02-10,0.2540965830672347,Low,1.4979867092939394,1.4404812067259842,1.9776254218265674,2.8464235543103236
2011-02-11,0.4705105902225448,Neutral,3.0430376610313545,2.3045867036482557,1.9444602061450669,2.7306426586040238
2011-02-14,0.22038567193989017,Low,1.3541312519265492,1.1754229627502766,1.734832927027726,2.6817439465015993
2011-02-15,0.2900521153853484,Low,1.9295510724310905,1.348424550977634,1.7903511185597676,2.2600696675993244
2011-02-16,0.27118439167568986,Low,1.8754398175849127,1.1644965298462728,1.4439116759273243,2.082312390292045
2011-02-17,0.3294617353355202,Low,2.1562501230723368,1.5794306261146598,1.3399086125324042,2.3041574040903297
2011-02-18,0.3119558486326874,Low,2.0987135092713003,1.418656270008732,1.0775346575565368,2.4500116193862853
2011-02-22,0.8824832155905163,High,5.335173832446072,4.873245408846379,1.7084041670838401,2.124651994623382
2011-02-23,0.4427597671619176,Neutral,2.8607913960472136,2.198736998174535,2.018291066535572,2.3667972554940535
2011-02-24,0.42098911721066534,Neutral,2.8643763929520385,1.8975833233890982,1.927674222036728,2.1388214552459335
2011-02-25,0.46346340376989714,Neutral,2.8372966426380173,2.512009616115696,1.9011458472923273,2.233901240848486
2011-02-28,0.43403611409677056,Neutral,2.9965538318051625,1.8983037549470152,1.5490284132870409,1.8399815796304422
2011-03-01,0.5845065138481448,Neutral,3.982930603110293,2.626605709225836,1.7026898866694697,1.6977300415384584
2011-03-02,0.39702880809417584,Neutral,2.31511621002055,2.306456141927176,1.407776339992903,1.737958968153944
2011-03-03,0.4955140871905177,Neutral,3.400130071412473,2.1951040766931706,1.3184689426504765,1.917883406747709
2011-03-04,0.3876171443808323,Neutral,2.7753256144639624,1.5624728565091688,1.4960335096207191,1.553143879705039
2011-03-07,0.4452348061270909,Neutral,2.746707587418017,2.3850991052643207,2.2513626979227417,1.6576459402662636
2011-03-08,0.32090812936710644,Low,2.264889957240752,1.3374666082895874,1.8475708846523755,1.7179577657043617
2011-03-09,0.5303897392414577,Neutral,3.6805158120079087,2.2946335673867746,2.3402316070093523,1.8512490233866208
2011-03-10,0.6478565426975411,Neutral,4.912463001198528,2.232815278865103,2.3669826420341273,1.6416260698527734
2011-03-11,0.3355114599322328,Low,2.0004901730725897,1.8797923326241912,2.178041753852614,1.9052312891911436
2011-03-14,0.6221529083862302,Neutral,4.710612474283941,2.1534774640559946,2.155589707682407,1.828539764267538
2011-03-15,0.7108031582875352,High,4.425468079914157,3.733181612877157,2.281350626432539,2.031153814154
2011-03-16,0.7308076431012778,High,4.471151568317038,3.8491611067921423,3.178560243439779,2.8791885401107598
2011-03-17,0.74542266833507,High,5.062833394976382,3.130088749827149,2.6511099297371974,2.76402884352217
2011-03-18,0.5293346157188726,Neutral,3.3794966598807523,2.4904608058710163,2.2385264811497136,2.283578383794568
2011-03-21,0.6608696671724137,High,4.290347284415835,3.0210905456477595,1.6535235072267631,1.9030193688407768
2011-03-22,0.28603139126718025,Low,1.8284219423714012,1.325737419898869,1.398248211125517,1.6333794124354932
2011-03-23,0.2758985346654945,Low,1.6566485051771882,1.3995870645584887,1.4020774663826152,1.5799654778568626
2011-03-24,0.36732420946607164,Neutral,2.3040713397938846,1.7421129832112008,1.4058343410291327,1.4679669957691097
2011-03-25,0.17674348672898,Low,1.1070007593254676,0.8402601142317707,1.578662430313359,1.4984460793187004
2011-03-28,0.35532207876137567,Neutral,2.02639839391216,1.9344676477402394,1.1034685717518877,1.852125549163198
2011-03-29,0.24323398271786859,Low,1.4186103972603894,1.285494906633624,1.337983015482038,1.8606637606462735
2011-03-30,0.338033868172824,Low,2.2352137088803867,1.444557425386613,1.7744646668483244,2.0876091171542206
2011-03-31,0.3689363987085382,Neutral,2.3962177150009722,1.609138801841195,1.9557425774909791,1.9522788369581014
2011-04-01,0.34304183637099606,Low,2.1422201194784956,1.5993558651068862,2.116755263431957,2.082538905024969
2011-04-04,0.2965146872567149,Low,1.914804614374232,1.3065369172907038,2.4466240322146144,2.294027327634437
2011-04-05,0.5820348467850611,Neutral,3.8892314174922933,2.4076072623767772,2.0888406296397872,2.343032529713163
2011-04-06,0.5502144513323918,Neutral,3.5202578927731394,2.4476269977043295,1.8984662704729398,2.812947206187946
2011-04-07,0.12652330382912633,Low,0.8451813122763693,0.5191869739895603,2.1755320838124783,2.857879709211053
2011-04-08,0.2751340133736003,Low,1.5854033244454102,1.4299394353119488,1.9429860365809635,2.6428181507987123
2011-04-11,0.46301613006683573,Neutral,3.001374531063785,2.0091415333799647,2.781788668355232,2.970734012906611
2011-04-12,0.41630957445071815,Neutral,2.8004834875481883,1.6850617435050599,2.8123595598488307,3.1343625974010374
2011-04-13,0.44955947141978436,Neutral,3.0719880436639673,1.7626357006419875,3.466548243915675,2.6700075924877176
2011-04-14,0.3116951951958348,Low,2.012913520818886,1.3615380749023822,3.7427817586301892,2.59611128646838
2011-04-15,0.5103527916094495,Neutral,3.259689294450185,2.2723867395608925,3.4110533022634115,3.0318674468003155
2011-04-18,0.4241387612362082,Neutral,2.5223991970150013,2.1109341647815936,2.0968006791398186,2.284919495533975
2011-04-19,0.3547093506136695,Neutral,2.100882342772413,1.7756490896341224,1.8708481512410653,2.5196178026478573
2011-04-20,0.611565809437069,Neutral,4.2246738909027135,2.343434501595763,1.6235577758958488,2.375454949548892
2011-04-21,0.22615443528737966,Low,1.4304366891822464,1.0237045135996252,1.7862364282562067,2.369566522619196
2011-04-25,0.3723551258783927,Neutral,2.3267928522265238,1.7193029730339149,1.4031482670329598,2.600158329506873
2011-04-26,0.44436318886114545,Neutral,2.9983414453288444,1.7804325197926436,1.5908508427470152,2.4276630496505116
2011-04-27,0.4935329297244003,Neutral,3.24464027357107,2.079515340678895,1.741827862857642,2.730947763931639
2011-04-28,0.40982092989527974,Neutral,2.601412521640203,1.8377093379395997,1.8886539832226132,3.0092344276816525
2011-04-29,0.39128897042409716,Neutral,2.6898856975175094,1.5084720512051473,1.9755185936894664,3.1091898623509584
2011-05-02,0.44401395021053436,Neutral,2.8292372792620517,1.978165215549059,1.7476943248125436,2.7194450060097983
2011-05-03,0.2959636330558879,Low,1.7411443677310794,1.4580354737714842,1.901406386468182,2.9664363595520613
2011-05-04,0.39998034923937176,Neutral,2.8498545058960225,1.3676788738306545,1.8635114503060022,2.383282728426034
2011-05-05,0.6869623628179684,High,4.471474758271896,2.6701958500337706,2.411215248328887,1.8454963554577226
2011-05-06,0.35208716164072607,Neutral,2.0208782562976064,1.5855756672363917,2.436449551555813,1.7074278635132065
2011-05-09,0.4185711319499618,Neutral,2.3225892490596425,1.9069550541274187,2.239574588857009,2.0338261963730564
2011-05-10,0.39744473975958766,Neutral,2.2762910936153866,1.7024379968401215,2.390573260015976,1.782148958623205
2011-05-11,0.4368595202338698,Neutral,2.629087124918338,1.702004157341532,2.0361386018304564,1.8114164475425378
2011-05-12,0.380468131873398,Neutral,2.2769061282203094,1.4993678233515368,1.5145244020750206,1.6674097237522953
2011-05-13,0.32146714695706247,Low,1.774675123021857,1.4655416348690835,1.5470071776895515,1.6600950972966724
2011-05-16,0.5241842506344314,Neutral,2.981021452601631,2.2734934685383923,1.6632436760350542,1.7630127283524846
2011-05-17,0.54260267927085,Neutral,2.931939331186624,2.558309579564696,1.402747291611332,1.8523531673187623
2011-05-18,0.48155442969159074,Neutral,2.709079632091335,2.127909354280197,0.880699330895646,1.9478676518380267
2011-05-19,0.2902173906690556,Low,1.5462225992475513,1.3913797027452623,1.016934544886781,2.216695241316872
2011-05-20,0.5215622321587523,Neutral,2.8289332883251332,2.433496567322598,1.2099765480169993,2.1269466760247244
2011-05-23,0.3671701893149376,Neutral,2.434364249787524,1.1213861015760753,1.2460517595146439,2.3844788521715197
2011-05-24,0.2986814896814905,Low,1.7192688504198756,1.260985354038542,1.4498585679716123,2.3944303184135713
2011-05-25,0.26597864696276446,Low,1.4855946107307465,1.1836250045918437,1.5936692494479923,2.3822999234584383
2011-05-26,0.5264513209016722,Neutral,3.302284010046529,1.8592323734169847,1.3888894145665522,2.5897249087891527
2011-05-27,0.32142333680614393,Low,2.026551537884761,1.121316805207192,1.3987705279890619,2.3929080286019744
2011-05-31,0.4322189605963679,Neutral,2.8529862328466384,1.336965016030258,1.2779304193552063,2.0608352250367434
2011-06-01,0.6994855385750469,High,3.9577467485608144,3.0448196843718454,1.7139413201585645,2.0511826803842674
2011-06-02,0.7285177237218895,High,4.446896926251847,2.7370723901384584,1.8387348497523908,1.5786416402207677
2011-06-03,0.4541499795315013,Neutral,2.870131658012604,1.575329793130959,2.0542550140824702,1.483488308374802
2011-06-06,0.5490986723377875,Neutral,3.275276959979524,2.1651294980617375,1.8830772911917535,1.5753681706002685
2011-06-07,0.3447864434149194,Low,1.9959269465182343,1.4405749836399484,1.4285856698434187,1.460151731969653
2011-06-08,0.40116274760450876,Neutral,2.37626307948624,1.6039935634339904,1.6646791563478476,1.7953558136919927
2011-06-09,0.3415594361306893,Low,2.0010579787685403,1.3952548644669855,1.6321591265240567,2.2520323554616373
2011-06-10,0.43184943280287114,Neutral,2.682198682581015,1.5607505669918336,1.9294418742858226,2.850196824325868
2011-06-13,0.4358591333789054,Neutral,2.771703044531538,1.488919945987954,1.9074506709537682,2.734392991690844
2011-06-14,0.5422738042682569,Neutral,3.4455604570541016,1.8562492459925652,1.6446933997878548,2.221706320192958
2011-06-15,0.7198723856406131,High,4.120707766791276,3.069904414450177,1.8453388146769605,1.4938925387834763
2011-06-16,0.6091475505363142,Neutral,3.734018178743298,2.267498021060224,2.1513286573698847,1.7550533713936232
2011-06-17,0.4733950856002676,Neutral,2.833891143854166,1.8530056635706225,2.1373791874699513,1.948762692771582
2011-06-20,0.42094448129019657,Neutral,2.2590459910368863,1.9962721383286657,1.656092460935207,2.1749456579898117
2011-06-21,0.5431005932701751,Neutral,3.4053303279280893,1.919856699248796,1.2895834138819366,1.9696786540523326
2011-06-22,0.3128398689860684,Low,2.0020015763071926,1.051843428999533,1.1877272363318976,2.022195834330304
2011-06-23,0.7547593737021079,High,4.573852133121458,2.8984497513031218,1.310003905370484,1.7000507945701264
2011-06-24,0.7202014620960621,High,4.130022392861296,3.0780227943521226,2.025447581341935,1.9609364072623998
2011-06-27,0.5221899908007939,Neutral,3.166402063639161,2.002767157754707,2.423780687093555,1.8709718943309186
2011-06-28,0.714906651737791,High,4.546515838388902,2.5057204570625182,2.1003124836680387,1.5197817992749048
2011-06-29,0.46228339604597246,Neutral,2.530319779109537,2.1618707665308525,1.9983940981254733,1.3402438026963543
2011-06-30,0.5540789333413287,Neutral,3.3582823736608987,2.12704934010009,1.5209601188023671,1.4015676451389372
2011-07-01,0.43756927322058736,Neutral,2.8114772598589237,1.4674760734617691,1.5140192783123554,1.4292461757169652
2011-07-05,0.6490989019303812,Neutral,3.901432678687968,2.535474182120645,1.583015129290008,1.5545000967582014
2011-07-06,0.4146314711636142,Neutral,2.544131875391779,1.5503693569946895,2.009773122884607,1.639525372839027
2011-07-07,0.381270795326044,Neutral,2.2798457736663007,1.5050141006286752,1.783433648874909,1.5464236460907923
2011-07-08,0.6160131571046155,Neutral,3.6838903852193723,2.4311212953409154,2.113698712366741,1.5823156727744212
2011-07-11,0.6692433035727363,High,3.9080092432754894,2.7667030755266127,2.1644246689996325,1.5320671962752321
2011-07-12,0.5746770664064592,Neutral,3.390217907786797,2.3299000445627467,2.381325212305439,1.9667703546980417
2011-07-13,0.4785669557608564,Neutral,3.0876079980466113,1.5880351488785391,2.7467082350486156,2.447632812804657
2011-07-14,0.5979942213380809,Neutral,3.5101210776521437,2.447951600229341,2.5399099093450217,2.162770452347932
2011-07-15,0.4590808297075799,Neutral,2.5772905873435654,2.035742086539355,2.7073443832876882,2.431289847683291
2011-07-18,0.5587438019889358,Neutral,3.016392787306865,2.6380962839289075,2.899017275299584,3.0426135307544113
2011-07-19,0.9807234778811278,High,5.348791559597358,4.6117749089438025,2.806374843648408,2.3853490924745944
2011-07-20,0.38595596936095644,Neutral,2.1242343131369315,1.7894627356004271,2.4203200240758385,2.2280637485176102
2011-07-21,0.5173624239378821,Neutral,2.950578314725142,2.25477988869585,2.3110320256181023,2.2694788192543744
2011-07-22,0.6170938198494824,Neutral,3.796301861662871,2.324494209093538,2.2547030377780968,1.8690548311882944
2011-07-25,0.6092928287720067,Neutral,3.385000776838509,2.773853884349672,2.82625386906308,2.476503273554887
2011-07-26,0.410062831455368,Neutral,2.341641676140895,1.7831841349350366,2.621077056606101,2.7237706472100487
2011-07-27,0.6566293407978956,High,3.940809410224384,2.603492929387672,2.6147947203818944,2.622113425411881
2011-07-28,0.23433468535795193,Low,1.2270235107876182,1.165461277037213,3.1208655139605805,2.722073792365927
2011-07-29,0.5760640276499319,Neutral,3.3478275419918235,2.4282996387888818,3.7063106439626448,2.9395710345767707
2011-08-01,0.5828339473171302,Neutral,3.5937566175151385,2.1846133528220095,3.5505150779534222,2.605799503464043
2011-08-02,1.004060453881782,High,6.238387456628687,3.7976952988504578,3.3300635634857416,2.6256061567125113
2011-08-03,0.30267512781110584,Low,1.6420390652260195,1.4554434473405535,3.1651192117106035,2.502506978839552
2011-08-04,1.1780161867860044,High,6.52940613343666,5.62463056636393,4.3394121551662606,3.3571344927684383
2011-08-05,1.2705786222675137,High,8.515437914662765,4.557254717962566,3.80682400507021,3.3527613109739223
2011-08-08,1.5626955958672881,High,8.62781470037139,8.297415317868388,5.301784937238552,4.694670693588814
2011-08-09,1.3481450920538895,High,7.929719023656955,6.941849462790705,4.798037654072492,4.40337656302922
2011-08-10,1.0399177438851868,High,5.775011416225314,5.910370953910079,5.38674197020997,4.633570110812873
2011-08-11,1.021122310462499,High,6.037136420580811,5.437103758196128,4.752723374187038,4.516555751831393
2011-08-12,0.5334978983359274,Neutral,2.85396122086175,3.1798910588098375,4.496697109860041,4.3977632483348446
2011-08-15,0.3871076414568567,Neutral,2.27726424490445,2.0741048618549005,3.6255379339799974,4.098541346889035
2011-08-16,0.3221739109397704,Low,1.661351382591906,1.9904996771630457,4.108249315006345,3.781853856736625
2011-08-17,0.3748715968887629,Neutral,1.8038861594613405,2.4620778019865304,3.965991520218445,3.4887841911780373
2011-08-18,0.7415866243632034,High,3.330148726419617,5.139921153633742,5.538887604068874,4.364043642883459
2011-08-19,0.34240899636391575,Low,1.8973593526472645,1.966755630311692,5.2754681206789025,4.405035284845469
2011-08-22,0.450249656628725,Neutral,2.948095369773738,2.0741492939515784,5.030426238739547,4.572663935549046
2011-08-23,0.7216275552437456,High,4.318229078118078,3.7838952256444838,4.04307179965023,4.039428370481192
2011-08-24,0.6996556800605496,High,3.9957571256833324,3.8844840860114185,3.3122831668427493,3.890382218738339
2011-08-25,0.30150701820186454,Low,1.5495799371899373,1.8686865130935189,3.573343060533513,3.6722770028866645
2011-08-26,0.6442489496912359,Neutral,3.7819400420329483,3.4609254236842175,3.2546929993297447,3.7025366328385925
2011-08-29,0.5316143167271346,Neutral,2.924116473583161,3.0780113654408705,2.8089696499425694,3.4949422994905737
2011-08-30,0.5153640678437825,Neutral,2.898067453145451,2.912362447344024,3.0207230718131033,3.8814708072459
2011-08-31,0.35492222675195484,Neutral,1.833307541938346,2.1893461980885585,2.961249130947429,3.7976806856522383
2011-09-01,0.3703438751347595,Neutral,1.8798896372968619,2.321847823011671,2.2790724897074672,3.705614519218858
2011-09-02,0.5588298219884672,Neutral,2.7119792091415595,3.6444202587482946,2.645717081237749,4.081369017583306
2011-09-06,0.3345711660002164,Low,1.5670910479115718,2.2458302497077405,2.417916119150435,4.33725024044939
2011-09-07,0.6442014246981087,Neutral,3.8082835346033446,3.4099113444927602,2.1333301427846987,3.816329201329779
2011-09-08,0.36463936595842117,Neutral,1.913043275760701,2.2025495925672702,1.6465773471175906,4.1421285167454105
2011-09-09,0.5380122240054181,Neutral,3.038448767569563,3.0073969533058147,2.3733799757659773,3.8723350819451765
2011-09-12,0.4583138233824435,Neutral,2.4990279407046345,2.662210266252115,2.0818090574538917,3.8000836141350245
2011-09-13,0.4011751691512112,Neutral,2.316131208856353,2.1858125689396606,2.340280351414451,3.994238551238752
2011-09-14,0.4251371377731471,Neutral,1.9407107969533222,2.879040082858089,2.6068098933605013,4.161134910145093
2011-09-15,0.3638552674971627,Neutral,1.798307958044951,2.295604375605029,2.3435425871247038,3.75180028027695
2011-09-16,0.25927097403999244,Low,1.2155780434460348,1.7040114088742062,2.705226742681487,3.8915335061340803
2011-09-19,0.6289424261482826,Neutral,3.284355297846711,3.747225511645718,3.1382452784068344,3.8418861879944406
2011-09-20,0.3480595563259704,Low,1.7747140323492152,2.0820658957308593,3.1574925715224533,3.9822689855675666
2011-09-21,0.6644342750461072,High,3.1465282023013845,4.197861907219315,3.6453896179227367,4.7509217802973644
2011-09-22,0.8610387209218765,High,4.721199922989539,4.740189321950345,4.727602289131537,4.959250628223377
2011-09-23,0.7894140315502323,High,4.066572052691911,4.630644070047523,5.059185588522806,5.375055124674553
2011-09-26,0.6117337504864507,Neutral,3.021236760274203,3.729773366837031,4.647046641307779,4.896701227061605
2011-09-27,0.5778886846326526,Neutral,2.8878615938196472,3.4866901173426084,4.1950173448183135,4.6423752550901085
2011-09-28,0.5320973116557013,Neutral,2.929813298793304,2.8826527742281933,4.711060762230625,4.759005414226539
2011-09-29,0.6298035096986294,Neutral,3.1704569775376985,3.70697921275109,4.43787432214743,4.174949335867878
2011-09-30,0.519235839251349,Neutral,2.1972236564981387,3.501057234759638,4.640373390704304,4.492340597998598
2011-10-03,0.5863585500659998,Neutral,2.6019749216629524,3.8162855268417024,4.539824646167823,4.511800949306834
2011-10-04,0.6472111654962833,Neutral,2.921910995329813,4.159175556778638,4.003466733480353,3.961474404761139
2011-10-05,0.7919421248075649,High,3.5273924251462847,5.133710383296156,4.4019074195173555,4.251736656591933
2011-10-06,0.35908588155278265,Neutral,1.775079989703149,2.1199936026934547,4.388073319699479,4.011143281504864
2011-10-07,0.5269933488091262,Neutral,2.4292158335115746,3.2681918101516803,5.211942087960273,4.4998236330280585
2011-10-10,0.6210177867932534,Neutral,3.230632156221763,3.4316346119034504,4.074169247815288,3.994684739131604
2011-10-11,0.4970527556949812,Neutral,2.0853564560190745,3.249974735258079,4.8117110574245086,4.698498194171581
2011-10-12,0.2915303947039709,Low,1.433459162127848,1.686749437969511,4.061340480037911,3.7174348013398926
2011-10-13,0.48734664439249165,Neutral,2.5440447954506777,2.651639681564487,3.6940914097372524,4.09734844619063
2011-10-14,0.3583738319219526,Neutral,1.7210188698451447,2.0560436277171186,3.3676103491771143,3.9626174903655156
2011-10-17,0.5128298197893132,Neutral,2.229963817505695,3.1697747968927086,3.7157747480017993,4.105086532788053
2011-10-18,0.3884020815807244,Neutral,1.724631788152149,2.2970605860077593,3.183684068026147,3.8499787764887814
2011-10-19,0.42577965618633173,Neutral,1.831848181472348,2.5749005723372815,2.9013294081539067,3.6954803908084015
2011-10-20,0.40555969807108194,Neutral,1.8282651506167849,2.3514178397946304,3.542309613580753,3.5137034236372253
2011-10-21,0.4606572252990878,Neutral,1.972317055575816,2.7478409892048865,3.4539808481041105,3.1069111600426322
2011-10-24,0.5149542104823499,Neutral,2.3451074977110697,2.8975177216552104,2.6229244322990604,3.1481404159459694
2011-10-25,0.47859960708903077,Neutral,1.7255411133400604,3.144152837974799,1.7172944071986371,3.315371274775058
2011-10-26,0.5326383439326319,Neutral,2.2538549087145814,3.154414106863368,2.999670537531195,2.63178363106337
2011-10-27,0.6761825579215552,High,2.825881310702785,4.030841792964009,3.5347559143329255,2.7282682231405304
2011-10-28,0.35438411540184095,Neutral,1.4979080540971255,2.095142725789147,3.285031637547419,2.2763774090668782
2011-10-31,0.821044155775488,High,3.4589820535633167,4.865824491346521,3.396119202463452,3.3390163279619123
2011-11-01,1.3833061909557447,High,8.966798840039894,5.3085911892067745,2.882219229424267,3.7538191851349203
2011-11-02,0.41906604070972675,Neutral,1.7320976160815775,2.5890536252123333,2.4296794498489755,3.841942243437816
2011-11-03,0.36627151214027515,Neutral,1.6855453218034695,2.023750287429401,2.366436815401626,3.482938835735796
2011-11-04,0.3866144060708152,Neutral,1.965542996176328,1.9366386743679809,2.49728484859996,3.8097249858239044
2011-11-07,0.4524964926422065,Neutral,1.9597254922051817,2.5758673063203528,2.259075294451776,3.372050630611833
2011-11-08,0.37989351765058593,Neutral,1.7515136987198991,2.055150999207646,2.6243804205883348,3.3696495186978415
2011-11-09,0.8964426109259203,High,4.317403126936763,4.663192242915094,2.7156922491384297,2.9933802299253296
2011-11-10,0.5911509346991504,Neutral,2.5350849402385287,3.3905912693953995,2.818328981199449,2.846609959930818
2011-11-11,0.5051725226062456,Neutral,2.337890646859095,2.622695982867905,3.3019489360369456,2.8628018564287268
2011-11-14,0.4843847188246271,Neutral,2.1404591124812202,2.6118330424644154,3.1682447655163055,3.2205346370040293
2011-11-15,0.28954056147062274,Low,1.247598922687964,1.5661670986329488,2.7978044057808513,3.34880189896096
2011-11-16,0.4051568908142035,Neutral,1.8630638436690303,2.0719780053483934,2.574714709900195,3.046556764969534
2011-11-17,0.7491172641832815,High,3.451678792651264,3.8239047540652877,2.6412496984383975,3.1234089556775437
2011-11-18,0.6081634130249545,Neutral,2.58488696785522,3.3033190043204836,2.571688518442799,3.3738054335701864
2011-11-21,0.6270627930364775,Neutral,2.756995618939665,3.284051011891765,2.659925364931947,3.2354951043950533
2011-11-22,0.5095195920748179,Neutral,2.2685247718827943,2.622249558553934,2.171546657222375,3.311416969099011
2011-11-23,0.4303097607010833,Neutral,2.006219473152532,2.1112811151398385,2.3679820422573266,3.432923283434128
2011-11-25,0.5228954244743572,Neutral,2.4878423452366962,2.5060635953903776,3.151791352554882,3.6749586274990618
2011-11-28,0.712265695674679,High,3.591633603096813,3.1937380296218048,2.725831822397678,3.1965908819062556
2011-11-29,0.42836094241267053,Neutral,1.9662731273350558,2.110758282380409,2.8301503741150884,3.284777996518885
2011-11-30,0.8257035630432737,High,3.763966038228087,4.073554086908038,2.1596055940382346,3.0725014851068897
2011-12-01,0.3939533751895097,Neutral,1.7170169436955858,2.0151799064701064,2.042574672004976,3.226967496924461
2011-12-02,0.3489641564557356,Low,1.5276917244295194,1.7784717276317306,1.9764392460638853,3.2879518252495
2011-12-05,0.40862127051614905,Neutral,1.9288155933256568,1.946302615675786,1.8468516443377339,3.592531276873548
2011-12-06,0.35472888522211643,Neutral,1.6360923766055158,1.7269157206510628,2.2474907051774204,3.5310753650935918
2011-12-07,0.5512461284095158,Neutral,2.202901356769819,3.00522637766816,2.015709260954859,3.31765033710364
2011-12-08,0.45485408327461546,Neutral,1.7882903936454317,2.5073697290705295,2.452660614733345,3.3085590969107734
2011-12-09,0.5258510703204875,Neutral,2.224570813511156,2.7463024268225724,2.0801769313972494,3.1745972889369924
2011-12-12,0.6941882356379852,High,3.02757562529624,3.5373159828129235,2.9114946989898454,3.28270588941969
2011-12-13,0.5592799949518974,Neutral,2.3414145649947655,2.9447252229627194,3.563769012798531,3.7812523442764387
2011-12-14,0.7240000642877971,High,2.9529249505351904,3.887754760071478,4.487686257048696,3.945960345879786
2011-12-15,0.2625690430416668,Low,0.9262979934814181,1.546365190906304,4.622513675772349,3.9917247407347904
2011-12-16,0.4815619489767291,Neutral,2.310710287119338,2.2361099924450603,3.5923577844699537,3.6853994802713674
2011-12-19,0.38277874405826984,Neutral,1.6583510755249702,1.9416506436853511,3.707470246213656,4.04935951840301
2011-12-20,0.6527845322351078,High,2.741917373825724,3.394044828408218,2.850876450501409,3.4950424832525813
2011-12-21,0.7379669208966066,High,2.8920854376297047,4.036323839321127,3.3326539095147005,3.7690724481084
2011-12-22,0.6206248478476135,Neutral,2.972191980860564,2.875978788953394,3.157345754734083,3.787726062266544
2011-12-23,0.39956924298795277,Neutral,1.582916405548784,2.1691181086819586,3.02932211734948,3.254115167437099
2011-12-27,0.3593742061608427,Neutral,1.6556885769225773,1.7281137479559783,3.018356293886807,2.900407545182455
2011-12-28,0.6072695999164703,Neutral,2.492646441053027,3.2131848015307383,3.1072747517186357,2.734065319047597
2011-12-29,0.2980018746279114,Low,1.4162695454395835,1.391381672261897,3.637721993030588,3.00899857917854
2011-12-30,0.33947615370106743,Low,1.8550611658278136,1.345254690445597,3.666460139799221,3.0375815618344006
2012-01-03,0.7885641646328184,High,3.348865255284037,4.033941599977079,2.7831523866506553,2.6869586127978358
2012-01-04,0.4058818496301857,Neutral,1.8071089046610118,1.9888573769606577,2.810537225770663,2.699885845541092
2012-01-05,0.35535959195275846,Neutral,1.6839869868604516,1.6446457837443602,2.6158638467258943,2.4509274979095124
2012-01-06,0.4382137727984644,Neutral,1.9796077009720479,2.120189074401455,2.7887939778238238,2.978732923434913
2012-01-09,0.5520092416657708,Neutral,2.3470937546992943,2.8098958811979764,2.401904399560264,3.1683331047151193
2012-01-10,0.29745146091061253,Low,1.244645173617528,1.533190377006512,2.114025202532868,2.9761478197878466
2012-01-11,0.35435965940080827,Neutral,1.5974450419295867,1.7176673430165423,1.9286299580934645,3.2714822804830455
2012-01-12,0.2782931417071675,Low,1.196605231519389,1.4039462428626754,2.0159350185810663,3.25543021942625
2012-01-13,0.5389115634037458,Neutral,2.2233924558947566,2.807782152723565,1.8798122608674646,3.0963206371575445
2012-01-17,0.4618973234459296,Neutral,1.9090389073197822,2.4033174683467915,1.7939023174554085,2.87337176877309
2012-01-18,0.7583802765753955,High,3.530560245938818,3.569931005155947,2.0380590267556515,3.1436292157123114
2012-01-19,0.4345266838804678,Neutral,1.9505700437771427,2.1001164259345506,2.777404138737346,2.7025063503634974
2012-01-20,0.610386280851963,Neutral,2.3126243701795803,3.3456094113387738,2.382854246831172,2.985628833187084
2012-01-23,0.31707355091637507,Low,1.514975611096171,1.432338286456851,2.3560966759481663,2.7004728485926486
2012-01-24,0.2491478277145699,Low,0.9410796518979925,1.3477538696518674,1.9204104944588802,2.636909872901944
2012-01-25,0.8365240708960395,High,3.534931110979309,4.177425645201555,2.2840902120935467,3.222005882999708
2012-01-26,0.4114778353052638,Neutral,1.6810311153250128,2.101541433742381,2.5356822585312564,3.111299772090423
2012-01-27,0.48565713972757246,Neutral,2.115220949040964,2.359262402142556,3.194603814949534,3.3015851883444025
2012-01-30,0.580340359841462,Neutral,2.820845147795415,2.446118490323823,3.1010735977707373,2.736219931423887
2012-01-31,0.38550496423954067,Neutral,2.149624702796209,1.3705131222978024,3.084581409770063,2.590813700493177
2012-02-01,0.42163821764436993,Neutral,1.7000659186341593,2.0494338071385605,3.2920475655072843,2.7353407506884175
2012-02-02,0.3492616913301758,Low,1.443994571050727,1.6654462809472685,3.7690531535251317,2.5449914615085367
2012-02-03,0.7951895678176948,High,3.7674341727379543,3.3598743133599434,2.9435919685748524,2.5515265340411157
2012-02-06,0.5080870653147151,Neutral,2.4429016168672235,2.1146559868779793,2.6698600984615166,2.5126336665600943
2012-02-07,0.508506903946865,Neutral,2.3266541387044106,2.22288249607636,2.4022393356709055,2.529116205435247
2012-02-08,0.4161361517361814,Neutral,2.180182623750765,1.5704505450534032,2.0628708039390444,2.5188360595357304
2012-02-09,0.6131516251526626,Neutral,2.9172339672594623,2.555471045692469,1.869805993096937,2.159259592543594
2012-02-10,0.8230983043702129,High,4.261618967501223,3.122326622025195,1.8957173559057943,2.33566858843831
2012-02-13,0.5072426548113282,Neutral,2.435273859852911,2.090994566966276,1.8894291280671733,2.3644177140556044
2012-02-14,0.5026436704012989,Neutral,2.021864890003623,2.411256983858654,1.7503644312252242,2.551839344374352
2012-02-15,0.8670171060225031,High,4.926315350601976,2.9532155200003563,1.9214757842646788,2.183558982748995
2012-02-16,0.49292614136725255,Neutral,2.2868181016581626,2.1241399941592256,2.010120569034193,2.4868288352898817
2012-02-17,0.5607004271008602,Neutral,2.6867810609934173,2.3285507556409355,2.3212430930522894,2.403746279149126
2012-02-21,0.8644146087618315,High,4.187165730436231,3.551071974617737,2.8596005928218413,2.4449173740076127
2012-02-22,0.4866162017693886,Neutral,2.4945066447013904,1.838897716344308,3.02331968756729,2.6332737634684245
2012-02-23,0.5427120902506049,Neutral,2.502130989449748,2.296637596738347,2.5529995132719545,3.300740316468136
2012-02-24,0.41021911399939986,Neutral,1.910416101789896,1.7115637797493772,2.4817596090533507,2.58253557121415
2012-02-27,0.9898727945457582,High,5.122003885487279,3.7680447316774908,3.170379299613472,3.1383680246654446
2012-02-28,0.6467139912474251,Neutral,3.2524355181341296,2.5423018797395827,2.930357075566025,2.85579638412793
2012-02-29,1.1217337171454913,High,5.311550771176162,4.8168735231957625,3.1603981431353687,3.1772450658828078
2012-03-01,0.6958672127212102,High,3.2210137645900425,3.050430045697765,3.9045113637541955,2.969759847018562
2012-03-02,0.39641117946036175,Neutral,1.6986050960393029,1.8524296196014325,4.0389450516243075,2.8403515682933116
2012-03-05,0.6521251847490432,High,3.3449691793993237,2.5725389484005583,4.430515332204514,3.1839745824988475
2012-03-06,0.7878429431349447,High,3.934769257356573,3.1970290348119135,4.163708259040271,3.3176465639544315
2012-03-07,0.5771131774226996,Neutral,2.775269516303408,2.4315858961958905,3.627015563675341,2.8409087183719564
2012-03-08,0.49685257741755684,Neutral,2.248951731469805,2.1912639671560705,3.733831614041936,2.968715696398978
2012-03-09,0.4500720097093813,Neutral,1.9015682952170803,2.0630719781325384,3.5748999092515894,2.8140651956374723
2012-03-12,0.6896595466392019,High,3.1854934647905684,2.93079156263961,3.762847642656953,2.9722798459570363
2012-03-13,0.6834915066265579,High,3.6821688934248167,2.4589481552289176,3.504534431070559,2.932168643544976
2012-03-14,1.0015002018778862,High,4.7669973502322085,4.194778265583262,3.978809003199692,2.9620521554511297
2012-03-15,0.6250260897226068,Neutral,2.8729263847249746,2.704888951737593,3.8676126333430854,3.1215235730714137
2012-03-16,0.4984378476601236,Neutral,2.233029735229912,2.1482623947357955,3.798098651261735,3.001160722456982
2012-03-19,0.5581607049435527,Neutral,2.355977704022593,2.5302354538523724,3.597017299545119,2.917307740967444
2012-03-20,0.4298406345440864,Neutral,1.8510749634287116,1.9168988250058965,3.37613294877756,3.2224289384179725
2012-03-21,0.4872124351002487,Neutral,2.0865190845066657,2.1759652994621317,3.4671261800991733,3.312528826760157
2012-03-22,0.3897016950442196,Neutral,2.0893779683968337,1.3794219338522449,3.4513965998937857,3.1570482531336674
2012-03-23,0.5967483078653157,Neutral,3.053064075594021,2.2380076505861544,2.871765179594152,2.933557681554047
2012-03-26,0.6004006418075846,Neutral,3.0270529612023447,2.2750398862305397,2.826306263492141,3.3555147513048915
2012-03-27,0.5969585676981902,Neutral,2.520751698475165,2.6790984633362465,2.7793461741487855,3.3276718106893974
2012-03-28,0.42323092416412966,Neutral,2.0933142573857753,1.638255332678864,2.4833066304066675,3.3860788919199813
2012-03-29,0.45355435615170725,Neutral,2.238759189749822,1.759501495522385,1.7130093562178754,3.189594978416728
2012-03-30,0.7520386413892526,High,3.869652916992108,2.783017264454431,1.7745738666896833,2.8830490160503364
2012-04-02,0.605247843202414,Neutral,2.701188491224032,2.5922360928702366,1.8449681957129884,3.1617058573441246
2012-04-03,1.0582288186957998,High,5.001655197206392,4.408855815401546,2.576326862941377,2.8794305684827135
2012-04-04,0.8608906530007752,High,4.053985383204526,3.599285127238865,2.4222396015494434,3.7256549800714347
2012-04-05,0.5009055976321161,Neutral,2.1494212672494526,2.270418103492185,2.188198291226057,3.7560287133719186
2012-04-09,0.8698424747967946,High,4.181424393109509,3.564944151697692,2.4809308818255444,3.7169448923635464
2012-04-10,0.6922219257206597,High,4.0603720512522035,2.220340088226061,2.5685749180584345,3.853942517896653
2012-04-11,0.6342488604223776,Neutral,2.919872756571346,2.7079706704785003,2.390712531500649,3.2069212107695217
2012-04-12,0.6257505589823376,Neutral,3.0541611678207428,2.525759045518077,1.9187776410096729,2.950801045985546
2012-04-13,0.6526169064561284,High,3.2170723257420817,2.6074566771432752,2.403521542347739,3.4261767963445138
2012-04-16,0.921494892569642,High,4.298910195014379,3.886715448817844,2.4438843268638717,3.3107693239712175
2012-04-17,0.7479829453751807,High,3.7867935077265518,2.9046542237861734,2.444583783497483,3.5367252914045126
2012-04-18,0.47553611142378444,Neutral,1.988666392400983,2.1990957800132653,2.4302205982461893,3.833908725720559
2012-04-19,0.5714562246881798,Neutral,2.5653216805597503,2.494970376024241,2.3655617414610037,3.7891670875694823
2012-04-20,0.7532721502696706,High,3.6582125587247782,3.0358508049292556,2.310749890775104,3.874297001392485
2012-04-23,0.3467351823083356,Low,1.647951143191132,1.4274663931123543,2.7367765651963207,3.985771266787058
2012-04-24,0.6357659000644793,Neutral,3.0340874002709715,2.6069701949711286,2.9125461036085896,4.089082831188789
2012-04-25,0.8525315740601,High,3.9688145146004374,3.579211897812904,2.196293197334431,4.061772532861553
2012-04-26,0.5706907954953084,Neutral,2.6978821718757358,2.3615672490876616,1.9453412860150545,3.777277586812196
2012-04-27,0.36416593111231665,Neutral,1.53894938137409,1.6596060303296174,1.9317601439003103,4.020305547055382
2012-04-30,0.49427165080647195,Neutral,2.284552164809572,2.088864704060031,2.1498959763126093,4.06760861520813
2012-05-01,0.42807712680222976,Neutral,1.7854191980902119,1.9706098211782783,2.1080708866431572,3.7960765276530926
2012-05-02,0.42217712489080894,Neutral,1.8385915688194387,1.8784272362064862,2.467724923444942,3.4585800682243626
2012-05-03,0.46511410685252597,Neutral,2.1813548496210693,1.9392483059747616,2.3622881255911836,3.851843785739016
2012-05-04,0.6919321618922085,High,3.3263616806638634,2.8170251494177236,2.6866654962113414,3.6957865109546337
2012-05-07,0.3201342560342495,Low,1.3602341721493614,1.449013432656513,2.4502407075765493,3.5237665756190117
2012-05-08,0.5635555134792456,Neutral,2.5086047291751816,2.4538999319851733,2.8168734655148686,3.3564676299469713
2012-05-09,0.3597210404614069,Neutral,1.6935929118764597,1.4894061744110012,2.659826287536606,3.6848677530290233
2012-05-10,0.5730243417342663,Neutral,2.369570253405822,2.646093400984686,2.5777665432816654,3.3550715096651413
2012-05-11,0.4752008767093977,Neutral,2.090882365897497,2.0895238535499185,2.425471141556412,3.397877978079525
2012-05-14,0.5004210932495489,Neutral,2.17518547283272,2.2226386534286027,2.3135731091988414,3.952995933747684
2012-05-15,0.3623685684658987,Neutral,1.5545482753356168,1.6266063727854676,2.8634533039986083,4.125434056669425
2012-05-16,0.3631468866137779,Neutral,1.5668885802858543,1.6226001410029096,2.768124147497203,4.331723436437367
2012-05-17,0.7965183958680202,High,4.019056550434308,3.0738193896102266,2.440766684655753,4.251633931747781
2012-05-18,0.6401506905207448,Neutral,3.006377074419419,2.656758767364259,2.451438821124119,4.146078011997476
2012-05-21,0.8292328187519635,High,3.6317200530937797,3.648502967567907,1.8309902899738493,3.686767712925676
2012-05-22,0.5332166491897171,Neutral,2.2089635838392576,2.450985135021337,1.9683613048138828,4.073997578590866
2012-05-23,0.7209911456565802,High,3.0504039448119955,3.2613354995778425,2.4186630179076625,4.166936695904908
2012-05-24,0.6256739134024317,Neutral,2.591340963340323,2.8683115971616404,2.7165938912314593,3.2501720226374458
2012-05-25,0.6039138463544952,Neutral,2.9123603101722244,2.428070628966145,2.60205701364733,3.2738638147295904
2012-05-29,0.603514675935708,Neutral,2.9740434832901412,2.3680111556533285,2.6047152018643125,3.4309829474540896
2012-05-30,0.7978372496044815,High,3.615800801862687,3.3526783142014565,3.1322704503068377,3.42527546950499
2012-05-31,0.45105595802928067,Neutral,2.132533201305734,1.8232790840190263,3.137777803593014,3.0563477371237338
2012-06-01,1.240535973413559,High,6.209435440024374,4.913674615134373,3.432591432279474,3.1890345815391994
2012-06-04,0.7077939428808171,High,2.815065119281647,3.3900131420853277,2.9244372609362728,3.0960666832633477
2012-06-05,0.6653103989964787,High,3.1902273444154905,2.748029188272583,2.6829041929863453,3.267285454751422
2012-06-06,0.7953832592047234,High,3.822445135431844,3.278433402544473,1.6365944868757898,2.9932523903153476
2012-06-07,0.6507845647219039,High,2.975071821510839,2.805289822914318,1.6105567823465277,2.8866531270802325
2012-06-08,0.39471348080790003,Neutral,1.8658247695501786,1.6519926438740704,1.7734699157296625,3.245550269878988
2012-06-11,0.5053909385195409,Neutral,2.2246255596818525,2.2476786788157717,1.8005016000465464,3.581830999726557
2012-06-12,0.6096049999941041,Neutral,2.664152020623939,2.726635657971626,1.4008251680359536,3.2273709584227377
2012-06-13,0.5166284805473029,Neutral,2.073907727140393,2.4589816500527886,1.7579519346210513,3.61445476410706
2012-06-14,0.6409842801595078,Neutral,3.0099020374100527,2.698869730718738,1.8998980704799258,3.39403149683911
2012-06-15,0.4210791453045861,Neutral,2.0780983527599406,1.6917110567826736,1.552028963453115,3.352057072479061
2012-06-18,0.9487824138597374,High,4.667489260855299,3.8238115589686417,2.1122621989130517,3.0298288437183367
2012-06-19,0.4959158747497787,Neutral,2.4531279821119236,1.9877806738377213,1.690394038808851,3.132802099038065
2012-06-20,0.6851020400033072,High,3.0788627577377548,2.9960057944106286,2.1094422940567794,2.9341987458736924
2012-06-21,0.8723939208155275,High,4.1465347271798665,3.6329350020040554,1.0196109079307742,3.1637276628353623
2012-06-22,0.6484629808724262,Neutral,3.1749624985106144,2.6256399719567844,1.4542409735877342,2.7579568269278294
2012-06-25,0.6793895939165852,High,2.941828801021014,3.0607701201008424,1.6270823983785987,2.877761339064538
2012-06-26,0.521570610197883,Neutral,2.269457889543329,2.3409013666015253,1.3042593347859484,2.9320171796484953
2012-06-27,0.3588603305283177,Neutral,1.703114161308689,1.496481944501893,1.2950085775133295,2.9689379732621237
2012-06-28,0.6999304626538698,High,2.7662761267448652,3.366464982628294,1.489584465582447,3.593031812621285
2012-06-29,1.011997233525571,High,4.6649914237640075,4.354191621046313,2.008244749166849,2.6877603425434535
2012-07-02,0.771092438011695,High,3.202433678868511,3.6029087352134455,2.3301623115559096,3.150664212619794
2012-07-03,0.5862458618695237,Neutral,2.708880828301077,2.5171233657858205,1.7767327712063559,2.6450426342622855
2012-07-05,0.5724789694441152,Neutral,2.2756132763052905,2.757493875340963,1.9050040603796539,2.657222490163761
2012-07-06,0.7151242218696152,High,3.1382258564690857,3.205101377775098,2.135735339455731,3.01060435987249
2012-07-09,0.42509158389731155,Neutral,1.9378525108086155,1.8465574544141465,1.9536573476446368,3.1283358942635346
2012-07-10,0.406480323181045,Neutral,1.674027594257488,1.910716770894527,2.238100797499648,3.0908005137113634
2012-07-11,0.5185206225635162,Neutral,1.9414363407700914,2.594559199508085,3.004763647175844,3.2191253434078577
2012-07-12,0.3681807030525368,Neutral,1.537387689623214,1.7135967557528617,3.1048966652451173,3.6054751295057827
2012-07-13,0.5772449899213177,Neutral,2.81320227074769,2.34780763630322,2.864961549331419,3.2720798822076693
2012-07-16,0.3526346502304417,Neutral,1.257269738676832,1.8060095237638911,3.0029403143075157,3.173761805122148
2012-07-17,0.46445451604672694,Neutral,1.9607924795018588,2.133021785814569,3.066982314317834,3.1889524676981824
2012-07-18,0.7953793289718891,High,3.3679480566543734,3.5765063006680626,2.5387489788533006,2.8709963113415795
2012-07-19,0.5953304761208116,Neutral,2.3586158230481313,2.8110024239067193,2.2696136935763365,2.6136858544295793
2012-07-20,0.3782433615601576,Neutral,1.4444182895501703,1.830688412211667,2.4289214316108376,2.7597316235137423
2012-07-23,0.6482504352190144,Neutral,3.061703366292357,2.653244271032157,2.6378837063604226,2.931111086460257
2012-07-24,0.4207199298990052,Neutral,1.931872119608001,1.7675789367913766,2.6399483827731935,2.9541100746506856
2012-07-25,0.9427652322607992,High,3.872170879591491,4.3612854079645285,2.414130461063866,2.821439989920193
2012-07-26,0.5162856725402838,Neutral,2.4695801357829734,2.0984630414022165,2.3852150759410873,2.8797630929934668
2012-07-27,1.1776643984456245,High,4.876614333225375,5.482571931708964,1.730102204557638,2.385262775934595
2012-07-30,0.5936572107072656,Neutral,2.274485548560098,2.9150082049497756,1.7661527588665127,2.600458181562223
2012-07-31,0.4898415001233662,Neutral,2.437976261216612,1.9433731644185341,1.8010144689452183,2.39418690495366
2012-08-01,0.5986770809444977,Neutral,2.427645509667142,2.7951560070248616,2.2601548065119195,2.2111663098174543
2012-08-02,0.8897818020754438,High,3.572001967131177,4.187522334973056,2.3959926894391725,2.279479744909173
2012-08-03,0.7297364373703299,High,2.6059086267905887,3.6710771336669437,2.563959610996874,2.367399518036583
2012-08-06,0.48986860482427064,Neutral,2.1342747509148796,2.117441648838758,2.265206396335357,1.9922750683758734
2012-08-07,0.6344100028083581,Neutral,2.7244344265927,2.7634306580252206,3.040670628273164,1.822681779554253
2012-08-08,0.45916764474216176,Neutral,2.145105169983555,1.7707752988224397,3.056050046329739,2.3745265208218798
2012-08-09,0.5372815958706885,Neutral,1.8815196670599124,2.57726949817289,3.809335262217823,2.7417897934246183
2012-08-10,0.40997698755091805,Neutral,1.5646275710991948,1.842565233786707,3.4558871892990104,2.880610072436863
2012-08-13,0.6435696044344069,Neutral,2.5699638580886375,2.7857539059064704,3.714786532540424,2.936749355570147
2012-08-14,0.7662804163895218,High,3.2111936715217735,3.1752836083058025,3.8098658817261932,2.4940815182572944
2012-08-15,0.7299838815399688,High,3.175049487984375,2.9162600328072417,4.029588223732617,2.1304707102795595
2012-08-16,0.37859009181849834,Neutral,1.600327933071445,1.555861900522204,3.5543800799867284,2.11779675901818
2012-08-17,0.5293503738929621,Neutral,2.1918416519158757,2.218293384460329,3.601836636967489,2.5015421107694187
2012-08-20,0.36983534298065057,Neutral,1.5316895388223122,1.549512015334656,3.8166174308633547,2.216069388028883
2012-08-21,0.4416865904845887,Neutral,1.8642274629805837,1.81780043171099,3.9687072442409215,1.925005546205886
2012-08-22,0.6949730919067948,High,2.8699684984510325,2.9014052494064457,3.6131348146580278,2.310665044518595
2012-08-23,0.7101924580406109,High,3.032109444065409,2.8713123089715817,3.4777316341381344,2.452507204799911
2012-08-24,0.2854008219681508,Low,1.1256992414781308,1.2413844954630524,2.4789424093209673,2.5600842919885647
2012-08-27,0.514524982314408,Neutral,2.081372585707933,2.189003083044825,2.7356889304885588,2.145307177498231
2012-08-28,0.226299466047794,Low,0.8015554869305462,1.070159272801311,2.7447361184483885,1.6109684993801596
2012-08-29,0.363934098077522,Neutral,1.6435063300598183,1.3867825333844017,2.7302154732085415,1.4493882764920991
2012-08-30,0.3714042532076686,Neutral,1.5240457840108055,1.5597112311180017,2.70380204017593,1.3469193066191893
2012-08-31,0.811076907991891,High,3.7870773793023127,2.973420622032436,2.117941943495578,1.5794214246733222
2012-09-04,0.5789774120076647,Neutral,2.0923583041593563,2.6987149805655326,2.4311720872777696,1.8488432243034219
2012-09-05,0.3346080532727136,Low,1.5541457976031339,1.2344156045480323,2.274767238295665,1.9432611838746483
2012-09-06,0.6590980858079561,High,2.8098432950355257,2.6686253092896504,2.216381854850778,2.0317120862119125
2012-09-07,1.0139995232471852,High,4.890285924747693,3.6013601269189937,2.6475559480069246,2.896801343710867
2012-09-10,0.8811447584980017,High,3.8451978045418556,3.508267778248908,2.823740800888311,2.4826197592670423
2012-09-11,0.46506678607243757,Neutral,2.007939821211619,1.8718431720044904,2.760917370931939,2.415343966398125
2012-09-12,0.60646839853183,Neutral,2.5929097442153854,2.4648883573412155,2.632136727531632,2.6017623727081967
2012-09-13,0.7308798244750001,High,3.3628164213805465,2.7476102282810526,2.635436892633392,2.7215024851663183
2012-09-14,0.9629299056345619,High,4.315170003725478,3.736355146999487,2.9012896008711713,2.922584790867373
2012-09-17,0.7084068020167416,High,3.4163642261479774,2.5227464806667155,2.5881275814767046,2.966362519047099
2012-09-18,0.41725939759728536,Neutral,1.7854832159695915,1.6979196885703638,2.3513852207186905,2.7163158835341275
2012-09-19,0.31053141152823405,Low,1.3045746096523896,1.2862521393128608,2.221442096669576,2.89510973834608
2012-09-20,0.3923069897417498,Neutral,1.8714462527417601,1.4162230526256163,2.204246400449526,2.7419458307958906
2012-09-21,0.26567667903797454,Low,1.0996958327081057,1.1134514198992016,2.1783647419066305,2.7668942285341367
2012-09-24,0.4433138974729377,Neutral,1.8911804325335877,1.805271353814692,2.168514083831207,3.082506030427887
2012-09-25,0.5070628596183986,Neutral,2.4088044950807803,1.8347005184751946,2.4187851522157984,2.536196122745297
2012-09-26,0.6062869811384497,Neutral,2.5250174025661054,2.5264665662208525,2.2264688443854626,2.46269898413411
2012-09-27,0.7022799451683233,High,3.071876970708268,2.788684009341783,2.2571516072504663,2.2602479837428517
2012-09-28,0.33267359941179375,Low,1.4582654492430611,1.3181079295604163,2.248327068551002,2.5775650038927855
2012-10-01,0.5913556285809358,Neutral,2.7081787474722767,2.234379105863889,2.4298050570051686,2.4918048218708657
2012-10-02,0.45111755354549277,Neutral,1.8980562469467572,1.8617976314432851,2.163353994097662,2.402993855418789
2012-10-03,0.4287950692999597,Neutral,1.704844971886076,1.8626969704795515,2.044016776796744,2.7026726663054683
2012-10-04,0.4872905422188297,Neutral,2.268241764863391,1.8068505184193853,2.4572427678492823,2.522125012329729
2012-10-05,0.6913971854297876,High,3.163932424516446,2.614622752482037,2.207003174956937,2.7834408656360896
2012-10-08,0.7252835905280155,High,3.1323749968356758,2.9176210693374833,2.075146234364428,2.7213112805564266
2012-10-09,0.7017994894091557,High,3.0883996172090034,2.7693269820600523,2.0890826264351587,2.707629761862903
2012-10-10,0.5779148625863989,Neutral,2.4401629008981267,2.3770306655336313,2.164189056673965,2.458965385491884
2012-10-11,0.4898778208986807,Neutral,2.1590993851781963,1.9299837938227289,1.9914805940056566,3.2958680916883614
2012-10-12,0.4798514358699735,Neutral,2.2895446370098007,1.7268649923458999,2.5682792686877756,3.0684565384626414
2012-10-15,0.6352258709002382,Neutral,3.5383854385785316,1.8105443440964681,2.3780599201653025,2.77747832989158
2012-10-16,0.6358443771322283,Neutral,2.8859611997267614,2.4267963831559634,2.1095999818032896,2.9761040221193134
2012-10-17,0.7763816308201936,High,2.801274392495764,3.6401456461524533,2.3967773875961598,3.914557889942251
2012-10-18,0.6890414728051245,High,3.1582385415523038,2.6009489747965815,2.9760654757754317,4.1173481046970055
2012-10-19,0.7693339427796106,High,3.637184296648188,2.8001069361256246,3.5501195900583316,4.221160101252368
2012-10-22,0.37570012865564795,Neutral,1.539539080208862,1.5891463044169323,3.117902065053343,3.6947399582038667
2012-10-23,1.278404818754781,High,6.618477054615563,4.139688708704537,3.2093972971657334,3.745611356884037
2012-10-24,0.67017685958682,High,2.905780154217242,2.698544960816071,3.2179385092586594,4.153702585008298
2012-10-25,0.5973766491649726,Neutral,2.4891963859589636,2.499999778254116,3.5889187481942915,4.142734465719062
2012-10-26,0.6413094610876234,Neutral,2.8375990639169646,2.5289031861271525,3.0516374395318433,3.912630504372187
2012-10-31,0.7609372433639439,High,3.2912012361679595,3.071594768331944,3.1319169734168564,3.6651316037064348
2012-11-01,0.7944390790640168,High,4.006937668612908,2.6718515775272644,2.950295464194429,3.3612723570695766
2012-11-02,0.733319101592796,High,3.5410816909262706,2.6063112729824205,3.443835658837966,3.728174932021289
2012-11-05,0.6661958608894544,High,3.0921444864241967,2.484986344219188,3.3466553883020795,3.3981561546197594
2012-11-06,0.8246438520958776,High,3.6774468115966834,3.2170426972677544,3.08187245497444,3.54733122777013
2012-11-07,1.0435093721195403,High,5.202988647253252,3.5659345953495554,3.579240087372248,3.861219200590318
2012-11-08,1.0960859566761787,High,5.273239649953093,4.126699819528702,3.2344179884198025,4.055805097927816
2012-11-09,0.4727843700752805,Neutral,2.491721942854827,1.5823512626322773,2.959064316960381,4.038757943088868
2012-11-12,0.6527261883611861,High,2.996391610230795,2.587656537775554,2.9320738509063444,4.056577911018822
2012-11-13,0.32139014899114576,Low,1.3012837417922225,1.4325973222815824,3.32971356056713,4.448291234991663
2012-11-14,0.546259720140967,Neutral,2.7709623204395064,1.925864755330159,3.3326500185381205,4.484558342269315
2012-11-15,0.6019045996659598,Neutral,3.014979056557308,2.1568640405658486,3.641915211837124,4.642313724156148
2012-11-16,0.7378388503493751,High,3.534170242042268,2.791191823072946,4.259860041124344,4.800807562889984
2012-11-19,0.769301093265604,High,3.7243866763428244,2.874236639782257,3.7063677901426964,4.469721875605589
2012-11-20,0.4011809871930031,Neutral,1.7618213014918214,1.663113286869798,3.4428727052897115,4.3599453055145085
2012-11-21,0.48190874408263956,Neutral,2.0362671752945425,2.0706751098075973,3.196532296420618,4.2855491798869805
2012-11-23,0.6970768342939375,High,3.3032867322141,2.6694362659357433,2.9832312780717016,4.347302926129109
2012-11-26,0.44166834224039253,Neutral,1.9935703174750938,1.7818441667433524,3.0726254349644186,4.162832532841288
2012-11-27,0.5465244543135642,Neutral,2.827791208284493,1.8762842061955805,2.960861447305199,4.136670024914143
2012-11-28,0.6985298314807946,High,3.4789401325633054,2.521355834271277,2.570139640489088,3.6713261952272394
2012-11-29,0.2676074218731762,Low,1.1788755800584023,1.1060514585345183,2.583410695331505,3.602718973813339
2012-11-30,0.4496275416391055,Neutral,1.9147979379248314,1.9183742695411599,2.334195697146826,3.617679558010607
2012-12-03,0.4427831978297728,Neutral,1.9704408616108868,1.8119799244848789,2.1820444401412016,3.5007757313790626
2012-12-04,0.5175826647750541,Neutral,2.573927958268347,1.8717083630171705,1.8127823650272934,3.5387617940837783
2012-12-05,0.9091705908930399,High,3.800089058887813,3.9443591686354225,2.222579393578443,3.249932503778707
2012-12-06,0.447092490450524,Neutral,2.0709747611828444,1.7440134557538631,1.8040651622088177,3.676240104491714
2012-12-07,0.6691666653591033,High,2.712259038185779,2.960631509084406,2.0816138946897125,3.6620440674077694
2012-12-10,0.2789766706950053,Low,1.3107468632184638,1.0714971149641173,2.2518288554639394,3.9322677066268543
2012-12-11,0.5026747430996372,Neutral,2.521320674052164,1.7863825390725365,2.190420090971615,3.456986017971626
2012-12-12,0.4765682886406952,Neutral,2.161425918709931,1.9006706470573627,2.227547182336318,3.907136067613811
2012-12-13,0.622371739197107,Neutral,2.7778659387773326,2.5227207718178244,2.635086353634781,3.8189088079817455
2012-12-14,0.45472352190904675,Neutral,1.9446730605794889,1.9199775036461622,2.593608385470034,3.9266481680844314
2012-12-17,0.6840931040673208,High,3.157716027399357,2.6785128460679486,2.560426439277876,3.848820987078196
2012-12-18,0.7823870512950287,High,4.4010625611370635,2.390829647888515,2.565658373902269,3.6726789080018003
2012-12-19,0.6926577335193655,High,3.153261737815703,2.781637151785842,3.2032186270951097,3.8608454902840825
2012-12-20,0.5648383187397451,Neutral,2.743063841134463,2.1146749717880384,3.332396806563496,3.8393249514669936
2012-12-21,0.4602702461654038,Neutral,2.1820468063638967,1.7707947189586333,2.956529518627467,3.9305840643722476
2012-12-24,0.2902548465021466,Low,1.2288658469115,1.2484086960262024,2.6641233575709853,3.823384490554419
2012-12-26,0.590281503393187,Neutral,2.640507517407237,2.4122960436023018,3.3136209982302605,4.042106328795592
2012-12-27,0.5166208200798312,Neutral,2.3637066344440956,2.064098680455252,3.1856411238234617,4.213608184518967
2012-12-28,0.8862729413151665,High,3.888492343059617,3.690003666707192,4.144364356299396,4.376592766273465
2012-12-31,1.0024293043127277,High,4.6238522234870585,4.107820512400763,2.8125850596403477,3.9112234998355033
2013-01-02,0.9004871949726688,High,4.368776455880239,3.501370725152854,2.603517299795146,3.805365636185041
2013-01-03,0.6910433138018169,High,3.3953929639934874,2.6494944023575426,3.1512238585632675,3.9111667273958006
2013-01-04,0.6331273796259229,Neutral,2.6094046475036645,2.86723746097867,3.356046151027115,4.003738837093283
2013-01-07,0.36545552228588896,Neutral,1.5228049902327687,1.640477257968805,3.3148593244191313,4.129640891561959
2013-01-08,0.6950471965696756,High,3.630337430911727,2.476031557985338,2.9651511963607766,3.9256056924483183
2013-01-09,0.48007782634742624,Neutral,2.186335480650737,1.9919354531394868,2.782322162896127,3.632892924678825
2013-01-10,0.7916931431431595,High,3.501308024886878,3.376248644661512,3.225258668174523,3.95069673560444
2013-01-11,0.6436117967054105,Neutral,2.840856580915896,2.749612781432074,3.6079600356586248,4.213104600702772
2013-01-14,0.42845303520233613,Neutral,1.79616063609539,1.9137446311980701,3.40850195480571,4.242616366210682
2013-01-15,0.41694669699941445,Neutral,1.99310734410277,1.6473004395602853,3.151956318144136,4.2171037973094565
2013-01-16,0.5259867883314535,Neutral,2.559633025368936,2.0383818632034694,2.675123836039667,4.26675471847167
2013-01-17,0.5760702324401104,Neutral,2.7481710447580396,2.2808754339548205,2.9338274626770384,3.9973992824804463
2013-01-18,0.7996726550072069,High,3.651925600614542,3.309124515192745,3.4801224839774663,4.416566469692587
2013-01-22,0.36258122023554507,Neutral,1.940691369102849,1.2505436018798488,3.5435188229599506,4.324240973916214
2013-01-23,0.6951342058860733,High,3.0537208727084257,2.9824882304166818,2.778966381589959,3.886601366641357
2013-01-24,0.7927615713786079,High,3.336529590875254,3.5067929270703484,3.1778016032399,3.9640689557416544
2013-01-25,1.1064415785911368,High,4.66377876245753,4.951613017754869,3.4215030447791883,4.250898311124984
2013-01-28,0.4366846188417066,Neutral,1.7147053401628733,2.0645238432228425,3.265170023851218,3.9508913666405157
2013-01-29,0.57634260704469,Neutral,2.7695626410006207,2.2815359883682707,3.2852082039418056,3.831263849907458
2013-01-30,0.4981320170965414,Neutral,2.3432515255839306,2.0161045602491274,3.406426693189793,3.8308396040423127
2013-01-31,0.3502688140386502,Neutral,1.479097095619698,1.5652038358432498,3.116661729477293,3.7469154724726206
2013-02-01,0.6330858479741123,Neutral,2.936694207308209,2.598531400058046,3.144068241388659,3.9794173487760496
2013-02-04,0.7819791106172931,High,3.3420597012680537,3.4593644063751445,3.601671197382802,4.22639439429337
2013-02-05,0.49048219979158364,Neutral,2.2319966722507707,2.0510175612563373,3.1260594734791276,3.84131793136909
2013-02-06,0.7095909107165708,High,3.072923956369173,3.103911729216929,4.227769074739802,4.414780627993317
2013-02-07,0.40441097806704907,Neutral,1.7899180545906386,1.73520943105377,3.9294156691743707,4.493872012415008
2013-02-08,0.4243314715724029,Neutral,2.119353852746153,1.6095297236304562,3.3295917573666167,4.499581874046134
2013-02-11,0.6258461144525066,Neutral,2.916363157052499,2.557217784425088,2.5314359591200244,4.12718736339533
2013-02-12,0.745175434382956,High,2.7720558125971926,3.6577459723058627,2.7701750267480816,4.634409260694661
2013-02-13,0.5851109744523673,Neutral,2.611071044277828,2.491831637347019,2.3314620291005843,4.044819958922141
2013-02-14,0.5221094260368411,Neutral,2.644306626623504,1.9483846912616183,2.5464490192014715,3.705372756032081
2013-02-15,0.5644158929433944,Neutral,2.929353830579448,2.0443174577013346,2.458388465597566,3.70329001804057
2013-02-19,0.41568792122642984,Neutral,1.6995896979362826,1.89911893431115,2.4714493677846656,3.92355434878845
2013-02-20,1.0651798373947976,High,5.2403098242041475,4.140802790196788,3.5118168055417915,4.432812499196708
2013-02-21,0.5471982564491187,Neutral,3.0107390589853926,1.8461776519319764,3.5705225830158924,4.243111872721168
2013-02-22,0.5235492156950695,Neutral,2.5565242365448935,2.0521441246767953,2.865559029247562,4.023283499000531
2013-02-25,1.5514405496570798,High,6.964190104355027,6.650777332949757,3.6803266531414343,4.949061567264236
2013-02-26,0.999567670630004,High,4.144212861953535,4.59944075357013,2.59284891793451,4.156273497044881
2013-02-27,0.6367660970322822,Neutral,2.952243543188167,2.653031116571828,2.544598741860687,4.096013255221179
2013-02-28,0.37818563487814505,Neutral,1.6809404866212,1.63938090541045,2.9642841206081085,3.961276588248311
2013-03-01,0.44089378756535136,Neutral,2.350889140926155,1.56396639333971,3.0158914852696617,4.053886063316862
2013-03-04,0.5956786272054262,Neutral,2.5440259145320776,2.6632023471934216,2.7557057852907745,3.8228145862515315
2013-03-05,0.410141373650397,Neutral,2.0579951361384374,1.5604494354148637,2.50106169901206,3.589992127775902
2013-03-06,0.4605810561874829,Neutral,2.3320055578585532,1.7337010137982287,2.363301573711711,3.433628402974805
2013-03-07,0.41144206164262465,Neutral,1.711517176064536,1.8802374184179864,2.196784380479166,3.4478279116146426
2013-03-08,0.5433476711992417,Neutral,2.2287829077116097,2.5110658578796086,2.0585604937146553,3.5608108459074748
2013-03-11,0.5691408196980358,Neutral,2.2424124788803503,2.712475431705015,2.0798414157982137,3.7048359892386373
2013-03-12,0.49965408008571655,Neutral,2.221022011072957,2.156207611744972,2.556275694392228,3.78922589605756
2013-03-13,0.4339517941133523,Neutral,1.7827321878998055,2.0031009525497434,1.9163852018863874,3.446025620375115
2013-03-14,0.1971221521369432,Low,0.8039674355352879,0.9151122908365066,2.2891642313286154,3.353981283464753
2013-03-15,0.49652471419983313,Neutral,2.5506130531568445,1.8363394784577145,2.4109180757480595,3.325673343936859
2013-03-18,0.97535895146578,High,4.1972479849616375,4.221129106243845,2.497244744022961,3.5192106882835557
2013-03-19,0.48997346782986373,Neutral,2.0453633381343104,2.1786328665846955,3.0421039568842456,3.6199731473647168
2013-03-20,0.5880723176129947,Neutral,2.335720379069218,2.7245516877760667,2.0882776843655146,3.356792501864492
2013-03-21,0.6515529067363608,High,2.6601622389464112,2.9520679999826136,2.029445894600428,3.4972252207851895
2013-03-22,0.5828668754711663,Neutral,2.4688988142434996,2.558746514077572,1.8829181074177657,3.529155422489496
2013-03-25,0.301866958082913,Low,1.589821235649098,1.0386030404028104,1.8029795773554171,3.079133286446381
2013-03-26,0.5178010769909793,Neutral,2.11840557638479,2.342079040655678,1.5496793796505575,2.7835727418022276
2013-03-27,0.5191832788952292,Neutral,2.4934280219555105,2.008169394932731,1.7009156890932502,2.935352318106066
2013-03-28,0.34270143691984556,Low,1.4146083332194472,1.538511921733777,1.6492809825127621,3.1899627261192007
2013-04-01,0.6254719807071651,Neutral,2.894688877140231,2.5198539928734793,1.4919334805252193,3.4623894002852573
2013-04-02,0.8723921354754857,High,4.0528579071905915,3.50042572276806,1.4660773007166237,3.3462343215278154
2013-04-03,0.6088356324505468,Neutral,2.973200595798608,2.3096217408252198,1.9046822891203368,3.8987347098283207
2013-04-04,0.7281491701521081,High,3.5485006985451775,2.7690146844076344,1.99715289876288,3.992466394980904
2013-04-05,1.4739498361715988,High,5.85305596879475,7.024057768173685,3.2474233916752144,4.423537445693825
2013-04-08,0.8641670134717273,High,3.2485382004118613,4.207738158840154,3.75343322393707,4.384751301907482
2013-04-09,0.38101509508585585,Neutral,1.7493137451019296,1.5608251037742515,3.388258567066286,4.224754420571315
2013-04-10,0.8074938663812263,High,4.183382883181361,2.865854163496101,2.7566552039819645,3.8986442637031784
2013-04-11,0.3874311199204443,Neutral,1.718666781267656,1.6429213751337342,3.4407305770257985,3.8226629624861275
2013-04-12,1.490265325538269,High,7.924575089175948,5.334354918081843,4.190542771698518,4.221275895791878
2013-04-15,2.5532506341472443,High,11.493343019726487,11.086341448393878,6.395667888112484,6.407776564335965
2013-04-16,0.833590931039913,High,3.0481096511250354,4.257823078106418,5.007375404277634,5.600756484866263
2013-04-17,0.7813290753212134,High,3.328024081787289,3.5667195421425486,4.90090362877186,6.118233924765235
2013-04-18,0.5686016419780009,Neutral,2.7024223998554677,2.343036927495428,5.117514199123911,5.877587354875346
2013-04-19,0.8592187640370401,High,3.5838650005573762,3.990653880617779,4.365212013938831,4.914415200924154
2013-04-22,0.699583758166348,High,2.6758175179945964,3.467331711070282,4.281933633623427,4.445818789280024
2013-04-23,0.5214029591563768,Neutral,2.387419867647543,2.2302037416020712,4.278006110716741,4.443682013502951
2013-04-24,0.559486351214618,Neutral,2.5539603765879835,2.400155902427501,4.366519929101462,4.183529635032133
2013-04-25,0.560124315140862,Neutral,2.474195064009993,2.4773457119761493,3.518829329970587,3.9941597822903216
2013-04-26,0.4522799561616832,Neutral,2.108658883726927,1.9005554096497985,3.7283962190300395,4.1269635053473
2013-04-29,0.6304195380089019,Neutral,2.6669903375942288,2.89096064205132,3.3357300176243045,4.063247113361739
2013-04-30,0.29983276986273616,Low,1.4688936046102474,1.1946598257584495,3.680692532884227,3.947577311819354
2013-05-01,0.5693619684185789,Neutral,2.8714726687606964,2.194689181625644,3.5415271637995094,4.028287522915349
2013-05-02,0.38749505348504093,Neutral,1.987554013196884,1.4637088189915775,3.2778220731174526,4.05758705821216
2013-05-03,0.9658205631761286,High,5.067234856672358,3.548078659987222,2.765203857573196,3.6492622251258746
2013-05-06,0.43580540995608463,Neutral,1.6384032698726523,2.183711730176561,2.829305205965116,3.395366686613163
2013-05-07,0.4606918677061956,Neutral,2.099750012924801,1.9777153868435635,3.2395348626920186,3.662937118006945
2013-05-08,0.45031355619008706,Neutral,1.95287681249001,2.0196961090167598,2.5235092964577666,3.4410779379531697
2013-05-09,0.6238586579979291,Neutral,2.8882802519401847,2.6280473315816324,2.911542269530445,3.6136007465322146
2013-05-10,0.8569150171513698,High,3.3896181422315657,4.111264507095898,2.5868446620638705,3.3115938794367943
2013-05-13,0.6119577154045124,Neutral,2.594893884680987,2.7805486787009905,2.6704255479584793,3.535483870550027
2013-05-14,0.5768471475615387,Neutral,2.767416277667416,2.334218494465096,2.6184843186741675,3.6563330271504624
2013-05-15,0.6605250429227145,High,2.7001659510944496,3.0910539924363953,2.685592204909586,3.791450280570859
2013-05-16,0.538431625255942,Neutral,2.3915790165665642,2.349686886605462,2.639961921474076,3.370459167707753
2013-05-17,0.6200243097663833,Neutral,2.6800773324738243,2.771710879979592,2.3941908230090236,3.517443590486027
2013-05-20,0.6773887978978772,High,2.6554346185373072,3.271401843065259,2.2227172794863908,3.3129250621889423
2013-05-21,0.49842187605350063,Neutral,1.9162597428543242,2.4406506728957997,2.4026831994579476,3.044715347726937
2013-05-22,0.8217961732421678,High,4.289054972985916,3.002927191865649,2.8418674061514078,3.4096708449163042
2013-05-23,0.5116941449097168,Neutral,1.9821430224612555,2.481405765568817,2.9353245827041605,3.2659354641126717
2013-05-24,0.3256570489400982,Low,1.312839022014121,1.533623306945242,3.050746390729538,3.0870540505200514
2013-05-28,0.9030938333276,High,3.978894995357533,3.9524965668775254,3.921025455801795,3.339938443116521
2013-05-29,0.706894531942357,High,3.017770256621624,3.1797161104034277,3.769689885674077,3.1979757882069118
2013-05-30,0.6714131984924072,High,2.7383583402828977,3.13377844132876,3.5539543798866577,2.9094042348757356
2013-05-31,0.7699463731120866,High,3.641065157885708,3.148728078093897,4.588360479534403,3.4954576315784265
2013-06-03,0.6509768005416928,High,2.842176330453633,2.8721121918787946,3.780242442872377,3.2124422608179963
2013-06-04,0.7487287393185751,High,3.422881576432106,3.166652273269589,3.9968358130862587,3.32130229479567
2013-06-05,0.5888873694162,Neutral,3.0937188594606444,2.132814878909358,3.869805355081908,3.680972332027333
2013-06-06,0.6375199228326591,Neutral,2.512397880183536,3.052663492779126,3.7626122492991367,3.700707256086174
2013-06-07,0.8201781273563427,High,3.2378484969951424,3.9223039123693733,3.814295815820841,4.116568816986305
2013-06-10,0.4482458819060294,Neutral,1.6571978152732587,2.243486749293952,3.8569591425697074,4.117737999056052
2013-06-11,0.5613150104926163,Neutral,2.2929552949783054,2.615892962550583,4.097324426658957,4.357128910628974
2013-06-12,1.1929596891227106,High,4.97011371090077,5.499337005090994,5.035479671532284,4.3121345543023635
2013-06-13,0.8383926622623383,High,3.6345202194744264,3.7384853459833542,4.506859866772379,3.9576978938116514
2013-06-14,0.6108916056148108,Neutral,2.5548270290274595,2.8074237320422206,4.820926760134572,4.017797457901661
2013-06-17,0.5094203217309632,Neutral,1.9196288897100717,2.529233559425116,4.970556041981762,4.39727471965151
2013-06-18,0.4936006204107338,Neutral,2.0898476735797655,2.245603197235784,4.980783220138472,4.295155223773817
2013-06-19,1.0727798819816843,High,4.800896902099532,4.723506808236465,5.072044394616813,4.406080288351018
2013-06-20,1.3586812243433064,High,5.303262471226676,6.788849208466526,5.740745419864359,5.822111014174755
2013-06-21,0.7560389703763712,High,3.2882470345535495,3.485449170605199,5.900709633747674,5.755061520719902
2013-06-24,0.610773595831226,Neutral,2.2583152182075845,3.1607189300262792,5.645998516983149,5.9754172434094395
2013-06-25,0.5875403540868689,Neutral,2.3554221795379138,2.8819153344554507,4.784007630855224,5.669908487194363
2013-06-26,0.9491062945364082,High,3.701133745641364,4.752382257315064,5.004185123988288,5.397760137053814
2013-06-27,0.613850436627375,Neutral,2.2533036182590434,3.195573224900319,4.906430306626255,5.313231268829044
2013-06-28,0.7053207644269868,High,2.779291162190782,3.506683595903387,3.678965985651363,5.109768616514144
2013-07-01,0.5954548329781746,Neutral,2.2924477559819496,3.0072465460948727,3.702485581529885,5.6621702199348904
2013-07-02,0.3294686960470321,Low,1.2950658291023378,1.640809739916719,3.478320569327045,5.797892734646724
2013-07-03,0.4488679988903631,Neutral,1.6157615773564642,2.364417020512339,3.2152031207793446,5.740417728441971
2013-07-05,0.902859135005051,High,3.9742400641695173,4.127329549242076,4.238155390511059,5.907293930540102
2013-07-08,0.8634288726910768,High,3.9246801625187286,3.8394719876124936,3.5066893992412,5.573341685728303
2013-07-09,0.3303964851866393,Low,1.240891799218374,1.6956044710908658,2.9007052955048858,5.009103162065761
2013-07-10,0.39876016456100766,Neutral,1.638064169236091,1.9246041610703504,2.956866125722922,4.210977864905616
2013-07-11,1.1602546912671743,High,4.744978470223483,5.624755464765009,2.249833245242201,3.7735634164500866
2013-07-12,0.31189508991766624,Low,1.1536957927171057,1.6178636826663804,2.6054635007078915,3.806494991747645
2013-07-15,0.22284139296469502,Low,1.0620508306437182,0.9493693121210428,2.742614464643948,3.9187337784403096
2013-07-16,0.4085133209418093,Neutral,1.8167855004464204,1.8534683148196185,2.983917551136902,3.712746639356418
2013-07-17,0.5065657535528771,Neutral,2.207584647748518,2.3376708546812117,2.820126806239543,4.0184216019181225
2013-07-18,0.6048729685097517,Neutral,2.8234547947605435,2.6284855847335566,2.3376032423963444,3.873611547446457
2013-07-19,1.0364220942939495,High,4.768744464500491,4.575518884889999,3.1098928293269963,3.631082550935186
2013-07-22,0.5846787758335836,Neutral,2.352437198466608,2.8753763454153827,3.1558035105893145,3.590186093226129
2013-07-23,0.5720998551453579,Neutral,2.531266524152643,2.613680561317088,3.1460902453316844,3.776507619360636
2013-07-24,0.7891138134987591,High,3.304016245469354,3.768372002729763,2.4817821707714707,4.215161594007314
2013-07-25,0.446872403153707,Neutral,1.8096978920713278,2.1874539445869607,2.99581927077344,4.154340719574806
2013-07-26,0.6306221554507403,Neutral,2.8335731420540644,2.8432671653203343,3.2327134666071538,4.198454127694489
2013-07-29,0.5158185265162624,Neutral,2.0112959986309464,2.592545292170571,2.5941823659486323,4.426561440741005
2013-07-30,0.34278203493576886,Low,1.6189207123925353,1.4769470886707603,2.1162933703195876,3.9975725359806367
2013-07-31,0.2278332099899073,Low,1.016645069740244,1.0238077801150591,2.139654154183983,4.0262612772883974
2013-08-01,0.6107004512696694,Neutral,2.8052078804803906,2.6737512832324493,2.6105847817879493,4.250030148216908
2013-08-02,0.8789340657819216,High,3.7408615935397536,4.109122071786177,2.4116451595784647,4.111323246072493
2013-08-05,0.37346230330489383,Neutral,1.463904273985185,1.856559150365138,2.5136038081674603,4.021183880816318
2013-08-06,0.45866045814414413,Neutral,2.0531901230303133,2.0553121468193467,2.2811427049629827,3.919026771238824
2013-08-07,0.428572515410531,Neutral,1.953635045461047,1.8895534722438698,2.479213555947978,3.933522381035565
2013-08-08,0.48484503045920635,Neutral,1.860851835713745,2.4451755343645982,2.3118333464306753,3.7747257290647953
2013-08-09,0.27594089787843085,Low,1.1563548147703762,1.3059801355325904,2.2823977968271167,3.8991500375036448
2013-08-12,0.5654196559114277,Neutral,2.2425699167375455,2.7877286533289105,2.7016737931329415,4.0775709930039
2013-08-13,0.630644438361315,Neutral,2.6512970174408244,2.977224326538125,2.9883733943771817,3.9236249506624183
2013-08-14,0.55595324599398,Neutral,2.188123810652228,2.7559346498280717,3.058374531404994,3.949806549220946
2013-08-15,0.9176133609222454,High,3.8295556744872794,4.376682140810369,3.5352178680966286,4.128508715078684
2013-08-16,0.5404408228513302,Neutral,2.1601168724216513,2.6620359913673415,4.3749520808431335,4.05180575300651
2013-08-19,0.4177204730004376,Neutral,1.5150917515254232,2.194211684734183,4.633754678660154,4.196579087206123
2013-08-20,0.461780334649964,Neutral,1.8935516446452925,2.2322725577758424,4.454534765695423,3.99867174375429
2013-08-21,0.4580528960059891,Neutral,1.6107590478669769,2.4508396562231427,4.288621852034323,3.8562230478683714
2013-08-22,0.764521614488465,High,2.986279810530832,3.8272315961565933,3.8563362991080643,3.9654773208374876
2013-08-23,0.5769917036420357,Neutral,2.367436870022299,2.787923501960164,3.5695347497002734,3.731087268017175
2013-08-26,0.40095152435975256,Neutral,1.8270393134006964,1.7764479177799029,3.6976704700528393,3.5340216310126764
2013-08-27,0.7176086699421063,High,3.9051675643877988,2.6176497992532837,3.4658731682156434,3.5919757446317946
2013-08-28,0.48853924788610154,Neutral,1.8516840625376518,2.49569710137645,3.315639853791404,3.6874338572079055
2013-08-29,0.5465903651332571,Neutral,2.5429703522057427,2.3754669046398598,3.2850121679800095,3.512557963942957
2013-08-30,0.43722974721234936,Neutral,1.8901256055902715,2.0275897397656686,3.2461140523838257,3.3660930432277834
2013-09-03,0.6618683863351742,High,2.8485089144904574,3.080568575222904,3.517445264316593,3.726427587871228
2013-09-04,0.5661277258143054,Neutral,2.568375911043836,2.518295969885922,3.330177532062967,3.3460123883671544
2013-09-05,0.46144538904213184,Neutral,1.8124179574122634,2.301193839568882,3.4388766683409675,3.2624154252806434
2013-09-06,0.32946897014363774,Low,1.3290031710863242,1.6121284284098851,3.568610304179694,3.5157372456737446
2013-09-09,0.4635912896537174,Neutral,2.211836653285182,1.966101143882887,3.142842891928842,3.503167368392082
2013-09-10,0.5762072185930637,Neutral,2.44033304488688,2.7168164651588773,2.684775860120294,3.504227204222731
2013-09-11,0.6892139094356422,High,2.926105593086616,3.2283150625073693,2.0056470178151584,3.655287005465749
2013-09-12,0.6147969191336761,Neutral,2.54238081572868,2.9400360726134362,1.5462872458024182,3.63450767963681
2013-09-13,0.3188737135245865,Low,1.381347073360103,1.4691182339224176,1.7884874130431512,2.8483326426252416
2013-09-16,0.7232059869161338,High,3.0810039246551026,3.3781222668652515,1.6846691817899093,2.1732723217009746
2013-09-17,0.4108791596482374,Neutral,1.8190920583833767,1.858153738215785,1.9897668121463736,2.317494158520102
2013-09-18,1.0169682498454282,High,4.5481567311158235,4.604640732860526,1.8373324207903052,2.4595303694929185
2013-09-19,0.5488332590140959,Neutral,2.5338176016497447,2.413771096149865,2.087148453374078,2.6104074310800804
2013-09-20,0.9162537239165196,High,4.308860690746746,3.958918689211761,1.95406660215797,2.8988842601946727
2013-09-23,0.49562197402787755,Neutral,2.6170738140940992,1.8842010975547112,2.043061292562835,2.845399299965191
2013-09-24,0.5225239317965545,Neutral,2.5740580430738826,2.1527653760037593,2.327502703514947,2.5359500457386432
2013-09-25,0.3841667953568635,Neutral,1.804125890772446,1.6621351215560705,2.7328536507516876,2.3041270687374356
2013-09-26,0.43081124923365965,Neutral,1.9334976689282393,1.9445280828048017,2.687341704893034,2.2886866064245885
2013-09-27,0.5623734121917014,Neutral,2.6720066340045387,2.4053212741622727,2.2254770736693867,2.591781337204778
2013-09-30,0.5841839970686544,Neutral,2.6068106951084054,2.6503027916837665,2.7379246044062002,3.1298453387950436
2013-10-01,0.7092147945321128,High,3.1955755477455043,3.1898278875668917,3.6715085092674493,3.41810453253952
2013-10-02,0.5499601348055713,Neutral,2.2533090716715107,2.675449886997961,3.423410838589097,3.583653461837829
2013-10-03,0.596942862402894,Neutral,2.908105108411388,2.4886191152488246,3.4207011470167044,3.7246829462863498
2013-10-04,0.38879371535648033,Neutral,1.8541156048181255,1.656760526399528,3.5366691237650376,3.4171729614862545
2013-10-07,0.7320156433992021,High,3.676292845698095,2.9527476259281564,3.2935900533645652,3.3622031985240666
2013-10-08,0.7088451862332431,High,3.703391224890611,2.7303763797911964,3.092531522078638,3.121493131124411
2013-10-09,0.5526035892962365,Neutral,2.5120467835606974,2.465555517361371,3.6759101016465228,2.9726603205294886
2013-10-10,0.9104895637424191,High,4.474371355376259,3.760938342504466,2.9189658142489243,2.4175424958305247
2013-10-11,0.4849612769850835,Neutral,2.129298599116185,2.231376868612672,2.940671028974477,2.413074286440967
2013-10-14,0.4505784927487081,Neutral,2.127997575137295,1.9386994269943132,2.893126719803412,2.7642447016829204
2013-10-15,0.757422417194507,High,3.499139800767447,3.3290612859805195,3.086939227233438,3.107897610539879
2013-10-16,0.973399464180786,High,4.43449322624964,4.389975497619608,2.7480276946681266,2.8386093227198304
2013-10-17,0.844702233145164,High,3.70716145179501,3.9379026639346826,2.88876345749032,3.035990940652151
2013-10-18,0.8163651187304088,High,3.7666054823033837,3.6385228716457974,2.845841491063951,3.3024992431288926
2013-10-21,0.14891054764334116,Low,0.625136084224858,0.7200405537280309,2.8383223298138724,3.197141908779388
2013-10-22,0.6181814990596151,Neutral,2.8184841528132814,2.785916112765672,2.835838710013954,3.4487272959675686
2013-10-23,0.9445204386968304,High,5.021238077872861,3.632341206161296,2.988933011391607,3.4062273280092583
2013-10-24,0.48472056057920776,Neutral,2.2148104548863823,2.1916784134203184,2.5155624612640475,2.989447855538456
2013-10-25,0.3237273527361443,Low,1.3030726619976496,1.6162707956449427,2.5948152448760173,2.7583410023961723
2013-10-28,0.32463848000833406,Low,1.4044578125711051,1.5318911169036709,2.589399029509526,2.6833075994630846
2013-10-29,0.5440008473055353,Neutral,2.524499700275717,2.411360800658882,2.499516612567249,2.639172402124097
2013-10-30,0.492539323670723,Neutral,2.0951907204109292,2.3566123165098953,2.2277468824805178,2.2574587848494634
2013-10-31,0.46896190951195427,Neutral,2.2445242549030855,2.01662728116414,2.395400101635545,2.2618313620070363
2013-11-01,0.49060394271006,Neutral,2.6831812173701297,1.804754985644268,2.2925645093565916,1.87420850701821
2013-11-04,0.30799920086085164,Low,1.3153232470472482,1.4689812526237709,2.759911690493243,1.896105160967673
2013-11-05,0.4589645524453144,Neutral,1.9644220686430984,2.1850004592798395,2.614705616217642,1.9459966438522092
2013-11-06,0.5763973963122748,Neutral,2.3903116743900017,2.778289004597964,2.666669733702463,1.7535284832762237
2013-11-07,0.6406212941696202,Neutral,3.4966952527532684,2.296035746856645,1.9149358203866398,1.5863729547762082
2013-11-08,0.8152326716515751,High,4.3334724098899535,2.9779386488902007,1.9497874482202295,1.9468568189914575
2013-11-11,0.500495581717839,Neutral,2.415775254771188,2.0534853881786024,1.948096457810208,2.1372909911968767
2013-11-12,0.44263307664296225,Neutral,2.014444156882052,1.9284306971822913,2.391862000220871,2.354585242900372
2013-11-13,0.47311797314733556,Neutral,2.106017151345586,2.104664339042501,1.6577029352714239,2.2667722951654707
2013-11-14,0.49371132811841567,Neutral,2.171541198042924,2.198071586254514,1.8622639438849147,2.403582095105466
2013-11-15,0.4767836805349326,Neutral,2.227112810677081,2.0042084849701474,1.85127480483147,2.251435576609796
2013-11-18,0.6185031825904247,Neutral,2.8116624628581257,2.670514345450489,2.2954538070887485,2.341815463491872
2013-11-19,0.4766609293464435,Neutral,2.305482164753529,1.9317483505993076,2.7055844531927935,2.447361861767439
2013-11-20,0.7076193563393127,High,3.0712539306582305,3.187913503370942,3.066055336821753,2.8436695864779944
2013-11-21,0.3845002649139878,Neutral,1.7934751874645765,1.6186287841636517,2.818152259886423,2.7894791373051655
2013-11-22,0.5475319650727588,Neutral,2.516637559040406,2.338924613149851,2.583488017452414,2.763358265905297
2013-11-25,0.31714574074749047,Low,1.37689069819406,1.4284212892655836,2.4963139045735363,2.6073104993033325
2013-11-26,0.4541174896356711,Neutral,2.1529437971298933,1.8800324145679117,2.5112855948945207,3.0468709982443687
2013-11-27,0.3772455928390638,Neutral,1.6867629320113258,1.6545016382590247,2.2138115545596317,2.9477886499685266
2013-11-29,0.6714199801287688,High,3.196900452995118,2.7671374370514843,2.5739779730387062,2.790357394477404
2013-12-02,0.5677895363919692,Neutral,2.399821389634519,2.616775856700862,2.760279362037785,2.9523417327713513
2013-12-03,0.4104933490465369,Neutral,1.9352275915543085,1.7093605427480425,2.7001109102497654,2.6057939671155737
2013-12-04,0.6574812077893537,High,3.309466495550876,2.5466203924322213,2.223867227859726,2.449991458453815
2013-12-05,0.37031105824021326,Neutral,1.5749487601892278,1.6977326594208841,2.8519237373906563,2.721389012989608
2013-12-06,0.7081368923061283,High,3.2184606459974674,3.058135942830091,2.2708050526993646,2.259056042800894
2013-12-09,0.6387304682415926,Neutral,3.082493032155112,2.5948291101939547,2.448989240355371,2.389336113405455
2013-12-10,0.40725931113578906,Neutral,1.8580821273367358,1.7523048228811553,2.434622898974244,2.46759718188942
2013-12-11,0.5992980853228447,Neutral,2.6983997577951713,2.6112490950567393,2.269061604451307,2.105245068930604
2013-12-12,0.5760038778924699,Neutral,2.4162493526088342,2.6713026013420174,2.1621406279900217,2.481162308947431
2013-12-13,0.5038323831161465,Neutral,2.4544892551592286,2.025838301247799,2.6319384351460458,2.3633977883691593
2013-12-16,0.5002821280728866,Neutral,2.4890578589691352,1.9642970416052987,2.592002557635266,1.9530880570027234
2013-12-17,0.5432406449374755,Neutral,2.600934935388936,2.225793384225099,2.590217779384862,1.7168395767122764
2013-12-18,0.7853270761882161,High,3.624568078804881,3.341107293298442,2.055769491024106,1.9616695985922292
2013-12-19,0.8091625661527717,High,3.9684592755635295,3.2293661511153773,2.254410767876413,2.521413268369579
2013-12-20,0.7522997388636852,High,3.400006720003162,3.266329092200522,2.6450236318502127,2.179853118011657
2013-12-23,0.4103049638330133,Neutral,1.8438396761036802,1.7910526866440162,2.404592266256712,2.21647108946159
2013-12-24,0.41366099464419304,Neutral,2.266676521767701,1.4340961369632224,2.070537604772958,2.46568572190608
2013-12-26,0.4019931539460901,Neutral,1.8683028393820886,1.6984353425550163,1.9111144038861658,2.443529835039828
2013-12-27,0.2613112380097674,Low,1.2340707281196441,1.0861859911239404,1.7703704322807727,2.797584330135958
2013-12-30,0.6699312360871561,High,3.2415086866581913,2.7138882331778618,1.671098201499433,3.1053964427847345
2013-12-31,0.3897532618888099,Neutral,1.9793021693287247,1.4773946935219333,1.7996433869001198,3.0397945359219096
2014-01-02,0.5507783360428142,Neutral,2.7974436153816487,2.0874065639005672,1.9757506559292353,3.264507454339836
2014-01-03,0.6141013951153633,Neutral,2.8584043314563528,2.567098876995787,2.2069344526523205,3.1524148550555
2014-01-06,0.31735780836524363,Low,1.7098917087017513,1.1126335019757227,2.2673420815596295,3.1101080828398833
2014-01-07,0.5004024977641482,Neutral,2.479032887511394,1.9540049799940282,1.9550181888976637,2.716331460105936
2014-01-08,0.6924594740089536,High,3.4449902222253983,2.690634964427929,1.9601412399483225,2.160378509253268
2014-01-09,0.35246354535103436,Neutral,1.6601068149174845,1.4554311568574716,1.9733069541284203,2.1706771758177523
2014-01-10,0.6218079898297666,Neutral,3.004555527222344,2.4979016152851514,2.486351203136382,2.3847198819165336
2014-01-13,0.7061456640847311,High,4.030414819465795,2.268075651334522,2.577338453854372,1.4621603323077894
2014-01-14,0.7156225509065013,High,3.636614691550688,2.7103919609206235,2.407261108519372,1.8760838568458733
2014-01-15,0.5290110547193042,Neutral,2.569860841313475,2.1125258727440053,2.328080732983861,2.1442624855690546
2014-01-16,0.39755027804873794,Neutral,1.847709939560321,1.6643735527656367,2.234095208333785,2.032396092465987
2014-01-17,0.5923576284206387,Neutral,2.581833599112478,2.637466151012367,2.380971933918504,2.671945522656261
2014-01-21,0.5997214209248714,Neutral,2.7945431220296517,2.5041619576568266,2.4728232644161534,2.3589556225491224
2014-01-22,0.45075770154208983,Neutral,2.150195662274504,1.8363765954705848,1.9831580153686612,2.192750208959056
2014-01-23,0.7381026933621517,High,3.720626718900286,2.823330641036621,2.149299500163951,2.212049211912157
2014-01-24,1.4681317959302294,High,7.98906309134856,5.294922846231322,2.82397889397409,2.3110291384072337
2014-01-27,0.8528985582970623,High,4.064012459322594,3.551052276327703,2.578139343774664,2.1493034074468853
2014-01-28,0.5702771088271907,Neutral,2.5469415661320025,2.531711795852798,2.571580957431899,1.9448238493178611
2014-01-29,0.6400604522327406,Neutral,3.0522341952831056,2.6626978576596665,2.856418148075409,1.83540629416702
2014-01-30,0.8917427803452811,High,4.39151994388145,3.5812616299883975,3.051679523771159,2.117398830776143
2014-01-31,0.4329927846360194,Neutral,1.9072707436186698,1.9232886440943726,3.3316327717775747,2.195484884369356
2014-02-03,0.7976163974987489,High,4.047463934540667,3.0556266685288773,3.616257557330675,2.3013996496085793
2014-02-04,0.7053677445780051,High,3.230238808137476,3.020739965377211,3.5997372219755754,2.4153582972580723
2014-02-05,0.5547498910128018,Neutral,2.5885533779950882,2.3318614195952407,3.4141737861141466,2.2256271903994382
2014-02-06,0.5384583430470098,Neutral,2.471739335410148,2.300599982182056,2.7561543845777168,2.018739482398159
2014-02-07,0.5975757609562641,Neutral,2.8828996016229285,2.425648362123162,2.7498041232004593,2.049691224841451
2014-02-10,0.3190897730251942,Low,1.4016385693652136,1.4209121283137627,2.56587239862062,2.100661390794109
2014-02-11,0.540758158752833,Neutral,2.910977558162708,1.9193202277477133,2.3113570353577138,1.748108317075927
2014-02-12,0.4274728175090766,Neutral,2.14154771094253,1.662844539975049,2.084668736555237,2.180744079703424
2014-02-13,0.4082995167137071,Neutral,1.8967523920113216,1.7239650375795608,2.351339995521747,2.360152217338041
2014-02-14,0.5227778406891073,Neutral,2.296388676540569,2.327914054990153,2.272541787884014,2.4532611289113233
2014-02-18,0.45620268772133343,Neutral,1.9012348267416264,2.1251653202431515,2.701368882967888,2.980636297368406
2014-02-19,0.5625939646805531,Neutral,2.4730756968567715,2.503582722951855,2.5639472305253217,3.1344190048994074
2014-02-20,0.3349234530473313,Low,1.6179806464753343,1.3152004894815237,2.33357727692769,2.951738584354778
2014-02-21,0.27571994533388544,Low,1.4759226855049266,0.947622605572026,2.1158692970926225,2.960934343607061
2014-02-24,0.35225001090487146,Neutral,1.736343799291292,1.3507113151090226,2.3179511285786587,2.944269339679306
2014-02-25,0.43894975644299217,Neutral,2.2793868976231177,1.541081655050189,2.2553165015931276,2.6770696788905584
2014-02-26,0.5164076363451375,Neutral,2.454758361702285,2.027580090016655,1.936419697047875,2.830722639100746
2014-02-27,0.37880111922999404,Neutral,1.8695336982242103,1.422135863659852,1.997716549462625,2.7740487968533962
2014-02-28,0.4047210823883577,Neutral,1.6758567673839337,1.8236165681446599,1.9333412987692389,2.779460177349137
2014-03-03,0.7860107265320808,High,3.3785345384026626,3.4245224155300287,2.081970148683024,3.050624886314747
2014-03-04,0.6626637154681723,High,3.179060884861832,2.5743335211802703,2.574441167314313,3.122517674358232
2014-03-05,0.39680855829994266,Neutral,1.8296101178144253,1.6115570594378836,2.350840080753454,3.081212892240932
2014-03-06,0.6075761208314072,Neutral,2.8968102983148274,2.3773270177532138,2.555412165865471,3.033935649530066
2014-03-07,0.5196700790140755,Neutral,2.4917894974109083,2.0200331467220876,2.225193828644675,2.9629290823473626
2014-03-10,0.19567764700575424,Low,0.8683743830751179,0.8267281823232017,2.0380506570553254,2.7672747473430186
2014-03-11,0.23810322742724838,Low,1.0136310940586026,1.0466609011646915,1.8980595126529736,2.813238163451947
2014-03-12,0.490615264832435,Neutral,2.3710393715236044,1.8895331568801679,1.9286286182380845,3.2291631381408332
2014-03-13,0.6012686485571613,Neutral,2.7274603405838707,2.4843744391677456,2.256541040736672,3.2974512591769836
2014-03-14,0.6355705184591384,Neutral,2.6647623108856875,2.832570049662422,2.4994319263835867,3.4783873864653985
2014-03-17,0.5890119530976454,Neutral,2.4755297052619794,2.619420723249545,1.996733742677693,3.092289161821958
2014-03-18,0.5289431585838784,Neutral,2.466518401544146,2.1220338462282884,1.6611144509261815,3.4051011084561456
2014-03-19,0.7891526776831536,High,4.132885125789319,2.7375248206693525,1.8152830315911257,3.678507580882371
2014-03-20,0.8039164147019331,High,3.8323876650242092,3.1460760016471614,1.756487604205408,3.6411207693639724
2014-03-21,0.7249069338702578,High,3.405048563785261,2.884818992023258,2.4413818970169685,3.861242702374627
2014-03-24,0.8246574236556433,High,3.907568839754666,3.2496544992259975,2.878261833935904,3.823296590086481
2014-03-25,0.44329085169479854,Neutral,1.851275112337132,1.9825483154205084,3.002232372258471,3.938349656021523
2014-03-26,0.5818853778489224,Neutral,2.6247160461083356,2.418300057245921,3.369239468088089,4.012072154253467
2014-03-27,0.45676036319374536,Neutral,2.2368569477313107,1.7313101817244076,3.7330941845754944,3.970837049597145
2014-03-28,0.3675997948994124,Neutral,1.629376149974887,1.554935759133537,3.6449617836999186,4.091502257574282
2014-03-31,0.5468566318870138,Neutral,2.585582621064655,2.160294067963082,3.662638313744325,4.128545543460429
2014-04-01,0.6937880777389924,High,3.0617615354294916,2.9474091728190817,3.2503696687003782,3.824183922662327
2014-04-02,0.47189719848896683,Neutral,2.7137402009331972,1.4077622764186837,3.1618306682146033,3.6137996224770217
2014-04-03,0.5982947111201863,Neutral,2.341982997463957,2.8239092725817065,3.4939368410232476,3.9685210301253995
2014-04-04,0.9867557438943874,High,4.546546378372488,4.0105337958064355,3.863181405181544,4.000388120983266
2014-04-07,0.4651781903958769,Neutral,2.0716986956469077,1.9584121183602554,3.9038791643713244,4.240636238176101
2014-04-08,0.49327516233755847,Neutral,2.3760653879483478,1.9071816985164827,3.7485496026751917,4.317456246340358
2014-04-09,0.7571452397610794,High,3.554700304992246,3.014795945033256,3.3972914056608854,3.8170517054247
2014-04-10,0.8096255603415645,High,3.576516463276403,3.4361606467267194,3.7917807335144915,3.974550742677051
2014-04-11,0.5710216665177137,Neutral,2.6314391309019087,2.2969838667657254,4.110154196435817,4.348761762457349
2014-04-14,0.40981247844807545,Neutral,1.818822274991446,1.694646309701805,3.9256177662932394,4.660813417165891
2014-04-15,0.7201247703893375,High,3.4036424347732335,2.7773158775337516,4.401579795316769,4.694303930174969
2014-04-16,0.7508531350030314,High,3.5525346555947337,2.8922951792234657,4.0944276666183175,4.221428404545428
2014-04-17,0.8598814298127833,High,4.124494736310343,3.2580737301036615,3.8799801280440525,4.411052073961922
2014-04-21,0.3088368908500757,Low,1.4680257346190102,1.1830593538768135,3.405491120538766,4.534114232674583
2014-04-22,0.4378135391296386,Neutral,1.8927132837371707,1.8591021134632812,2.447822560867525,4.197553114400669
2014-04-23,0.48032119560583725,Neutral,1.9367252346302866,2.174596198227616,2.4648538225229055,3.8881073534139587
2014-04-24,0.47568006372129834,Neutral,1.986985608836159,2.086959514512908,2.1240663136340925,3.901448020931802
2014-04-25,0.9039613421153996,High,4.414110395777126,3.3903450825326096,2.2441860972977206,3.907857857396167
2014-04-28,0.557896749569264,Neutral,2.579124646562879,2.2312576800836843,2.2185121223343938,4.283786575887523
2014-04-29,0.3008234225691554,Low,1.419941096846869,1.1751310780796411,2.513170831848063,4.286614250886742
2014-04-30,0.4190130590816731,Neutral,2.298486280767254,1.3300416731428262,2.8504662844432898,4.111625642988105
2014-05-01,0.532899854634584,Neutral,2.534405328514108,2.063512439560451,2.7113175168004577,3.7577068750815172
2014-05-02,0.47311468825801856,Neutral,2.413480886670796,1.6756797254764646,2.4834994201486094,3.654366325465686
2014-05-05,0.4807563574614253,Neutral,2.3264979594395943,1.801765940931471,2.063288816715666,3.2051118160143637
2014-05-06,0.5178454921597566,Neutral,2.2051299723505973,2.2313706377294626,2.2244721348042766,3.5163500122232714
2014-05-07,0.7887036182666037,High,3.696406621267999,3.0721074297672852,2.4520530945709034,4.034461324978654
2014-05-08,0.526161468688605,Neutral,2.0231942862743466,2.4771473368035353,2.7912204079192042,4.189643464758574
2014-05-09,0.45992474349404144,Neutral,2.071007614532812,1.87310567289771,2.603294068589867,3.948384179508128
2014-05-12,0.5537492676460303,Neutral,2.4680866922392144,2.279759203584624,2.4676077708411266,3.812848867866135
2014-05-13,0.5366449278171581,Neutral,2.3893605997649736,2.211747833247728,2.4397934482209624,3.648849200681675
2014-05-14,0.5315678505655711,Neutral,2.7356899522599005,1.8344560415973203,2.4820863529562955,4.0684135633209575
2014-05-15,0.5387855695631367,Neutral,2.850850758349526,1.784007013901532,1.947329316868564,3.8143232430239746
2014-05-16,0.39275420241562686,Neutral,1.9074183637959592,1.465400481752017,2.175108397954262,4.054562642130872
2014-05-19,0.49946432299108645,Neutral,2.3412893443592635,1.9450401184707844,1.980033338337922,3.890646758183573
2014-05-20,0.46325698818039024,Neutral,2.20250296009781,1.774154403460353,2.615571569913493,4.214954704600269
2014-05-21,0.46195914551193484,Neutral,2.1319419201701004,1.8313811544911134,2.8752126687408985,4.299447085969585
2014-05-22,0.3075740107479755,Low,1.4683829771865518,1.1720780874696408,2.431549908062683,4.163287056985398
2014-05-23,0.41347539627769736,Neutral,1.9973189043887003,1.553079823306967,2.5889368488474793,4.215143740702726
2014-05-27,0.8432477222404895,High,4.352427853392574,2.9078429406513724,2.5623623711501247,3.7906919675132063
2014-05-28,0.5752421281119171,Neutral,2.9763542478622407,1.9766809179234195,2.6817026478758006,4.143122438907765
2014-05-29,0.3673020126605235,Neutral,1.8576102110363357,1.3034299355430377,2.4981696956160224,4.148550647101346
2014-05-30,0.23651391940045638,Low,0.8526985713821426,1.1702741157342076,2.472119124292664,4.249974889347559
2014-06-02,0.5779568715185008,Neutral,3.093526696170559,1.8866339541974637,2.4173167648144545,4.252969844229066
2014-06-03,0.6890392186033771,High,3.404152350919078,2.5228600658754643,2.555565490037423,4.236275367619995
2014-06-04,0.24518585650764335,Low,1.245543076931619,0.8647535310746591,2.4114753739783397,4.054964387801052
2014-06-05,0.46001400589346153,Neutral,2.1588004368757403,1.7940300426466977,2.270882726493385,3.7022649097973956
2014-06-06,0.43528686771686964,Neutral,2.0878011144046216,1.6541909824177767,2.421384342022073,3.795754444842093
2014-06-09,0.45541367128181387,Neutral,1.937594569001564,1.9684460574761338,2.182284014714132,3.628724417830977
2014-06-10,0.3122255420558131,Low,1.5195145001785546,1.1653659334985806,1.7988634828745467,4.094752482584094
2014-06-11,0.4887868728974365,Neutral,2.4341105284904994,1.7710627430948773,2.1682508371958145,3.60107778523364
2014-06-12,0.623605016374606,Neutral,3.3839596519901343,1.9701792783623358,2.280176760121967,3.396859758571349
2014-06-13,0.37513609693547323,Neutral,2.010914648540248,1.2091774402090598,2.247081081448576,3.2735572970442037
2014-06-16,0.3713114122177243,Neutral,1.8119531682307082,1.369927846789055,2.228351591458269,2.8740327615724657
2014-06-17,0.525252832826201,Neutral,2.6286223260486117,1.8744033121063022,2.015890723767046,3.031774895821396
2014-06-18,0.8353401381826567,High,4.270685084200043,2.8934592280905505,2.093249741023854,2.694054071105716
2014-06-19,1.217731851040575,High,6.327481064269511,4.119246756480298,2.0199861590350836,2.4325602922756113
2014-06-20,0.5027638133305643,Neutral,2.3823756954928768,1.9120165854167248,1.9750220073371652,2.2260712213378775
2014-06-23,0.2964901506270433,Low,1.4707361565121209,1.0634131840881744,1.755980666284158,2.1229617480948932
2014-06-24,0.6329669573451933,Neutral,3.1270112152522143,2.282737004211147,1.7343492472429987,1.8577858243466285
2014-06-25,0.325370139395856,Low,1.5423011040774968,1.2368836958891523,1.6858537340748743,1.9913287497525864
2014-06-26,0.2517831949759535,Low,1.263418820425711,0.8889770536754655,1.6468450545932263,1.9205167372720682
2014-06-27,0.29054516307803807,Low,1.3432317499682074,1.1376351367110007,1.7970812750567589,2.056417045435628
2014-06-30,0.5120035993745745,Neutral,2.6055344193191923,1.7722998905063843,2.2093425187281457,2.047436852695026
2014-07-01,0.44774554565671426,Neutral,2.07985702829239,1.7435393427757144,2.3342322504301367,2.359278865301684
2014-07-02,0.5478860405936741,Neutral,2.854022613920251,1.8322809741249013,2.179252783325916,2.476629787141267
2014-07-03,0.2945352690114923,Low,1.56798144643646,0.9521538493919821,1.9934387381234604,2.2925809649008966
2014-07-07,0.653113155616049,High,3.0187729747569865,2.557922692450953,1.4561103465311105,1.8923580710296786
2014-07-08,0.6269128006020208,Neutral,2.795574677127015,2.5548331384728593,1.5428185310465987,2.3033965067536513
2014-07-09,0.41808015217632233,Neutral,2.337212373911388,1.242821577906391,1.52566026409202,2.5447278891626577
2014-07-10,0.45750171857034677,Neutral,2.284455371052241,1.626264459177804,1.4612523779763003,2.3431331187111484
2014-07-11,0.5051872498291554,Neutral,2.3897070844304675,1.9078566576412006,1.404796354363942,2.4130516231718184
2014-07-14,0.7121653022653787,High,3.799853904829789,2.266164547720096,1.1552026292441109,2.531521522920802
2014-07-15,0.4731589646570283,Neutral,2.331806676792333,1.6949725845019168,1.5379845108494978,2.4222761168634035
2014-07-16,0.652701524387155,High,3.230637512797873,2.324374435982576,1.995443246613497,2.4860210576054755
2014-07-17,1.8240040232178483,High,9.287517740933085,6.337364765254669,2.9151981925576584,2.2255032588883457
2014-07-18,0.8490208850856439,High,3.8655157706091408,3.3979194476011974,2.3663603879132995,2.2650730495061335
2014-07-21,0.339109846155744,Low,1.5264768023460062,1.3630895838459898,2.433317699046189,2.0332243981910203
2014-07-22,0.27396703864935257,Low,1.2500292740858292,1.0797511322026438,2.387859827300819,2.381510944904941
2014-07-23,1.2685534496364714,High,6.416841507804758,4.449029982244248,2.134502925864821,2.2590894903371135
2014-07-24,0.58404441561361,Neutral,3.242069421270266,1.7665687558867509,2.19350573670261,2.07481407944879
2014-07-25,0.7901831250584995,High,3.7671966135890815,2.9963955445279646,2.440955750667732,1.9137317092434665
2014-07-28,0.2653809876819545,Low,1.3636278206992065,0.9099495456013954,2.5583844228583086,1.739866958176108
2014-07-29,0.42387846387509137,Neutral,2.0651142957525215,1.5640026242966727,2.7810110647513895,1.8029050140371987
2014-07-30,0.7545583558457536,High,3.956788531594809,2.509330318354278,2.6934595932759056,1.752496395112996
2014-07-31,1.341635808103677,High,6.980928852312407,4.605218844161831,3.7792416536474938,2.0895793735424357
2014-08-01,0.484026727349943,Neutral,2.44706028004029,1.7319263741193918,3.680721141457419,2.148978757335417
2014-08-04,0.5442532990664135,Neutral,2.3627810879680653,2.3308094092972396,2.6178571565141446,2.28586284291139
2014-08-05,0.48188516491276956,Neutral,2.2144202405888382,1.9430070282857526,3.127489307367646,2.4539099968558182
2014-08-06,0.4567690339609908,Neutral,2.2865279439460076,1.656806906656567,2.8586008142596087,2.169389476521483
2014-08-07,0.5789452407517809,Neutral,3.1027765353732213,1.8752707547314351,2.7116893312127233,2.214113130937229
2014-08-08,0.6036413123351397,Neutral,3.3425518445071836,1.842200846870692,2.5581936065419106,2.1793278880955476
2014-08-11,0.5140147882525327,Neutral,2.1016525041563936,2.2849849417594474,2.132256890326209,1.9321870829275498
2014-08-12,0.40176774434427065,Neutral,1.7116351930286515,1.717369911850518,2.184096769587253,1.8362217438127764
2014-08-13,0.5240517359473956,Neutral,2.4631284062136225,2.014333830779228,2.536962305257705,1.6480579012782006
2014-08-14,0.45451679528203537,Neutral,2.057141329612762,1.8193502464355429,2.65773243783048,1.643834805321534
2014-08-15,0.7207168245704316,High,3.4505104158595743,2.7033901148096726,2.167403460470392,2.1086737006433713
2014-08-18,0.600954743032335,Neutral,2.9298310959127987,2.2034376198616354,2.145327849710061,1.8036490794682007
2014-08-19,0.30145890304697276,Low,1.5436777037354583,1.0341017263978916,1.9410275020743781,1.6922433595000266
2014-08-20,0.4678062752242993,Neutral,2.2532091831116308,1.7416987707782194,1.0336516832350309,1.24296830000433
2014-08-21,0.7236619476172566,High,4.130743619669592,2.065124884270044,1.2463844706234932,1.1822832873456854
2014-08-22,0.42483155749761775,Neutral,1.956546091778863,1.6615560943747094,1.7788345220426083,1.2547201924154077
2014-08-25,0.5191292971209017,Neutral,2.4667737642205916,1.95753839391378,1.6414114824016544,1.3582065319365877
2014-08-26,0.327057159562408,Low,1.309949508250606,1.4673921851182854,1.5334476389233744,1.5147766348748317
2014-08-27,0.3259491966874756,Low,1.4514943117889039,1.3224320790441564,1.6959882006797906,1.8016228407183474
2014-08-28,0.35619417765878447,Neutral,1.622576067696624,1.4102385754856313,2.848103474560108,1.6925129432317199
2014-08-29,0.3427115212943025,Low,1.6501880466138115,1.2714837283986442,2.7136551864513025,1.5865687478116268
2014-09-02,0.9495514204007269,High,4.577444163620633,3.5459950933132216,2.0413241169483567,1.5529964675939392
2014-09-03,0.8225763024549424,High,4.5841050991972585,2.5136882981490123,2.4310509855562126,1.5031990243547444
2014-09-04,0.6604751931534608,High,3.2643583396732585,2.4121986910159032,1.9545848772414522,1.3454802598019824
2014-09-05,0.5369611110005469,Neutral,3.169051811807222,1.4737925373507073,2.2738221147268574,1.2972822096918697
2014-09-08,0.5816510678870267,Neutral,2.8319897491924233,2.1647881540634386,2.1356701840280157,1.403962973609906
2014-09-09,0.6897012124145081,High,3.7691275210272104,2.17809544349495,1.762084910237811,1.6091987392115965
2014-09-10,0.4550386926376939,Neutral,1.8909166403489448,2.0006269303077224,1.8686869817319667,1.788178444083902
2014-09-11,0.5482650840832533,Neutral,2.6849408537379684,2.025866854584509,1.802591436136244,1.9651623666947398
2014-09-12,0.7272788393267366,High,3.6517687704383346,2.6020367737102803,2.204915173015479,2.1739168876109307
2014-09-15,0.8323685514322782,High,3.9206732838092915,3.2228008486060298,2.4348413969556173,2.330613207138912
2014-09-16,0.5691817902012521,Neutral,2.462380069935029,2.4105797560509,2.2360527379038047,2.2682734653289676
2014-09-17,0.3707968934692232,Neutral,1.8533334235180927,1.3346568889044852,2.2883637136705786,2.2196525624799697
2014-09-18,0.9546374700737739,High,5.1709819727681445,3.0582732054026813,2.3360707281776123,2.312195341553914
2014-09-19,0.6916595306048914,High,3.225313752553385,2.708819421418635,2.066738784100621,2.480604453662859
2014-09-22,0.5312864098605891,Neutral,2.145483266695092,2.394772785946294,2.6531539249174934,2.5859743758699505
2014-09-23,0.47293930595992695,Neutral,2.157311282266564,1.897700055980173,2.8243175497454955,2.7060788926042463
2014-09-24,0.5125985420653336,Neutral,2.099994060936555,2.272126690911314,2.665228951698495,2.811787006650744
2014-09-25,0.8569224304570358,High,4.02084281768059,3.3134927484684167,3.2072691771545774,2.9544693975272396
2014-09-26,0.6173096482198394,Neutral,3.2475947838125014,2.052042834217361,2.904988271396352,2.664995777020086
2014-09-29,0.5543093868180542,Neutral,2.7358079138510374,2.011854396934186,3.4435049741434307,2.9155587813975776
2014-09-30,0.5354231845102627,Neutral,2.084703793965929,2.4668165162406694,3.561935182046988,2.7800369847416766
2014-10-01,0.9643394060697512,High,5.2160722181702734,3.095533575791882,3.19733694180823,2.8569884947292743
2014-10-02,0.6284922490133055,Neutral,2.983365203873986,2.406034991823095,2.7209560430362507,2.8201805511197175
2014-10-03,0.936721594744552,High,4.41799832559124,3.6146145439959603,2.4777195458960954,2.779198950579542
2014-10-06,0.8483705396344836,High,4.241635552640279,3.0493670366151795,2.897767527841457,2.8664311444667256
2014-10-07,0.8606576211487063,High,4.525452643986336,2.9090898905712557,2.603707299874584,2.9416710703604836
2014-10-08,0.8439059526721562,High,4.36858898500374,2.912158279823815,2.313873227567255,2.4966757233409775
2014-10-09,1.0159139115338869,High,3.973210882009513,4.702390494219411,3.5547321131474563,3.4122563053285724
2014-10-10,1.9108662971162023,High,8.48155280327042,7.95763905999543,4.583740476539549,3.3950130417094533
2014-10-13,0.7670360952398453,High,3.2627724818091988,3.3251125303191222,4.686979234072118,4.272238469796367
2014-10-14,0.9702300839597822,High,4.2516169031082045,4.091049807235056,4.498924384414715,3.5466646991481974
2014-10-15,1.1702757004481565,High,5.042914469825391,5.086111576083926,4.907686173321612,3.9380785681666395
2014-10-16,1.216383507095549,High,5.7280840292403745,4.883390181188715,4.831477881134458,3.770610074283221
2014-10-17,0.7786235971671928,High,2.978952875712889,3.7516976582577106,4.123496588834449,3.378093746608599
2014-10-20,0.98338352169583,High,4.213835008211386,4.3587332931921345,2.81376984701635,2.705450206450001
2014-10-21,0.8375252874950878,High,3.6891397194423177,3.6202905022305303,2.0609730888218465,2.290640019115475
2014-10-22,0.5709191763785983,Neutral,2.2217591546655244,2.736440035901066,2.8023392482533818,2.2238969786422778
2014-10-23,0.5313748496906121,Neutral,2.313770561103219,2.309591568689031,1.9912990055272963,1.9641933012403043
2014-10-24,0.5017250586003285,Neutral,2.2436296012026076,2.1263726238584857,2.010845632445467,1.6757177386957323
2014-10-27,0.30439007170979504,Low,1.0507901490349147,1.5761360434634861,1.9083428817862218,1.856091663451117
2014-10-28,0.5460296118485654,Neutral,2.2569190638489287,2.484505077500527,1.956032046459368,1.8873166574974647
2014-10-29,0.6900498021712971,High,3.292240493941498,2.734222837285487,1.6360278706196072,1.7018519427707224
2014-10-30,0.9746868519183711,High,3.8785989832588794,4.583571408767148,1.8077314512732423,2.053356380964168
2014-10-31,1.0626307001868036,High,4.830020285000561,4.475721476602374,1.6921138834265814,2.0986536151642596
2014-11-03,1.4057359642226146,High,6.790673955105935,5.578893224137146,2.035953058376675,2.6202245127969617
2014-11-04,0.41647538770432724,Neutral,1.5151779073062248,2.1037079024621956,2.3437417098543674,2.7606748233809273
2014-11-05,0.8366622384686596,High,3.9225957715799096,3.4224577209284415,2.369689160591939,2.6732876210937757
2014-11-06,0.611807834893903,Neutral,2.521472254949546,2.8199635641371734,2.955648074376371,2.684615772749212
2014-11-07,0.9020664621330039,High,4.643523014562721,3.339090886069293,3.9023602561084285,2.7143275749697278
2014-11-10,0.6276169018732713,Neutral,3.0041279554669638,2.529095273230941,4.610299164772327,2.5865117802053845
2014-11-11,0.4667384891676346,Neutral,2.335550730519084,1.7886059977063176,3.744788566359374,2.6191535026158754
2014-11-12,0.410192821849722,Neutral,1.4944194813952643,2.0744080982441697,4.283194999193286,2.7819562455056404
2014-11-13,0.4907352485788964,Neutral,2.06471623725756,2.2307334211076224,4.615679590368554,2.899542476242349
2014-11-14,0.7107076280978091,High,3.3757813234385257,2.881137240217613,4.085424297624775,2.873162844546186
2014-11-17,0.48489749523602255,Neutral,1.822508292123031,2.4015034737968364,3.741001002695994,3.008793833236793
2014-11-18,0.49933748799706895,Neutral,2.1053466505787792,2.265813866646327,3.72092139706887,2.8428322293965476
2014-11-19,0.4607718522453933,Neutral,2.0479048923649446,1.9954827230965724,3.745833326691848,2.934540676285272
2014-11-20,0.5292694944482982,Neutral,2.153883865241316,2.4720411303036296,4.03464474941723,3.0498317391325225
2014-11-21,0.43582888635285144,Neutral,1.755114155503402,2.0523908359466345,3.722041649184108,2.919473023170916
2014-11-24,0.4559235931644169,Neutral,1.8779597574016178,2.1090151554524543,3.422469472007365,2.888956995556008
2014-11-25,0.43850069650810247,Neutral,1.8911580431026338,1.9513966109151497,3.9187345599176564,3.127736026527695
2014-11-26,0.5595010049244928,Neutral,2.140985370737507,2.7364666257859214,3.896854249910941,2.8345042187880196
2014-11-28,0.9901108913487591,High,4.686906726156324,4.075888846525992,4.044375236900233,3.0795749511616743
2014-12-01,1.2434040871113776,High,5.764767523037381,5.335148987708657,4.47605281383718,3.503965100584696
2014-12-02,0.583871003036672,Neutral,2.698438265985486,2.512789522469842,2.9680943198371414,3.076963053872622
2014-12-03,0.6376340840845379,Neutral,2.518926778540707,3.121532145096271,2.990347652040574,2.953880835633392
2014-12-04,0.3604085771130039,Neutral,1.5952936295821265,1.6131387582428058,3.5375482890913963,3.1951251874263726
2014-12-05,0.5153266527769859,Neutral,2.1704341415966497,2.4040321118557495,3.573598402270689,3.28798443564063
2014-12-08,0.9314681459389111,High,3.785559784860521,4.47590901773931,3.6331316556757773,3.772768600682732
2014-12-09,0.8496878720167307,High,3.700393277425893,3.8645277260930806,4.468058158600769,3.8632999912470587
2014-12-10,0.7824875923121088,High,3.3368434438691854,3.6215261977132465,4.499200604359878,4.263170839585202
2014-12-11,0.8657851406379764,High,3.7049451093552253,3.995659209329696,4.911475266260379,4.661789294323442
2014-12-12,0.8981839958074829,High,4.012606505726552,3.9958469389527913,4.720695431007636,4.513097588498198
2014-12-15,0.8301431438352755,High,3.740608560037427,3.6648972606228347,3.86175540299412,3.7608751255639774
2014-12-16,0.8006840437460896,High,3.1332891401280287,3.9541546816919353,4.718587697465373,4.088819119841896
2014-12-17,0.8264766902654901,High,3.3225022924775933,4.003531393694356,4.296385342527263,3.431529263165221
2014-12-18,1.1859143834259451,High,4.927048643352743,5.730778445567123,3.7314906214702757,3.3860525687357756
2014-12-19,0.6877802015694008,High,2.839019616968072,3.3395597279936435,4.226060922312076,3.4757594955176225
2014-12-22,0.770131773639777,High,2.8437968874032373,4.029011034287198,3.692944847900222,3.2598422216807452
2014-12-23,0.8129184712707438,High,3.9035239192151474,3.4737151461038915,2.85514054582664,2.4312527496312066
2014-12-24,0.4120870493846739,Neutral,1.644393616401223,2.0498363466238008,3.3004378300042663,3.277637956633512
2014-12-26,0.5200873752320153,Neutral,2.19015902566673,2.48786727553122,3.725034561137096,3.127643934135606
2014-12-29,0.4249817333252731,Neutral,1.7264670630113703,2.0875223642229845,3.8393547016737277,3.608661932317538
2014-12-30,0.3662609743720754,Neutral,1.451636205741119,1.8304325223665436,4.076065140686606,3.470055883023717
2014-12-31,0.8277986937769055,High,3.2700669575549,4.146374832310016,4.6513203353935815,3.4875161485388335
2015-01-02,0.5688701238853051,Neutral,2.5023614264880822,2.628966758075774,4.2566769550911,3.451082548643715
2015-01-05,0.7240851767621808,High,3.004041521905189,3.5027399641670116,4.3110332894246275,3.805636280295436
2015-01-06,0.7250220775381351,High,3.192356771872869,3.3479176822013774,5.088349371938148,4.45027119354527
2015-01-07,0.562823558284143,Neutral,2.490419551260608,2.588359872265642,3.7703885789857945,4.14420924013613
2015-01-08,0.6349892667268238,Neutral,2.601233418192632,3.1004035978834446,2.9195702975078723,4.234008890064304
2015-01-09,0.5463695214425459,Neutral,2.132442607518037,2.7590896609200892,3.1396942972679023,4.224537516634165
2015-01-12,0.8271964114818023,High,3.504588684833731,3.9386647684323264,2.678952181137421,4.094810342054647
2015-01-13,0.4343487476438793,Neutral,1.8718450751064997,2.0407996914426505,2.541862629547205,3.7670705065968053
2015-01-14,0.62225545528413,Neutral,2.4455088519056583,3.127710424715039,2.7505573017759763,3.5682718668802726
2015-01-15,0.8268669800178219,High,3.4961555396231776,3.9431768646645855,2.654386929236314,3.709160539335433
2015-01-16,0.7301603339209624,High,3.2421270055926197,3.3481891933525714,2.9639766808244947,3.8305902449857365
2015-01-20,0.8901161478233752,High,3.6377902954945753,4.3733598500796615,3.575682164134865,4.229751709628463
2015-01-21,0.6203884199228974,Neutral,2.571047260783406,3.0172211055850524,3.1270490504636625,3.980808653001304
2015-01-22,0.8309632376262722,High,3.6628475648403898,3.851140999869711,3.2225964723872758,4.007650188470753
2015-01-23,0.7834218139972584,High,3.455258523770703,3.6290967594162953,3.8154975158386883,4.080743966255013
2015-01-26,0.6714169404887701,High,2.5562688794651915,3.40463274742619,3.308616148239651,3.888038465613445
2015-01-27,1.1102645677082528,High,4.384402676431126,5.55686002243245,3.4995775610771362,3.9584488964279108
2015-01-28,0.9343168120946197,High,3.8162138021927436,4.640345462700261,3.7069315470563495,4.114338643793575
2015-01-29,0.724049528031752,High,3.0143540227364958,3.5438115260791485,2.948589440789301,3.721257701978314
2015-01-30,0.7240658679936155,High,2.836080713957712,3.707369614135371,3.745131449857388,3.990752528884463
2015-02-02,0.734582669839175,High,3.081462156324382,3.574046834947404,3.041669954749521,3.682621624191478
2015-02-03,0.8455674591502751,High,3.629078690469471,4.038819553456871,2.218727628057474,3.537572791203352
2015-02-04,0.5888417334132247,Neutral,2.1940841467324517,3.117970610067132,1.8312708554162778,3.7904565424933154
2015-02-05,0.5508796677857525,Neutral,2.239125292888117,2.746008835665761,1.9614005547667674,3.3585189501823054
2015-02-06,1.0491071889059929,High,5.356000958037237,4.352063312795253,1.438412444454871,3.3678307819113504
2015-02-09,0.5468407717726156,Neutral,2.464035025165041,2.5613760282682754,1.621722053624358,3.295171485853374
2015-02-10,0.7720458069469447,High,3.5817096381834594,3.5242583991722176,0.9455864395528542,3.08169750263012
2015-02-11,0.380345951185341,Neutral,1.6761907612173517,1.8151478305655278,1.3291965254691789,2.784542334041421
2015-02-12,0.4896472683100106,Neutral,2.0963696204667364,2.3917443893794554,1.8060285707615178,2.467285576633419
2015-02-13,0.5932192144249668,Neutral,2.869263580556417,2.603233410857272,2.5733467830008183,2.437294212123918
2015-02-17,0.8695220924128616,High,3.9964062259565702,4.00275038486114,2.575933031035057,2.2996817427630254
2015-02-18,0.5842054029953662,Neutral,2.401972015945916,2.942308506777215,2.860402013912521,2.4023065628334748
2015-02-19,0.5141528328291117,Neutral,2.375819430156751,2.355475845411353,3.0582053251854333,2.2397779039503405
2015-02-20,0.480183181422836,Neutral,1.8615214701916063,2.5191761332577034,2.8924267626960396,2.2482621278325476
2015-02-23,0.42302349273335094,Neutral,1.7658323464039711,2.1067896616153043,2.6696032630587827,2.148203469234593
2015-02-24,0.7056100146745741,High,3.119740086522576,3.3583945100931243,2.2464019219460725,2.347881746965362
2015-02-25,0.3172603513596082,Low,1.1372829812740486,1.7472215281475858,3.463842104433826,2.4640358244963925
2015-02-26,0.6517019543824023,High,2.792789756594275,3.1809965362061097,3.7788414525116396,2.3072382726500584
2015-02-27,0.4994921636733123,Neutral,1.9671918205379673,2.592938552922418,2.8495461902394448,2.727497912084048
2015-03-02,0.8148659995201591,High,3.4622707965167083,4.003985829346301,4.246308359283082,2.4149919486811173
2015-03-03,0.5881140825757465,Neutral,2.769751368900887,2.647692648283324,3.9314504832934825,2.099660156338523
2015-03-04,0.3412363382374504,Low,1.3496137476689054,1.7652125699234773,3.408704024374813,2.170782485217808
2015-03-05,0.26271897466297556,Low,0.8846798009616671,1.496927773021913,3.4525134303531444,2.197321042515024
2015-03-06,1.114307339725824,High,5.026325052839375,5.30318628731102,3.981857965148314,2.4044470325494904
2015-03-09,0.5419905742125043,Neutral,2.263130109633365,2.738545971550921,3.4836560165432413,2.4763026367138834
2015-03-10,0.6167698173865415,Neutral,2.4456648816250652,3.23001804500258,3.737191824128802,2.6946931696207375
2015-03-11,0.4761201399463243,Neutral,1.7378575701683185,2.624920467954062,3.5969563985307516,3.3751144899345578
2015-03-12,0.6822289707379672,High,2.810452438076467,3.4806490205851683,3.127634771597616,3.2579147903888828
2015-03-13,0.5236278190916717,Neutral,2.1762175047226786,2.654731513025495,3.242886011821285,2.854090271491313
2015-03-16,0.7375179406880824,High,3.1453994112152093,3.668831983831908,2.6944508251771606,3.1555695315474073
2015-03-17,0.5543447975455413,Neutral,2.2868301811250773,2.825397609207218,3.215859718202056,2.73490906778298
2015-03-18,0.8221494556984912,High,3.368850123639763,4.210280621542926,3.2840293969605896,3.2047438054101227
2015-03-19,0.6636593031956486,High,2.93868362064687,3.2065620353116273,3.3741426725621535,3.6288692882365723
2015-03-20,0.5702072499430805,Neutral,2.435461677137653,2.8333658345789026,3.062579714859778,3.141467280951182
2015-03-23,0.418939480411058,Neutral,1.8697392537535724,2.01130857721395,2.7493116071802373,3.2388434124183703
2015-03-24,0.3808577049476332,Neutral,1.4504221574483003,2.0469214180971,2.5533753665393184,3.335722359298981
2015-03-25,1.1711521413065713,High,5.3928906918060715,5.540614076452918,2.05831410281481,2.588824394729628
2015-03-26,0.6942049206191396,High,2.985105271566878,3.467428282593138,2.3798146841859182,2.646133582033386
2015-03-27,0.8471991618493074,High,3.547762743004987,4.314072151784864,1.9426497027117609,3.071359961063204
2015-03-30,0.569346501384882,Neutral,2.3851489830717787,2.8983949871658132,2.0433717046438837,3.371901280598389
2015-03-31,0.4845532320818803,Neutral,1.909001835902079,2.5714580273775858,2.3465399205936306,2.9599091009896705
2015-04-01,0.483792626797356,Neutral,2.060157802884016,2.4339221672537192,2.5078031916914156,3.1704428692284523
2015-04-02,0.37512146092323606,Neutral,1.55946347002285,1.9200583663928856,2.333749642262418,3.4889420934830535
2015-04-06,0.5600025642266839,Neutral,2.529755904148772,2.6916948808831838,2.5664981536082676,3.143155023360775
2015-04-07,0.40173563535388945,Neutral,1.686617708930558,2.041982181440972,2.43570668743593,2.802331417163451
2015-04-08,0.4650194782924217,Neutral,2.1221166173639667,2.214529867841702,2.4020273361128703,3.008899201437931
2015-04-09,0.46168762801390495,Neutral,1.9123282575395324,2.367019982393055,2.22189935588008,3.4390166929455357
2015-04-10,0.32460275407349803,Low,1.5711520968599695,1.4681128941654906,2.078841384583432,3.5302004520681587
2015-04-13,0.5232604916336541,Neutral,2.582400388128319,2.3236012866662428,1.8179403567571182,3.2513178809912975
2015-04-14,0.4785273008460479,Neutral,2.261691925211234,2.2114287390395053,2.3204163845825345,3.484256387458928
2015-04-15,0.4377833850253945,Neutral,2.0611862034436528,2.0300037847934007,2.694365899767405,3.736731144815367
2015-04-16,0.5032796980091646,Neutral,1.9672751752518771,2.6817730425709443,3.456402441939152,4.118585690321007
2015-04-17,0.705115031877729,High,2.8198338137132164,3.702241555116581,2.8080267421514873,3.4539784405189473
2015-04-20,0.5631165842773027,Neutral,2.237776795495876,2.9689485315218875,2.4062027112777664,3.5761876714450165
2015-04-21,0.5086546130761532,Neutral,2.320041631281848,2.4233721057730633,2.099934472313533,3.4332242087107847
2015-04-22,0.5597376280968146,Neutral,2.3766181449674835,2.819387548826406,2.904850493623462,3.537543124435226
2015-04-23,0.6387980311390309,Neutral,2.724938822468503,3.2066819769151853,2.642482515579998,3.8171349123023908
2015-04-24,1.116680118284081,High,5.0040498517308825,5.402431108386043,2.9464919809258294,3.910530525546183
2015-04-27,0.7776229958587311,High,3.7435606543542352,3.537890238112335,2.8110793571084445,3.255981562132327
2015-04-28,0.6293762829549239,Neutral,3.0637394289455813,2.834105192933455,3.182549358140889,4.028613916608607
2015-04-29,0.5129213056618727,Neutral,2.230260129486269,2.5405753260048205,3.133065015456458,3.9331130131436067
2015-04-30,0.7527138819818755,High,3.5644466849318217,3.4758306582499223,3.242810493223938,3.373051237736302
2015-05-01,0.6662190935108138,High,3.277935741968868,2.969829534195153,3.0723505258681847,3.7955463967919507
2015-05-04,0.564413285724646,Neutral,2.6275086253678133,2.6454948545700634,3.074592213718164,3.4922001001022016
2015-05-05,0.6747846717864815,High,3.0650217180131016,3.2288987589430866,3.468226258092738,3.3495357899173714
2015-05-06,0.6268089896994671,Neutral,2.4160746320912776,3.372613353174916,4.537293379969771,3.969184931933221
2015-05-07,0.618290347170497,Neutral,2.8899696326881266,2.8879381757701226,3.5367237468262553,3.410919706918166
2015-05-08,0.6531975865467038,High,2.9542527605911326,3.136614832456298,3.47977293120221,3.5510722037445475
2015-05-11,0.761434942879496,High,2.9816076930804796,4.056618523272343,4.205041851437914,4.013268898213303
2015-05-12,0.33606376023960793,Low,1.6188449007068433,1.528098721898974,4.361109194012558,3.609750787866351
2015-05-13,0.5717051453581079,Neutral,2.726825513835634,2.6230601274957763,4.882297296421133,4.414094073716431
2015-05-14,0.5586455126909341,Neutral,2.59695454020743,2.6216676247953132,4.16588487626441,4.236624548153132
2015-05-15,0.548343295191798,Neutral,2.2316614233987924,2.848196985794576,4.0311080347745945,3.8364156137127887
2015-05-18,0.5611065456196649,Neutral,2.5230393878200466,2.7071368590169906,4.171940166146296,4.228687955263094
2015-05-19,0.4676231376020079,Neutral,2.2669002173980393,2.1139011474400164,4.425786333406738,4.570773006683097
2015-05-20,0.3220368650287879,Low,1.9377311858735762,1.1296394088677937,3.8428190548404046,4.467810474849966
2015-05-21,0.5549062240921956,Neutral,2.4713614462810267,2.697832066984614,3.425896253559996,4.0659485920779455
2015-05-22,0.36268124798089507,Neutral,1.5036825573086807,1.8599028288144162,3.784602020844468,3.201759280755234
2015-05-26,0.8725603113717972,High,4.677165860302565,3.5571019479592807,3.0738489377716727,3.253790449586055
2015-05-27,0.9762306197074301,High,4.829514281442725,4.329039656637871,2.898121102827392,2.647892840166533
2015-05-28,0.3547845839607767,Neutral,1.674061005989273,1.6435024239619531,3.141623729950528,3.1829980373076148
2015-05-29,0.44235870058422444,Neutral,1.8718334102843908,2.2357634271780977,3.828223508596649,3.565830544861958
2015-06-01,0.5707622809625348,Neutral,2.619185057588634,2.708058499913036,3.0671278370452932,3.0544990721323404
2015-06-02,0.5910426555315352,Neutral,2.4847472642796244,3.001303904714965,2.743146948755882,2.7288813779894303
2015-06-03,0.7150896218775604,High,3.2682887273104093,3.4042736173438075,2.6910575728853536,2.817370052216736
2015-06-04,0.44806519222216734,Neutral,2.1104235332178654,2.0788926496599216,2.132421913517434,2.610382895808729
2015-06-05,0.6565405629252258,High,2.689553594999786,3.391846977047987,2.745154064305247,2.8298569904344317
2015-06-08,0.6696611422774648,High,3.405886838871401,2.886351236010111,3.4147600045640316,3.2750497793220688
2015-06-09,0.5805766083085199,Neutral,2.9983736495067386,2.4629545103141712,2.748310491294389,3.1520576295980693
2015-06-10,0.5211670825323079,Neutral,2.455169208835589,2.415449057709044,2.2786404455040343,3.8068507383443015
2015-06-11,0.8560189065862727,High,4.025779172413058,3.9733071186871123,1.914958913799312,3.480552926861709
2015-06-12,0.3954607629409017,Neutral,1.7873970281824132,1.8982334450565177,2.6065015102376345,3.8150628673197913
2015-06-15,0.5646867683657766,Neutral,2.8183667975468243,2.4802888179722227,2.7700221092158466,3.857717441686557
2015-06-16,0.37371335954311213,Neutral,1.7239805660713625,1.7636684149741688,2.3061564601419993,3.551791988276597
2015-06-17,0.4924135388569111,Neutral,1.8687247205965491,2.6723893372915577,2.0372762246795513,3.6809581626009
2015-06-18,0.5509716815919179,Neutral,2.6854529754245777,2.4758209010751475,1.6864857146425138,3.717000912456399
2015-06-19,0.5188645823501018,Neutral,2.4022917726540043,2.4329700854932153,1.7991524946814064,3.574429503894489
2015-06-22,0.6529229691628746,High,3.085721232591582,3.007065501694199,1.918144258239523,3.924012192810089
2015-06-23,0.4784295909281344,Neutral,2.2755127862974884,2.1908776850737772,2.513357206520211,3.713686586183481
2015-06-24,0.49535818105336327,Neutral,2.276536901514168,2.3374472102464985,2.722650382687453,3.4703536076615356
2015-06-25,0.26577488251294856,Low,1.1887122093811353,1.282533308142723,2.685718130490588,3.3916578836898568
2015-06-26,0.8702929298519932,High,3.938389000792396,4.1598553600465475,3.7298033052247463,3.600191454159277
2015-06-29,1.3142159108764786,High,6.392413298064756,5.922342058469114,3.5467457467021197,3.6501957691388665
2015-06-30,0.42876918170651457,Neutral,1.6182513677534591,2.3368874457327853,3.0908543923547183,3.356968623617643
2015-07-01,0.5952549142197066,Neutral,2.339934216187618,3.1634407375424085,2.542289569166862,3.5791887326445746
2015-07-02,0.43500474362153363,Neutral,2.0678792724777724,2.001866209949963,2.4318832607343355,3.841738848443504
2015-07-06,0.6787695869942312,High,3.0530739953296555,3.2739891954871627,2.6597604224456695,3.584853392122446
2015-07-07,0.6337487435815554,Neutral,2.8484381291227354,3.0586831365855067,2.471378117385693,3.310498841847554
2015-07-08,0.6897416792804986,High,3.040949377159649,3.380152226104634,3.0693310550243282,3.575262274218389
2015-07-09,0.9186691293145299,High,4.1332650549816705,4.43515550809752,3.7483395829513837,4.05913421647688
2015-07-10,0.6656441524171801,High,2.896211955012021,3.2991266247206803,3.280271795729073,3.830435504422362
2015-07-13,0.7456289235636249,High,2.9693486893177394,3.9338726784831706,3.0752325512317262,3.439581453946619
2015-07-14,0.43805095641339076,Neutral,2.086775030512855,2.0143378985971054,3.1094833079263453,3.4339638785481905
2015-07-15,0.4047680515286483,Neutral,1.5980762171592433,2.1475270995136353,3.251859193949436,3.1208615101214403
2015-07-16,0.7132920930319518,High,3.00085999145629,3.6242968116025667,4.112802877374138,3.0010085219695948
2015-07-17,0.8970716184069609,High,3.8054011376821926,4.528158593074296,4.867364384487776,3.350711371679571
2015-07-20,0.7401409300610351,High,3.95793715909497,3.02219940085712,5.49087561239618,3.239949842213852
2015-07-21,0.6698028925735489,High,2.9543767957294147,3.282344015715332,5.556375071363732,2.7222283062950727
2015-07-22,0.8205286280099962,High,3.3481459589289355,4.257432803534949,5.758235208169925,3.2691992391784437
2015-07-23,0.7298009470805802,High,3.1230953196033995,3.6312832241290223,5.157752763314698,3.1656529545689387
2015-07-24,0.5453089229930346,Neutral,2.655955719598555,2.4291029027382076,5.307700050671531,3.323181214367628
2015-07-27,0.5452157900269653,Neutral,2.04685018949051,2.965270225405466,4.766512932745631,3.044986187102441
2015-07-28,0.6335906417933677,Neutral,3.0518936206348197,2.852369624629749,4.8025437052491124,3.0525040564615016
2015-07-29,0.3752182840853372,Neutral,1.7099688384165492,1.7750589407807782,5.1006679170604805,3.3208502445309382
2015-07-30,0.4348430662160312,Neutral,1.722362170868009,2.285753389657954,5.193676891100185,3.6276439539144127
2015-07-31,0.5317661112434174,Neutral,2.4182561950103723,2.474982854283562,5.42774909965714,4.3532060412447375
2015-08-03,0.39831660182021145,Neutral,1.5263391680510856,2.1090121835319517,5.184847527318625,4.525743110533507
2015-08-04,0.4396151078205568,Neutral,1.7057116390514695,2.3087778689791443,4.760884189639429,4.497633681908405
2015-08-05,0.46839394360971426,Neutral,1.9630503128081944,2.329525339848685,5.314978891813259,4.991591890478712
2015-08-06,0.6740749750590784,High,3.1617343994650486,3.051115699000074,5.372740957827143,4.920407744012351
2015-08-07,0.5389014539298578,Neutral,2.3104439793985443,2.6337388945981144,5.249081895711334,5.374511471691128
2015-08-10,0.7376467678002387,High,3.7336380317008677,3.0938597903627274,4.388380762823773,4.889986967509068
2015-08-11,0.6663781120962846,High,2.788013914468085,3.31847611437006,4.657076772142603,4.948500899376985
2015-08-12,0.6066031111468313,Neutral,2.920385141255179,2.678468093170844,4.107503204583239,4.803978892831856
2015-08-13,0.6212652018356934,Neutral,2.535117467060159,3.1512412425248533,3.532170959697945,5.024241030558266
2015-08-14,0.39981073752263974,Neutral,1.6281330990892624,2.0309333549904243,3.4472442074712553,5.279920893348862
2015-08-17,0.5384615403738653,Neutral,2.65828236231217,2.3185537324638927,3.299164196580722,4.697913993189641
2015-08-18,0.5715376368230033,Neutral,2.2718226566118367,2.9530520052027738,3.081687322249779,4.808891042775726
2015-08-19,0.5489761594146243,Neutral,2.714762990778804,2.359736165573418,2.789459105290574,4.5656017892416
2015-08-20,0.9665298842803929,High,4.333495929016429,4.566205679150785,4.014744190798099,5.622217081324282
2015-08-21,1.656397174468547,High,6.631428187161714,8.656076597806406,5.582408090636968,6.425009122946492
2015-08-24,1.6530690147229934,High,7.069323040007095,8.345873580926895,6.477888414236113,7.262299528762416
2015-08-25,1.8221459864691543,High,7.716769217960557,9.371259086385994,5.9298222171198045,6.616143169914661
2015-08-26,1.6982411853299273,High,7.757831730682087,8.356676874484007,5.501151891213663,5.575165404547484
2015-08-27,0.8423483063809616,High,3.6272774841314748,4.337812568753893,5.317258577992823,4.881913448692844
2015-08-28,0.5413735075330777,Neutral,2.44591567888502,2.6877108673223495,5.1820969993960055,4.447276474505312
2015-08-31,0.5015753164077202,Neutral,1.9723158291659872,2.7467775076004988,5.611459592946263,4.816017131438016
2015-09-01,0.9481924734301286,High,3.5454445267646872,5.376624190136468,5.550455416174197,4.7088165728867555
2015-09-02,0.7963459163043479,High,3.459975767085332,4.092363668883304,5.063511327534375,4.215638175463881
2015-09-03,0.566347455460639,Neutral,2.534800723443788,2.845372403574869,4.7393709994118165,4.378408926349184
2015-09-04,0.5374085465817247,Neutral,1.8126556170992982,3.220012728819781,5.004714975466963,4.70006943811845
2015-09-08,0.8671102295922701,High,3.810338358688457,4.418367078414801,5.038831771828686,4.052020250978632
2015-09-09,0.6161298038839859,Neutral,2.841142912671092,3.0221832346288346,4.757374953840916,3.7599746928592674
2015-09-10,0.37343096504533685,Neutral,1.3831787241735822,2.1290307492912266,4.306174208151395,3.662815738838544
2015-09-11,0.3555731186757209,Neutral,1.406948518548002,1.9483173995238878,4.28997646895987,3.467479764790662
2015-09-14,0.23431295505088895,Low,0.9499584459336098,1.2638649875179944,4.873289683524936,3.88899559447882
2015-09-15,0.5427583769437969,Neutral,2.2858316637382403,2.8526862159943462,4.579600091729301,3.497595908723647
2015-09-16,0.4761003150713985,Neutral,2.399087941548411,2.1566108494802614,4.296958628438311,3.4619722418443772
2015-09-17,0.5651116937928087,Neutral,2.619910281184763,2.7596261289228297,3.915006150864808,3.518617702153576
2015-09-18,0.653909319523334,High,2.5995055717550297,3.5421564772548972,4.246429551956668,3.405202920957124
2015-09-21,0.6428649438258934,Neutral,2.502617503112196,3.5294398631148245,4.830410865433031,3.138477948117895
2015-09-22,0.539690524962735,Neutral,2.370490558803191,2.723350246576085,4.483687660048417,3.3789241467365234
2015-09-23,0.3542282414254393,Neutral,1.2553069040201164,2.0547375303386834,3.3045676620901085,2.852902149881276
2015-09-24,0.5614077348244251,Neutral,2.9572040718606782,2.3960793905268294,2.863033198802937,2.890670398032238
2015-09-25,0.8550770322908612,High,3.191343549497928,4.830895721130238,3.486072038737372,2.9813205701842094
2015-09-28,0.8336629863879697,High,3.2981279403547004,4.59270436059675,4.377357158070943,3.7311367900204577
2015-09-29,0.6423906484887664,Neutral,2.6238850964856506,3.4646335903279555,4.5205107439973595,3.650997089181047
2015-09-30,0.706253638606664,High,2.872125231163652,3.8204378835288937,3.564069304074708,3.396723579995151
2015-10-01,0.5354298396370714,Neutral,1.7933574092720155,3.2362434986740323,3.1071761973096645,2.9040526516157104
2015-10-02,0.7338343423975975,High,3.6641912430444905,3.3437520915206007,2.954319090487914,2.8663250601293098
2015-10-05,0.5843660104582071,Neutral,2.2252849354106696,3.2894672253003234,3.171580227932215,2.644379766211683
2015-10-06,0.5515346703208157,Neutral,2.0253367399443887,3.1724620989117036,3.558809209621342,3.1411910200868536
2015-10-07,0.3431729547018514,Low,1.2706672594049264,1.9644744317654856,3.6394137558847515,2.982987062080548
2015-10-08,0.39420832887636503,Neutral,1.5069727206806152,2.213784525068234,3.6931241200706713,2.907729569166316
2015-10-09,0.5350015157837003,Neutral,2.2791583002941005,2.792712933630014,3.6204115107014694,3.296560544600971
2015-10-12,0.3904591943117342,Neutral,1.519094198046409,2.154278436730626,3.9334260555127667,3.4022078284719286
2015-10-13,0.4520987290492995,Neutral,1.5869137895672565,2.651654515107006,3.8756570859968575,3.97349386155279
2015-10-14,1.2686349918668007,High,5.1542984735903445,6.895305446553362,4.198106529906842,4.741713635471676
2015-10-15,0.5863697261682591,Neutral,2.400211352074291,3.1476815126633593,3.94551692081319,4.636396599888295
2015-10-16,0.29495058593706674,Low,1.3746766422148602,1.4063776029050943,4.067236468766147,4.234062010948733
2015-10-19,0.334708080078283,Low,1.4098822815304783,1.7366431707297831,3.627163167016485,4.032253501034231
2015-10-20,0.42550904717956806,Neutral,1.9150052928558572,2.092801323809167,3.9819163969353486,3.956247911067416
2015-10-21,0.5259429002418967,Neutral,2.223796717469787,2.7210147636314335,4.248422115340377,4.184585412325126
2015-10-22,0.6678669794165768,High,2.346869421586764,3.90241779448059,5.1814499522547495,4.510326272044975
2015-10-23,1.0674049381470838,High,4.485929099812937,5.558820484870629,4.561188145679047,4.681458789600601
2015-10-26,0.5732637082869894,Neutral,2.219635316982983,3.1635075446512166,4.549851394569913,4.6208325418859095
2015-10-27,0.3577013842477387,Neutral,1.3087747667987337,2.045532460099198,4.504503618800496,4.995617896060922
2015-10-28,0.6589818297478024,High,2.4963849029287304,3.6883296333511004,4.190459701832629,4.5157289980361766
2015-10-29,0.9238738006832834,High,3.8779701063226817,4.824555723642038,3.9772943810901844,4.637809777220104
2015-10-30,0.4333811047876866,Neutral,1.7889524439236586,2.2915444382068837,3.4549256820225622,4.406776710899139
2015-11-02,0.46846168844709946,Neutral,1.6674294655650068,2.7275498697586,3.263875803750801,4.216735353878625
2015-11-03,0.4807363168434145,Neutral,2.2601101878925878,2.227662060745851,3.2891329226941344,4.045633597225954
2015-11-04,0.3929827367386591,Neutral,1.878539042475179,1.7911132078831724,3.355932298045308,4.288046465391715
2015-11-05,0.5294331368224969,Neutral,2.037780575148146,2.888892925541037,3.348898431573993,3.9832117281765482
2015-11-06,0.886403084851257,High,3.652127194806523,4.613280968927352,3.224490235144656,4.1533328458963155
2015-11-09,0.7586707327581677,High,3.6503027691064527,3.4413411361127135,2.8822634771164855,4.6293510647637355
2015-11-10,0.5769220149334203,Neutral,2.2559680500482027,3.1196419663926154,2.4275432564449253,4.175022590619645
2015-11-11,0.2220705448060991,Low,0.7686337100440463,1.2972726949266375,3.4427057872795936,4.301594380943865
2015-11-12,0.4340447309229048,Neutral,1.5625864900854587,2.4772881606746258,3.3382847121920243,4.437153171279337
2015-11-13,0.5213561906324428,Neutral,1.644114886942345,3.200734113900012,2.9576167565822065,4.47197281278667
2015-11-16,0.45622656145076934,Neutral,1.5684196206489025,2.675471300386053,2.6063208277203818,4.666302623802121
2015-11-17,0.48726487939897334,Neutral,2.343415899654499,2.2112387485895826,2.8166508677712785,5.030778581758733
2015-11-18,0.5363774271651032,Neutral,2.132062759531308,2.8669056609623538,2.9223985492502274,4.521546001089592
2015-11-19,0.36053286539970675,Neutral,1.695968753836993,1.6728207402137214,2.9897541900447173,3.6377672056443
2015-11-20,0.4389636986783747,Neutral,1.9370361450098121,2.1603872350716546,2.317685439037904,3.8466342983642705
2015-11-23,0.4158417968768361,Neutral,1.6584818484892307,2.217292752079324,2.2777742569190758,3.901948446715733
2015-11-24,0.38990663654579194,Neutral,1.5849643394949948,2.0500732348561166,2.1068287126088006,3.9675658210047295
2015-11-25,0.3627589873827609,Neutral,1.502102285202423,1.8807487883803777,1.980280149299214,4.286119688007525
2015-11-27,0.365084988067913,Neutral,1.7552756670295877,1.6572982217583232,2.272767640336789,3.5046278443690158
2015-11-30,0.4860898672696198,Neutral,2.1119827532243294,2.42193665643764,1.9255735094823019,3.3413069197279226
2015-12-01,0.6689469450215998,High,3.4300303982694205,2.699966634955717,1.9430991489708047,3.713008643570021
2015-12-02,0.6570531012855299,High,3.157323699262745,2.8647197252019434,2.3529424267604426,3.5560876689406102
2015-12-03,1.3236437596351287,High,6.7858804619509945,5.600911855265475,2.3463389701152746,3.258637049163767
2015-12-04,0.9051302670634783,High,4.221702498219208,4.235809983914451,2.035474551144797,3.4714305052918597
2015-12-07,0.5262143829560111,Neutral,2.4639488374926843,2.4532767462697165,1.5576909336251892,3.229151654858073
2015-12-08,0.5937336518995142,Neutral,2.6198115235742288,2.923452971553924,1.750475880866917,3.0151129778160994
2015-12-09,0.6966904635149587,High,3.288733266535717,3.222321995384331,2.056332225936813,2.6798381326174017
2015-12-10,0.7189721407758698,High,3.664995517946934,3.0625790026917437,2.275216499378151,3.016159226775958
2015-12-11,0.8530388458969766,High,4.206175190809099,3.771544683834699,2.4011833582295186,3.1525098188142726
2015-12-14,0.7295157242928069,High,3.290703432238424,3.5224530479492855,2.571595228572661,3.5475381917837834
2015-12-15,0.43559976435097386,Neutral,1.8155066196924423,2.2481203077081267,2.3774831232628424,3.1063106039577404
2015-12-16,0.6257110820304177,Neutral,3.1703088042813046,2.6840131230752458,2.260127754914423,3.2163450586430824
2015-12-17,0.8229913549449797,High,4.021223068660974,3.6743650837292563,2.2183361100874874,2.956855052367852
2015-12-18,0.8368348822195231,High,3.6413202445703523,4.035898672814066,2.331815138912564,2.7889530371620226
2015-12-21,0.6327387556955728,Neutral,3.0534700985599987,2.7494593194539325,2.353763786150136,2.622993340189355
2015-12-22,0.446517538190811,Neutral,1.9350162487858447,2.161436500336202,2.348392481829053,2.697342981242067
2015-12-23,0.481811112717292,Neutral,1.8506264700422064,2.5711102142200457,1.813930412710367,2.7056895508247196
2015-12-24,0.2975791101412384,Low,1.3136671414765144,1.4162393389981094,1.7963823863159902,2.446299922001439
2015-12-28,0.4772223439205997,Neutral,2.579028211285825,1.7959037823520643,1.9232220601330932,2.4137410355491133
2015-12-29,0.5794457636803925,Neutral,2.5741322399066062,2.7414374519756457,1.708670037366341,2.6628413147588486
2015-12-30,0.3130141130343689,Low,1.3764443776281376,1.4950921643994421,1.9013163556162977,2.39684157053948
2015-12-31,0.4092599015666434,Neutral,1.8303534133194137,1.9239321495991648,1.8200287559872224,2.058521920531673
2016-01-04,0.7289750351504434,High,3.233271554792094,3.454043362312281,1.6494173770597003,1.9830859307583242
2016-01-05,0.6274447568858298,Neutral,2.82013888685258,2.9355454154474896,2.403929140002637,1.8539519662571344
2016-01-06,0.7955326494932371,High,3.69003172201802,3.606839098555498,2.7114017950933826,1.9107752392884823
2016-01-07,0.8649426619981777,High,3.8773669544563125,4.057000583209326,3.7192080950688777,2.3528140732060296
2016-01-08,0.5731064613450849,Neutral,2.8976898890618448,2.3575138419645065,3.520938563906738,2.44530372880158
2016-01-11,0.7777521623627497,High,3.1684570501509985,3.9680873456578896,4.0952581473341505,2.5500069458934287
2016-01-12,0.6141301387824027,Neutral,2.9081335234742394,2.7244831320906715,3.9048632481681,2.6059815897981298
2016-01-13,0.9564444863514285,High,4.145720646011998,4.632980725302894,4.739780307351011,3.3118128583739086
2016-01-14,0.7333803932481912,High,3.3662410863118835,3.3637278081608035,4.0862173421874255,2.895318540926428
2016-01-15,0.9870952258114545,High,4.182970774162583,4.880337800791049,5.1329381234470235,3.233270106139525
2016-01-19,0.5197934752011049,Neutral,1.9698714749693054,2.804562099785177,4.75043361363821,3.025281786013099
2016-01-20,0.9123690984544599,High,3.8935219252553286,4.483456654149735,4.169436860864846,3.555805832233662
2016-01-21,0.5597503179443386,Neutral,2.2674737655701,2.872846457415093,4.183627146884413,4.057414106006492
2016-01-22,0.8746818227430206,High,3.7877742726630794,4.2427513672884,3.8281613826993968,3.6282241918129223
2016-01-25,0.5624525696333897,Neutral,2.329463707739303,2.8352784038376355,4.5792672822968115,4.041685763188087
2016-01-26,0.7776845757723233,High,3.3967816137473417,3.742980369367504,4.001498113471877,3.728570923258401
2016-01-27,0.9008048992806283,High,3.2738302178121623,5.001368059795393,5.124008940930233,4.628401625514183
2016-01-28,0.6575873032725574,High,2.4471110571846513,3.593340056386758,5.035290133024087,3.886929557143067
2016-01-29,1.122202347876959,High,5.012766245965056,5.4870489367108055,4.21729680794306,3.7849980842178668
2016-02-01,0.9545699780102873,High,5.428430289893018,3.7089517026788155,4.232830275799255,3.971215462190952
2016-02-02,0.7397188584804343,High,3.2304511210016087,3.7926739229352586,4.307857241801289,4.383034915704113
2016-02-03,0.8197904875888022,High,3.402007603900549,4.370823395293927,3.9611931531284896,4.274129112155862
2016-02-04,0.8328271218438021,High,3.8288994718108618,4.089553712450914,3.650102140957651,4.123080595769297
2016-02-05,1.0428942672223696,High,4.145119344142297,5.752899486977698,4.242804536757044,4.871121870232189
2016-02-08,0.7468655764122315,High,3.3554972181850844,3.6460938193550807,4.699204453808917,5.014048040870338
2016-02-09,0.442289369996015,Neutral,2.0775099596098423,2.070903397078019,4.318807683832166,5.078770865656394
2016-02-10,0.6281692543162573,Neutral,2.4784608816824516,3.402362444521388,4.168279340920105,4.907040440069493
2016-02-11,1.308372339984419,High,6.323090627318445,6.185007300980025,3.9287752092465773,4.79006354857967
2016-02-12,0.9108216407191263,High,4.035278702136217,4.692411349225991,4.165826710530499,4.636390877737337
2016-02-16,1.049187139347767,High,4.844559872423989,5.239507551104744,3.5167178979088747,4.025313478067695
2016-02-17,0.5675224058582989,Neutral,2.3484312677958603,3.094657682082433,3.452600210468537,3.938461537794185
2016-02-18,0.680046522082999,High,2.965444520518889,3.5632846602222923,4.145838708569883,4.263167975723213
2016-02-19,0.5032654706296132,Neutral,2.3528187774136464,2.485455551215781,3.7453080809366623,4.22339453997169
2016-02-22,0.5939801207383006,Neutral,2.6324957812861625,3.071757902897476,4.16898976266391,3.9787435370346342
2016-02-23,0.4400263613927746,Neutral,1.83900366358605,2.382045464990121,4.264984209883046,4.082392656256313
2016-02-24,0.4430273607410568,Neutral,1.984389807504994,2.2710852825324412,3.7854352068084136,4.0240713395605985
2016-02-25,0.5569740434808674,Neutral,2.3382655351124764,2.9969281845426727,4.472231668338128,4.218112386887388
2016-02-26,0.6115464926616748,Neutral,2.730640872841816,3.134649903025984,3.8663878469899613,3.9560739331500177
2016-02-29,0.3951603672952321,Neutral,1.5997445909464714,2.1827871985048564,3.266352856388584,4.079574183675996
2016-03-01,0.8103263942197352,High,3.2880034436647843,4.468896074578792,4.2715882609448395,4.10630390450812
2016-03-02,0.6292382355642798,Neutral,2.9151031139201216,3.1246177122922125,4.209560990486319,4.056939035853772
2016-03-03,0.4188287142520676,Neutral,1.6109767634757637,2.3943022410550543,3.9936048401007795,3.9226212189915906
2016-03-04,0.4550564635622095,Neutral,2.00549221489749,2.3577269454400147,3.4805234750354006,4.109727982156638
2016-03-07,0.5071351348924256,Neutral,1.842888132146621,2.9728885571889965,3.8180734593901584,4.524989328013155
2016-03-08,0.6521704148272,High,2.598498794867138,3.6012206416711825,3.724764509214455,4.293406216047734
2016-03-09,0.5579762394885139,Neutral,2.341042683772411,2.966684938862298,4.026407474559558,4.032056425544852
2016-03-10,0.5357728599126804,Neutral,2.3904485098547297,2.7102378226830455,3.9929135319882305,4.272246756155897
2016-03-11,0.5231738721828378,Neutral,2.1044833496116686,2.869541260510558,4.576222516248116,4.038485317267624
2016-03-14,0.4728089058908262,Neutral,2.218089203360379,2.286338857562267,3.067740057265469,3.621931527360035
2016-03-15,0.3649785217813578,Neutral,1.1170212019619814,2.3427123769921465,3.1134131922128745,3.3426091304999677
2016-03-16,0.6335107848290749,Neutral,3.0052751560448345,3.031125113150648,2.9171717164124242,3.9880904088972997
2016-03-17,0.5359113349883075,Neutral,2.1619767462292634,2.9333309475395826,2.9272649921309375,4.431812504805568
2016-03-18,0.627925344629829,Neutral,2.6336135537477725,3.3394757316088945,3.2326938201928233,4.443591027533206
2016-03-21,0.35274991122218463,Neutral,1.703921774614772,1.6581442564946514,2.814216127679762,4.032292647335751
2016-03-22,0.3526726816075709,Neutral,1.6689683220395497,1.6913507464714237,2.879933416855936,3.5835783071416665
2016-03-23,0.7091107125480105,High,3.4243146740671664,3.33420446721034,2.445265795474362,3.4869530925058276
2016-03-24,0.3308045870318598,Low,1.438002853369378,1.6835880445860685,2.8899733441741624,3.4382696041763476
2016-03-28,0.5088537034563204,Neutral,2.363322976206031,2.440023894532903,2.371507819446329,3.383864735944193
2016-03-29,0.6941982003299322,High,3.146584694613334,3.405499260845786,2.6202240581901544,3.576516620489112
2016-03-30,0.5511990813924278,Neutral,2.5871599475296416,2.6161988866088377,1.9283581313327847,3.533455563764628
2016-03-31,0.3344529076136513,Low,1.3091472856215243,1.845320890848043,2.340595312754689,3.917735979417029
2016-04-01,0.34057759966638423,Low,1.541374571745294,1.6730899696358825,2.5291039106028297,3.6909857284128935
2016-04-04,0.4338068457162341,Neutral,2.173603960598124,1.923035520553561,2.902092214269985,3.6970127119058045
2016-04-05,0.48560618009817236,Neutral,2.1396371238390373,2.4430246709252805,3.230956438490598,4.090872202546517
2016-04-06,0.5340044157010997,Neutral,2.2502548652145804,2.763370981103998,3.134167095482249,4.253212760238276
2016-04-07,0.6238692444318725,Neutral,3.096419071806387,2.770021872747717,3.1690052865663074,4.235557414510867
2016-04-08,0.5238642516938469,Neutral,2.288481315113771,2.631516783634879,3.9545989111693207,4.260293549151425
2016-04-11,0.41589315129825477,Neutral,2.0711812410255113,1.8397305711712788,3.577810366312433,4.762187955939835
2016-04-12,0.6099731852272263,Neutral,2.780309807434061,2.950652268620802,3.406795993697637,4.758495103045075
2016-04-13,0.6053858658676506,Neutral,2.5500888083202606,3.121214464007942,3.63163207463758,5.138522949955179
2016-04-14,0.5010029912599561,Neutral,2.457437158391105,2.2360636987807787,3.4293702628589444,4.8421561613784725
2016-04-15,0.34594788224027906,Low,1.5842233971696538,1.6536615170995808,2.95430215531601,5.415118533092367
2016-04-18,0.4765382730019868,Neutral,1.9343777854179858,2.5191023446259404,2.67871912955705,5.67586607999581
2016-04-19,0.7760785772466432,High,3.566238593622523,3.6977669578830477,2.63164391445744,5.724181132095249
2016-04-20,0.5208465331677763,Neutral,2.3783596971241847,2.496299487373301,2.5580533877146236,5.84737148223408
2016-04-21,0.5430323139575411,Neutral,2.6245150417543304,2.461675301854435,2.452661059993413,4.776302521383484
2016-04-22,0.9219945495697097,High,3.7717890690414837,4.862913316332923,2.8543056095423167,5.184881608254974
2016-04-25,0.7549436733731442,High,3.3261304301957995,3.62621499144593,2.465880496322917,4.642678700329965
2016-04-26,0.5779969578380746,Neutral,2.3664185875142305,2.958883854145696,2.8752193989274857,4.261367775764947
2016-04-27,0.7727735548120225,High,3.245455630762862,3.873275216137362,3.059166353066756,4.726291257138287
2016-04-28,0.6930611925994341,High,3.08814358548541,3.293844114505654,3.365560522765614,4.8403092383317174
2016-04-29,1.1962429840490296,High,5.085233162223921,6.146838200682046,4.073271328104745,4.947844944919174
2016-05-02,0.5498344456616919,Neutral,2.268108181540612,2.8931908416695236,4.127460421308085,4.930551117322043
2016-05-03,0.4666467539862277,Neutral,2.223616235182406,2.1626120151233073,4.011817296347545,4.485203260860938
2016-05-04,0.3731829007002716,Neutral,1.9302584140795807,1.5804182653796748,3.9533477205373995,4.3436023980258875
2016-05-05,0.33193459308280326,Low,1.4841019864300804,1.6340050382357552,3.672889750456952,3.9074836918008544
2016-05-06,0.5187842698144237,Neutral,2.5157830298580524,2.3613608004504223,3.5256009984208716,3.855589950728585
2016-05-09,0.5896332609985782,Neutral,2.7971410537077577,2.744850531845863,3.261127096558275,3.9510588227184074
2016-05-10,0.532240646793563,Neutral,2.64779576836578,2.357152063691147,2.969583214539037,3.535088662398907
2016-05-11,0.5942111990323022,Neutral,2.9529414721316054,2.634687888646891,3.1999972089525754,3.2747813882892514
2016-05-12,0.6451797591538135,Neutral,3.223769877031456,2.8434806304534725,3.380313233448309,3.474470179371629
2016-05-13,0.6621884351439415,High,3.2958898374162686,2.931059311362414,2.9530289467269224,2.855442092499152
2016-05-16,0.5006106819843498,Neutral,2.3829724912554444,2.322450031789785,2.734692816531596,2.9625489262049727
2016-05-17,0.46459369041678367,Neutral,2.258383876619688,2.1094137218512827,2.29468684091248,2.5591387408859774
2016-05-18,1.0119987476254904,High,4.623670526131404,4.928317330294033,2.212069009469119,2.4016665916000415
2016-05-19,0.48700125001180194,Neutral,2.0673038011178133,2.5276829034428667,2.550908457545527,2.3706827649142954
2016-05-20,0.7346558840500104,High,3.6271616619646463,3.309958297465335,2.090996220998062,2.119033493728261
2016-05-23,0.33164031410442674,Low,1.5472923761935173,1.5833160985463757,2.2072484004804727,1.9520077569921248
2016-05-24,0.6178128990317837,Neutral,2.9261662759685376,2.888254539665809,1.9845530225744847,2.306500895514624
2016-05-25,0.4067559946541192,Neutral,1.9332048195595775,1.823674367239228,1.7444988277297662,2.012432337868899
2016-05-26,0.4921290931842367,Neutral,2.2021780177721255,2.3476450363711523,2.6573153929381457,2.1873661962994455
2016-05-27,0.37076874521807934,Neutral,1.5749708591940392,1.855573315196282,3.1556844893628226,2.328101331107586
2016-05-31,0.6847797723535965,High,3.247045932892003,3.077959586313419,3.4100596785535107,2.1175729439383484
2016-06-01,0.4205626339819939,Neutral,1.9023982350329876,1.9851184048391637,3.41354857421011,2.201217638686319
2016-06-02,0.5138675922847927,Neutral,2.207516399951593,2.5462545375883727,3.3435356940916447,2.673408983020379
2016-06-03,0.929430833998531,High,4.17517177715298,4.41706326490726,3.2443403608884633,2.757686810845154
2016-06-06,0.8007784070226861,High,3.538094432392479,3.8667094919008234,3.2677303920924894,3.6409579944611274
2016-06-07,0.4596826729177482,Neutral,2.043870132455169,2.2064038063376405,3.1139988929161566,3.225630138224058
2016-06-08,0.5017252137925575,Neutral,2.4228245062129314,2.209972788968462,3.0529405889007606,3.0474901762520394
2016-06-09,0.3415421145818912,Low,1.5862464114709969,1.5695007500491216,3.097654932105656,3.282598780681751
2016-06-10,0.7156758456879381,High,3.523776591354099,3.0823930261328796,3.3360084898033375,3.584649392387505
2016-06-13,1.0276129222705164,High,5.392534039620767,4.250765219685515,3.905478086288158,3.7005853608941393
2016-06-14,0.365260597196818,Neutral,1.8249083844790264,1.601405341687424,3.5470782944871138,3.0841965982416637
2016-06-15,0.28910626109400805,Low,1.3834345542235822,1.3276159890087254,3.524335206451168,3.250657503174601
2016-06-16,0.4980014115199318,Neutral,2.3198674918647506,2.349133545224381,3.990405700768526,3.586263451267985
2016-06-17,0.8596257773712823,High,3.8121202316386547,4.244443395702354,3.59258022627595,3.210119811281429
2016-06-20,0.43294133859224304,Neutral,2.0931669702813887,1.959155080484895,3.3229614632712976,3.330789699868701
2016-06-21,0.5730903358016346,Neutral,2.613685300055509,2.737643865250759,3.5869448279472906,3.4471750853786602
2016-06-22,0.7094504071712442,High,3.247883547848178,3.377004292089505,3.561073447189642,4.044605400960946
2016-06-23,0.707920882696243,High,3.493455028617451,3.1227578381759344,3.3085928223211156,3.3460143156277375
2016-06-24,1.6882253973295258,High,7.728401707930256,8.369181942140358,4.682583430791079,4.430997508675907
2016-06-27,1.6073004104920177,High,7.028140583580652,8.442858490300269,4.369495328852201,4.205994183641653
2016-06-28,0.7041770181521902,High,3.4386954835015837,3.288258256314231,4.139056223194886,3.3440088512945447
2016-06-29,0.6303394608044774,Neutral,3.215277641367589,2.814267455860713,4.021104543456291,3.100483935491159
2016-06-30,0.6036506217426678,Neutral,2.765769595585016,2.9903028711392987,3.7387354729079147,3.183472807736504
2016-07-01,0.6792475051641926,High,3.2211044164673095,3.26213885135128,3.360586420726304,2.6931317157975725
2016-07-05,0.7026037324275067,High,2.4948164908838075,4.162797693300656,3.332958572005233,2.9288712494660363
2016-07-06,0.5902534523891714,Neutral,2.2393825928990245,3.36196643009454,3.6079637470200288,2.9496270877037554
2016-07-07,0.3484911339267388,Low,1.4197730384179401,1.8929786922922553,3.114047901871772,2.7400701448280955
2016-07-08,0.6451096527726559,Neutral,3.190859298900203,2.974183674381495,3.1323316891068202,2.825457255537042
2016-07-11,0.6510566288425179,High,2.3632919778497596,3.8088689928835024,3.432525615574614,2.824531274179096
2016-07-12,0.826714476062909,High,3.4844179102972155,4.365360560943067,3.0288145025331388,2.5620104693050267
2016-07-13,0.8272193821403406,High,3.503036380687653,4.352548570592527,2.7330169295936395,2.2226978314624897
2016-07-14,0.5113760497920324,Neutral,2.2338075690057746,2.6266022689833997,2.79250080450849,2.1480180863990883
2016-07-15,0.6045107619782761,Neutral,2.443247776681469,3.2902498332386902,3.288592666426217,1.89872212376254
2016-07-18,0.35757001474576006,Neutral,1.4419938968468382,1.9491918246029885,2.2853876445831296,2.114762695741832
2016-07-19,0.42561817256970114,Neutral,1.6427238705160525,2.3893051677107873,2.3485132074348787,1.7843178206884802
2016-07-20,0.4802988920785627,Neutral,2.109201637354181,2.4565174052911596,2.630062686660535,2.3169122250240837
2016-07-21,0.49827996379500783,Neutral,2.0683759960140042,2.660917405868325,3.141481455001626,1.9997559665602336
2016-07-22,0.4740091302641891,Neutral,1.7351547722644978,2.7495072718809044,2.8451584442896194,2.330212616771164
2016-07-25,0.3733504846216175,Neutral,1.6173939314716892,1.9303142497607848,3.546827778271325,2.741065241099585
2016-07-26,0.9789092734364222,High,4.189724608183673,5.127467547123838,3.721688143388806,3.7106217352854034
2016-07-27,0.6461320503828343,Neutral,2.686271360199946,3.458977013712399,3.4950617581337275,3.7283048957708167
2016-07-28,0.3482899154410787,Low,1.4172220230483104,1.8935164959549282,3.2048615739693607,3.490857666472867
2016-07-29,0.5203700059885209,Neutral,1.9133626778621233,3.021278811063409,2.8754288998428463,3.563402908186216
2016-08-01,0.8977177397741252,High,3.9145609175251925,4.6372637062459,3.0350075557670912,3.723382502336126
2016-08-02,0.5875294170101018,Neutral,2.889612437825473,2.726094555648284,3.506247799729722,3.540280551285157
2016-08-03,0.41538754613440476,Neutral,1.5384749531169837,2.402932994570546,3.193225312109144,3.563951806917784
2016-08-04,0.37387670580352017,Neutral,1.4129713052535817,2.136180544633758,2.851691466383571,3.893141204141636
2016-08-05,0.6127601266633556,Neutral,2.2264199774749818,3.5852890395115384,3.3926441238796823,4.116642236700354
2016-08-08,0.32117040895788024,Low,1.4214305196944292,1.6392993296318952,2.56848722424282,4.141001282835311
2016-08-09,0.3213397516767131,Low,1.4048405140289602,1.6565085911433264,2.7709244828250696,4.079463670401552
2016-08-10,0.3062971291439548,Low,1.0263497191172923,1.8737533064982779,3.190519999357692,3.7679593950550374
2016-08-11,0.5210385690823788,Neutral,1.9302655001668036,3.0136410916271834,3.2114766644088215,4.065213969583379
2016-08-12,0.5078938270999681,Neutral,1.9502096031366738,2.8729094293230357,3.3749633260707537,3.8048709522550412
2016-08-15,0.44956409200869984,Neutral,1.9146386398095214,2.3653694874517694,3.3105017188967065,4.147730058441988
2016-08-16,0.3527922211511685,Neutral,1.5999258229823115,1.7643683486764459,3.535774546274111,3.6210021224666393
2016-08-17,0.3794587186742574,Neutral,1.3283171872437465,2.2677581572154333,3.522515028998961,3.684721968252663
2016-08-18,0.3847298993884878,Neutral,1.3118635361196866,2.3321638829386253,4.248873662300869,3.2484813628466265
2016-08-19,0.4534212849337085,Neutral,1.9787111915566626,2.3407516297714897,3.83073948689722,3.3573865201383883
2016-08-22,0.44687055067113973,Neutral,1.8798656661490327,2.2991821440996487,3.5107526767562427,3.319340142796435
2016-08-23,0.24124020966687126,Low,0.6483457014639888,1.5765673444690598,3.1759341042900475,3.29368910246709
2016-08-24,0.484884882644815,Neutral,2.308238837617045,2.0314198285528486,2.746367279104904,3.4159834508250135
2016-08-25,0.25322798846006433,Low,1.1253108315395906,1.110168568139627,2.932753375749402,3.228549834382562
2016-08-26,0.5414669938240824,Neutral,1.8943535509047877,2.9372972921813303,4.133748588798575,3.2695970878951424
2016-08-29,0.7481802546969236,High,2.986412243096388,3.6525974849122314,2.289959700892099,2.9446038786224444
2016-08-30,0.38963462532929927,Neutral,1.6782851622330577,1.766747437369217,2.5079603509117883,2.6133642049640446
2016-08-31,0.39263531374617344,Neutral,1.6281613239132477,1.849760548875247,2.167185060810566,2.5235740715698927
2016-09-01,0.29166751035580885,Low,0.9949909457944516,1.6101980474281739,2.2679161432709254,2.6940678072158137
2016-09-02,0.631374983148558,Neutral,2.7237156912351654,2.8582917016467415,1.6784964799547417,2.472541802960578
2016-09-06,0.5883226530127718,Neutral,2.40846129885375,2.8059812168323868,1.4044441950268194,2.6525955871875695
2016-09-07,0.6687750079692005,High,2.4669475313103697,3.48787854428852,1.088758104396901,3.3437875173037566
2016-09-08,0.6307253511854247,Neutral,2.5074768333710664,3.0903108952477303,1.8411667853936253,3.226413601554971
2016-09-09,1.417473905531834,High,6.067658753568277,6.687181020085557,2.4572403218273333,2.8578566929856586
2016-09-12,0.45669123688566204,Neutral,2.1229488189426893,1.9743836813967,2.3612218780453866,3.0913558621836814
2016-09-13,0.7894677802987795,High,3.1042361505306846,4.0194501734408945,2.902756199901106,3.3244694501176624
2016-09-14,0.5645420927211957,Neutral,1.871770374430858,3.2473986458268214,2.4562042950938516,2.8780692680543263
2016-09-15,0.41549458511481735,Neutral,1.6809397805103359,2.0648353310163468,2.7665249685786995,2.9930162200652286
2016-09-16,0.5658362120029673,Neutral,1.9769869851602304,3.1466447791205425,2.6935259823269355,3.6014143406415418
2016-09-19,0.35685704949590774,Neutral,1.2152697164629205,2.018335385343761,2.5480584803648676,3.0499070240593285
2016-09-20,0.266759784237211,Low,0.9980673881287864,1.4126776186909984,2.3636622501788205,4.124399861376157
2016-09-21,0.6838899021863523,High,2.8723977225556228,3.2854093052912208,2.0027490792440257,4.354475784020838
2016-09-22,0.5504734495185613,Neutral,2.178384712367619,2.7877585726081087,2.018649191220755,3.9480854834088235
2016-09-23,0.4785902295778993,Neutral,2.010938680660381,2.298272464584556,2.1638300638276156,3.80882432337784
2016-09-26,0.6285228924847728,Neutral,2.9563817740076335,2.6800884049573246,2.1580182927595626,3.5397953270419436
2016-09-27,0.5918799638991927,Neutral,2.5569651552288355,2.767258929383217,2.1218770713427326,3.978922510246272
2016-09-28,0.35943016243476467,Neutral,1.7977246328872543,1.4178595742276736,1.7861226806119483,4.39953412460168
2016-09-29,0.8022104099039712,High,3.5721776851948084,3.6363837629399947,1.995635360179192,4.863305826156669
2016-09-30,0.4798237152711161,Neutral,2.238091157285369,2.0662324776491046,1.8675235257471803,4.672909518397257
2016-10-03,0.3008052178926507,Low,1.3164848175807895,1.3881684227357056,1.9929215600614312,4.630641262329019
2016-10-04,1.0261029095758332,High,5.273137814098334,4.154254159586564,2.999689638716386,4.64059992037948
2016-10-05,0.48318982793462295,Neutral,2.0008324316569706,2.4496900057348423,2.603465357746506,4.318972362478986
2016-10-06,0.41082444622483005,Neutral,1.7116220173804364,2.07212150934999,2.710480037832292,4.76513911833626
2016-10-07,0.2304246496635112,Low,0.951152127252761,1.1712927771356794,3.062705725508122,4.540129007353913
2016-10-10,0.6768347826803268,High,2.9455841672065244,3.2852331112944646,2.8381234982165724,4.307934521227887
2016-10-11,0.6606137207528755,High,3.0196809733167114,3.0584533314402926,2.422370385225774,3.963583174922952
2016-10-12,0.40797055962195006,Neutral,1.6927666961370131,2.064853680845604,1.883178369058732,4.090812754878618
2016-10-13,0.5300012942047738,Neutral,2.2031373456321264,2.570693719165061,1.3958051148967305,3.438186820352522
2016-10-14,0.5857453214521995,Neutral,2.6208698213255293,2.641656259798997,1.8165427495141324,3.945059684234119
2016-10-17,0.2942047379234097,Low,1.5144035344252966,1.1145600466668155,1.5680327287272406,3.676702622050401
2016-10-18,0.3491159777260425,Low,1.6223691964045184,1.5098587841768032,1.601992115382965,3.279864267949247
2016-10-19,0.38324927123894303,Neutral,1.8066366622337013,1.6299832668787304,1.8616377977192518,2.4851915780564466
2016-10-20,0.4618957443265999,Neutral,2.079533370114096,2.069364296109334,2.36817348649789,2.8051608473629748
2016-10-21,0.4409659672275754,Neutral,2.044048825068992,1.9126179847991598,2.165725186756278,2.827404974555853
2016-10-24,0.549381386451505,Neutral,2.6527062432935944,2.1830746829952665,2.488816420699276,3.4391091780986827
2016-10-25,0.3726580883686736,Neutral,1.761494791995037,1.522686713184753,2.7417280416098313,3.2087642259247224
2016-10-26,0.5598057072273182,Neutral,2.5907405796519476,2.348530915334676,2.946835575664414,3.324248862022972
2016-10-27,0.5619126254544885,Neutral,2.4007556918763573,2.5779743018784402,3.2682858986609813,3.627667907387389
2016-10-28,0.4502834422836923,Neutral,1.9489809644515448,2.038049352871636,3.299499321772808,3.826507972046912
2016-10-31,0.524792577854401,Neutral,2.3848018357563325,2.2501290150799944,2.815443307569137,3.6450466204997354
2016-11-01,0.3877095111985046,Neutral,1.799711828991372,1.6205561215325697,3.110873159846112,3.753628301676545
2016-11-02,0.5587744797500593,Neutral,2.9079026477425547,1.988633784743173,3.0030881702359116,3.8326172401085734
2016-11-03,0.8017160368030554,High,3.5276226731745575,3.5651541868292433,3.609026397802716,4.525925659783669
2016-11-04,0.41754066836830683,Neutral,2.0829294151960553,1.585377750515793,3.1505102667268896,4.194302319875625
2016-11-07,1.0635573879082787,High,6.04633521425771,3.507497157075249,2.7961656166925537,4.12116154589631
2016-11-08,0.3648622441512156,Neutral,1.736719493434215,1.5600281720128228,2.3287546607793064,3.7875513469223625
2016-11-09,1.8354918085892304,High,9.381763916404209,7.909104888156426,3.4267940552930614,3.9534482289077615
2016-11-10,1.4227509262645255,High,6.343568958526,7.365505839072961,4.5822298624144455,4.810890951952558
2016-11-11,1.2760933806252148,High,5.960119994287023,6.616076257312285,4.4706832281085465,5.292333283060984
2016-11-14,0.8104587813623089,High,3.0549714389162865,4.913507950584822,5.2160791296260385,5.616545504523182
2016-11-15,0.7746490674106785,High,3.6393157565111838,4.006517995434887,5.073888797939622,5.428920483423373
2016-11-16,0.5523235192760867,Neutral,2.4395649200054588,3.005548162497588,4.6749557644965725,5.177905014127875
2016-11-17,0.5178399443217613,Neutral,2.413091119614009,2.6972134030200396,4.584475946498857,5.0415486869161805
2016-11-18,0.6432691048421426,Neutral,2.804273593903971,3.5359179824137765,5.128187720712221,5.242475499330409
2016-11-21,0.40844139908716043,Neutral,1.947815981218588,2.0847104229257205,5.087760001891074,4.7601554907600345
2016-11-22,0.3111044984461308,Low,1.4122519073415774,1.656350071219381,4.833491037700188,4.841960479581826
2016-11-23,0.5432438253520262,Neutral,2.5993710570008504,2.76441044425953,4.833542103425115,4.988938609346342
2016-11-25,0.7121206413593739,High,3.4224328591722397,3.6093875924162035,4.920552438352538,5.019815684600267
2016-11-28,0.4652557873324708,Neutral,2.1659131888672314,2.425376893441389,4.268391598692973,4.6829022852854205
2016-11-29,0.4007150461534029,Neutral,2.0966376788780385,1.8672049822079997,4.075360599385274,4.4744087595725075
2016-11-30,0.6846727418293554,High,2.817715747925832,3.923722061087607,4.608775637078222,5.2739043712490465
2016-12-01,1.3254789114906482,High,5.880494875822155,7.3665402640533735,5.783342868487653,5.855202939962233
2016-12-02,0.4356656913610714,Neutral,1.99020643676799,2.3210544851743036,5.302869808537371,5.036355666434722
2016-12-05,0.5531458700103283,Neutral,2.3210100913827145,3.1455439023635186,5.376373080395887,4.546520442839626
2016-12-06,0.29125824467187006,Low,1.2179130941256324,1.6603451831298504,5.119714937839081,4.6960535848513105
2016-12-07,0.9062117536043868,High,4.605751064709024,4.378390180142262,4.795100794764483,4.473308380047677
2016-12-08,0.4895202586941879,Neutral,2.260453716054336,2.5845965892101717,4.491648204621973,4.668423734724986
2016-12-09,0.506365898844549,Neutral,2.3127820263738124,2.698100060423009,3.3219022930058437,4.691610625488538
2016-12-12,0.5599940448142564,Neutral,2.3818311521973903,3.1535337107526336,3.339004019686252,4.96991309630113
2016-12-13,0.4929500569912614,Neutral,2.386780309567886,2.4961169578838414,3.0686741896707463,4.711426495851371
2016-12-14,0.645843911177957,Neutral,2.842753146554478,3.54459159346325,3.0454419753230604,4.686850369744936
2016-12-15,0.8508392233345445,High,3.5951729681140776,4.814267792807346,3.238704263224636,5.161544015334575
2016-12-16,0.5049088742717411,Neutral,2.425382064249278,2.5752914561477147,3.407774674859609,5.443071393998715
2016-12-19,0.4259477470266259,Neutral,2.2243734076541988,2.0005541397972038,3.0220496081887163,5.306375989018349
2016-12-20,0.3410960647225987,Low,1.715520464028508,1.665452056593153,3.052212145038025,5.2558680858120015
2016-12-21,0.34718260387036404,Low,1.6738414668962744,1.7649093946515526,2.988988475909254,5.3486287544811075
2016-12-22,0.30391140818310236,Low,1.3221788367809764,1.6829328394065945,2.7266311392046947,5.210404862274579
2016-12-23,0.22422518959954912,Low,1.0574683735038286,1.1625901613021425,2.2948999137419395,5.075294965106022
2016-12-27,0.4453969959984191,Neutral,2.2731297294406136,2.1428484359994227,2.1147246975433283,4.701825800922239
2016-12-28,0.47384451920320847,Neutral,2.541120037417232,2.1612419791971784,2.4239470866604993,4.55734655562604
2016-12-29,0.3625003797533281,Neutral,1.9572800766412197,1.6405879411354494,2.036295601268159,4.4790091595664165
2016-12-30,0.5432836019514107,Neutral,2.850852962314991,2.538400392256343,2.018866907060037,4.2042544541406714
2017-01-03,0.5920982342337693,Neutral,2.878740889371522,2.986684873026681,1.5411182755418895,4.19882271478779
2017-01-04,0.46290675443461593,Neutral,2.0287046897408434,2.549094447199344,1.9420521617402238,4.127218087637674
2017-01-05,0.6533974560926983,High,3.23494175033114,3.239777923201035,2.4449736584496007,4.242031080825703
2017-01-06,0.6625484236586667,High,3.3812697069099245,3.187695941941777,2.10905807969352,3.7005096644307067
2017-01-09,0.71030302768436,High,3.392538679477919,3.6416938249187703,3.1501766085718197,3.641011859981011
2017-01-10,0.4093524784567281,Neutral,1.924776671303046,2.1280275193805744,3.018994883888586,3.6235321265765954
2017-01-11,0.2809850618218801,Low,1.3735927977869895,1.410156433642665,3.002406709300556,3.645021035115985
2017-01-12,0.3734125763948925,Neutral,1.7821002642634138,1.9158089302490744,2.675607914366145,3.4103021714503905
2017-01-13,0.31387925374356396,Low,1.4202252509364708,1.68537994357363,2.7863016785027677,3.3878536485152413
2017-01-17,0.5387245569618324,Neutral,2.5675548958585863,2.7673175479312397,2.866120190148499,3.2511346079053087
2017-01-18,0.6809704860786083,High,3.242668808317461,3.5007343705230265,2.3384633919907962,3.2506294105152347
2017-01-19,0.6569511761678847,High,3.0025641485145185,3.4985461853726676,2.2411416422476074,3.6154777422929434
2017-01-20,0.4869022177680955,Neutral,2.4694688846624717,2.3574744476268257,2.4891399618988395,3.5670794643475108
2017-01-23,0.4788698921227569,Neutral,2.292620941564088,2.4498884920805315,2.5958952287577493,3.3143842329204913
2017-01-24,0.5211218200132539,Neutral,2.439883380710378,2.7191276015150327,2.9508604013926245,3.2670293608447105
2017-01-25,0.5193258405440863,Neutral,2.475730507615739,2.651517666916087,2.5797275307841545,3.0096211722155712
2017-01-26,0.4445897892837417,Neutral,2.3357230864765497,2.0625148701772926,2.5777794222584225,2.991093866805093
2017-01-27,0.437050677137251,Neutral,1.918561983360241,2.3896421124634655,2.4871687333421075,2.9563320342137054
2017-01-30,0.47107771142435284,Neutral,2.5333944824985632,2.083893562111401,2.1064614160232593,2.8500531705752272
2017-01-31,0.6531783982641641,High,2.8248825960617983,3.4271695632637256,2.9255102050385253,2.8932444166718048
2017-02-01,0.5055668224854626,Neutral,2.0093905409153114,2.8341055404531343,3.0719634383955396,3.1875130362623914
2017-02-02,0.25993923701961086,Low,1.2093902262489742,1.2765904930298608,2.91248370257012,3.168985926460888
2017-02-03,0.5024180437334909,Neutral,2.435524886525279,2.3670473520904762,2.7146963271468505,3.155258594429097
2017-02-06,0.514335943101671,Neutral,2.3847948380882364,2.5343605622064977,2.424023155413562,2.866411265700843
2017-02-07,0.40822106412837167,Neutral,1.7542317714175455,2.15342906332765,2.5491413562529646,2.178922864901703
2017-02-08,0.5153836573379489,Neutral,2.257336068602122,2.675084721267867,1.994259492183448,2.8556609509544253
2017-02-09,0.6227779187793689,Neutral,3.0130045073914604,2.9402243506131494,1.8685910543562472,2.689534058672768
2017-02-10,0.4723120996517318,Neutral,2.005660459167346,2.4674353981902057,1.4882839983612322,2.788723139925331
2017-02-13,0.45276207975990784,Neutral,2.2945025092802878,1.9753009800865886,1.513972701873746,2.14825617678508
2017-02-14,0.3548461585956829,Neutral,1.7909150594096404,1.4541931140731714,1.5571449461883802,2.228288634313242
2017-02-15,0.8558323333336795,High,4.2464508073165135,3.621159268573681,2.176905076923006,2.629721657079719
2017-02-16,0.35384968513401727,Neutral,1.7567439291592006,1.4960731617020124,2.211825966240961,2.8449253951966353
2017-02-17,0.3940209545907963,Neutral,1.8775146930370703,1.7522701683355884,2.2949964440328774,2.541501823182744
2017-02-21,0.38732233777542646,Neutral,1.8234003610955454,1.7468446915430722,2.3167305220529735,2.5638267165345625
2017-02-22,0.26734398805389187,Low,1.0288265369349539,1.4579379761659366,2.7380347452182434,2.988563705112598
2017-02-23,0.5155186792330312,Neutral,2.4287189823779114,2.3230327601793204,2.7019547673335675,3.2571032238387416
2017-02-24,0.43927916582750337,Neutral,2.123420839709667,1.9203339361759268,2.785734192843101,2.9502090236297756
2017-02-27,0.5036828226036882,Neutral,2.43275819754846,2.2040537757181125,2.918931752648621,2.877375125381843
2017-02-28,0.47195912264780165,Neutral,2.12435673923136,2.235576674262042,3.044286582265171,3.3449823953396485
2017-03-01,0.8102144377169247,High,4.372856332845755,3.1154510821307246,3.46809214152338,3.211537754718428
2017-03-02,0.8429334699876212,High,4.181308652426728,3.639100387593318,3.181131059322157,2.971787662436703
2017-03-03,0.3854564863118619,Neutral,1.7932442338346828,1.7924542519646929,2.8911270406440073,3.2956911578575983
2017-03-06,0.4388531890368699,Neutral,2.090566360618262,1.9879078852426961,2.607492423104755,3.384452274925455
2017-03-07,0.3476667476101539,Low,1.777679906870387,1.4435527096640077,2.4184324826467853,3.0299278783297057
2017-03-08,0.4175856428384944,Neutral,2.2488634984918003,1.6110168492139305,2.3680478335618256,3.1635775188147837
2017-03-09,0.3545214775307751,Neutral,1.6996540522748966,1.5942121118679702,2.912339316413986,2.834147122464053
2017-03-10,0.41009606583294056,Neutral,2.107390745175338,1.6914204769975147,2.312874729598559,2.5393024913907403
2017-03-13,0.4004745820586577,Neutral,1.9796140176319141,1.736390965874421,2.001381454057777,2.332367069527774
2017-03-14,0.4803577975987098,Neutral,2.682155983047735,1.750264285226212,1.761155554905568,2.2280519446683993
2017-03-15,0.778966924359238,High,4.103626716194579,3.1039939678620447,1.5394049465771158,2.571573305643852
2017-03-16,0.5804324808443332,Neutral,2.907340573145856,2.4754154190416124,1.282079702267578,2.526630380764181
2017-03-17,0.2617050124553928,Low,1.277538509489884,1.152123185703496,0.9922469133068803,2.4937242201954186
2017-03-20,0.4121412878910461,Neutral,1.9097929987965008,1.9247529377936774,1.1411000345451527,2.639475146884371
2017-03-21,0.7837503676139708,High,4.755806056255785,2.5971610889936088,1.3980033811914048,2.768633597157316
2017-03-22,0.5711227071875575,Neutral,2.8860776491680533,2.500336311725775,1.3366441987287743,2.9079378049340256
2017-03-23,0.278107358332337,Low,1.4495374329260426,1.171214235302827,1.5880287691679926,2.932280488502695
2017-03-24,0.3483354695901545,Low,1.748942905119393,1.5368558769651441,1.9001545463753227,2.6841721839199852
2017-03-27,0.3532317385502593,Neutral,1.676696398797545,1.660012047361477,1.928268840475866,2.642835217567211
2017-03-28,0.4171618747520691,Neutral,2.408617791779581,1.5110869025207778,2.25332573521948,2.560034591995885
2017-03-29,0.4612778765073228,Neutral,2.366119928400161,1.9826038796792156,2.7009457771864223,2.9865659266046793
2017-03-30,0.3632484896485925,Neutral,1.8057549362114214,1.6215974958301858,2.197327500525644,2.552484094408498
2017-03-31,0.3933347355746565,Neutral,2.0905210230873905,1.6141077523699239,2.025688422753538,2.6011849987192623
2017-04-03,0.38972542831544815,Neutral,1.8107496797548444,1.8725976067342325,1.7849601590491724,2.4263894714078775
2017-04-04,0.49193815524965956,Neutral,2.359656365045813,2.2861068214169977,1.7540461534627065,2.3184489971637783
2017-04-05,0.4880952074696313,Neutral,2.507595990037391,2.0937586699236967,1.4613858245954332,2.3950054873789384
2017-04-06,0.42257597874367003,Neutral,2.0697948162519526,1.9188359988947359,1.7925720406125678,2.2633102423953266
2017-04-07,0.35121704689812916,Neutral,1.9029722211452724,1.4031995589193604,1.6199346245665822,2.2609028245387446
2017-04-10,0.5689996744093362,Neutral,2.831823486844042,2.5366909802438684,1.620016029369394,2.264785373491274
2017-04-11,0.6148988408038112,Neutral,3.136105115163535,2.6617679137084984,1.9684501949291457,2.587200433366022
2017-04-12,0.6385779381809147,Neutral,3.192439873258031,2.831846434546808,2.3564285643343794,2.529699462693275
2017-04-13,0.613323960636426,Neutral,2.9714113096603407,2.8192549430406615,2.1811771034297207,2.4383861819834274
2017-04-17,0.43400305689139385,Neutral,2.5316180397116925,1.5450716749374278,2.0165639983923533,2.620499777624497
2017-04-18,0.6610899614323147,High,3.6403058274851023,2.5799981706178903,1.7939121171835009,2.4539082541787813
2017-04-19,0.6606885523144361,High,3.4858309063602166,2.7381244049454248,2.0707173151477845,2.201583569769928
2017-04-20,0.4595366995829873,Neutral,2.563824603218351,1.758403405211703,1.6366270196384374,2.2681545854387655
2017-04-21,0.36607326734596674,Neutral,1.9026224820946407,1.5473418938289845,1.7163579548356573,2.2544051103552745
2017-04-24,1.0666704633019555,High,5.847300299681421,4.28123260492284,1.885807001789656,1.828276069383058
2017-04-25,0.6761485249308399,High,3.386168018133422,3.0448328581901385,1.730538079766836,2.196773916696363
2017-04-26,0.6090003446969757,Neutral,3.1825423888835918,2.605384733768567,1.8824944120059295,2.2220958597691607
2017-04-27,0.4977217300897582,Neutral,2.474689943563165,2.2598493047368993,1.8605221420778806,2.2492185316683635
2017-04-28,0.6383733575896897,Neutral,3.5665035777674925,2.4929185196644554,2.317750816966782,2.4396176291790894
2017-05-01,0.674342576603403,High,3.557985604677363,2.794590553869471,2.4114216062852636,2.432075683869262
2017-05-02,0.530571081062304,Neutral,2.810532951569894,2.187115925945641,2.544729091628285,2.536654045495499
2017-05-03,0.6365502274233918,Neutral,3.8125152599063603,2.1618968446128526,1.7548597653882374,2.157502587798892
2017-05-04,0.46132135957730386,Neutral,2.439367324582233,1.906203924318373,2.0873111530326325,1.9028134230467881
2017-05-05,0.26489568880467784,Low,1.2448075641383005,1.2580719673679068,1.8253491764001968,2.107516340000776
2017-05-08,0.473981257494277,Neutral,2.225488270282273,2.25303704720929,2.2758224904612727,1.9751412106534854
2017-05-09,0.49920571954987464,Neutral,2.598325862433867,2.106127850462508,2.556231973383544,1.7841369683160817
2017-05-10,0.6956127751054964,High,3.7443262957470154,2.8050079505601735,2.709025716546393,1.565201714408926
2017-05-11,0.40397141315394247,Neutral,2.2161380160697624,1.5853021659160023,3.296013900316905,1.7213808181230466
2017-05-12,0.4444705672885053,Neutral,2.2850947407943085,1.904924105869879,3.154923698580514,2.524032776301676
2017-05-15,0.4563935430686741,Neutral,2.314256138724932,1.989728244848127,3.1130995456447823,2.2107674684066687
2017-05-16,0.5280188264761391,Neutral,2.747670748877942,2.2283446558022453,2.9024310179969444,2.292316147717751
2017-05-17,1.7709869394565492,High,9.037557793561032,7.846832062742779,2.5269620791526517,2.0054146352593865
2017-05-18,0.7635605338691134,High,4.04283058249292,3.2222560750418547,2.253939845645312,1.9369127633809895
2017-05-19,0.6953736357137323,High,3.2206037565932712,3.414846572072458,1.8081107282290698,1.9872152555161826
2017-05-22,0.3774499112623935,Neutral,1.9142554517963957,1.6805822026550337,1.9661810008594118,2.1331716697957646
2017-05-23,0.35933421777228625,Neutral,1.9455588579328416,1.4716314297652,1.8199167178815447,2.1400770048210194
2017-05-24,0.5006879928416614,Neutral,2.5183036139924075,2.2511251284810205,2.0629729917078734,2.6446873387623917
2017-05-25,0.37466623651712017,Neutral,2.0483376863337743,1.5138362538939534,1.7687076456114308,3.0929563268111364
2017-05-26,0.32632224809260035,Low,1.803726525248666,1.2979951009039423,2.0994783578781724,2.8590459836222673
2017-05-30,0.44009124275979783,Neutral,2.190595811237626,2.002555079834427,2.3954616777666162,2.8446409652372275
2017-05-31,0.17446101992164814,Low,0.8439599838905741,0.8193037436597357,2.6668698554950816,2.699832547618689
2017-06-01,0.5126070578688127,Neutral,2.4412519929439287,2.447401862241258,2.154518987225677,2.340735056551605
2017-06-02,0.6962980246021799,High,3.8638431932005455,2.7539039473772866,2.582383271552893,2.6163630728670486
2017-06-05,0.4605901286136276,Neutral,2.416800209107785,1.9665078507567264,2.591153756938769,2.665074173987564
2017-06-06,0.3978409191737603,Neutral,2.134989397943683,1.6491823686887603,3.073971521878461,2.5746803065706567
2017-06-07,0.3825364913449478,Neutral,2.0001637947461526,1.6406232066086286,2.9792924840527935,2.465192893941632
2017-06-08,0.5117060542770868,Neutral,2.433611189948034,2.4465889902038125,2.7325378457913545,2.7529905452675005
2017-06-09,1.5785805862983893,High,8.435523794033065,7.156683982178175,2.379553902327175,1.8669409003908755
2017-06-12,0.39100281100709156,Neutral,1.916612803291707,1.9417385471908808,2.5500862135174125,1.417423506412434
2017-06-13,0.348920434381133,Low,1.7005288691715619,1.6300786607238538,1.954386408799398,1.4787098575087878
2017-06-14,0.8008478176622977,High,4.583631209167023,3.0305682883199343,2.536043179402494,1.4181353178012426
2017-06-15,0.39012615189569744,Neutral,2.0464349836430724,1.671048296897411,3.2555597517338497,1.6949899398305177
2017-06-16,0.618243112513857,Neutral,3.091752217763599,2.8061685983348417,2.7205070158642024,1.5062283430168595
2017-06-19,0.6805560257702288,High,3.574512755857445,2.9102504666942766,1.9305058586883383,1.4919663914268952
2017-06-20,0.5469977389552023,Neutral,2.8609485917503292,2.3517245709102075,2.3148640923040746,1.5861432382568486
2017-06-21,0.5406792604022144,Neutral,2.3766020825648635,2.795928174098419,2.0893383006938238,1.5104959649576937
2017-06-22,0.22490550029107279,Low,1.1077709247080954,1.0385383112027913,2.0994108147602506,1.5950109651288737
2017-06-23,0.30932977512877624,Low,1.3940746777450657,1.5636691610778282,2.014569315967751,1.6558983671915983
2017-06-26,0.4723539812088017,Neutral,2.3103764266075006,2.156230356151265,2.609895858317916,1.875947600602084
2017-06-27,0.973169597843545,High,5.501244355563261,3.6547068507708933,2.998809054286567,1.7232488718993713
2017-06-28,0.46355471885709026,Neutral,2.4424965927581943,1.9299405204115065,2.879509965450491,1.51449457839201
2017-06-29,0.752298877226647,High,3.9211828992618853,3.177480929569896,2.777390241235838,1.2939445906403757
2017-06-30,0.34872787788145204,Low,1.6318479492932265,1.6703654446282663,3.4548037547872155,1.4697851311996553
2017-07-03,0.832707993879931,High,3.6687352655614265,4.230699462355974,4.545254981146135,2.0532822469270613
2017-07-05,0.5441147049260312,Neutral,2.3366987638250865,2.8288031508324893,3.9035934399863708,1.7264177120097064
2017-07-06,0.6293414156443646,Neutral,3.414550516403565,2.5154882407800017,3.772844740463496,1.447263876841813
2017-07-07,0.4764753526251825,Neutral,2.202311674481785,2.3112926171726023,3.559230683170181,1.821914817750129
2017-07-10,0.42300579650452796,Neutral,1.8835018028273565,2.1280764282122004,2.001357641415128,2.049650665339996
2017-07-11,0.2452980999441374,Low,0.9310662340419044,1.4053072208957462,2.153090010804559,2.109193948661107
2017-07-12,0.4521542366739648,Neutral,2.4363844254571423,1.825141445003122,1.9161119944757463,2.123740848635691
2017-07-13,0.35113210848540144,Neutral,1.7150311002125271,1.605446385613042,1.6494774987180416,1.8188952489939079
2017-07-14,0.42204713738204447,Neutral,2.168631267842198,1.815741883978335,1.6768273963272615,1.9167526831748252
2017-07-17,0.4271675933591982,Neutral,2.2584227373241808,1.7703172272604555,1.2213932775934864,1.6419200692622204
2017-07-18,0.4558477962633777,Neutral,2.1736857125519333,2.134274900799588,1.4072573697063904,1.7266068728833637
2017-07-19,0.3438443645179965,Low,1.6453346308856234,1.6038032058310487,1.5178162766991148,1.0648531682409426
2017-07-20,0.228168480471109,Low,1.0905748927131749,1.0655639567493242,1.3424181732725704,1.3046993319607
2017-07-21,0.3949709346226381,Neutral,2.053294179966272,1.6692311451087227,1.5215245704016045,1.3131191362391657
2017-07-24,0.5329270912118813,Neutral,2.6234470800910916,2.4080482919144672,1.5083807634407933,1.153846008262102
2017-07-25,0.5772089317151691,Neutral,3.2088881067961186,2.218790179064607,1.903405547640381,1.2672118607346698
2017-07-26,0.672331916087648,High,3.063682679029051,3.2986252877686923,2.0197605018406346,0.7784824893675755
2017-07-27,0.6342719079145054,Neutral,2.939794935058202,3.0593975936714775,1.6291689748485116,0.9170999801458853
2017-07-28,0.3813206538048738,Neutral,1.763827084660395,1.8430654055507933,1.8810991314714978,0.9434803657228741
2017-07-31,0.40227664399657176,Neutral,1.783903733464612,2.025789497791666,1.9750969654131327,1.398904987745115
2017-08-01,0.3338412422356506,Low,1.809138192366967,1.33286449926004,2.6871094612682653,1.501121880666831
2017-08-02,0.33425602333253446,Low,1.3574182909429768,1.8155354266731005,2.435491696169364,1.8533070883453342
2017-08-03,0.44058597321859866,Neutral,2.1011392359726875,2.0625768628811074,2.5230580732870784,2.185022586000275
2017-08-04,0.4597415107849422,Neutral,2.4140825531265127,1.9174588108437651,2.699314559178695,2.8134470521482826
2017-08-07,0.46961621068037374,Neutral,2.302764819044853,2.1315344689493547,2.6489464320338323,2.618416418993899
2017-08-08,0.4173408483381351,Neutral,1.9279669234888681,2.0197861530319585,2.6275981011662894,2.7610996694787358
2017-08-09,0.489115296801005,Neutral,2.614636580140108,1.9908961026855323,2.643188515057193,2.804291071679522
2017-08-10,1.3818122139849167,High,5.691067762321204,7.54537463372101,4.292505990769284,4.277842422853122
2017-08-11,0.47387737301867244,Neutral,2.24258665240532,2.283769895051034,4.318183618464165,3.129798141672962
2017-08-14,0.7181705114330639,High,3.299635048466041,3.564552450322853,2.9795060249599437,2.5796587506400597
2017-08-15,0.5012779103246502,Neutral,2.7410930709655026,2.0305839893868782,3.0435565817759724,2.581572680427861
2017-08-16,0.41273449386886696,Neutral,2.196006219387829,1.735532680483689,3.0055640180175587,2.583839897562565
2017-08-17,0.9883078937607779,High,4.80024779024772,4.7419783280066685,4.172145574985977,3.459398591176365
2017-08-18,0.5837039639559348,Neutral,3.0647136581910943,2.5659519862405484,3.756288674775071,3.2081042990006967
2017-08-21,0.39963753597264123,Neutral,1.9261015727858402,1.9327743666780257,3.567032776860657,3.0779367563049966
2017-08-22,0.5016519774737542,Neutral,2.7399787237129494,2.0968385668747476,3.3315962634454466,2.9873407708958943
2017-08-23,0.4656017437843639,Neutral,2.4982140394688095,1.992003978123889,2.9673581643052485,2.9262207086175267
2017-08-24,0.38409923522428757,Neutral,2.04276595631441,1.6618497610506289,2.4460466037228734,3.108702790117404
2017-08-25,0.4725858878655309,Neutral,2.2856986545771134,2.277385486672812,1.7390159887267005,2.857856687544078
2017-08-28,0.553015641446552,Neutral,3.2351689172923477,2.092152964210602,1.4007657149347876,2.8972727744104367
2017-08-29,0.40897324166732424,Neutral,2.1352315499785997,1.8101705733925422,1.6208807341732006,3.110899872109834
2017-08-30,0.5656563098888829,Neutral,2.874404462661712,2.584272242748311,1.5054803106993602,2.639545805616331
2017-08-31,0.5552819231614534,Neutral,2.959059075666762,2.396474323836226,1.995147408188361,2.4524485655224755
2017-09-01,0.42297246701402996,Neutral,2.245233752115461,1.8344063258666072,2.323147706597324,2.6248248991629994
2017-09-05,0.8394763454136795,High,4.271380457914023,3.829582421254871,2.8142371918815923,2.427888678230913
2017-09-06,0.48688908841159706,Neutral,2.5921506934300607,2.103807580099377,2.0486372528962122,2.337649052521112
2017-09-07,0.42447902400673165,Neutral,2.281502311509323,1.8120454373749952,2.1809245449938723,2.47335507441812
2017-09-08,0.4942206477425043,Neutral,2.3166235096263383,2.456981697790378,2.420269063527947,2.4524070321758504
2017-09-11,0.6285121517289791,Neutral,3.687552345386415,2.2841210971199284,2.1643142144121006,2.053171770678494
2017-09-12,0.5623337353329436,Neutral,3.2005596893846042,2.1467237313596255,1.7350558262355251,2.289338396319038
2017-09-13,0.3981052603106007,Neutral,2.259953402400047,1.5259281744795,1.8526117663529402,2.210255326139196
2017-09-14,0.5994554820186506,Neutral,3.0589733592619197,2.6569965242218094,1.4589157733966203,2.099300814885891
2017-09-15,0.513062490337733,Neutral,2.749896965628047,2.136432025152104,2.391982578731144,1.7541859650842309
2017-09-18,0.6345433619202843,Neutral,3.3262980141952374,2.720318647962937,2.095738931689429,1.6530209213911482
2017-09-19,0.1800735952977452,Low,0.9168644615717666,0.800276465723215,1.9569501267997187,1.8050467255366762
2017-09-20,0.6093535735662787,Neutral,3.021030497055271,2.7932539091668183,1.7787909650962235,1.8883316988453152
2017-09-21,0.5443900678545243,Neutral,3.0536172548183598,2.12503113498038,1.8820130339431176,1.28834160638187
2017-09-22,0.26218808827917484,Low,1.3054029749511455,1.1960775202317369,2.113853137300462,1.334825412711379
2017-09-25,0.6008448516013704,Neutral,3.014650637582046,2.716853626335738,1.9385631888254502,1.3620209213874401
2017-09-26,0.4809742107906857,Neutral,2.7852752091410347,1.7862282169210137,1.7260193317314656,1.261351622285678
2017-09-27,0.7684806445324972,High,4.025724677089736,3.2973105867314976,2.2774017042430206,1.8620716162979525
2017-09-28,0.35191522964974464,Neutral,1.6546626809821219,1.707220358299847,2.44757383742412,1.6465608787509416
2017-09-29,0.47314678740971977,Neutral,2.431096419631394,2.0797447924252053,2.7054991539767768,1.29151251408052
2017-10-02,0.4643283828546947,Neutral,2.4777447841733165,1.9449348853490824,2.669004527291753,1.2774694102394026
2017-10-03,0.21601681372607331,Low,1.1215113042009397,0.9374137318631249,3.03997905192172,1.394298899517363
2017-10-04,0.13390774505362582,Low,0.6121755138753432,0.6567424152807039,2.7474457929712988,1.3571805291612065
2017-10-05,0.4502943136930665,Neutral,2.5082691677014353,1.730600442307749,2.8682430131056895,1.3499754056198425
2017-10-06,0.35914614079395585,Neutral,1.8727705524118106,1.5160685098010973,2.4709777513836486,1.6091470820795417
2017-10-09,0.4480348970942184,Neutral,2.2065666393349654,2.029129865108395,2.134514012575818,1.9782678877436937
2017-10-10,0.25125352846333726,Low,1.299587297336413,1.0718582578726263,2.233746502933382,1.7820505231634045
2017-10-11,0.23648491313045678,Low,1.2186041657006828,1.0108633787747012,2.2247464700802215,1.8879866793979618
2017-10-12,0.1997688166166661,Low,1.2297484189434122,0.6416408857382477,1.834561962105783,1.929392526696545
2017-10-13,0.38562579143165904,Neutral,2.0487405137495713,1.583085457578085,1.4167628566995203,2.0379185670169484
2017-10-16,0.4234915867429987,Neutral,2.0564868344594425,1.932155900809507,1.2221853501881883,2.313032054699326
2017-10-17,0.38027871584635864,Neutral,2.0777295881572444,1.4876401334866578,1.376131322562366,2.5093098802146723
2017-10-18,0.5820709933831895,Neutral,2.5751170470096496,2.9128277137241625,1.8585667249496796,2.769353216016365
2017-10-19,0.404949793604079,Neutral,2.0585221795750974,1.7459521255131483,1.7243487366534387,2.4106270262259506
2017-10-20,0.4785928918793349,Neutral,2.6746390426171254,1.8094675423762931,2.107012052149227,2.169785434544695
2017-10-23,0.638332195994401,Neutral,3.1446066926800786,2.8575559559351333,2.590512547275952,2.344025174068104
2017-10-24,0.5956894675699617,Neutral,2.757558698814714,2.8525990872861673,3.139057495923593,2.5900092766495013
2017-10-25,0.6401568627977982,Neutral,3.8416508538669816,2.1428353226887085,2.9280419868047316,2.3239997019792447
2017-10-26,0.4813633861669572,Neutral,2.4187975391402445,2.105002909483646,3.1793074087492084,2.630428205169674
2017-10-27,1.2433023533428038,High,6.209158419926412,5.603216282672551,2.7971852698539785,2.0146049005164577
2017-10-30,0.504940422927646,Neutral,2.7374134677315247,2.0522831451475407,2.9006650252462745,2.2650376644552725
2017-10-31,0.3608038301119971,Neutral,1.8359352869665762,1.5907852187330749,2.8247472662343003,2.0156040650367837
2017-11-01,0.4436041501424566,Neutral,2.2380308966235987,1.9757640039508542,2.953473100375182,1.7407704377782967
2017-11-02,0.4658239376693125,Neutral,2.2857408703540547,2.135755288730068,3.2315659280170332,1.9903350851407906
2017-11-03,0.49931020053443786,Neutral,2.4292467224320617,2.3107741307121996,3.2521788774687486,3.062283006985557
2017-11-06,0.4312011399850555,Neutral,2.2547879060928064,1.8335317504013735,3.079268349168851,2.9860872642150933
2017-11-07,0.4340636192226174,Neutral,1.9514649853031723,2.1394440533274164,3.2215476993429832,2.3141250339863224
2017-11-08,0.26007744203713884,Low,1.4464856985966108,0.9906249525473797,3.016758913418826,2.14021165137016
2017-11-09,0.6154353492039257,Neutral,3.3444259278109247,2.327612179460911,2.689145470515454,1.7639700741277118
2017-11-10,0.7810216595081917,High,4.167654265079686,2.8795076408668345,2.586677454528916,2.186251892255821
2017-11-13,0.18744298790693184,Low,0.85844714674641,0.836187967134068,2.3208702691200807,1.990650564529177
2017-11-14,0.36566194496040805,Neutral,1.871443719215125,1.4081585779026926,2.1418917986515247,2.1379743975753036
2017-11-15,0.6641153703143821,High,3.4334133054115688,2.5183958260710826,2.378747361772237,2.2520274397141202
2017-11-16,0.6056823264676724,Neutral,3.118186314367625,2.311698821050455,2.2823084556099427,1.9547656689982074
2017-11-17,0.7368623901659049,High,3.7735723678513207,2.8349944272154555,2.4552254951639396,1.918659723602319
2017-11-20,0.7655371530424686,High,3.819515487370216,3.0596939979948545,2.6996385395650635,2.289266291620578
2017-11-21,0.5160397900147741,Neutral,2.761739768963409,1.850482078702045,2.8046747500850233,2.446625009886343
2017-11-22,0.49975525276271454,Neutral,2.539394125331685,1.9453317277124926,2.6637981950370406,2.183918928379723
2017-11-24,0.4674937785060579,Neutral,2.364339683414947,1.8323620990048208,3.1173798893446594,2.251398631056479
2017-11-27,0.5384155236649779,Neutral,2.6953383673181683,2.141726080674199,1.8029947991195792,2.175865352777353
2017-11-28,0.9825471718445185,High,5.511540615435495,3.3223217676748003,1.7228189202648716,2.3414744272595067
2017-11-29,1.3702245540916806,High,6.730065608729811,5.971532704255871,1.8805494236024118,2.5997579892728173
2017-11-30,0.9828022897578185,High,5.2100696265071855,4.012448858824034,2.448755096529564,2.953848811944664
2017-12-01,0.5776213679507933,Neutral,3.0191581876407354,2.3139843580646637,2.7369899532253834,3.1869558509085043
2017-12-04,0.7189461580568848,High,3.2068890736439384,3.475298820341318,3.857289521635391,3.229018279448213
2017-12-05,0.5955486282565199,Neutral,3.2711586958887904,2.214805278015447,3.760486621906278,3.040675537011331
2017-12-06,0.3628087416691344,Neutral,1.8139123761738134,1.5424928806744311,3.295012457578288,3.0883894456726826
2017-12-07,0.5597715298925525,Neutral,2.8483399095355084,2.218836260204921,3.326088006609427,3.181609600184824
2017-12-08,0.5431302821021522,Neutral,2.8001245795035024,2.112111472205103,3.2758969677261116,2.972188098049683
2017-12-11,0.35118986041547345,Neutral,1.6407064844040886,1.5555932947262385,3.3407050879495777,2.783934995298246
2017-12-12,0.512356663868299,Neutral,2.225332621983448,2.457651296945882,3.7727669130663397,3.2000137707005862
2017-12-13,0.602955947352761,Neutral,2.932239622299347,2.5418706573713035,3.856794457177102,3.4178776364047776
2017-12-14,0.4994193868993513,Neutral,2.5534681939108443,1.9659454427773342,3.8452043152026336,3.2344125195688895
2017-12-15,0.6296999496546551,Neutral,3.32835259703878,2.3571859048282815,3.9555173564269563,3.208449839055021
2017-12-18,0.6867175259386288,High,3.551513446715919,2.658058059157886,3.4308958120752893,3.1786436708459305
2017-12-19,0.6654102640891032,High,3.7550234860092253,2.220597200548713,3.4235077800070024,3.183870456565386
2017-12-20,0.6510527291610724,High,3.1647563873762996,2.740885123684556,3.202403869390663,2.739332664912776
2017-12-21,0.41692663770453153,Neutral,1.8609332840353747,1.94015938620884,3.429271161441031,3.072858528981887
2017-12-22,0.26785237026236697,Low,1.4119131168020198,1.0050300321969359,3.635581449297806,3.226845429474525
2017-12-26,0.3806739914439107,Neutral,1.9063439153650323,1.5402450742681406,3.4781861515995645,3.2999372648269283
2017-12-27,0.5187185183527858,Neutral,2.511311053567438,2.1951160961713128,3.039971059510511,3.260702914451261
2017-12-28,0.3048677003165823,Low,1.6365671036272342,1.1109611132525474,2.4627005612118884,3.210061629954315
2017-12-29,0.4664769457853445,Neutral,2.6912491505084533,1.4910675412211611,2.0290233971748006,3.280166413849
2018-01-02,0.9672409993234561,High,5.034026058732972,3.8906731192160087,1.938053789120231,2.979814439679682
2018-01-03,0.4932030935845412,Neutral,2.505745713151244,2.0498000143467188,1.9844533348747548,2.6965772968985937
2018-01-04,0.4039201331242176,Neutral,1.9914354683063495,1.7441782865118063,2.1594264388142443,2.727477068903131
2018-01-05,0.47438899393203315,Neutral,2.404973413919393,1.9771982917664688,2.4646446943816276,3.0304491198775794
2018-01-08,0.3714251234085141,Neutral,1.9103984873807542,1.5185014994265393,3.114121988350377,2.887671382454797
2018-01-09,0.6312866420479935,Neutral,3.0361121113721268,2.8082400860805103,3.068663312982675,3.184406697976621
2018-01-10,0.4455478047093582,Neutral,2.3196720645592985,1.791318853622524,3.025437340413288,3.2996406128387203
2018-01-11,0.7718920438504949,High,4.217735982591346,2.8888240308069464,2.8589976015477383,3.3578449135854522
2018-01-12,0.7460792967275486,High,3.7039002162620625,3.1941424420300226,3.478636931535355,3.793311529666901
2018-01-16,0.7642571915895875,High,3.640803575468731,3.4372898677065344,3.816516671829812,4.024017546263729
2018-01-17,0.8453037036644425,High,4.0424061641156985,3.785079636972431,4.127204525942821,4.327329494768542
2018-01-18,0.663715102638579,High,3.3994603584830076,2.7289029048587756,3.7134899205392866,3.9382094852079956
2018-01-19,0.5078143340015882,Neutral,2.4606866430987013,2.239140293347018,3.3767736798916523,3.799937602270057
2018-01-22,0.5131638183063189,Neutral,2.4404331371163637,2.312511754032634,4.115136093957129,4.083477646030726
2018-01-23,0.4571440492148827,Neutral,2.2320930576572406,1.9974563420004463,4.082672362718186,3.99499874433107
2018-01-24,0.8388224206060404,High,4.394808340579567,3.355470129685135,4.16260524437558,4.5768279128493745
2018-01-25,0.792334222706426,High,3.7097955217597782,3.6441713090706847,4.119611573385207,4.793288150453124
2018-01-26,0.7349755742708978,High,3.474528415436538,3.3051338001727295,4.333139245043493,4.747540904694685
2018-01-29,1.1453552879677196,High,6.104506010913755,4.669812861298272,5.204681108014553,5.384660278467517
2018-01-30,0.8292552715232192,High,4.507336267983423,3.2915813236305373,4.873739609105922,5.17056831334568
2018-01-31,0.6367756821251793,Neutral,2.897675386967151,3.102985071055145,4.518696670205297,5.116344667554473
2018-02-01,0.7692818997717294,High,3.6051935713791035,3.6419211121336534,4.295107204930059,5.300697149373634
2018-02-02,1.3664784794476348,High,7.646431346645192,5.452084340193275,4.910012984967946,5.755079332913818
2018-02-05,3.658446068681279,High,17.557562981744805,18.038644506281358,9.926583535272442,9.491542381657618
2018-02-06,1.0679238915944886,High,4.94060516367559,5.53708058121583,8.366052306090713,8.4185898260838
2018-02-07,0.737485644601594,High,3.2792752513127152,3.952567396443271,7.009162650698624,7.364109179483596
2018-02-08,1.3280411816299205,High,6.657220386590656,6.590898324413933,7.086066006957436,6.793106531829486
2018-02-09,0.690251943925918,High,3.007629214049678,3.8563392555665525,6.468980072948595,6.293453572846486
2018-02-12,0.631288874211217,Neutral,2.650589299496653,3.62222522323668,5.758453738088324,5.966382015997336
2018-02-13,0.266079716596558,Low,1.2623415393339035,1.3885476204034009,5.027674342638345,5.498241895509252
2018-02-14,0.898781628861089,High,4.5877324951236975,4.382188262604882,4.504935705372906,5.286559112994407
2018-02-15,0.6396203583752349,Neutral,2.9179302659067714,3.4488480357959856,4.408710472823737,5.5869062476788836
2018-02-16,0.3630825337082481,Neutral,1.626147382232307,1.9865206038877405,4.397093963139291,5.715181565008026
2018-02-20,0.7671035103355296,High,3.615445231683396,4.025877209563046,4.42761995109988,5.797153875668394
2018-02-21,0.6268288241995076,Neutral,2.6005294189696078,3.626460408290376,4.333012564345652,5.478614442240213
2018-02-22,0.4565245820785878,Neutral,1.7919681130747918,2.73829204664741,3.8778849503843102,5.131184444306238
2018-02-23,0.5855679042331481,Neutral,2.73074225723635,3.1008555194354606,3.85653277651488,4.837531631587186
2018-02-26,0.5023258424591062,Neutral,2.016895131148054,2.9700394483738983,3.6664169965786577,4.616828664240983
2018-02-27,0.5825642139572951,Neutral,2.6996531592121933,3.1012095150921746,3.1591829216642417,4.748632109300801
2018-02-28,0.5135031184086782,Neutral,2.3719093838733323,2.7409090295909047,3.1427559454597986,4.4603730363521095
2018-03-01,0.6457924815946634,Neutral,3.1004400243215677,3.3352008092315373,3.89323242154335,4.748662943297564
2018-03-02,0.6828719143227653,High,2.5960306133898037,4.176296435183632,3.9422508640205467,5.05826295687451
2018-03-05,0.41025601045438465,Neutral,1.777101291988169,2.302040479839466,3.1474579276635186,5.079984571088915
2018-03-06,0.5147251635326446,Neutral,2.7154166212959954,2.4258224916832094,4.441540709167954,5.167125688394772
2018-03-07,0.41523713471569823,Neutral,1.9135125431278537,2.207736899265695,4.079835563213493,5.194088556788954
2018-03-08,0.4317566131085151,Neutral,2.377600146108911,1.928421615605935,3.889719199904742,5.0573505288060145
2018-03-09,0.4704291522034512,Neutral,2.1698013103520273,2.499336342645204,4.301882361887394,4.954204222237555
2018-03-12,0.506593244854025,Neutral,2.1886867297040986,2.8314530641219924,3.6998346020506023,5.27393622837183
2018-03-13,0.4612251417341011,Neutral,2.152771704356838,2.4263776692260555,3.4748285262891,5.213835051370719
2018-03-14,0.4755546637384491,Neutral,2.1041496079777096,2.6110692522581136,3.637470979971846,5.359470714913813
2018-03-15,0.42868674823474273,Neutral,1.7258625682953506,2.5154813950539996,3.0063114680227585,4.857327596033675
2018-03-16,0.2953537545867596,Low,1.256664272518956,1.669135296980605,2.847014604454075,4.359855204648067
2018-03-19,0.5261282579277597,Neutral,2.322666610717885,2.893717679742973,2.6863123067720673,4.485071511058079
2018-03-20,0.2997019058321843,Low,1.286045631273943,1.6834109017195034,1.9543757240578452,4.268200135616823
2018-03-21,0.6519619362549482,High,3.338155334685179,3.150507083109529,2.2972008949269096,4.391405576468524
2018-03-22,0.7963592453187389,High,3.4760832787785936,4.417427822693775,3.303006137405019,4.842678119949526
2018-03-23,0.833904868620138,High,4.004665131216078,4.280565487484516,3.7220865406900434,4.776019228266465
2018-03-26,0.7719383046990913,High,3.1150274721383564,4.510844779635659,3.326697013501665,4.534341540495386
2018-03-27,0.94063787272845,High,4.497895026184846,4.841337229015644,3.2253009209426664,4.236227517640587
2018-03-28,0.6250080400528909,Neutral,2.939143855197497,3.263613542305362,3.0561355672784334,3.9683627703156863
2018-03-29,0.6819878364703512,High,3.670234843188459,3.123344056400353,2.198485110829241,3.7145781153110278
2018-04-02,0.6685812814104094,High,3.0967729750283404,3.5358311790750543,2.764069741250882,4.011943976741708
2018-04-03,0.5238317566258358,Neutral,2.3953015940646236,2.799630476711255,2.7058611520321576,3.829141809070046
2018-04-04,0.42208659485669875,Neutral,1.9391056589001303,2.2472967571398064,2.195688248723795,3.646093085841529
2018-04-05,0.539066296338685,Neutral,2.486760805615714,2.8604473706483513,2.338728093985735,3.406621021702053
2018-04-06,0.6243365138132178,Neutral,2.7979258078730718,3.390614066496888,3.039713506283831,3.424046226196424
2018-04-09,0.2537622656000634,Low,1.0010430766743321,1.5068457115035927,3.5648123905889495,3.4723246202557494
2018-04-10,0.49126689835708437,Neutral,1.8031451517571142,3.0445858649210864,3.1197678632942814,3.3113710279886757
2018-04-11,0.45076398975613063,Neutral,1.8689257133979689,2.5908619678520624,3.032567287791303,3.3570263728132224
2018-04-12,0.4899981542116678,Neutral,2.25617001613508,2.6040804849274193,2.865418741351377,2.831384999952989
2018-04-13,0.4002886799130356,Neutral,1.623940722353943,2.334498686637268,2.719418576799332,2.7344617636430146
2018-04-16,0.28091640792091377,Low,1.2538609832868524,1.5303585957425239,2.5426743897040702,2.429869101846974
2018-04-17,0.4660077722157694,Neutral,1.9278411193557807,2.682531584374959,2.338587023997898,2.2943026921147927
2018-04-18,0.4363828844893068,Neutral,1.9616086019313728,2.364227329496807,2.442579569605454,2.3403808650570097
2018-04-19,0.8444831141606837,High,3.6235692826939743,4.738300431047102,2.996342032021946,2.48917522137357
2018-04-20,0.46737637262579745,Neutral,2.0068549098772515,2.621070820862225,3.3531127321296514,2.499933064844998
2018-04-23,0.4250819085765179,Neutral,1.951504487300502,2.264531988100522,3.336582371255958,2.532739686504044
2018-04-24,0.7260356385235116,High,2.9732654419153484,4.134324489200242,3.566527492386067,3.179065414672185
2018-04-25,0.2936557412499608,Low,1.3448976776060628,1.5317931452729963,3.2970842296054905,2.8329046221860033
2018-04-26,0.5615132076164016,Neutral,2.5263473897851836,2.9728881789192267,3.3357683121665738,2.211264648604511
2018-04-27,0.38541986077368007,Neutral,1.7839894453734328,1.9922262681233316,3.1894678116818187,2.390895308444499
2018-04-30,0.35455755455968097,Neutral,1.5248087644563544,1.9453744713833805,3.043689871541594,2.272887236980081
2018-05-01,0.5264811063463901,Neutral,2.246115422985328,2.9061784160391255,3.531844568418259,1.8585749664949407
2018-05-02,0.3724414341878758,Neutral,1.5566990581366569,2.087106084802195,3.411333401323639,4.067257405715664
2018-05-03,0.35048319007235584,Neutral,1.5102063926543698,1.920191272937979,3.1098825767275216,4.125317391064479
2018-05-04,0.46799437119474946,Neutral,2.0302981541977143,2.5506864801549844,2.6381568751187454,3.62417445574438
2018-05-07,0.2484179357147977,Low,1.0423843279515632,1.3881565816618457,2.7238035975298462,3.3102923051659845
2018-05-08,0.2448533968457991,Low,1.1937067885272568,1.2071811961339132,2.763181239741983,3.561823274421877
2018-05-09,0.3088753355950469,Low,1.4149058911574066,1.610887683457379,2.8098458423628117,3.229113441998223
2018-05-10,0.5896479622468862,Neutral,2.9987861547831205,2.7868531886979704,2.7535333927374697,2.943948187555169
2018-05-11,0.34766991297885164,Low,1.6615684453458315,1.7464289289712258,2.287030625084055,2.3335551221600452
2018-05-14,0.37736623802992864,Neutral,1.8485068280560912,1.8519995298095127,1.9560939766360235,2.2860681879454674
2018-05-15,0.7505142418364675,High,4.183885051056442,3.1917046113588037,1.9239310440785051,2.1810773165848594
2018-05-16,0.38103595512656285,Neutral,1.8611776056143832,1.875147881018409,1.9870233920152909,2.2834625529389974
2018-05-17,0.3146732387731248,Low,1.367486762350319,1.6803068362230171,2.390789945453421,2.0857705630516485
2018-05-18,0.47844509834758964,Neutral,2.2729752170166435,2.362529143891252,1.89300495120906,2.3055262243033594
2018-05-21,0.42987258956180163,Neutral,1.7476597295500294,2.414983658251083,1.9035916877698726,2.1418921795034995
2018-05-22,0.3846099414706736,Neutral,1.5330733620320494,2.191037850372675,2.0259210607307963,2.574222278507809
2018-05-23,0.44347755122717836,Neutral,2.5579973760578922,1.7421744790565168,2.276647756487339,2.648953851289568
2018-05-24,0.5659965978336292,Neutral,3.048195919582253,2.438320605497682,1.746201829298635,2.5968941095972156
2018-05-25,0.47690999578419413,Neutral,2.5492752642063277,2.073529118402081,2.2509354844635503,2.4322198660412995
2018-05-29,1.2074576365586265,High,6.689668968168987,5.183071151672733,3.1406398890331277,2.2842914379715453
2018-05-30,0.6758945320816149,High,3.580318471061418,3.060726834203552,2.4037117090797064,2.296629226449301
2018-05-31,0.5458120290345605,Neutral,2.3788026984409267,2.968770187300625,2.2953544961073047,2.0956640371855966
2018-06-01,0.5169899678690963,Neutral,2.8508564217623413,2.2322225651156797,2.4915899264805152,2.1459231519831947
2018-06-04,0.4894198407593099,Neutral,2.3740912996177808,2.428196594644042,2.0405996144627916,1.8965175419324367
2018-06-05,0.27342916289231917,Low,1.2592793478684468,1.421655936246657,2.1023943083188468,2.3712914310293756
2018-06-06,0.4856131627159505,Neutral,2.124252921982072,2.633757709619207,1.8557388428711805,2.1830138235805405
2018-06-07,0.5979317915891775,Neutral,2.8257436191663756,3.0390492987154274,1.8386974487036076,2.109841336956073
2018-06-08,0.39101945668307064,Neutral,1.947765400783729,1.890524168999022,1.6401798706104875,2.137098965868434
2018-06-11,0.22953621233836424,Low,1.1908491821794085,1.0354020795630512,1.5557748408511256,2.0310891365590873
2018-06-12,0.4198755197453852,Neutral,2.108131819623525,1.9637717308035871,2.064066945746592,2.1711720979984706
2018-06-13,0.31066664763669005,Low,1.547197529875938,1.465533635644076,2.159823228300451,2.472287438802662
2018-06-14,0.5256866520997168,Neutral,2.515635511119178,2.581651069509925,2.529094020081205,2.846783787141191
2018-06-15,0.6572155205723118,High,3.3060881299233777,3.0675496986886004,2.6507943362069977,2.501135718242976
2018-06-18,0.30909461657567194,Low,1.1975085233362348,1.7978757472219924,2.5280015148393784,2.9396717061238236
2018-06-19,0.6441870971850069,Neutral,2.6891670736806805,3.554731708031096,3.3356208391783424,3.406511192458982
2018-06-20,0.5134079938147584,Neutral,2.271763396114826,2.705325805326184,3.4575564209548575,3.341483308912102
2018-06-21,0.45185475135896525,Neutral,2.3466008215777023,2.0359125698120293,3.5144896016847307,3.549290947050783
2018-06-22,0.4372123393008427,Neutral,2.21777056894911,2.022402337860453,3.183589140842811,3.496331447864081
2018-06-25,0.7683776150417743,High,4.0163986930872575,3.436211779990567,3.5735881553801976,2.80764806135336
2018-06-26,0.3798117275074996,Neutral,2.1059264065582504,1.5786664157683246,2.815657406855098,3.24476025951203
2018-06-27,0.6596127697317656,High,3.268255321043616,3.0034539474110393,2.997431475347001,3.4283738374244774
2018-06-28,0.27891031225887325,Low,1.3409400099639712,1.3103011258223312,2.7105089600842094,3.171753937932103
2018-06-29,0.38851715297252787,Neutral,1.9131353373804856,1.7786180123194961,2.8545240028506806,3.089266975868651
2018-07-02,0.436574881572054,Neutral,2.2361075139679363,1.9096664764216413,3.1136111376097726,3.273274821891766
2018-07-03,0.5499661553833286,Neutral,2.934554093645851,2.284411647259176,3.3127720309730773,3.219146521337372
2018-07-05,0.5096771913889809,Neutral,2.421092484721079,2.4246461502596284,3.3747989287855686,3.1483526607058896
2018-07-06,0.4879524934177712,Neutral,2.256619277378908,2.3844405640226443,3.6319405558529065,3.3599933690991604
2018-07-09,0.5286137703995586,Neutral,2.615714479103297,2.4068721291366604,3.1175647007061937,3.3941945885435465
2018-07-10,0.45387812929037996,Neutral,2.2937057194442834,2.017328157586189,2.8678178773307343,3.199933563271751
2018-07-11,0.7120684584554905,High,3.327098487963598,3.4445572556222457,3.0860152713294804,3.264980117126509
2018-07-12,0.7633814741878822,High,4.074603950446276,3.1695511232439224,3.237493218956558,3.3470273603989544
2018-07-13,0.45072993018584734,Neutral,2.3241330123151505,1.9555859590163116,3.2741910331533797,3.326993232130664
2018-07-16,0.3621753723767064,Neutral,1.9790941516391625,1.4563901074263694,2.7808027119727563,3.129311175734256
2018-07-17,0.4981172292434004,Neutral,2.713327912791674,2.011921668557,2.48853207393605,3.36783816215059
2018-07-18,0.4412996206914166,Neutral,2.2220663998400756,1.9697401575912734,2.3115277501307836,3.4308126504594028
2018-07-19,0.369198986248787,Neutral,1.7804391328263927,1.728895191255323,2.3977729461522372,3.4551238168924034
2018-07-20,0.7034718331507963,High,3.800112974843661,2.874145473002843,1.965173082976404,3.2100503060481556
2018-07-23,0.7364114822797597,High,4.035903950658239,2.9491089729358135,2.0220440937908233,2.8534290898130883
2018-07-24,0.6326816065200255,Neutral,2.9929907653739467,3.022586298214348,2.44738862887704,2.898110176790521
2018-07-25,0.6182436863711642,Neutral,3.277589379310463,2.58995258478035,2.990640903259466,3.287016899790096
2018-07-26,1.2143934765400488,High,5.980999783672569,5.795330748335289,2.502031291949739,2.7439986497202478
2018-07-27,0.604839913608865,Neutral,2.9130449480982565,2.9518606359509336,2.5636518245419126,2.7279345735209137
2018-07-30,0.541277625623816,Neutral,2.561300749798448,2.686984733278659,2.7060320369890523,3.1520528509584045
2018-07-31,0.4169968655605163,Neutral,2.1252497688933296,1.9189310455762392,2.681714857556909,2.9121677842054736
2018-08-01,0.6257348701289456,Neutral,3.0840290261340226,2.983919647495557,2.939015702221052,3.0373025239128313
2018-08-02,0.5671320123330709,Neutral,2.599448727806232,2.8990059785208717,3.0719933717597954,3.327245201717923
2018-08-03,0.3612959313203604,Neutral,1.8499932587986134,1.6540335393011276,3.239818387149991,3.172255067094179
2018-08-06,0.36231835920884886,Neutral,1.9149243403584981,1.5993855072593353,3.1148145625240606,3.3450258255917418
2018-08-07,0.30177227682546304,Low,1.5285778772034806,1.3980568148759174,3.115957977839014,3.280345974294176
2018-08-08,0.2138908856482033,Low,1.2557388929044806,0.8196677771937101,3.0047735104675084,3.1170492854295118
2018-08-09,0.47489622764352313,Neutral,2.2277364889874263,2.3767883011675135,3.0124129014620307,2.9348249009776124
2018-08-10,0.6677327192065166,High,3.0352700357627387,3.3224040462071454,2.883108031892077,3.254651598854192
2018-08-13,0.7356218403588339,High,4.154114320816186,2.8239762339191365,3.2371590228416403,3.366992361194631
2018-08-14,0.4066876303612013,Neutral,1.9567519554049264,1.9119717599917156,2.871148890503612,3.4137116908163403
2018-08-15,0.7577657185543099,High,3.8690435003223134,3.3322511429667885,3.2397317971578863,3.7268159658690636
2018-08-16,0.7851426139082904,High,3.8084938451960584,3.659394711569486,3.452970141651884,3.7213178318026037
2018-08-17,0.532549155790399,Neutral,2.8036285265188763,2.165588011418919,3.096490451790935,3.502687031777785
2018-08-20,0.4748827013870037,Neutral,2.647116598307946,1.7746270543393465,2.997105814445091,3.8535312843537777
2018-08-21,0.5957593704389937,Neutral,3.1562365970313344,2.4015285139949207,2.6173793276050414,3.6298883208597554
2018-08-22,0.4318649558653753,Neutral,2.1919078789909423,1.8402281218676266,2.5567239910868365,3.6326464340517126
2018-08-23,0.3823870721473134,Neutral,1.8785242264874344,1.692263495973639,2.239694322665046,3.3849937800331373
2018-08-24,0.8159418311745217,High,4.5001916279265854,3.0531859051339953,2.0298832992045015,3.0140261266034116
2018-08-27,0.610940511562438,Neutral,3.2679541024182384,2.3820463560497145,2.2539323348106053,3.1915200128917656
2018-08-28,0.35732157418739285,Neutral,1.926986010859231,1.376862880779621,2.3372545236927897,3.222944780883237
2018-08-29,0.4550734069331671,Neutral,2.0030387838511556,2.2240691073680665,2.2448321576526418,3.3078871374616847
2018-08-30,0.4628794672403843,Neutral,2.176639282231425,2.1169802907567012,2.398359903042082,3.5452786225686976
2018-08-31,0.5247526351059345,Neutral,2.8233321347245566,2.013765463232733,2.298166903199982,3.4276212532844337
2018-09-04,0.46553950630944974,Neutral,2.4886879281215,1.80315802390018,1.905199226553854,3.086286287741175
2018-09-05,0.6614834699742793,High,2.988848040442118,3.128739334762967,2.1262660887741975,3.2240567616708193
2018-09-06,0.6430473671446144,Neutral,3.056825548646865,2.8849199108626613,2.5924354401081655,3.2572304118552755
2018-09-07,0.6233190073761636,Neutral,3.519290143784182,2.2205322306679265,2.19627436544421,3.47102933922783
2018-09-10,0.5132828162524281,Neutral,2.4572386272406592,2.2848753145090503,1.2580230198785753,3.5691381798164437
2018-09-11,0.6721711001298295,High,3.2059911421274476,3.004478631603294,1.6117226433891636,3.3115499294827884
2018-09-12,0.4488564844044096,Neutral,2.2354000905693923,1.9084359866576204,1.7033867458599234,3.237223078286175
2018-09-13,0.4091350286919654,Neutral,2.0699347776854733,1.7060513956899594,1.8112282564228377,3.141015262107393
2018-09-14,0.5927774294968678,Neutral,3.0827264967214285,2.3851768837893212,1.908270422943044,2.9983997207628703
2018-09-17,0.6202208768308841,Neutral,2.9220844301052975,2.809670578538472,1.6780639421602375,3.0790490807502455
2018-09-18,0.5081283921766903,Neutral,2.4649359245668814,2.2284147094550346,2.155603955525989,3.105873150145363
2018-09-19,0.6156199362627263,Neutral,2.9326900489042553,2.7554060431651393,2.5783465418289957,3.2044942309716533
2018-09-20,0.6057433595878405,Neutral,3.2064154390936976,2.37910263728727,2.4112068237271704,3.027781377630799
2018-09-21,0.47609438374196944,Neutral,2.254592869417614,2.144813591647349,2.7731604304707247,3.340045043966436
2018-09-24,0.5283960781712386,Neutral,2.7482975402932994,2.1257251621613276,2.7738785012313514,3.318551053733039
2018-09-25,0.6222692183973522,Neutral,2.954550674757542,2.79532871771571,2.495842698954623,2.9928667882735005
2018-09-26,0.47854442779154316,Neutral,2.2255387949842067,2.184662514103566,2.3239167376066376,2.946862594847839
2018-09-27,0.42733763769343447,Neutral,2.047289353648649,1.8892576339627072,2.341382457321828,3.243745159003241
2018-09-28,0.49097606241655556,Neutral,2.5517722610282543,1.9652022056397558,2.5866193253426264,3.4714302438411013
2018-10-01,0.5974157259991144,Neutral,2.645206821609324,2.864363525647953,3.0494775668472904,4.0109143470703
2018-10-02,0.6794396507551351,High,3.2076926006736706,3.0525421992714774,3.3967740701207347,3.563499852388634
2018-10-03,0.7534970322839203,High,3.8659243574007633,3.067699794520212,3.6097680080636887,3.9014054322597116
2018-10-04,1.001432069992317,High,5.294609409896763,4.148975103994223,3.4039739137074236,3.987173978410942
2018-10-05,0.7762944904831416,High,3.9858683064195426,3.332877746368914,3.9153532925607917,4.359920369486039
2018-10-08,0.582339648937021,Neutral,2.801443680047831,2.6859125616194026,4.417282573112251,4.593894887353062
2018-10-09,0.6461484645804318,Neutral,3.2847668685248954,2.8064969048195363,3.456100781448238,3.983517718302847
2018-10-10,1.4902655806720508,High,8.977441819917699,5.54488529620998,4.017921974852456,4.190774858260612
2018-10-11,1.3390243999284484,High,7.81780777876431,5.445914561642802,4.184267624601631,3.7199849278292705
2018-10-12,0.7025510078858026,High,3.291843824114084,3.608036739519705,3.9132083411928136,3.8379561838943452
2018-10-15,0.4617201860909133,Neutral,2.115968476562143,2.397190177940148,3.792853652729591,3.393681216835313
2018-10-16,0.768281062369998,High,4.037137236444621,3.5138819032667032,3.012168782444506,3.011621554813732
2018-10-17,0.4293850028348615,Neutral,1.8864447024697928,2.3041365986205418,2.8643550349996185,2.9239530610672797
2018-10-18,0.5048656634420283,Neutral,2.380538215011704,2.5597042732641704,3.4343308479085084,3.1189559232966673
2018-10-19,0.5120612177036259,Neutral,2.2726642677675404,2.7266360248401265,3.697671282211999,3.6038039605819345
2018-10-22,0.4938476396011998,Neutral,2.1440354739680623,2.673617804794557,3.7052185980833503,3.590236442653718
2018-10-23,0.28405159043899764,Low,1.5181566820545387,1.275676881354095,3.659514944273689,3.7814181763540526
2018-10-24,1.1742349823618738,High,5.922127491573633,5.738926121547433,4.531311327212867,4.45264270820193
2018-10-25,0.9154288343009542,High,4.113335887403145,4.9623581952012445,4.32570174752617,4.173653093188554
2018-10-26,0.8489185707856617,High,3.7990521090278273,4.615753355028333,4.62200929279036,4.612182999943835
2018-10-29,0.7373098962107946,High,2.80369360746213,4.389939577844657,4.490301827289018,4.427194836968285
2018-10-30,0.789143513065981,High,3.6241715187107664,4.090055021459281,3.902073734309246,4.13363580687454
2018-10-31,0.6902958727073847,High,3.125007331703128,3.6193209608619767,3.2702668489298117,4.011308425513969
2018-11-01,0.9236803099652554,High,4.09697752468376,4.957758064164651,2.923773056627615,3.807845474347447
2018-11-02,0.6296218214967214,Neutral,2.907836980690242,3.272699191648098,3.357315052317204,4.251299247476249
2018-11-05,0.591259272631066,Neutral,2.4714131744312895,3.3135821826641116,3.02466114738823,3.8238704854576633
2018-11-06,0.2511826963906371,Low,1.1553596448445456,1.309973138270383,3.065135010066984,3.8955596754243187
2018-11-07,0.770807027178779,High,3.18689175766658,4.352272300401352,3.0418825323865333,3.854771141201206
2018-11-08,0.27917303747601485,Low,1.2549612523446627,1.4829619926371822,2.6867336721703308,3.9318103345596396
2018-11-09,0.7044083248676141,High,3.577401762796282,3.360971375486369,2.3659406878774094,3.670422893228828
2018-11-12,0.859069848055555,High,3.670980511795882,4.743269561462786,2.055399513666698,3.373594463958179
2018-11-13,0.5670478972397504,Neutral,2.7678960104205554,2.8111270114242055,2.538583094221422,3.4570561612627926
2018-11-14,0.46758627907055106,Neutral,2.038042969283509,2.5446783857104176,2.738941380900206,3.76435333588014
2018-11-15,0.49765997107909477,Neutral,2.220002049735233,2.661156680978521,2.1496113677151394,3.6240406513433956
2018-11-16,0.5798166938541508,Neutral,2.964759480968105,2.7496521174037105,2.459305281194342,3.7101575455369225
2018-11-19,0.7699566430364384,High,3.205093504422567,4.3301551135372645,3.220565852085428,3.903464520762853
2018-11-20,0.7907657199961624,High,3.3575883009425787,4.386088993563664,3.8404428239278374,3.952679715937763
2018-11-21,0.42883086147611493,Neutral,1.8464802998955763,2.3547642650556178,3.3231620899695336,3.7918719102359226
2018-11-23,0.3140260742429841,Low,1.331572544467598,1.7434398764502665,4.461115385461581,3.9939052024394
2018-11-26,0.42754433012290494,Neutral,1.7891335401065454,2.395748519739081,3.479845684995397,3.709903989630125
2018-11-27,0.4340029645396736,Neutral,2.120907638582947,2.149300819306423,2.6103414119201,3.595800768525726
2018-11-28,1.009917065141619,High,4.353390664123801,5.456714807769636,2.0639062634561087,3.556245538404341
2018-11-29,0.26589359841629934,Low,1.2432058643752004,1.2848469110054135,2.105203325196785,3.247999841338512
2018-11-30,0.38363297935825585,Neutral,1.76687392451408,1.801511189470315,2.297539390004627,2.8693427204428836
2018-12-03,0.5964184985185499,Neutral,2.6978215417583686,2.85214962667139,2.624766918449662,2.8883693210374726
2018-12-04,0.9791339467927729,High,4.062107727354769,5.066784240587595,2.53646249551628,3.2149959819714216
2018-12-06,0.6064537710655487,Neutral,2.8827384784981307,2.753936700283328,2.443520516868471,3.1972520456398903
2018-12-07,0.7258437133420284,High,2.739837927350387,4.040513701118616,3.480509371790992,3.3940400263557864
2018-12-10,0.5100411008275223,Neutral,2.289210529064937,2.457832549937146,3.4080827491535826,3.4064864347809727
2018-12-11,0.47332665188846795,Neutral,2.466419205935013,1.9225442532234955,3.2228337294378773,3.4202892286535205
2018-12-12,0.33536044213986116,Low,1.4110004800040663,1.714767860136714,2.7648574097943333,3.2061585550229177
2018-12-13,0.39853937163288533,Neutral,1.336001507129223,2.3949493237530457,2.5090363488144227,3.3666270580813475
2018-12-14,0.7345417077729647,High,2.8648984613448136,3.99228897583703,2.8172639083488313,3.5401499672947567
2018-12-17,0.6040204896487587,Neutral,2.146041053319853,3.5027310875106052,3.83136651151807,4.047297923530272
2018-12-18,0.5718918280462517,Neutral,2.5690174173545937,2.7535758948640763,4.071281779342145,4.076875445679509
2018-12-19,0.9379891482770251,High,3.824239682359189,4.9863307872258025,4.57626741568765,4.438132663512914
2018-12-20,0.8183530664932097,High,3.4463596106587664,4.233752487815634,4.430517127291491,4.5693947206297585
2018-12-21,1.038615196603243,High,4.533838589443576,5.246834239160286,5.001484255657084,4.891017900849097
2018-12-24,0.797459895361107,High,3.048342160966774,4.488769631476319,5.46518653068159,5.4732757923474145
2018-12-26,1.4265040744983062,High,5.623286107215272,8.12002558154904,4.019414652861476,4.144697016594687
2018-12-27,0.8189988108046664,High,4.146251706942033,3.720849840687277,3.580009666702493,4.069342842676271
2018-12-28,0.5629468227775671,Neutral,2.5038433950174452,2.9124904420613262,5.056042470281005,3.990545319663417
2018-12-31,0.5496183643205692,Neutral,2.7926444726299646,2.4865963158297335,4.519459425898045,3.9410293942182015
2019-01-02,0.425748004783166,Neutral,2.0240085387634688,2.0689643257160246,4.931861577353584,3.897783556374521
2019-01-03,1.3565767949775214,High,6.8066219531819065,6.253201086717353,5.685423515679584,4.4823671598170485
2019-01-04,0.9726822393265573,High,4.396108262713274,5.011573877572472,3.928862074330212,3.8769787803157065
2019-01-07,0.4647127591664637,Neutral,2.1260453563516113,2.367682756332002,3.445575672428609,3.5012531486542606
2019-01-08,0.48973738883255913,Neutral,1.975246951299441,2.770006607000339,2.7083164638722197,3.303779463375734
2019-01-09,0.43250657623270294,Neutral,1.7277819375677197,2.4635385835416863,2.4962256686327127,2.607545118110501
2019-01-10,0.5459204082964417,Neutral,2.7981942617132622,2.469993545511015,2.86140213063306,2.6861426079878163
2019-01-11,0.43129094009348223,Neutral,1.85351361806185,2.3213305133212567,3.147653884012575,2.6569005256285254
2019-01-14,0.3627870741240637,Neutral,1.7391548235313679,1.7661058213374532,3.0761075095534323,2.71164649086503
2019-01-15,0.5933079033836042,Neutral,2.12825539484483,3.630051979024439,2.740971035102626,2.5095345323149965
2019-01-16,0.47784479400957636,Neutral,2.182081308322181,2.438777704760206,2.9446723180341348,2.383107058308559
2019-01-17,0.2820279123124798,Low,1.3111280614205947,1.4153048668038546,2.939441290540385,2.2626419456673403
2019-01-18,0.5689729156373554,Neutral,2.5208463702412676,2.984022923154248,3.3857480134291613,2.0048654221108877
2019-01-22,0.5717637538754449,Neutral,3.060677750204607,2.4522254777184593,3.3665995066893335,2.151942432630109
2019-01-23,0.46007184197308165,Neutral,2.0675608491760413,2.3826296354368863,4.118631802264656,1.868282274561311
2019-01-24,1.1457119083178817,High,4.777906417212141,6.448542080544303,4.5251418080321235,2.973280208559452
2019-01-25,0.6983724590246458,High,3.753522593385219,3.0749347355972554,3.165321876861671,2.5336703988758695
2019-01-28,0.34934780488109707,Low,1.5673432614604292,1.8538736308079458,2.5429377314386534,2.2238911758856488
2019-01-29,0.4280578710924823,Neutral,1.8865163929660762,2.297483715791807,2.663180667390855,1.9954298654124907
2019-01-30,0.5422651738531573,Neutral,2.0186166001851955,3.208895829905396,2.803181183446448,2.231805216378259
2019-01-31,0.7895507645826292,High,3.144967409337534,4.417932282113878,3.2636536382071575,1.7446549214847535
2019-02-01,0.5324587360891807,Neutral,2.532611921102256,2.549853011815668,3.829839574002716,1.8925505464047823
2019-02-04,0.45493039940453317,Neutral,2.1746587991098103,2.167309183246785,3.2602801266625367,1.7464353241705204
2019-02-05,0.3978072385272642,Neutral,1.8317791197301283,1.9197051152351394,2.9828576874457218,1.9130184359721443
2019-02-06,0.6797014139753715,High,2.5533152285380547,3.870836299819685,3.241973956571978,2.4850882415983864
2019-02-07,0.37485087899545877,Neutral,1.5915333737785309,1.9190314486002378,2.6584179027975416,2.5633363837922247
2019-02-08,0.3097701899540105,Low,1.2760636320542516,1.6280322775349154,2.3846107317254646,2.4854536810699863
2019-02-11,0.37723859570187845,Neutral,1.8162185117641003,1.6750064423997733,2.1582694794829544,2.7936504863723686
2019-02-12,0.4425306636834069,Neutral,1.70671656434526,2.427394192263948,2.8253015816703395,2.579511327073564
2019-02-13,0.30585017935583525,Low,1.601922931077496,1.2103798480286159,2.9456321094151345,2.204760195388412
2019-02-14,0.4186232944844238,Neutral,2.1095417478605687,1.746801426251833,3.2868585423030625,2.3258514063224562
2019-02-15,0.7108428371291744,High,2.880960114252376,3.6318059210032656,3.1670643890163275,2.170142095164879
2019-02-19,0.5646768873608391,Neutral,2.892871785172075,2.2270384108800987,3.1764925589101933,2.9374715889158893
2019-02-20,0.3496867745680833,Low,1.584665273871037,1.6043047242360529,3.0620834499460914,2.9050550821671304
2019-02-21,0.6685947567036064,High,3.562024822588036,2.4879565356635593,3.24029358267528,2.584366812597653
2019-02-22,0.3813603696492962,Neutral,1.6962993222549312,1.7843517573517906,2.7883534200729643,2.7057959245878687
2019-02-25,0.499913062254043,Neutral,2.5098283370057755,2.0274227867505057,2.548760441425807,2.7654947536244205
2019-02-26,0.3170259562323082,Low,1.4906992863609976,1.395619854291945,2.810031284519658,2.8099877737944325
2019-02-27,0.7266675610159873,High,3.554755280075786,3.0488432720978973,2.5116062215298127,2.015945847301104
2019-02-28,0.3391415873156945,Low,1.746309466713113,1.3278905090119772,1.8252398290646672,2.002302549206847
2019-03-01,0.7574663406511419,High,3.7558588685252188,3.123143440684892,2.188162685776969,1.9910699281709305
2019-03-04,0.5853578444020964,Neutral,2.7464931728367006,2.5833442395180426,2.348073543575846,1.8307978709582553
2019-03-05,0.19599878229205575,Low,0.7506470011416109,1.0489832822769571,1.8942769161547375,2.2853926665190927
2019-03-06,0.40662611961138345,Neutral,1.6675127834648,2.0562767512666325,1.849890024841123,1.9438030526808976
2019-03-07,0.41029393180910967,Neutral,1.8129391088653366,1.9328577099784223,2.2067148334004094,2.1726876368659824
2019-03-08,0.46526750411671525,Neutral,2.1728500646731006,2.0644374516136246,1.677214351154765,2.272420115243752
2019-03-11,0.6233177974856987,Neutral,2.5255750291801573,3.185341973050453,1.9076461705460612,2.5311973009742266
2019-03-12,0.5441414946993612,Neutral,2.1837907326715866,2.803566112786303,2.2675097856807684,2.4467835489112035
2019-03-13,0.34237430710876593,Low,1.451066156403114,1.6801414370778172,2.4737885902666266,2.820723612403451
2019-03-14,0.5335538315419439,Neutral,2.490983178013503,2.368270593582654,2.710581117511028,3.006728891889288
2019-03-15,0.603151600131957,Neutral,2.5544655762882704,2.961861867021707,2.3894061400924023,3.51835866450106
2019-03-18,0.26347525274265976,Low,1.044950077899938,1.3710517190776752,3.030146134515148,3.6820257999899124
2019-03-19,0.389418021255739,Neutral,1.6769676106169196,1.8821259109481632,3.0334143161268856,4.592573173802522
2019-03-20,0.5955330646926877,Neutral,2.637658161260638,2.7987355601533874,3.3732509457303497,4.556688310015939
2019-03-21,0.7242563691285941,High,3.2651127256150168,3.3412544039206096,3.227202893686446,5.34497111725807
2019-03-22,0.8571373393402443,High,4.229835874182648,3.556135606570027,3.660193075959555,5.195492308248414
2019-03-25,0.5068100767665513,Neutral,2.2087610396104354,2.4209065828247214,3.379043801663514,4.119678629446141
2019-03-26,0.47231434875871736,Neutral,2.173793656839965,2.130510367259802,3.2177306142060216,3.549875647765538
2019-03-27,0.6384169594211482,Neutral,3.0732329347160823,2.732812132582033,3.295292381045644,3.6865120452897635
2019-03-28,0.7142649893005351,High,3.4118106820351,3.0108162912326577,3.33859447688113,3.2699911807671143
2019-03-29,0.31529984182603876,Low,1.2621657801311221,1.6000603488071443,3.2066667245077674,3.4056151857256878
2019-04-01,0.6630499005107918,High,3.058346919349746,2.915834269980537,2.335809874699185,4.328304961233756
2019-04-02,0.3852578709838191,Neutral,1.8139821584053308,1.653148226177725,2.5239669652670806,4.17170052182085
2019-04-03,0.6190921074058183,Neutral,2.8955589441915737,2.678120134257149,2.4612657608480406,3.9431633641527695
2019-04-04,0.38258185666615635,Neutral,1.5982031455097556,1.867392576052767,2.3684206245786426,4.04076671713901
2019-04-05,0.3496269097990097,Low,1.5880246620611407,1.56490237001478,2.756344239882877,3.90276099947434
2019-04-08,0.4598137136370989,Neutral,2.1362985165242816,2.0049858396762605,2.55321571903649,3.9672583055451103
2019-04-09,0.4387343537480193,Neutral,2.292709943677005,1.6304979140648082,2.147323959372183,3.910743696989182
2019-04-10,0.4468886989509018,Neutral,2.1188326688202066,1.9013175058381218,2.067797163414379,3.8860795767559035
2019-04-11,0.5251352503220605,Neutral,2.505266084270156,2.2170656306647465,2.1641438925869503,3.55577312649142
2019-04-12,0.638729201230051,Neutral,3.2505213845806162,2.470750283906071,1.6257672262060159,3.70548957189846
2019-04-15,0.3197637820885235,Low,1.5233844254575117,1.3523583242360777,1.6329406950084882,3.566661852334229
2019-04-16,0.7443058600393924,High,3.045085219831271,3.7042900631918836,1.9505561680890446,3.447941196548874
2019-04-17,0.49399483264690924,Neutral,1.9142407319344643,2.577160791658907,2.7859947815893302,3.755024331951632
2019-04-18,0.36721415342475294,Neutral,1.7500709180573673,1.5523391579476682,2.1863352818932382,4.073446915529026
2019-04-22,0.3840956864355651,Neutral,1.8727389735109976,1.5768044065972622,2.280700936954666,3.270612670130555
2019-04-23,0.5215034602893115,Neutral,2.384061001036591,2.3171396132216797,2.518601043759363,3.399639905034804
2019-04-24,0.5422128426400227,Neutral,2.6417707036822065,2.2280256630566213,2.514335372435295,3.7212607641662663
2019-04-25,0.7161614343294735,High,3.057425405588334,3.409132175044296,2.480708759153746,3.7939750392131004
2019-04-26,0.6022131797728045,Neutral,2.8884432462790133,2.5153754638670978,2.51516880748754,3.3281578642609233
2019-04-29,0.3547855636983952,Neutral,1.7494367616775417,1.429057657459404,2.6351949698648585,3.1174898387053216
2019-04-30,0.7461300729559398,High,3.2023762674179954,3.532968877993493,2.5821072133903744,3.4448609231472243
2019-05-01,0.7153705816021685,High,3.62348882277622,2.7752204309097057,2.192616625747075,3.4448044805865994
2019-05-02,0.6289304109187499,Neutral,3.1269372232101276,2.5032307256272723,2.177651660595548,3.4824339664649484
2019-05-03,0.6475150820194624,Neutral,3.1692248440113064,2.632618958960998,2.1840936533910686,3.0079422241363387
2019-05-06,0.9873274240192109,High,5.45127319209516,3.450007647887434,1.8935368765298795,3.0948428661522853
2019-05-07,0.8070923344022151,High,4.3942423244064654,2.9116616270652687,2.2593033127552604,3.6146149211801384
2019-05-08,0.468276356210095,Neutral,2.636073846820929,1.5960490357053243,2.003502810143224,3.1838130460539213
2019-05-09,0.4234107020283465,Neutral,2.0509377616910345,1.8017452714230258,2.0910532272236364,2.9764842137585257
2019-05-10,0.6729698785122007,High,3.4266466018924753,2.6837491271401523,1.4299801190871473,2.608926169812317
2019-05-13,1.0541550329639342,High,5.69885730357558,3.912864187997793,2.74368937950197,2.8058256440701568
2019-05-14,0.5060183624774021,Neutral,2.536738259075175,2.0903660606848944,2.264738307865484,2.976258844586994
2019-05-15,0.6284289132943659,Neutral,3.157737137266379,2.5882174290809368,2.3529978768343085,3.0657356264828435
2019-05-16,0.826641956708805,High,3.734179961989358,3.85208539773249,3.2598832933091537,2.9414166356127494
2019-05-17,0.5295001601440563,Neutral,2.580033180638817,2.266754859265787,3.6002824735863737,2.9334621029633574
2019-05-20,0.8637718852821172,High,4.220618778644663,3.6851426080335763,4.05704826113916,2.98532897644636
2019-05-21,0.32981595395383917,Low,1.4981321625548447,1.5112480693482988,3.6248923741595833,2.8822331891213575
2019-05-22,0.4811148947597311,Neutral,1.9632128732901435,2.438883496618525,4.4070478720194,2.9667673153275103
2019-05-23,0.70501203078757,High,3.423636498500639,2.997041729136215,3.98615052084828,3.2438925188703327
2019-05-24,0.6683477699646286,High,3.3607271109010104,2.7197198544790164,3.815661943973333,3.012058933368163
2019-05-28,0.6044967181935059,Neutral,2.738769943296267,2.7773010179742488,3.951230337973159,3.3326923861348803
2019-05-29,0.539794704981386,Neutral,2.526595368015434,2.394619151455824,4.068367805326915,2.8745246369685162
2019-05-30,0.5987352624909124,Neutral,2.8664594965546732,2.5556612174208526,3.784204835944058,2.9732834376448634
2019-05-31,0.7133799620441142,High,3.4693797389808494,2.987368874929153,4.349664706238079,3.0712139167844623
2019-06-03,1.4228905479871257,High,6.57922265571703,6.468829792831376,4.6934584824403,3.0071975942503895
2019-06-04,0.859308581402733,High,4.175564961169661,3.6908956445192125,3.900216547962452,2.7538184677806976
2019-06-05,0.6393052953635223,Neutral,2.962248562668153,2.8998331287961387,4.053870898152558,2.7549853511755416
2019-06-06,0.4280866537469785,Neutral,1.9803938988692256,1.9451387693349342,3.788996827337612,2.5894119908718305
2019-06-07,0.794825992881927,High,3.9921798138841322,3.2753153430568327,3.3740704332560005,2.810460006998243
2019-06-10,0.6211913320977362,Neutral,2.9371282573202606,2.7549364501790294,2.5088733695735055,2.6431883537525054
2019-06-11,0.13412329302335643,Low,0.5672139206751187,0.6662414529009293,2.360635389378934,2.4622132756745256
2019-06-12,0.5134738593861812,Neutral,2.1840126919525695,2.5372793163491902,2.768183335427177,2.3735591311531348
2019-06-13,0.3778114158089257,Neutral,1.7850273887323957,1.6770023152646594,2.8156458328032685,2.540671215518316
2019-06-14,0.5752592628845102,Neutral,2.3933666417924626,2.899594001455459,2.809186479305324,2.405606471686755
2019-06-17,0.41702637211134685,Neutral,1.5884150877274716,2.258422146330894,2.8028890733897778,2.6666200106259628
2019-06-18,0.8835301875504263,High,3.845962413447853,4.2720604988257405,3.166811872522956,2.161780329780832
2019-06-19,0.4312366440926232,Neutral,1.9161139761475365,2.043562138909391,3.583622329421086,2.1491444616993363
2019-06-20,1.0901693534275894,High,5.467646389157283,4.594351782147721,4.372537409637934,2.522572286358658
2019-06-21,0.9011761268441907,High,4.771949132704934,3.668791045036425,3.399371927662157,2.352025321624897
2019-06-24,0.576082074403372,Neutral,2.6538203904126374,2.7503678796244015,4.337523328602915,2.996920711153373
2019-06-25,0.45750195136174177,Neutral,2.078455509638853,2.213956425598871,4.469055046172282,3.1249085514393506
2019-06-26,0.8047110890789317,High,3.521750173602003,4.0311137720912615,3.985274114887614,2.566490653744757
2019-06-27,0.6612091718454893,High,2.998553211538234,3.1698491952093066,4.179373194041509,2.6070253756212685
2019-06-28,0.40044705717107854,Neutral,1.3957049050179522,2.3234423715963852,4.054617158358176,2.9244059815653665
2019-07-01,0.8521543288964228,High,3.975057587367699,3.9383600545489825,3.3900518970302573,2.569536131544675
2019-07-02,0.8424001367991851,High,3.7573919612282403,4.065608370258136,3.5331215882791542,2.969635991820492
2019-07-03,0.6150333448278288,Neutral,3.108014449675876,2.6031834679508608,3.1637994997480274,2.837338920281713
2019-07-05,0.8029683480876335,High,3.901175572724568,3.555335107981834,2.5601757903031,2.472407767336501
2019-07-08,0.5053725251306713,Neutral,2.616946487253034,2.0758813769165783,1.8475106608181895,2.4510101246972544
2019-07-09,0.4322687704344116,Neutral,2.0980664007700613,1.916062306025812,2.4769234142457512,2.8028379407147477
2019-07-10,0.795843159316955,High,3.82830701529565,3.562074230972714,3.444038513140051,3.2518613922591215
2019-07-11,0.751545920713057,High,3.699040025212241,3.2799072557984377,2.522693501179995,2.565753937098258
2019-07-12,0.5333763849572828,Neutral,2.3094566650232626,2.643841877696724,2.54914684688663,3.1562102171824424
2019-07-15,0.5293559329639397,Neutral,2.8100306417063186,2.1054387308833227,2.570320521928215,3.2130586770127425
2019-07-16,0.4101817453840475,Neutral,1.862625408505554,1.9465209797706224,2.4697543043738475,3.0785816958601933
2019-07-17,0.6845354032420479,High,3.0237171441686654,3.3332907861318763,2.4456307613958654,3.361822949994853
2019-07-18,0.643837645513124,Neutral,2.5088570093500273,3.470525642511239,2.9615891018292952,3.5160813980063326
2019-07-19,0.6680219155073894,High,3.1228389769426004,3.080651163411489,2.0746261707471185,2.974569046199084
2019-07-22,0.4376906513139013,Neutral,2.069839230304368,1.994689936607098,2.3952323623980165,2.717544214167173
2019-07-23,0.34326252939184526,Low,1.6282553261929,1.559380716520935,2.2931474474467883,2.341690136976487
2019-07-24,0.751763247119981,High,3.031483195277456,3.9501179367316976,2.9304531982438182,2.6430467040438197
2019-07-25,0.42351731064621606,Neutral,1.9451367024184911,1.9878293302282617,2.2088686981778842,2.293084080087001
2019-07-26,0.5934186190057464,Neutral,2.4356964544444586,3.0753225668109216,1.9794230429350779,2.9271792356629476
2019-07-29,0.453693572106889,Neutral,1.745997031920172,2.406247545035524,1.7693696506238237,3.0869959137661875
2019-07-30,0.4406638462198388,Neutral,2.0639045409296313,1.9604670470497176,1.7924691331697078,3.000585061373768
2019-07-31,0.8851170056117031,High,3.8814107180472504,4.208127611043316,1.4856251214552174,2.824493613852854
2019-08-01,0.9728133317646643,High,4.011878474058357,4.910771785213043,2.5643581021755772,3.3469874382826457
2019-08-02,0.973844671286827,High,4.9572403307234625,4.071654815968486,2.8654695971888953,3.193743586841495
2019-08-05,1.2991159516552258,High,6.311358933576928,5.982304579818123,4.222949958979077,3.978090415369286
2019-08-06,0.9200319468477598,High,4.367309341771203,4.337164010935981,3.5371451768951374,3.8289861282626316
2019-08-07,0.8797506724159307,High,3.472690364804144,4.891727885651984,4.406963441132075,3.9488274654490727
2019-08-08,0.7785006305329909,High,3.066948726717954,4.334768001221005,4.196624636913956,4.05015508983606
2019-08-09,0.3957418218692337,Neutral,1.7734888121049293,1.9906789214946126,3.720773699859287,3.6631018214039233
2019-08-12,0.773214857264471,High,3.493483557274598,3.8612955897926273,4.800625114476962,4.6101376041729205
2019-08-13,0.5853575764609587,Neutral,2.530746574991526,3.0362987133266994,4.348227283173881,4.045437401624797
2019-08-14,1.1651493139011615,High,5.653095537594669,5.533206344550059,5.172456645742858,5.5456355847968535
2019-08-15,0.5759843213600158,Neutral,2.5510351108731166,2.973013884067094,5.029879815473663,5.587430347528665
2019-08-16,0.5899857141970983,Neutral,2.5801566022935547,3.077387146522621,4.948291925923545,5.298491590788527
2019-08-19,0.5845671119495247,Neutral,2.535998983119445,3.0690944314601554,4.248110413608478,4.196292774435605
2019-08-20,0.386319728663193,Neutral,1.5041193723811883,2.1959752802774046,4.863712069578561,4.971634660520247
2019-08-21,0.3554071402905292,Neutral,1.6652007336456867,1.745556285839748,3.99203706449915,4.33163207220112
2019-08-22,0.45205648368640605,Neutral,2.3526683015558376,1.991225929059413,3.9887888802110543,4.170638066694024
2019-08-23,0.8435266021593623,High,3.4463025403928422,4.6367095304631984,5.027116624751416,4.5568000016666135
2019-08-26,0.8197019625595211,High,4.167581039561438,3.7067297970674535,4.0631333465786295,3.6528023585281515
2019-08-27,0.6698035156038886,High,3.0959695725295275,3.3309618306488917,4.612849473804293,4.528889304165073
2019-08-28,0.5519058223680927,Neutral,2.3454526258095316,2.94530014023207,4.468409058836137,4.41188463416494
2019-08-29,0.6249145081483831,Neutral,2.384959514516966,3.5991973162584383,3.051377633775559,4.19997945078211
2019-08-30,0.4005008672051936,Neutral,1.7962329108405863,2.0453568274890186,3.3228218799413396,4.251664277674737
2019-09-03,0.7116649045649817,High,2.652545274127632,4.160810043430588,2.918148125555916,3.892160635238105
2019-09-04,0.4580688904555962,Neutral,2.023756697672444,2.3692893193045936,3.4712791883488268,3.98654036255602
2019-09-05,0.9843122654494905,High,3.8401886186410534,5.60960253169486,2.366887370553505,3.392469477058281
2019-09-06,0.6496935945447213,Neutral,3.1085559025700027,3.1402882569512798,2.582347956509101,3.493642663468663
2019-09-09,0.6896987535524317,High,3.204222040319593,3.427474275510681,2.449804932236163,3.051077418586436
2019-09-10,0.6550145431536942,High,2.9756407330238934,3.3212000345815076,2.340762648562559,3.1573190608703965
2019-09-11,0.4683055308588777,Neutral,1.7688751024566924,2.7258768158983817,1.9918089562748054,3.3774042216885705
2019-09-12,0.5577510212347823,Neutral,2.140923948025202,3.2003721879217526,3.1185960029294333,3.1611346850991127
2019-09-13,0.8042116125605359,High,3.4716789835324877,4.23905351004188,3.9346187574851275,3.154533981825911
2019-09-16,0.4291103789898483,Neutral,1.641016905559712,2.4682071056535184,3.5315480648480793,2.922883796848692
2019-09-17,0.2914252476632161,Low,1.286065722292723,1.5087727422663688,2.86024259928156,2.9426106417213975
2019-09-18,0.4032141789220828,Neutral,1.7396349397563107,2.126334636310615,2.801422832266817,2.748913509031889
2019-09-19,0.2718618939718329,Low,1.2135635464659185,1.3939887289123454,2.794316461280008,2.680966262990277
2019-09-20,0.6842694433942259,High,2.6206953252004084,3.932062513586357,3.374070384612589,3.2340243692514243
2019-09-23,0.6470438048197733,Neutral,2.3012707343041976,3.8907703282463477,3.078713275837399,2.6323330173167343
2019-09-24,0.6184451907411033,Neutral,2.4216421668951216,3.502033872253935,2.621137669284225,2.887305936323237
2019-09-25,0.8003620950530038,High,3.000790752894476,4.6621584548516655,3.4565391218016672,2.461658898725572
2019-09-26,0.5046400452038222,Neutral,1.9364324172492586,2.896232107403394,3.4165003576046034,2.7960161556112895
2019-09-27,0.4851658781428587,Neutral,2.352671123090767,2.3052526129772737,2.695207008418489,2.984782004545039
2019-09-30,0.5998343471435507,Neutral,2.764117119256199,2.991240650992566,2.9686263241694335,3.168411619132877
2019-10-01,0.5126023063017304,Neutral,2.1668392904279132,2.7468596038682587,3.0039793550736458,3.1906469039897596
2019-10-02,0.7680120904086598,High,3.2304666418266046,4.131153629951456,2.266697712433492,3.3287431486384182
2019-10-03,0.6581854206060408,High,2.7339044785639666,3.5741667841325953,1.6574494346131488,3.7856788795615524
2019-10-04,0.5433204975068198,Neutral,2.4410352608895725,2.7705771748138326,1.3520588523079464,3.893553117178142
2019-10-07,0.4327110480631513,Neutral,1.8762171316222458,2.2405788282950376,1.1891508059092548,3.6552829074592714
2019-10-08,0.6402567679258866,Neutral,2.7187016915633087,3.372287294428679,1.8522456791104536,3.7553733360271555
2019-10-09,0.5615153116853132,Neutral,1.9760321292893044,3.3630968843498796,1.6032131873527522,3.4268879555997285
2019-10-10,0.49838908404428717,Neutral,1.8818154029575664,2.8579485119038157,1.8782365505387217,2.8126872052208594
2019-10-11,0.7298067022066299,High,2.561415242419108,4.304595354276299,1.555555782268746,2.67489107355158
2019-10-14,0.48301483976411397,Neutral,2.215604673864597,2.2243486158249914,1.753911558058753,2.921564676117589
2019-10-15,0.45616034233629044,Neutral,1.864232304003989,2.343417628582703,1.7736736276273788,2.4869871243392407
2019-10-16,0.4810234963683123,Neutral,2.16515329585181,2.2591292956799425,1.4817259657197654,2.5220234396650834
2019-10-17,0.23656468486956178,Low,0.9656286083914075,1.2165320926539624,1.3100585298786183,2.2597104118883604
2019-10-18,0.5338602452869042,Neutral,2.026338601318111,2.9079293241784594,2.6530143688704055,2.4048832602589454
2019-10-21,0.5153266107370075,Neutral,2.0722798426297744,2.683275061084325,2.287219010783723,2.1949822574545306
2019-10-22,0.3096017720497446,Low,1.3397127507454092,1.511326870644838,2.4944272156871223,2.370683373802884
2019-10-23,0.6350196100846974,Neutral,3.1351148448509494,2.687922154273883,2.36001736098207,2.294374647704818
2019-10-24,0.6217160066457343,Neutral,2.9322092992395947,2.777584050131215,2.497008307066358,2.5003862212861026
2019-10-25,0.4830059200054059,Neutral,1.9932716092579499,2.430375505350776,3.038116157390236,2.9099078588866303
2019-10-28,0.5470383503374756,Neutral,2.416820497761388,2.580687650535175,3.2696699068718154,2.807464949757045
2019-10-29,0.4441153479255294,Neutral,1.8372886797277133,2.2298197499035237,3.2002282460498797,3.6521920387030544
2019-10-30,0.5969157880370921,Neutral,2.422281712254917,3.047862649540366,3.432801194612525,3.0967441990551103
2019-10-31,0.7821020168527753,High,2.7940436895547722,4.403148554643014,2.947996471536669,2.7439992965247653
2019-11-01,0.6551008243447517,High,2.7630189664300784,3.232068485877807,3.2478078892921904,2.452980794405829
2019-11-04,0.6595278450518045,High,2.9543166061524686,3.0676465297858093,3.3716113118535356,2.737351795736404
2019-11-05,0.6795950965496327,High,2.6729764052830194,3.5615429961511595,4.01026866960133,3.2630984855312124
2019-11-06,0.5507076198091199,Neutral,2.2083742397488635,2.840403087887234,2.80648320130812,2.6762966543410958
2019-11-07,0.7696565864779099,High,2.85956303872661,4.21441310544736,2.636127198918222,4.212682855446115
2019-11-08,0.43510673368096475,Neutral,1.9504280370855585,2.0222990629391653,2.1475197379286457,4.197109261907924
2019-11-11,0.3221892650897269,Low,1.488038984654485,1.4502403773671826,2.2065763244885144,3.572102322519693
2019-11-12,0.26899402164167585,Low,1.100810726915267,1.3626386882386372,1.6188780942253302,2.9250607396346124
2019-11-13,0.3751075436748157,Neutral,1.6303678901531287,1.7775776835857005,1.716954417179308,3.0305559763177614
2019-11-14,0.390306607977634,Neutral,1.4619292896262808,2.0894332525332535,1.4781109715055383,2.558966400367923
2019-11-15,0.3432958029481541,Low,1.5781573856080673,1.5206901636630021,1.822656027662142,2.801573740814589
2019-11-18,0.3518047951902425,Neutral,1.5163055391220523,1.6650476852700213,1.4778041318250767,3.3167173153168443
2019-11-19,0.5080983568124298,Neutral,2.3830288279469563,2.2007845195307616,1.5864959371319916,2.6387147975953997
2019-11-20,0.5090531973584704,Neutral,2.3628269737939696,2.230993037077198,1.821581104538761,3.0875583029806815
2019-11-21,0.4168834268662028,Neutral,1.8972688597911933,1.866918260482956,2.0031471818658946,3.1523872529217063
2019-11-22,0.3290731453904243,Low,1.6318511446376016,1.331893128353167,2.235937063381929,2.840568805931652
2019-11-25,0.5649881233859699,Neutral,2.6499990762846966,2.447037178567247,2.484528301210992,2.957685476914319
2019-11-26,0.35575266153626417,Neutral,1.7131113898769474,1.493797640433285,2.4676888200130587,2.9255985392492083
2019-11-27,0.413496967345788,Neutral,1.8850221630014972,1.8484088203713849,2.2572796168073688,2.7358024445989666
2019-11-29,0.47883933362971154,Neutral,2.3723837664967085,1.9403267333238006,2.1669137779975283,1.9757897086595104
2019-12-02,0.8622841112563486,High,3.949526739554561,3.834917688304034,1.9237460146576995,2.1900502133328468
2019-12-03,0.8963944185525459,High,3.4321726297658945,4.719466101035966,2.3877874572340723,1.6900571770911386
2019-12-04,0.7023849447920019,High,2.865544299849136,3.4952165531766166,1.9626317410997134,1.9417572180132212
2019-12-05,0.2809692887531631,Low,1.2075108727921817,1.3334772190585682,1.7806852912402316,1.8769025141152829
2019-12-06,0.5222246070692587,Neutral,2.354816785897431,2.3617667958141917,1.8578120353711378,1.5576855749290521
2019-12-09,0.642798765712422,Neutral,3.4709401466846903,2.302335811726002,2.321519404378519,1.5803162540432782
2019-12-10,0.2470489021143717,Low,1.286697373450933,0.9348330907207107,2.057681094784795,1.3956174375755628
2019-12-11,0.6618462017561059,High,3.2004667855788886,2.764947688662019,1.9669395517407167,1.5028394241064424
2019-12-12,0.8809496916045589,High,3.4122774311789215,4.57581221242433,2.4082812001873064,2.0785757222852586
2019-12-13,0.8972740862413136,High,4.134116656342676,3.9648343299830233,1.821878497210948,1.6806988800823632
2019-12-16,0.680662620963586,High,2.707026905955115,3.4609615755885743,2.5989363281054967,2.262666005816796
2019-12-17,0.22280539595684717,Low,0.9922337594680751,1.020782953082497,2.6605795831347514,2.1483627075246647
2019-12-18,0.36045087906202433,Neutral,1.5516695237026001,1.6998550820374327,2.4646361461116992,2.8230588449423504
2019-12-19,0.31799601892189266,Low,1.6021594128748615,1.2544028039362634,2.602262318970014,2.2707674455324787
2019-12-20,0.35860460141891304,Neutral,1.464763251617538,1.7741651296279535,2.849790289536175,2.5743653585121256
2019-12-23,0.35045323257260286,Neutral,1.5692787684662302,1.5830454478325091,3.0422377512611645,2.822739578160063
2019-12-24,0.37671088421016646,Neutral,1.802300909025079,1.5798429477700842,3.2731890175893446,3.0318165807041026
2019-12-26,0.5566760885369401,Neutral,2.9888222102061155,1.9266433948455004,3.5032121627825497,3.3920523634392516
2019-12-27,0.49051524059980617,Neutral,2.134649352566456,2.23489767436168,3.0496269437046135,3.298916783629438
2019-12-30,0.4576017116430987,Neutral,2.288641600694745,1.7649035751749569,2.947208016686303,3.4526802404129504
2019-12-31,0.7391156370188902,High,3.9314718443645074,2.597769675680383,2.493287933088962,3.665883654084945
2020-01-02,0.8305727155377529,High,4.022142403037907,3.345387075945571,2.9086907784470966,3.4884186410151914
2020-01-03,0.7282264301610701,High,3.1639720509250258,3.2695477811428235,2.323517609120777,3.3910039470736777
2020-01-06,0.9600518819242218,High,4.924498175421373,3.4864354298108675,2.6158155528887193,3.3308280049881964
2020-01-07,0.769002753150436,High,3.904314826281282,2.8366250286466497,3.370565378194716,3.269416781826946
2020-01-08,0.5744385140915228,Neutral,2.7721505428770943,2.276811262283252,3.150451044041317,2.909813540703167
2020-01-09,0.8334827815052707,High,4.509933812736966,2.8470631937098245,3.0860029137582514,2.882183948871067
2020-01-10,0.4928035800843103,Neutral,2.431543930000905,1.9363717693177742,3.3082188204659273,2.998834928992379
2020-01-13,0.5764556934251357,Neutral,2.9545961697637955,2.146298338509337,3.6533213373843387,2.8898692097828342
2020-01-14,0.5178877864564908,Neutral,2.469815795041328,2.1269912346755766,2.9333498417522255,2.578182349753869
2020-01-15,0.4764476569873912,Neutral,2.2567590126827937,1.973406390685613,3.1512934468079603,2.598348340954897
2020-01-16,0.4834241785284754,Neutral,2.54910615535509,1.723104943262147,3.05837101292024,2.6395111925952888
2020-01-17,0.48908575919823494,Neutral,2.19629538203376,2.155310423129496,3.166757349134474,2.8597407662755305
2020-01-21,0.6013528456702988,Neutral,2.6820968440435533,2.66980509431684,3.1978524744062837,2.8289011520800407
2020-01-22,0.3852055806176222,Neutral,1.9002554311806876,1.5140058953018432,3.120137471345435,2.40037363305181
2020-01-23,0.37694937318268845,Neutral,1.7973294077074233,1.5485254828258965,3.1099830214073805,2.5525387110674744
2020-01-24,0.693648605235754,High,3.27127518523721,2.8326133325138394,3.3001782116765317,2.6735967714472784
2020-01-27,1.0778874602336868,High,5.5265488613933025,4.011229633652399,3.615206426977497,3.157716452980972
2020-01-28,0.61856351786237,Neutral,3.1075526042285473,2.3707657364693833,2.777388976550229,2.9327803907576886
2020-01-29,0.6364012481846527,Neutral,2.753083011505833,2.9172891036127178,3.544981515906049,2.6996477930901466
2020-01-30,0.6543815540341382,High,2.6165518965126235,3.2304696909495085,4.253422638330464,3.2207675036293604
2020-01-31,0.931704935852807,High,4.823206804197443,3.521554678514055,4.695438469591229,3.924303506931212
2020-02-03,0.6999314827954957,High,3.781313577096947,2.4788705553823966,4.006052204355531,4.046652863223502
2020-02-04,0.8405674341860894,High,3.7228130698709565,3.840353193890675,3.6561287649886074,3.4754326540718425
2020-02-05,1.1468217980934163,High,5.848968928861138,4.520143071446856,3.3647237602382027,3.74319710525903
2020-02-06,0.5164301720046169,Neutral,2.532994871134408,2.1403271821030128,3.8475179601039393,4.102052979500989
2020-02-07,0.7060145116262009,High,2.9862227863812545,3.4214281749972972,3.9279861866114083,4.499628679134644
2020-02-10,0.5711686641237355,Neutral,2.7687710858337256,2.401179969177147,4.093635687835905,4.460736388856564
2020-02-11,0.658748915815835,High,2.8333331644810875,3.1434966935265662,3.4198632805214353,3.998757909528909
2020-02-12,0.47145860479300766,Neutral,1.9183555767850893,2.3634882347061894,2.8801574862194106,3.732637115485845
2020-02-13,0.3083101047234279,Low,1.4242510642230133,1.3691894494258197,2.7600807769289264,4.148170782316086
2020-02-14,0.35598293447411206,Neutral,1.5112294057855404,1.719385421051228,2.978275771051662,4.0030591807198945
2020-02-18,0.6602482517231925,High,3.1512500264957586,2.8269461723827827,3.4538317482741743,4.39158307026862
2020-02-19,0.5923275316794228,Neutral,2.813764382712862,2.549968882305376,3.019354484075545,4.562389998401908
2020-02-20,0.9101827073113129,High,4.599810781870477,3.740702908524587,3.791948963126829,5.183183741753545
2020-02-21,0.8725926771375657,High,4.2198041958539205,3.7792000476443515,4.5304197595258415,5.8350404187603875
2020-02-24,1.385036362882873,High,6.877334887285316,6.0346001911231335,5.352658507539099,6.58143291458876
2020-02-25,1.7397405658410463,High,9.32539315694406,7.157816867856549,4.798195826788021,6.0454358176323595
2020-02-26,0.8042271874721301,High,3.2060638942630493,4.383434908633085,5.548739017349501,6.125628629499536
2020-02-27,1.4005074597963736,High,6.85820549032943,6.519571934401509,5.803044593549429,6.291178118890709
2020-02-28,2.7949003417586473,High,11.445370011874381,15.46016390689545,7.890892168122612,7.380529756847134
2020-03-02,2.0738734959593974,High,9.451603084918709,11.009001544287829,8.37596986499322,7.2307167344214855
2020-03-03,1.2776079308407637,High,5.830554912564416,7.052194583561454,9.030727036173225,8.2523162471045
2020-03-04,1.3975330063080778,High,5.15137495142641,8.826869526038541,10.7904667132227,8.626296772456314
2020-03-05,0.94186840736249,High,3.9261417643650356,5.652330617012193,10.331337722435238,8.842407861219998
2020-03-06,2.4452485276639093,High,8.623098001188369,16.261202227712428,13.963726319567312,10.79836407011356
2020-03-09,3.478497979055799,High,11.083889542539188,24.474166342148106,19.033135650618792,14.836189801452468
2020-03-10,4.0194207624363845,High,11.710731836289707,29.628481021597793,7.100227069628082,6.748971183221791
2020-03-11,1.913607507990157,High,7.619336795245288,12.44066174906026,7.433146041708267,7.030655258465729
2020-03-12,2.223604689037901,High,8.470395384160916,14.960507151586985,9.79653301658307,7.849889174203426
2020-03-13,1.7399157063414674,High,6.35400474294395,12.215705971565587,6.993821005852899,6.263122715421712
2020-03-16,2.1318127141520287,High,7.683051030827704,15.542251933327654,10.0836838952441,8.644299079822284
2020-03-17,1.8323302288227523,High,5.637650557473099,14.42265005280806,8.838502851017322,7.624203692651869
2020-03-18,2.0239848986508546,High,6.712099596992525,15.933229754396043,12.413695781520795,10.251622524321585
2020-03-19,1.0173651855248687,High,3.849508298635829,7.835634507017846,10.421254535144772,8.71640614720307
2020-03-20,1.65254903568942,High,6.423583599451273,12.629073983314717,11.257991291833578,9.925004798204288
2020-03-23,1.3862112859992046,High,5.506388651207648,10.537996082908275,11.124975418771484,9.89919196114925
2020-03-24,1.7492250150956954,High,6.077127459204626,14.181815342938584,7.66417417402479,7.98808372670617
2020-03-25,0.6639485606254067,High,2.2513473022661654,5.4301089493245085,7.696002306351737,7.6298493254730415
2020-03-26,0.8662215051432839,High,2.6230123435326917,7.358638274812972,5.406270370800263,6.636431819504091
2020-03-27,0.7600946664958079,High,3.0478001719673853,5.842091360192442,6.233845053805691,6.989355393506849
2020-03-30,0.880520145365873,High,2.7736502745545226,7.476291756657707,5.058958892730365,5.832813240601703
2020-03-31,0.6425468337488844,Neutral,2.526301831112477,5.022192865655065,5.249907899671137,5.582491676058937
2020-04-01,0.5856792184275957,Neutral,2.139038709990501,4.718985027354321,6.458709378593268,6.124025605925004
2020-04-02,0.4071872146825575,Neutral,1.5741546771052544,3.205722535522584,5.446134630642339,5.713475758163978
2020-04-03,0.49498644300832956,Neutral,1.9182817689233964,3.8928940031916666,6.479973065141411,5.942954260135727
2020-04-06,1.1584508842348855,High,3.670442047635334,9.844848298943214,12.633023705979063,5.327448466715164
2020-04-07,0.33708806112559203,Low,1.016165716972672,2.909561544390566,7.130704687627015,5.305141164090928
2020-04-08,0.4415411997350469,Neutral,1.4481261117914914,3.7098088585630515,6.743210047053321,5.084069085232881
2020-04-09,0.6841769434645029,High,2.5185750527510504,5.510690008341189,7.202436819062523,4.567225018545427
2020-04-13,0.6032207770422333,Neutral,2.042782167530826,5.012499428396001,6.747711566947364,4.356741212303151
2020-04-14,0.4703649990463714,Neutral,1.5966350150979542,3.9052690432123724,7.724052968311647,4.42654959021553
2020-04-15,0.5610137031982354,Neutral,1.608118489420553,4.914273021561808,6.102155681496513,4.607175090171319
2020-04-16,0.40218033772069595,Neutral,1.5190639982210006,3.2059730228225103,9.667901295166539,4.675619011995493
2020-04-17,0.5706660851214749,Neutral,2.0697645203972095,4.623212707421055,7.616510758472857,4.239427714968804
2020-04-20,0.348737729110852,Low,1.1665054690746632,2.9103901037731803,7.073130351308101,4.295884586315997
2020-04-21,0.452763334312391,Neutral,1.5351748604222737,3.7606106028531108,6.600577160940972,4.215968609925895
2020-04-22,0.5642988765488621,Neutral,1.892494954784774,4.705069981568728,4.360687456396958,3.7602721594438093
2020-04-23,0.23038766884042522,Low,0.922176421005078,1.7915369491716346,4.5962984272031076,3.881017417331363
2020-04-24,0.291263690824059,Low,1.3154503761959888,2.1354361161750495,4.2785177926202795,3.5606853546855515
2020-04-27,0.3663279553281621,Neutral,1.3296679649013248,2.9668957243495138,3.6498501707868556,3.390714019324587
2020-04-28,0.4026108891658601,Neutral,1.3073107236069965,3.3940869326926637,2.3632244503598923,2.9756885885041573
2020-04-29,0.37415913911953874,Neutral,1.240419370439147,3.1321681072264433,3.494884658322593,3.063213528014527
2020-04-30,0.6085788232579503,Neutral,2.118161942951846,5.007485078126708,4.038314333585315,3.0190806786863806
2020-05-01,0.5043870418539627,Neutral,1.6237655281690135,4.264214475884724,3.6487391459295813,3.3826448825509443
2020-05-04,0.26960362234455315,Low,0.9016561780400223,2.250107030031017,4.600346583511083,3.2364552671758524
2020-05-05,0.19467489465174653,Low,0.7952125579399164,1.4999933501171907,3.5343227539326376,3.0735301625880678
2020-05-06,0.44435550255268913,Neutral,1.4427059034516552,3.746134460452386,4.144942937151926,3.50763432045231
2020-05-07,0.46365237299631884,Neutral,1.5221697159848824,3.894265658194121,5.032219096036707,3.401411148382169
2020-05-08,0.3374399974111829,Low,1.3492576174718005,2.625223625543997,4.392213445312781,3.1620842812195225
2020-05-11,0.34863004264730746,Low,1.1528147961114676,2.921029040944215,3.943531751827763,3.4822267795933546
2020-05-12,0.37918292387142816,Neutral,1.6279800904673334,2.853201195697645,3.1073535256224734,3.4157281668181962
2020-05-13,0.28689591544053095,Low,0.9625321774234156,2.3917935485053876,2.9612850782087334,3.4132733799578565
2020-05-14,0.3299151130725069,Low,1.1397506910457242,2.721969676186823,2.320081616324856,3.190581885980238
2020-05-15,0.4208834825302259,Neutral,1.481984469041374,3.4482996635515017,3.687701567152399,3.4569469957700494
2020-05-18,0.6377288371906199,Neutral,1.9432084014565827,5.486571607658085,3.4135680001521904,3.6971915267919884
2020-05-19,0.2978269299209423,Low,0.914721329239291,2.54900870264282,4.1421643585246075,4.092252130467425
2020-05-20,0.3585047336399255,Neutral,1.400376124386748,2.8100029210967916,2.8581480088270075,3.7386081502138815
2020-05-21,0.34057613308874607,Low,1.2618657921338958,2.7285818797422885,2.6817649724863912,3.373763123321801
2020-05-22,0.1667563514891828,Low,0.6683229973888595,1.292429369913757,2.6032554826207206,3.723432977036869
2020-05-26,0.47203771022451463,Neutral,1.6405800622330737,3.875338843734956,1.8765878181350804,4.366972659639061
2020-05-27,0.33911625278086277,Low,0.9894409938812285,2.9473540765186557,2.3094099353768307,4.240345185233857
2020-05-28,0.301532095983969,Low,1.0113626121377728,2.507128629712621,2.4272302682684956,4.801237848491168
2020-05-29,0.40538690207472955,Neutral,1.2536207463283564,3.4622028536130194,1.7450845945430276,4.8771618268948425
2020-06-01,0.21984617163628742,Low,0.7519878514409755,1.815333076363924,2.2293410394534874,4.722855636662403
2020-06-02,0.2412233259723123,Low,0.9250047937040479,1.8920853995574678,1.8693670231641009,6.732030132839019
2020-06-03,0.6437742906050359,Neutral,2.352349217463328,5.151656575473532,2.7609424279409542,11.29002531971418
2020-06-04,0.45222620150223636,Neutral,1.5710244362790722,3.690294552049347,3.1993007529938255,6.425886237497365
2020-06-05,0.5657889622131063,Neutral,1.9569818253453393,4.624510303957049,5.39009001299621,6.731930295221372
2020-06-08,0.39833991758418485,Neutral,1.5540537519956705,3.1011457698044023,4.796602570023988,7.529095322997771
2020-06-09,0.525165087436721,Neutral,2.4076447959662763,3.7735552237617926,3.8984078914358395,5.967196825281135
2020-06-10,0.48821001987323676,Neutral,1.7112751733600688,3.970552353163858,3.180675454043971,6.8960830320363335
2020-06-11,1.1947177926038102,High,7.868328471082278,6.662946552563615,2.9874245230326464,5.238249356562193
2020-06-12,0.3715627787074355,Neutral,1.717132220433599,2.696501294334812,3.2741437012477785,7.368823198716842
2020-06-15,0.237920595900102,Low,1.1134502488915854,1.7147218217894349,3.4550852799405245,6.085077799377552
2020-06-16,0.2911890331741469,Low,1.2430241083569569,2.2010229426478145,2.5811866759604545,6.38515049528297
2020-06-17,0.20309494259408806,Low,0.8418455394993369,1.5566293766228085,2.854561406141462,6.24499518872956
2020-06-18,0.2877127638527104,Low,1.428970801506519,2.0030242424163602,2.7319077953700197,4.555912546095591
2020-06-19,0.3007556099760262,Low,1.501357261169313,2.0873211017635143,2.4068900467561365,4.781003817643141
2020-06-22,0.25535849076739087,Low,1.3964017270208977,1.6681996724129797,2.5662467321721287,4.4617648517867465
2020-06-23,0.2683852228883649,Low,1.3156828472430968,1.8832593344448285,2.527658332024533,4.980642081899893
2020-06-24,0.3916359106446756,Neutral,2.166110134308758,2.537524956028275,2.744700240331172,4.205888766743727
2020-06-25,0.3083890140525227,Low,1.842405021743758,1.8812073996684964,2.5079019341478292,4.2500574429433255
2020-06-26,0.37885023859804323,Neutral,2.060780791778399,2.4842853424141893,2.1372014097716945,4.210721842155275
2020-06-29,0.320209130020993,Low,1.4799695889203992,2.3236795995087616,1.8161837357842285,4.1147090977587
2020-06-30,0.31038625883227666,Low,1.5274262886520156,2.1729815189922825,2.1449292905401283,4.491487214400232
2020-07-01,0.5209773149775012,Neutral,2.590796791663111,3.624180162957993,3.166427613350623,4.012807820405729
2020-07-02,0.2630230359400519,Low,1.612431524112059,1.5693567396088757,3.5509593147528937,4.189594439286276
2020-07-06,0.37583555547130565,Neutral,2.210266335118252,2.322644271186022,4.784007805742349,4.6619967173602745
2020-07-07,0.2867973404625069,Low,1.6131953490937605,1.8352045325623734,4.979715113870508,4.366038361319208
2020-07-08,0.24265140875251762,Low,1.2500862057465962,1.6508944779214474,4.521976923144827,3.8704048471171912
2020-07-09,0.5300842394880907,Neutral,2.7179045178419927,3.6175564178324993,4.0658002208306065,3.81832672278605
2020-07-10,0.32751094328720465,Low,1.7143444640230117,2.205080938687523,3.3750839623063813,3.3752726891807137
2020-07-13,0.5863336780600317,Neutral,3.5480651077876955,3.538096220337023,2.774982302503545,2.7804910362110475
2020-07-14,0.4513361782893546,Neutral,2.375648382288808,3.027534895959801,2.3906023532020058,2.977354779060649
2020-07-15,0.26867053635301535,Low,1.4583938937330385,1.7644038823325834,2.5010537768083663,2.8178321912584328
2020-07-16,0.31941188745887017,Low,1.9017916684849525,1.9539792188576488,2.114448181550121,2.889671461131112
2020-07-17,0.3709238466840107,Neutral,2.1342367484686857,2.3326102043783328,2.0271177429649896,2.5910839347678816
2020-07-20,0.5372705237196784,Neutral,2.6405392266947785,3.7642786864484803,2.4365626841793846,3.0309021137913663
2020-07-21,0.4416955686149914,Neutral,2.486583770599571,2.8245897118050216,2.1135653438938946,2.7555535982929604
2020-07-22,0.35428324761568,Neutral,2.1612824515806994,2.122944463541507,2.12334234171448,2.90521266869153
2020-07-23,0.49946860630428513,Neutral,2.9639587933559333,3.0639285608904663,2.570889118033224,3.042579289039296
2020-07-24,0.3535156697230608,Neutral,2.2127759754113345,2.070300335121735,2.631163991416865,3.0368113194222235
2020-07-27,0.6703501050403766,High,4.060989638119134,4.041209902246524,2.981206778742905,3.527327425787665
2020-07-28,0.41035651562426423,Neutral,2.552160498022824,2.4172061223158496,3.3810299957348393,3.2004817735767777
2020-07-29,0.283232564332871,Low,1.4127045399825877,1.9667146128386275,3.484055678880573,3.210557488161843
2020-07-30,0.5028670617279015,Neutral,2.7685543273269713,3.2691437624577575,3.5907148994394427,2.9644411159003154
2020-07-31,0.45632009211123903,Neutral,2.395100180472194,3.0667665421538075,3.4222719369344814,3.516360724349684
2020-08-03,0.5308410859308363,Neutral,3.383107100330457,3.0571254701538875,3.2572938847453314,3.1530949213930346
2020-08-04,0.5620917849157613,Neutral,3.1889766938847846,3.573464256433131,3.875836110333935,3.805142635460684
2020-08-05,0.439891913980761,Neutral,2.426555460073569,2.855710667546179,3.6843042688254903,3.8658197160799745
2020-08-06,0.3588314380864954,Neutral,1.9744140603482696,2.3337472814721525,4.1859605147903345,3.930172761471202
2020-08-07,0.4947202860173606,Neutral,2.9799844036466365,2.9969957548764445,3.914601258215519,3.3973355829907477
2020-08-10,0.3548453338718932,Neutral,1.6599349936101373,2.5580229582447895,3.8662914014566026,3.27806037758562
2020-08-11,1.215414343872801,High,6.890228390951634,7.948476376665329,3.0508877092119087,2.5921617510321058
2020-08-12,0.43336274615999876,Neutral,2.641139592353592,2.673793640239583,2.3729407949443715,2.0382889504590165
2020-08-13,0.6696412586768459,High,3.7763485601459155,4.383647696227717,4.004585096778718,2.529287609278138
2020-08-14,0.22697491553462557,Low,1.3635068473657552,1.4167775940514202,3.133330825610589,2.5193840509394754
2020-08-17,0.4443548367365521,Neutral,2.0880534643547346,3.254374994729643,3.589975703243857,3.0924827495999425
2020-08-18,0.3612802079749084,Neutral,1.9092697313212101,2.4709813353250074,3.4867731653158502,3.2476777552772353
2020-08-19,0.6724202924065618,High,3.9494827475275454,4.271629575917018,2.6134793167333172,2.931278583874221
2020-08-20,0.5732654554253928,Neutral,3.487026649087161,3.542560309372756,2.793647416548401,3.5487495006291674
2020-08-21,0.32134802142869556,Low,1.8525737464496748,2.0702401456690613,2.5894232247305227,3.023026143470507
2020-08-24,0.23711578887972246,Low,1.2792093568744414,1.6001612069932085,2.1912647308165845,2.890630121975044
2020-08-25,0.3102977311463596,Low,1.724851290163226,2.0519882021959797,2.7966978123951356,3.095900875340395
2020-08-26,0.5296996491102925,Neutral,2.8499058758211397,3.581058924959935,3.6036294902650265,3.6382422622980575
2020-08-27,0.5345325731377094,Neutral,3.468644541201229,3.123579934176924,4.786783076351757,3.9905972808220906
2020-08-28,0.49149890075403413,Neutral,2.7469231559933824,3.238002451089085,3.9089136024170785,3.9080049223266573
2020-08-31,0.5930368839024762,Neutral,3.4191531304308227,3.8203173470371317,3.384221815088018,4.7729002183158835
2020-09-01,0.4181934066101235,Neutral,2.670818431563711,2.479208666051656,4.2157341327048,4.7417673693990885
2020-09-02,0.5821521902405762,Neutral,3.5512592217293197,3.589061366753946,4.0411212922131625,3.6563529158887027
2020-09-03,0.7774341345487816,High,5.1518253489471615,4.454540919579521,3.6277782378139314,2.604116316729583
2020-09-04,0.8640493586696956,High,4.954810138325544,5.58838317061197,3.616627316482015,3.4812326363012067
2020-09-08,0.7563720778858366,High,4.793221096666493,4.51498416559281,2.6854825488221024,2.812046720483738
2020-09-09,0.3868793345705059,Neutral,2.2665660035607718,2.462478554391212,2.160903427252062,3.155301060895446
2020-09-10,0.3382020788240486,Low,2.1898226783729102,1.9802861820326336,1.7193906408167767,2.759978029826559
2020-09-11,0.4018754094637913,Neutral,2.540987834660529,2.4036509874793515,1.2552913742568537,2.7361247449745543
2020-09-14,0.2336259895610288,Low,1.3138532528162807,1.532393747081814,0.8075517776227142,2.974317694952956
2020-09-15,0.30491233128958106,Low,1.759604490508579,1.9628813825818912,1.381922700126918,2.7153316899938087
2020-09-16,0.3504875322206409,Neutral,1.7944040792941056,2.444985462684685,1.7492701345203172,2.378333119183465
2020-09-17,0.3379385860886409,Low,1.7832957600100827,2.313502288695751,1.6100930538543663,1.9897105188925885
2020-09-18,0.3319296410506035,Low,2.019222695181647,2.0510489383097315,2.861657324307563,2.3039312876452036
2020-09-21,0.5864471365512125,Neutral,3.3190101773610285,3.829260070596456,2.267183284544628,2.0351267305915504
2020-09-22,0.3248475562202888,Low,1.7436546793074277,2.199537187404766,1.8872098837268507,2.0717534532840203
2020-09-23,0.561538184476608,Neutral,3.2045908067741,3.6446569802575626,2.5889935369073,2.11407024625648
2020-09-24,0.1670116464245902,Low,1.0661001345594825,0.9905466595384699,3.465680180427176,1.8650008996483942
2020-09-25,0.364843788738216,Neutral,2.1991014166644565,2.27125690042206,3.0856957257946567,1.4411627084797438
2020-09-28,0.329178750848798,Low,2.0945421077831767,1.957928522300693,2.9151510527123468,1.206275651976796
2020-09-29,0.24508145539146467,Low,1.3879627337945442,1.5995217947284055,3.1490535285516987,1.303387193160423
2020-09-30,0.31363018862593645,Low,2.067853434299988,1.8057046545325033,3.270227361481714,1.3072713639282367
2020-10-01,0.32783136478873154,Low,1.7956260007155531,2.1900078613516083,2.863322366311002,1.4013931869440914
2020-10-02,0.45604088239830454,Neutral,2.2659178356150065,3.2382896079199557,3.2404424040173843,2.2195969082048213
2020-10-05,0.5827410422259043,Neutral,4.1633128875429515,3.089535951184769,2.2556527147525802,2.358504468678885
2020-10-06,0.36558775790873665,Neutral,2.1513182417413113,2.319109910903045,2.2532239042372475,2.079483020375145
2020-10-07,0.306826628439294,Low,2.0703475779505323,1.7273768064690966,2.4775857617888404,2.820467523571946
2020-10-08,0.2942984189196526,Low,1.9129301022317287,1.717113677346838,2.321742823687244,2.4995469597516045
2020-10-09,0.3398709979051305,Low,1.642789336613249,2.4513530364871023,2.3314231601601056,3.02465444063434
2020-10-12,0.5166464874304624,Neutral,2.667832954042257,3.585299634343762,2.4621012396137667,2.6013942530100924
2020-10-13,0.4574392576178683,Neutral,2.5029829944925854,3.057928312377786,2.182612821214538,1.9325603877277355
2020-10-14,0.15878869185387792,Low,0.9973996517418116,0.9551809842221612,2.2758197995561114,2.145424087563828
2020-10-15,0.20412434640378385,Low,1.1456246585415524,1.340804830631175,2.165131061123198,2.3948484676614408
2020-10-16,0.20129496662713842,Low,1.1435166385018807,1.3108317297816672,2.356555435715446,2.5010373948215077
2020-10-19,0.3786332706715754,Neutral,2.458000843051585,2.2117398376479387,1.9596976988310784,2.64358752516186
2020-10-20,0.25390486962560194,Low,1.526812136117026,1.5836100732495397,2.3019007771285533,2.406606117775069
2020-10-21,0.2506945992190275,Low,1.4491656958963373,1.6118324017265624,2.5842656950941287,2.8858544451999806
2020-10-22,0.4180951590472356,Neutral,2.780408922708684,2.387483559608072,2.8171279686527284,3.2065668829012948
2020-10-23,0.2866780969543422,Low,1.9224340926979206,1.623833574959399,2.977359717524234,3.729824887042605
2020-10-26,0.4710963461551846,Neutral,3.7090622659109505,2.213674675166251,2.640890028901946,3.6410717739550393
2020-10-27,0.3356210504507512,Low,1.9440783953808791,2.154567416261122,2.666449730631659,3.1030032604320676
2020-10-28,0.6173719253829704,Neutral,4.08856491055685,3.5395466173216863,2.6766755052051523,4.340151879904765
2020-10-29,0.414288325229236,Neutral,2.557412040126266,2.5241932762197163,3.2295463046834794,4.55786963574901
2020-10-30,0.5209711269557917,Neutral,2.685336449605959,3.6121191874553396,3.048579151541954,4.730381590731082
2020-11-02,0.4497083017929091,Neutral,3.137675385825876,2.4415644684378828,2.316487974911989,4.137784062142483
2020-11-03,0.29918166056757906,Low,2.015008807441443,1.6840915762817905,2.582558290990531,4.188201461075051
2020-11-04,0.9067971751960955,High,5.511648580945112,5.612659302593156,1.4806854726565846,2.266708546396459
2020-11-05,0.5448920319322297,Neutral,3.3891868014285746,3.3086870416507,1.7948932306388212,2.175205843290739
2020-11-06,0.5869994508398017,Neutral,3.85932436643793,3.392006541841054,2.3425915654666616,2.724065852268372
2020-11-09,1.2966578248549698,High,7.696064906402608,8.279545632678058,4.034033122254749,3.870176651930951
2020-11-10,0.9458271232158137,High,6.156815402574819,5.594744504254498,4.2656434823719955,3.8561098741991384
2020-11-11,0.4968337187750503,Neutral,2.946795921434052,3.1741224109008965,3.720404995836695,3.8941838525794457
2020-11-12,0.37790629716981866,Neutral,2.6594307316416614,2.0720610842071583,2.7914341628985557,3.2494046364239506
2020-11-13,0.299592509201792,Low,2.049941223124986,1.6904631351269175,2.7921337420000194,3.8018198738085767
2020-11-16,0.3266300036174252,Low,2.0516366863716047,1.9931156779714938,3.0827327270317215,3.9179154282183135
2020-11-17,0.21428765309742231,Low,1.3853234719224363,1.2753887928187113,2.741361807434695,3.5681073939155095
2020-11-18,0.2820178970805711,Low,1.6830294954077918,1.7932628394601027,3.146138758200842,3.5021778317448153
2020-11-19,0.23722355744210685,Low,1.3946408010288214,1.5256775054651774,2.7382376196510796,3.9910427694335673
2020-11-20,0.2046841166398227,Low,1.4483284802309677,1.1158067672935201,2.756975014346896,3.798020940058706
2020-11-23,0.4489958350354316,Neutral,2.645106752362437,2.8832024408826102,3.8940916687334686,4.604658710111257
2020-11-24,0.5349655338866828,Neutral,3.6009128922308227,3.0673267151807844,4.35909533731092,4.560302821048094
2020-11-25,0.27394335934371244,Low,1.7016833050692264,1.687189596007459,3.7569948115181795,4.301433495934867
2020-11-27,0.3561297174999203,Neutral,1.9963918676092924,2.3700792107024986,3.9703400639206112,4.071831734513883
2020-11-30,0.3102584395906504,Low,1.818135184396372,2.0002069668975104,4.365373032202324,4.414255198960626
2020-12-01,0.6558683756896556,High,3.9275696691557176,4.150396895959449,3.618923646779035,3.792404429310649
2020-12-02,0.28152660011296976,Low,1.8455707433926274,1.6510552858393202,3.2251610275984155,3.777426006583208
2020-12-03,0.25012728011458474,Low,1.740607466197494,1.3844896332531564,3.02425865445294,3.5240391442430106
2020-12-04,0.47874956845776695,Neutral,3.003869643601341,2.9176810937939366,3.62580438443812,3.952679269989942
2020-12-07,0.3600651780866496,Neutral,2.2685903648479298,2.1866976205503286,2.692861655679116,3.719317596139932
2020-12-08,0.17597385897501316,Low,1.2849016138871916,0.9247574815230428,2.0470017331127845,3.647884312398422
2020-12-09,0.45278224818452983,Neutral,2.4828943211342116,3.051959203054444,2.488990343242008,3.6326688505352136
2020-12-10,0.24462426040022825,Low,1.4037132245606645,1.597993138191406,2.0181683444196232,3.497084497737967
2020-12-11,0.22380343979088482,Low,1.6655956726620718,1.1504034383187447,2.0404280561654513,3.1014704682488703
2020-12-14,0.35999497159970284,Neutral,2.16595081779103,2.269769051457899,2.4237958643937048,3.2821639879747235
2020-12-15,0.3359310559253119,Low,1.9980462924446258,2.1369366643815275,1.965661609571203,3.2030899163883038
2020-12-16,0.26853095589763665,Low,1.895689824026879,1.46428602406481,1.9528897276544683,3.111083069766942
2020-12-17,0.2577254224347903,Low,1.607423465068012,1.5785611813850104,1.8780362239214308,2.9396849049763794
2020-12-18,0.24591359767272386,Low,1.7014705786167692,1.369184888306294,2.0038710212686897,3.085998488119897
2020-12-21,0.5264475203321329,Neutral,3.99030929537917,2.6469400568188464,1.9739945230023586,3.244643893619398
2020-12-22,0.3266114704506963,Low,1.9992706057213183,2.0313637838921474,2.389123910087749,3.2626368179125342
2020-12-23,0.3158100676382154,Low,1.8700581569187846,2.0157340782012714,2.659304983026028,3.5332157275521565
2020-12-24,0.2603146055217682,Low,1.8206217342430975,1.4334251427724616,2.23248788073446,3.1228150583110983
2020-12-28,0.2674363129494431,Low,1.6249517500703459,1.6732034272987484,2.422267375776684,3.080287861834657
2020-12-29,0.22888557732736822,Low,1.522109177163263,1.3246609752498077,2.6120939822185965,2.667308270733998
2020-12-30,0.28136212461797944,Low,1.7589483193169033,1.7199825401980524,1.576370006279403,2.3318479545030257
2020-12-31,0.2622954804563949,Low,1.8858928995197846,1.4023237602214351,1.3920276078235863,2.34516738716312
2021-01-04,0.6507936764435875,High,4.3902991824629085,3.7153929121297717,1.82400953513089,1.900581087374436
2021-01-05,0.2608059487529067,Low,1.6472173450783263,1.5806143034827131,1.9510805839009082,2.245484806493822
2021-01-06,0.6068922767813895,Neutral,3.355083537193361,4.068585314155099,2.2824580646000396,2.7145429551044313
2021-01-07,0.5310715025158954,Neutral,3.7275198319811276,2.9135304052660325,2.147635810311046,2.892634143903947
2021-01-08,0.779901280882511,High,4.9242425026382595,4.727829245430363,1.8820182348342456,3.1211321332499686
2021-01-11,0.5123253611890247,Neutral,3.304939622857103,3.0484440530378447,2.268167070058415,3.4845303036192834
2021-01-12,0.20673713248111292,Low,1.137284148998828,1.3905513100585383,2.6654325554668894,3.443326227840835
2021-01-13,0.34758276287823786,Low,2.265813752903894,2.0489043314067463,2.1862050597274174,3.08966122378063
2021-01-14,0.4399168661683531,Neutral,2.5825254087374536,2.8261989717471505,2.5070203533882474,3.289438192383306
2021-01-15,0.3330400018910227,Low,2.036291330520578,2.073249719517839,2.312584782987845,3.1040742791652844
2021-01-19,0.3537844342342448,Neutral,2.0274005162141093,2.3132814936234607,2.688508732133127,3.4644394853669573
2021-01-20,0.5434278968237942,Neutral,3.2372171380204664,3.452768359473582,2.0857467052362124,2.828672513814044
2021-01-21,0.274985379326557,Low,1.6530569537083333,1.734946801152812,2.3584665296649088,2.9432272234020207
2021-01-22,0.3342554840913802,Low,1.9404914417017372,2.1651593404988096,2.1089435134801375,2.925501340784764
2021-01-25,0.3640798081447302,Neutral,2.302460798033622,2.204071682982509,2.1439957168660246,2.9289097611484807
2021-01-26,0.2652922431678025,Low,1.671359546262862,1.6112290063724646,1.9048657379456364,2.5801790286871507
2021-01-27,1.4909912023124012,High,11.310344337337684,7.527428833187922,3.0806190689760347,3.086088345442465
2021-01-28,0.46922669286808194,Neutral,2.806354504974464,2.98412051820288,2.647924568236327,3.0288394423112535
2021-01-29,0.449216148422951,Neutral,3.4377983774158962,2.24329597796892,2.8167640363870765,2.8360690785719362
2021-02-01,0.45351746219765854,Neutral,2.731724401784181,2.8684303358261802,3.3728426810389593,2.9085826459660873
2021-02-02,0.36532798686686296,Neutral,2.2973635443641025,2.2315392191443157,3.1012907151447626,3.0656446828118873
2021-02-03,0.4645660482008538,Neutral,2.8373669156606924,2.9063779716463403,2.995635617460488,2.8896477828640816
2021-02-04,0.42461933992802753,Neutral,2.442572118978608,2.779664177475509,3.59821519351645,3.210790705467638
2021-02-05,0.4065367065200266,Neutral,2.425844160114677,2.584362011621724,3.2396842206528147,3.3932647442868804
2021-02-08,0.41233445954310655,Neutral,2.6321980676548256,2.481220327713308,2.4191762277616378,3.5088985416307206
2021-02-09,0.15141894814987328,Low,1.0198744008110727,0.8677436212915196,2.644921394836387,3.2013343174062086
2021-02-10,0.3452558302315418,Low,2.5800195019396215,1.7673200403455274,2.289885837666907,3.049015114889269
2021-02-11,0.4765703994527095,Neutral,2.8438875278438367,3.023019164854361,2.237026892596407,3.338703065686507
2021-02-12,0.31952212419669124,Low,2.070825215491839,1.8933394225324063,2.3188008079983002,3.593521139420575
2021-02-16,0.5350645693553986,Neutral,3.677807384549768,2.9996976584651955,2.5676002059438003,3.6427368846140533
2021-02-17,0.5180347899300254,Neutral,3.5758521151064606,2.891942814948692,2.5951961439874673,3.4020698547131456
2021-02-18,0.27826372601828125,Low,1.911704088574473,1.5607950658932292,2.4527541967664077,3.2690352036874533
2021-02-19,0.4895770334136838,Neutral,2.713135891752271,3.2750013537020686,2.5636671185859443,3.6281148054071077
2021-02-22,0.7270184456610015,High,4.673001633612473,4.339539621369377,2.8585140626208565,3.6438283765661406
2021-02-23,0.3251753969338621,Low,2.237215060755182,1.8185183502469622,3.1316193058682966,3.4538712784578447
2021-02-24,0.40456309748048125,Neutral,2.720287467033875,2.2829195739526105,3.536091546392183,3.540871013985189
2021-02-25,0.9515080757553882,High,5.941875769228149,5.758227612346936,4.129419401188173,4.377405413576594
2021-02-26,1.1729388160514485,High,7.580396849834727,6.914885314642265,3.388282956875854,4.310420374598995
2021-03-01,0.6166234031780624,Neutral,4.091853471488383,3.423373370848169,3.0030774782029144,3.516796321036872
2021-03-02,0.4697262094002431,Neutral,3.066930193516938,2.5815641603833663,3.2183269949362727,3.425469608674439
2021-03-03,0.5375441979040603,Neutral,3.025455795704206,3.38070810467031,3.8667504640732724,3.6643262586419993
2021-03-04,0.5681971133170112,Neutral,3.3455307051135383,3.443563516803106,4.15620649066154,3.6834083587052837
2021-03-05,0.5786835122639201,Neutral,4.031938972928995,2.9570692011312856,4.209526320572588,3.8351480486447445
2021-03-08,0.828630910797735,High,4.523359744691727,5.245913179611131,5.164503177745805,4.555872006299775
2021-03-09,0.8774057388032118,High,4.791364119049814,5.459582437757851,4.122268361589497,3.7867391952919807
2021-03-10,0.5367819478917297,Neutral,3.089689461930396,3.1421807230070584,4.360087710782563,3.73170321837778
2021-03-11,0.505258400470059,Neutral,2.672538659047799,3.079505922071058,3.8671586367839956,3.5304654495324828
2021-03-12,0.5307930907679732,Neutral,2.6379815982350174,3.305178467921923,4.492873524922906,3.9146335252418387
2021-03-15,0.3529290675202226,Neutral,2.0876914116053125,1.8379146668517101,4.4037690635374505,3.7704208545207574
2021-03-16,0.2762647366397398,Low,1.4227804428758017,1.600497196772387,3.7395987722655035,3.827524090049198
2021-03-17,0.27690361491252935,Low,1.2920754456620078,1.673387380664301,3.528310668317731,3.8524231990106346
2021-03-18,0.5757881421667779,Neutral,2.586598302544027,3.5296352023854776,4.192820550232838,4.269956348071652
2021-03-19,0.4049450934246899,Neutral,2.0361259985464906,2.23526577957044,3.7574942148582546,3.8767672816574814
2021-03-22,0.43993756582587373,Neutral,2.068490307514958,2.550254600845833,2.6689279036793803,3.845024840467001
2021-03-23,0.4732660989827041,Neutral,2.3758433942582644,2.5344281902018944,2.9340802605049197,3.517008918537089
2021-03-24,0.5083881768978729,Neutral,2.497351476783506,2.7459418295126663,3.243766905885703,3.815867470853249
2021-03-25,0.39303169486033074,Neutral,1.9027313444737146,2.1561272485831937,2.9403683137806547,3.763180097147196
2021-03-26,0.6076067134190921,Neutral,2.9460983863392376,3.327820070636999,3.2432622915094953,4.088811828060227
2021-03-29,0.5177724964671757,Neutral,2.364562495457356,3.0094416956038335,3.6560290441540055,4.3274943138823465
2021-03-30,0.4737336265888028,Neutral,2.281182296879389,2.613410644857185,3.1281296026688996,4.216264817042499
2021-03-31,0.5695093401334466,Neutral,2.7130623394306865,3.1766393941532574,2.6490376035896084,3.941771866498262
2021-04-01,0.6029841528537652,Neutral,2.9081857444475343,3.320941248055596,3.2686491790880963,4.004062836258603
2021-04-05,0.4802076410125913,Neutral,2.856880976118353,2.001334892638716,2.471519573683908,4.02832896057141
2021-04-06,0.40782326935877267,Neutral,2.3778934097574354,1.7571866204775293,3.013266941880013,3.63543962845781
2021-04-07,0.3872252544853051,Neutral,2.0692662950384326,1.8927154631014111,2.1129283122606775,3.254628334832793
2021-04-08,0.34275736441145244,Low,1.8021457877873148,1.7104457497078478,2.624140014023323,2.824087920966238
2021-04-09,0.46880564747997855,Neutral,2.9159790593467125,1.802811978490932,2.2298299679378215,2.7600658111241443
2021-04-12,0.2546790728375643,Low,1.2105437650600177,1.4237881496306208,2.5051456370957172,3.152518779819832
2021-04-13,0.41650353210574753,Neutral,2.1689770514305833,2.103333810797169,2.383917175821785,3.0273477190462352
2021-04-14,0.3665252896989811,Neutral,1.8824590652728665,1.882175448764222,2.0281983671234523,2.9755846063921836
2021-04-15,0.5583720427992765,Neutral,3.14072677018983,2.542629924861354,2.4383426268198853,3.105459986566917
2021-04-16,0.3242671726194537,Low,1.7194552387741748,1.6008930871007785,2.6773034779167992,2.9635318912039743
2021-04-19,0.2635338364679008,Low,1.1078495190098832,1.6455310267853698,2.6852941731184328,3.431786485320017
2021-04-20,0.3994939068575373,Neutral,2.330999078852534,1.7193092595432011,2.4948670638016917,3.47523252176515
2021-04-21,0.3519940592691804,Neutral,1.7281463274747126,1.9023468946592257,1.910865038858335,3.3316337316526505
2021-04-22,0.31973476447036175,Low,1.6908845910834558,1.5839143858530338,1.6354855363021874,3.3125496403140713
2021-04-23,0.28181533755091404,Low,1.4869871382736564,1.4000701615460882,1.9810120561449762,3.4290597451883515
2021-04-26,0.2910629494951771,Low,1.4251347325037038,1.577643388374667,2.078221046262669,2.7245784818274426
2021-04-27,0.2638296620686239,Low,1.2795771191199445,1.4445627540922918,2.2220879106723834,2.8150792045067297
2021-04-28,0.4161862572542057,Neutral,2.329607783611059,1.9086724621538782,2.551503960428289,3.1312501796649452
2021-04-29,0.29962693320743317,Low,1.7814594713179805,1.2500467699344993,2.4475469785542874,3.1770299045908343
2021-04-30,0.40906345309412795,Neutral,2.076261361010619,2.129967730159638,3.0216747399812687,3.247112981248
2021-05-03,0.4966736791075538,Neutral,2.5776311854278267,2.5187061424584667,3.1642599925025614,3.6586431119872085
2021-05-04,0.5081833874645973,Neutral,2.549940152130622,2.681077087170938,2.9434221786937833,3.8071425821068052
2021-05-05,0.27031977211511116,Low,1.3597141605315892,1.4222104138064047,2.8339227437859007,3.9430537233733562
2021-05-06,0.4283762324720137,Neutral,2.226609157588223,2.168282412213673,3.080627824855695,4.18453140825537
2021-05-07,0.3554035026819009,Neutral,1.886983524203641,1.7517267382344488,2.901886521205997,4.08737286959791
2021-05-10,0.7184151743548899,High,3.363426934350831,4.077405495748749,3.690138984010305,4.669927765438902
2021-05-11,0.5599032202751032,Neutral,3.1033968521768007,2.604257601306752,3.4973343105024854,4.4856012700611805
2021-05-12,0.7092135901315582,High,3.6630414121847497,3.617497402540717,3.862615735242587,4.523356253566797
2021-05-13,0.6663559704315822,High,3.5684288142263507,3.248112259796457,3.8989775811033094,4.247855530737298
2021-05-14,0.5495146947927595,Neutral,2.7543932327815526,2.90262743312739,3.1052953207067717,4.029976408097581
2021-05-17,0.3322734677898433,Low,1.734190563767933,1.6733953059709292,3.1960119648770657,4.4127151638710504
2021-05-18,0.3008563401822969,Low,1.7138206238197629,1.3443378563223511,3.2464961220377977,3.672254492759923
2021-05-19,0.48661833836212387,Neutral,2.652827906169269,2.3161748833560107,2.9908229967500475,3.470500007443026
2021-05-20,0.3768222323242829,Neutral,1.8118727332719613,2.081938832460006,2.8525361099842477,3.4767077601710623
2021-05-21,0.34894704900105,Low,1.8631565916543873,1.7074685112748664,2.97652830012426,3.1077229392802797
2021-05-24,0.2836473992907518,Low,1.3624565726834208,1.5688191405017053,2.864450864531737,3.433240539740021
2021-05-25,0.30888758835716734,Low,1.8187966550509391,1.3097662725102572,2.747569602167788,3.515467580307576
2021-05-26,0.3392974435076714,Low,1.9871053420810758,1.45150220034561,2.365565768680726,3.168496335751191
2021-05-27,0.3201817222915944,Low,1.7260479766675985,1.5471085504005875,2.7076637946323334,3.3074955820669265
2021-05-28,0.48240470481283937,Neutral,2.8575139445124376,2.025288206325012,3.0835827460736676,3.270569783987493
2021-06-01,0.3656232347273016,Neutral,2.1867291244247857,1.5100583533575074,2.363034695637943,2.6768810201335773
2021-06-02,0.17614182557120522,Low,0.9933624155336803,0.7989933907493162,2.710560453266643,2.983789892362698
2021-06-03,0.5461634825860733,Neutral,3.1202161892036457,2.4297430916264906,1.8982889868729376,2.316279656952093
2021-06-04,0.5472173572612236,Neutral,2.920041633680625,2.679730729801534,1.9111707848184452,2.634408925799156
2021-06-07,0.48096064443409886,Neutral,2.789431614661655,2.0900433264600613,1.5075286131246304,2.7247124564511083
2021-06-08,0.3982616518218554,Neutral,2.3794193099079406,1.6478494768245275,1.9931704906873682,2.404687487568588
2021-06-09,0.34799417827160045,Low,2.129979406011388,1.3793289115766523,1.8640678563763116,2.3854073192698757
2021-06-10,0.35158046624430983,Neutral,1.8648873501864511,1.735022706215234,3.3320082627531233,2.5789461853178626
2021-06-11,0.39374184715227334,Neutral,2.395169290276281,1.494142120730065,2.7583035300933303,2.6023307868110175
2021-06-14,0.5067221686952362,Neutral,2.8598959821883736,2.1954371997732833,2.023722657078171,2.675552659463159
2021-06-15,0.2951736670283443,Low,1.669149651738775,1.274939106361181,2.248081871480159,2.623038175892137
2021-06-16,0.6576122483254488,High,3.8668560517189663,2.658918968328071,2.556664014587923,2.486088985817252
2021-06-17,1.1392357669032043,High,6.58220761325362,4.980391702938562,3.9279478827720333,2.3712594463599728
2021-06-18,0.7980992166745726,High,4.646164345583207,3.447462723376329,3.88866087467952,2.4753089541279714
2021-06-21,0.7677837969638623,High,4.23622464779237,3.5942438553251743,3.3143501352201463,2.336280798760836
2021-06-22,0.29140601371088154,Low,1.5631016434263043,1.4173695555699666,3.4359130245714984,2.653798212567676
2021-06-23,0.2336689423329525,Low,1.4139664223210566,0.9455252482298862,3.566075474864984,2.8836725316682945
2021-06-24,0.37886706952095545,Neutral,2.3664206017675156,1.4452182548675045,3.4143808199671364,2.543257654918895
2021-06-25,0.3666840821040932,Neutral,2.0652238164192394,1.6665359253358172,3.1310463513905367,2.3834583377223724
2021-06-28,0.5162243922404492,Neutral,2.871770964556586,2.3886350162450216,3.4433470726934345,2.1483007139708588
2021-06-29,0.3427523798248738,Low,1.9279793451521052,1.5606924375677924,3.763935728215599,2.0800646412311603
2021-06-30,0.32347808260783695,Low,1.9106379437950003,1.3645801031143643,3.694745450538985,1.7911687453142193
2021-07-01,0.5986366025551799,Neutral,3.6812801336502226,2.352344515960522,3.4282791119477607,2.400910023615038
2021-07-02,0.4004694350792106,Neutral,2.2968190664752743,1.770941304986286,3.311324605890772,2.4366037065516726
2021-07-06,0.5511155739156949,Neutral,3.20284531028937,2.387130803539732,3.5464735794596733,2.401052148649041
2021-07-07,0.4567290275535122,Neutral,2.603017471030351,2.0393217065758784,3.5212904982328617,2.4716344140379585
2021-07-08,0.5252747280912307,Neutral,2.983082640021494,2.357986063204751,3.306924421418267,2.2774987399719424
2021-07-09,0.780054305691736,High,4.632798459076999,3.26044557549367,2.723108383246714,2.057553124525078
2021-07-12,0.29877248095863296,Low,1.7402684037350824,1.2894410693120537,2.481051193030625,1.8445609594195176
2021-07-13,0.3982439266648269,Neutral,2.4636638432345603,1.5474290686283683,2.3195820618979153,1.7435856279681288
2021-07-14,0.47656211151591477,Neutral,2.7562519113864066,2.0800532126693554,2.384497163086788,1.892924054289201
2021-07-15,0.5726383363568651,Neutral,3.3342041206699093,2.4728872381412565,2.6447846459901134,2.047860417883347
2021-07-16,0.38455142769634004,Neutral,2.0961871858584415,1.8306215657972702,2.320388878864695,2.2145456357380766
2021-07-19,0.9362756092823306,High,5.636324200092959,3.9155948455658702,2.0830755106107155,2.158781918763149
2021-07-20,0.5246155601013585,Neutral,3.2395658198097563,2.0984752582101223,2.0576820032304015,2.041698618662885
2021-07-21,0.5826343164977663,Neutral,3.4564655419670993,2.496421696993429,1.522663120864081,1.9714146302408375
2021-07-22,0.42883399406387723,Neutral,2.350200232802517,2.0648688443834313,1.917061787771458,2.327271481069064
2021-07-23,0.3839191623387944,Neutral,2.5352108944938756,1.3427259029932634,2.0475252357166767,2.202370039102321
2021-07-26,0.32003406189021916,Low,1.796456268568825,1.491091808209181,2.3098315929440663,2.2523326269913975
2021-07-27,0.42941610232705274,Neutral,2.381465729446057,2.03473165757518,2.7231167843556485,2.2680188198143623
2021-07-28,0.5579579834619857,Neutral,3.2443446555136357,2.46244977725649,2.1040353936597587,1.933527780886033
2021-07-29,0.4429695339200014,Neutral,2.357014375144244,2.211018233141814,1.7553304772858986,1.7769405993461462
2021-07-30,0.5188238401154611,Neutral,3.1678918884601415,2.112841449444465,2.01133972944793,1.9276438744631914
2021-08-02,0.41751607491387444,Neutral,2.3466974910590688,1.9374900285793268,2.2506731824591273,2.239698163038568
2021-08-03,0.34498879390285364,Low,1.9904677465832934,1.5407291954025124,2.0322885031365088,2.4164928304035187
2021-08-04,0.4312858345831627,Neutral,2.5386095822091126,1.8673198012350347,2.0161628423872067,2.921509367506859
2021-08-05,0.4426032796536803,Neutral,2.652854546784794,1.8605599546521978,1.5377295465976537,2.899899610267106
2021-08-06,0.7500737922718664,High,4.423026155412354,3.2382135702774426,1.714732268808477,3.5230802530311234
2021-08-09,0.49661263301770586,Neutral,2.6934815490647246,2.419021307041874,1.9047756082507987,3.437695924434769
2021-08-10,0.3204743643508918,Low,1.8791480823824056,1.3959844631177345,2.12300042307933,3.084223004324954
2021-08-11,0.4809333507223183,Neutral,2.722775255189546,2.1643233726398727,1.9268119246436912,3.1732642129064486
2021-08-12,0.4528609784772416,Neutral,2.592323151383841,2.004185430859755,1.6843112539867202,3.349483471296622
2021-08-13,0.4782986305637722,Neutral,2.7008200496975125,2.1608220582564197,1.419942272377575,3.5594249040905437
2021-08-16,0.5095324715607248,Neutral,3.0597459578767303,2.085221551021377,1.9568774219512455,3.35358224983577
2021-08-17,0.4037296445472862,Neutral,2.456480885230315,1.6141489472762827,1.5568499016640083,3.2783822047790387
2021-08-18,0.6572875238949776,High,3.8567664826181316,2.7970292633428375,1.5829358217257161,3.181971174842739
2021-08-19,0.30481121227545127,Low,1.569902922827676,1.5566341136844513,1.606866900131011,3.393620577836506
2021-08-20,0.4724579741727515,Neutral,2.59004907735433,2.226777561588716,1.3190962677189384,3.458329873875325
2021-08-23,0.469740755998713,Neutral,2.8640091980150073,1.8710808806472008,1.0632091065957945,3.3373129085292974
2021-08-24,0.30413943313417324,Low,1.817668363435969,1.2549834539932907,1.1680716184630011,3.446817126350161
2021-08-25,0.304827580817515,Low,1.783552229892381,1.3032029229250335,1.077188126406601,3.3578306458576113
2021-08-26,0.40992061336632835,Neutral,2.3814913814852416,1.772633307786693,1.1128206851790465,3.341294370131309
2021-08-27,0.5266865885905592,Neutral,2.934503050165481,2.4263743543142824,1.167496140339383,2.8650126669213654
2021-08-30,0.42545290105490496,Neutral,2.518493908705418,1.7842865481677543,1.7832092381619835,3.1511275329162443
2021-08-31,0.3211501828916975,Low,1.9582037704216222,1.2790323777611707,1.824434428179334,3.010516975692687
2021-09-01,0.2544979204189615,Low,1.5157398668798228,1.056376952957339,2.1887456967918304,2.9163696082582535
2021-09-02,0.2883986804622716,Low,1.8626806094459556,1.0249283616304006,1.6418838892082224,2.791349422688677
2021-09-03,0.486985511857116,Neutral,2.889443378667756,1.9843007319314045,1.8762128057766692,2.5018272382454456
2021-09-07,0.6276097429537444,Neutral,3.356920418053169,2.9822473716424396,1.9198222543596015,2.7029403759871458
2021-09-08,0.4555539654623603,Neutral,2.725875031272394,1.7671334558703047,1.859977518146089,2.776494076919259
2021-09-09,0.37722757326859563,Neutral,2.127098207415705,1.622923944167266,1.8707358561326886,2.6477613719742834
2021-09-10,0.6320107797463188,Neutral,3.596633730417474,2.678729736774505,1.8428130602702157,2.288583412661695
2021-09-13,0.48684152430505684,Neutral,2.7941162205457353,2.0344741917858005,1.4737157747343936,1.6823740422984015
2021-09-14,0.4187540498381274,Neutral,2.6268726224079972,1.4756825550097858,1.7445680588149561,1.4336134135136747
2021-09-15,0.3489108872526703,Low,2.032277056703636,1.4215309010194592,1.727589025377067,1.6552469114455148
2021-09-16,0.6167193769566383,Neutral,3.453044273622909,2.683326265803551,1.9521606973996706,1.9283385809630311
2021-09-17,0.5128587786213372,Neutral,3.1287710564871536,1.9158016509740228,1.7505022363877751,1.991261515359904
2021-09-20,0.726885840815314,High,4.21760833462553,2.9813918533735992,1.7768541197691154,2.3101374580701326
2021-09-21,0.45269072674426303,Neutral,2.595079612572013,1.8954854383649478,1.700835494669882,2.1885790358061814
2021-09-22,0.5914792304433723,Neutral,3.2728672128707705,2.621181804939712,1.7506128357441155,2.178834972502807
2021-09-23,0.7693243037244326,High,4.2811907524123365,3.379569997689169,1.3204724910258339,1.7138841291848268
2021-09-24,0.4236573801970869,Neutral,2.4307026933964986,1.7713924853122154,1.3938286770069466,1.7366952525424992
2021-09-27,0.42949664706915414,Neutral,2.527391178079491,1.7182812716153062,1.487351389522546,1.4202538749440912
2021-09-28,0.9259632653941391,High,5.460768824898481,3.7855140315942273,2.237825661178694,2.015467103493088
2021-09-29,0.46711297183770617,Neutral,2.6467512124611052,2.0402630192753146,2.2500946323840427,1.7700583288612037
2021-09-30,0.7715340382745288,High,4.803091855303738,2.8723534337190517,2.240149625052431,1.5536327952347848
2021-10-01,0.5747291563223806,Neutral,3.3135378284276826,2.4580711424994006,1.8506575269376235,1.4041970409265643
2021-10-04,0.6267772363286082,Neutral,3.9787325335991164,2.2409309688863575,2.1680289940217428,1.4939963338616116
2021-10-05,0.3463792899815947,Low,2.1193052789415474,1.3341469998150337,2.0836507742235466,1.5952496612322893
2021-10-06,0.35797934103193735,Neutral,2.1127991839176565,1.472143995111764,1.9503891057359835,1.5554942115674741
2021-10-07,0.32692261297390507,Low,1.8294578623343056,1.464919866691461,2.148438003571226,1.6802886241931005
2021-10-08,0.3604651090019457,Neutral,2.043947827949128,1.5829604288906205,2.715415800296148,1.8642980168005892
2021-10-11,0.3678002944859368,Neutral,2.0495377596138917,1.658534098971527,2.8624441852485623,1.92279954079452
2021-10-12,0.786030596530493,High,4.497354067196093,3.4032448022224746,3.450286132424422,2.8192611606290545
2021-10-13,0.4960008785421078,Neutral,2.678842987630708,2.3391060155362093,3.7478464294610245,3.205692925676893
2021-10-14,0.5293123525974079,Neutral,3.4730376824161917,1.7563603163491972,3.829292141217114,2.774614410460209
2021-10-15,0.5248212958004383,Neutral,3.0214746493822395,2.2498280512575164,3.6011780589569047,2.444004064767451
2021-10-18,0.4255244608463547,Neutral,2.467801605638962,1.8024863029499514,3.766207046411728,2.809016225021665
2021-10-19,0.435228484309224,Neutral,2.512980370678891,1.8569594421706035,3.767151301127656,2.7375718142239474
2021-10-20,0.4241461816476628,Neutral,2.3236639521330122,1.960619804922014,4.3446550445308825,3.097102838910712
2021-10-21,0.28933813745915227,Low,1.6824690995139693,1.2202271551031407,3.741554824174372,2.986008919396741
2021-10-22,0.5904700964407255,Neutral,3.423123165662091,2.502711899948426,3.157329697225458,2.966038939570791
2021-10-25,0.36592899467560736,Neutral,2.28550334714099,1.35334074569817,2.945921046490334,3.3460955404079957
2021-10-26,0.3964847115530815,Neutral,2.1510268034141076,1.854217452852852,3.023802001934159,3.5379589887821683
2021-10-27,0.601858641565603,Neutral,3.5539879256735105,2.467638168538006,2.9238866765858194,3.7927832761388705
2021-10-28,0.4562278288008421,Neutral,2.8667011113589744,1.6630304596911079,2.376707595684657,3.6246274709224813
2021-10-29,0.31393100629653026,Low,1.826840940178753,1.3194898159494148,2.2340173144346234,3.123458958995418
2021-11-01,0.5208146388124247,Neutral,2.9582624272033198,2.276161654412243,2.7319297991910063,3.1410887763797093
2021-11-02,0.286979903406372,Low,1.784763421101513,1.0682909582328446,2.7365474934921683,2.822230908621197
2021-11-03,0.4163907800614469,Neutral,2.30853737069754,1.8878016207163337,2.148916089403948,2.6588483544479957
2021-11-04,0.7245776264105634,High,4.281837837577361,2.9454011434237355,2.787054719642891,2.603094126675353
2021-11-05,0.6048855568497282,Neutral,3.556423200487482,2.4807023043881866,3.260439141886251,2.4451105178863415
2021-11-08,0.4736458825544779,Neutral,2.833088000539414,1.884196264924324,3.2619190752417335,2.2954357299464463
2021-11-09,0.41525765957150473,Neutral,2.47232102194893,1.6226265269626097,3.1670824579348693,2.7719070037031344
2021-11-10,0.9922199066520825,High,6.048883209586513,3.7038714290785677,2.761614030100808,3.0224251668277478
2021-11-11,0.6967425476127731,High,3.995785945275436,2.9091396528810667,2.7099362772914986,3.6717204909447236
2021-11-12,0.271408080343467,Low,1.457206821399132,1.2548068611127943,2.798891712758011,3.716676651044998
2021-11-15,0.32091146393901204,Low,1.5629107787989431,1.6796738394548087,2.726973921933531,3.483486459323814
2021-11-16,0.3219782892551219,Low,1.7587946482666257,1.4517891180802467,2.6283483400242535,3.1715208825556025
2021-11-17,0.48178940792018166,Neutral,2.6027657702567204,2.207867390176823,2.8220094831529776,3.544199842815384
2021-11-18,0.554440933156946,Neutral,3.0797723425800703,2.4373188771896004,3.020962340485148,3.309065522142169
2021-11-19,0.49277022077477434,Neutral,2.8258730904174842,2.0576578175412163,3.3507626497168745,3.2479502166600884
2021-11-22,0.6725867440933406,High,3.777157463095976,2.9063462821313713,3.0878488400125823,2.61150783603579
2021-11-23,0.5729624723421979,Neutral,2.9583596520247197,2.7933543269391006,2.9070776757433427,2.6899169614497276
2021-11-24,0.5195540048367961,Neutral,2.6251914702154493,2.60325764191162,3.0404421602116543,3.0393897656793536
2021-11-26,1.6678843832612245,High,9.205781877577483,7.581044065167914,4.191689830659784,3.697771083136358
2021-11-29,0.9009189839845175,High,4.824049220268506,4.298906456431071,3.9913700255969347,3.397827731321146
2021-11-30,0.6078171511056939,Neutral,3.488503428929498,2.6186148524704826,4.042545547356751,3.476255062409805
2021-12-01,0.5631571643721862,Neutral,3.0171192535162463,2.6852302351529347,4.468211552561073,3.7923845220380885
2021-12-02,0.5953677031646489,Neutral,3.3608985034984973,2.632609770355709,4.265466700063251,3.5705402690358503
2021-12-03,0.7889089332540583,High,4.520437385146726,3.407740396824819,4.182850679116961,3.8199221223447837
2021-12-06,0.5751914651696449,Neutral,3.1854663993176024,2.617507296802132,3.286004073309411,3.128055239104637
2021-12-07,0.6748551407861069,High,3.7598430449711544,3.0440299322021405,2.659518593444667,3.038677795612786
2021-12-08,0.615980932178922,Neutral,3.115357328731339,3.159634113991383,2.248019796681823,2.4338953474574674
2021-12-09,0.47720022223395253,Neutral,2.504264478939839,2.338410510480569,2.6976272164066057,2.66409769805097
2021-12-10,0.4030100261957029,Neutral,2.001235429662261,2.1117882436446305,2.8180631268583545,2.6873752916101505
2021-12-13,0.4349293571705495,Neutral,2.4110982731015316,1.9763094015229954,3.0426021210152627,2.69245571983191
2021-12-14,0.3752325079415383,Neutral,2.046037394885202,1.746144810178763,3.4401390805116514,2.460818035803147
2021-12-15,0.4820528375380207,Neutral,2.570794722319815,2.312731657956281,3.07406059497375,2.9016659910402076
2021-12-16,0.8169737307431225,High,4.408916357176743,3.856963482672004,3.3138314740206414,3.0393862017916207
2021-12-17,0.5951128618119732,Neutral,3.344222033276994,2.649835336585878,2.841463777297471,2.696132538849959
2021-12-20,0.4246247889228461,Neutral,2.4405722212506276,1.8251862842610462,2.869264939802207,2.730955410124455
2021-12-21,0.5022811979777735,Neutral,3.094025156613639,1.9095320849240607,2.029011736703478,2.670116748418985
2021-12-22,0.4052930975721506,Neutral,2.1420386864464613,1.967823107418175,1.67541384367179,2.8724634653240524
2021-12-23,0.23886500658577287,Low,1.2543908232685037,1.169457347517835,1.5916893573791533,3.0087752418555604
2021-12-27,0.39203864478734507,Neutral,2.2143331849654095,1.7283510865751477,2.461645575010356,3.343756360970931
2021-12-28,0.3598282575470576,Neutral,1.8625487087667103,1.7904825625671292,2.1686828104023004,3.3362286853485985
2021-12-29,0.2862097974336033,Low,1.4991579653181177,1.4029201136270943,2.626503078459104,3.464860297883135
2021-12-30,0.31012779672862345,Low,1.6764767279385278,1.4576192665261196,2.8306769574439903,3.2656671213933146
2021-12-31,0.2742525105747709,Low,1.497174247089723,1.2714194641761178,3.012273461015406,3.194197927437566
2022-01-03,0.6832311707210337,High,3.598799971849886,3.319863302308671,3.0813450322184113,3.2488060841017754
2022-01-04,0.5534453023839464,Neutral,2.9358443301181865,2.6644229186573236,3.0026706912764753,3.514380255256803
2022-01-05,0.7667896711640754,High,4.112032628715971,3.6381544492531663,3.281065163092901,3.6372995694444112
2022-01-06,0.4382140527482994,Neutral,2.447273784162195,1.962437135513161,2.7171227961879096,3.992567980247098
2022-01-07,0.5638699898664862,Neutral,2.9146650174113895,2.7917372655301254,2.841971412896089,3.6892482953425634
2022-01-10,0.24141405834187482,Low,1.3196374292900253,1.1087753263959328,2.61779510683539,3.5117791522319943
2022-01-11,0.41888247153107205,Neutral,2.3994007575856626,1.7917005541211408,2.51011386048475,3.6112755779544177
2022-01-12,0.27297602315030917,Low,1.3894426224861187,1.3775180971968974,2.7677724644006187,3.818280606357616
2022-01-13,0.667363004815988,High,3.3835478533894574,3.383759280490113,2.6158590060332476,3.734912257267852
2022-01-14,0.6271194209862748,Neutral,3.2377694823286722,3.1095074847009223,2.7180279684852953,4.024315253488427
2022-01-18,0.7421021943879107,High,4.0859783679099335,3.372879842791912,3.2311168374513555,3.9971104128746537
2022-01-19,0.5707830890721552,Neutral,3.2051508754733335,2.518977132947871,3.1396020620284415,3.753493425893547
2022-01-20,0.4520281298736146,Neutral,2.374931714939512,2.1917535288598886,3.425890964302722,3.4538922209996996
2022-01-21,0.6203385668804215,Neutral,3.3522877226562082,2.8956983865785717,3.640963536481652,3.727958445539181
2022-01-24,0.46276091597731805,Neutral,2.481073496913926,2.1670517179922375,3.6755979924018582,4.3213975368508555
2022-01-25,0.5644385342413533,Neutral,2.7088090953607127,3.0227416230815067,4.558434278635025,4.237612674783154
2022-01-26,0.559594991752447,Neutral,2.85718877197391,2.742110002936879,4.368547906834275,4.5299906065972015
2022-01-27,1.0976530190365081,High,5.832244221008737,5.2032820379258755,4.2205532775966565,3.888147775162846
2022-01-28,0.7850966183498322,High,4.305859007368232,3.5610020966284686,3.5995479539329596,3.4172859156732227
2022-01-31,0.6056081978280521,Neutral,2.9669647905462457,3.170780464996033,2.7751898500005057,3.163541133133455
2022-02-01,0.29950906988721077,Low,1.4382980363396891,1.6028657355371358,2.8072983012067003,3.0201486418697
2022-02-02,0.4287091086141348,Neutral,2.1843437896272953,2.1441044181519837,2.2585449513532674,3.175236614113778
2022-02-03,0.7040283797337936,High,3.4277342967527202,3.711675050532198,2.9669381169399247,3.5991039850100512
2022-02-04,0.6050729740095745,Neutral,3.097941849427761,3.008222926592877,2.9443785055343916,3.608344552849609
2022-02-07,0.33688831763138716,Low,1.7213651878933376,1.6790650753305771,2.271072934853406,3.111286281248284
2022-02-08,0.318359464429344,Low,1.705493504303725,1.4924850013852822,2.3401107866734687,3.1847173047861257
2022-02-09,0.4384208749084634,Neutral,2.294243519228095,2.120430850945382,2.09331581665491,2.948906021256277
2022-02-10,0.6486281941163683,Neutral,3.339218883687138,3.2029103025624406,2.59952527357606,3.156078843160333
2022-02-11,0.7389535324596055,High,3.7742989021394595,3.684719663754781,3.1617215167762747,3.5485014286258654
2022-02-14,0.46961511618042723,Neutral,2.4251937372225965,2.3099121290250313,3.561961458906663,3.8050987612561693
2022-02-15,0.5984919409455922,Neutral,2.819850809087971,3.267748679480538,2.354224802386015,3.705352375335971
2022-02-16,0.3900914993292238,Neutral,2.0621896224708567,1.8617501443220994,2.051243622727558,3.845210191556892
2022-02-17,0.5436186177640495,Neutral,2.751914021588262,2.7402214323575906,2.6657147038966396,4.206561721406903
2022-02-18,0.4652630773222647,Neutral,2.362413408320945,2.2958004741276095,2.4284567259057708,3.9519457618725586
2022-02-22,0.3888809783565855,Neutral,2.11601444052356,1.7473223982674966,2.3804150054435165,4.365701673412092
2022-02-23,0.6750128641476032,High,3.359007813221676,3.413802532342103,2.947763431723194,5.6110389366026165
2022-02-24,0.7519740590738757,High,3.7116859311324393,3.7891389704086427,2.7609712733378244,4.919195776086987
2022-02-25,0.6649944874624298,High,3.7749869932930165,2.7321400238933293,3.276712730358151,4.711480966600037
2022-02-28,0.6589808459600421,High,3.6875724991992427,2.772992568128619,3.25124449849459,4.495126120411043
2022-03-01,0.7162562610506971,High,4.018704545791137,3.0009316070072667,3.289722316884612,5.033876541641114
2022-03-02,0.8184132689605557,High,4.267308965588002,3.8283414421190822,3.5686055213646934,5.1713304218187055
2022-03-03,0.5476682597845385,Neutral,2.722958607625447,2.725096061951589,3.537244249557569,5.062544179116094
2022-03-04,0.5234520700468378,Neutral,2.551633947033819,2.667265156012245,3.5840592695836633,5.0284064269838105
2022-03-07,0.7687292488053479,High,3.666969936889149,3.963982846258316,3.971034351860579,5.218684140371276
2022-03-08,1.186515822460565,High,6.746594684438262,4.765679477791321,4.5585858042714245,5.896158511856871
2022-03-09,0.8879558752756794,High,4.365338229887351,4.417419813915055,3.592906080480699,5.008636190705387
2022-03-10,0.5944948208278962,Neutral,2.979245995890999,2.8870401769185836,3.9743273804605197,5.492122868672332
2022-03-11,0.4854077528363083,Neutral,2.516180989474354,2.253208017919242,3.650529930122979,5.533016298827705
2022-03-14,0.9236752284880001,High,4.650798451631268,4.524214820343222,3.5465408507428453,5.6728335350455605
2022-03-15,0.6960423548716528,High,3.319791939295136,3.6367252894441937,2.892420341518596,4.723382148671273
2022-03-16,0.709810656710309,High,3.5545483561878632,3.500591379422541,2.8231334712231986,4.436364925819806
2022-03-17,0.4743347120743395,Neutral,2.4633202382680817,2.2310315506720113,2.9404683968697882,4.389893035423653
2022-03-18,0.5626654080396452,Neutral,2.7770385358016387,2.824926395514131,2.2475734760235926,4.064256137209307
2022-03-21,0.7081565777966179,High,3.4954784512959156,3.554929486772762,3.4305114493429953,4.452756973248947
2022-03-22,0.5134719652320285,Neutral,2.2921917526627937,2.875802406944422,4.040172065038229,4.38099108673983
2022-03-23,1.0267792135135367,High,5.614865762719276,4.577336854662825,4.611796931091608,4.9688192962247815
2022-03-24,0.5520337195194577,Neutral,2.591935984304493,2.978896088705152,4.303702352709846,4.7029372300427745
2022-03-25,0.5516767755093841,Neutral,2.6878689399639946,2.858519574516451,4.692305405055448,4.842490168112321
2022-03-28,0.6025187303664836,Neutral,2.979852823870531,3.0682319444264903,4.387872538441141,4.403093688531384
2022-03-29,0.6796261138562986,High,3.4926957454071847,3.301316110984089,5.126500859463861,4.402225009198416
2022-03-30,0.5205348216164347,Neutral,2.520307675155987,2.716369678762117,5.201606803455368,4.374945764427799
2022-03-31,0.5436847961609667,Neutral,2.8101369613316325,2.6214818363754597,4.104446144935256,4.212403765219072
2022-04-01,0.5579154810179545,Neutral,2.7699758203080007,2.828093424665514,4.177347825905865,4.355925221633449
2022-04-04,0.5092432131706315,Neutral,2.3597391844348032,2.785953664856569,5.016703367483927,4.718623246798621
2022-04-05,0.6817961210615952,High,3.2197795794596886,3.6565794462241845,5.2198553703285135,4.570268009483079
2022-04-06,0.4875505408758992,Neutral,2.1102593500730045,2.8480439462633718,4.972938248736665,4.706557990965125
2022-04-07,0.23364031258192564,Low,1.0993700015364951,1.2578982108394126,4.731837188346715,4.765172928075204
2022-04-08,0.5162201995048057,Neutral,2.4310349288371254,2.776837534856756,4.891074498189712,4.94296070270189
2022-04-11,0.5826334767303025,Neutral,2.6045762824464074,3.3030305721393627,4.280498712922102,5.3994719006850405
2022-04-12,0.5181874668154517,Neutral,2.6561745137831423,2.525450972498224,4.696866987532503,5.749528304445562
2022-04-13,0.36409475305230954,Neutral,1.9208781807510207,1.7082431694410378,4.847275269301908,5.39071416682055
2022-04-14,0.5353888833133839,Neutral,2.3272211945114325,3.1154749949933787,4.596648313855425,5.191670544210918
2022-04-18,0.5760565079402789,Neutral,2.7455347845035436,3.059009687333097,5.411651818152867,5.457733908077348
2022-04-19,0.47096077042359075,Neutral,2.107816883410372,2.666960997148325,4.814668653161577,5.595181906493078
2022-04-20,1.0085070745417637,High,4.814650865365446,5.431114748683325,5.5116530348180675,5.933772499165589
2022-04-21,0.612755328737254,Neutral,3.0880397952658063,3.105291658042535,4.136600171281503,5.276399258156314
2022-04-22,0.886056265276793,High,5.168914425588226,3.6615720547302253,4.84423548124075,5.414541522363551
2022-04-25,0.571920938052329,Neutral,2.8907692644294736,2.8951846896112383,4.39641435486281,5.231584119219811
2022-04-26,0.7193336552471569,High,3.7463002235964575,3.5096314984366046,4.734347879867134,4.698738204289898
2022-04-27,0.47116353908536057,Neutral,2.479449016692119,2.2682320544259507,4.576108131563905,4.545004986355278
2022-04-28,0.7159589790527487,High,3.580133861290327,3.6704878865721,4.211969992537164,4.580723026493842
2022-04-29,1.1203133097094549,High,5.603337992976396,5.8879767947300135,5.915101101935793,5.651302929992424
2022-05-02,0.6609957936157966,High,3.1437885197206508,3.66612937465823,6.211066525848787,5.485587262978372
2022-05-03,0.39543886816150353,Neutral,2.139135141054676,1.8872133106882154,5.639296684295719,5.131204144255495
2022-05-04,0.5801653998786677,Neutral,3.377803626700025,2.4852626041193995,5.104580163538192,4.773747948579141
2022-05-05,0.8790185095396826,High,3.7894866082179894,5.3387924492991505,5.05688953426115,4.7663129196614085
2022-05-06,0.5407104804366224,Neutral,2.2858385926951987,3.3375742825766,5.591168255980566,5.018210958900907
2022-05-09,0.7151006323961473,High,3.662202122863421,3.6569657609622457,5.568380284775184,4.9835511531317565
2022-05-10,0.4976080632814216,Neutral,2.650434067606855,2.4238338775304613,5.049306786618077,4.984258860284637
2022-05-11,0.7252974290445786,High,3.307659833791705,4.190915230319997,4.702808662796255,4.837911932142117
2022-05-12,0.5864295523628629,Neutral,3.2379777422830034,2.720917080732546,5.081954998018821,4.7917923904136215
2022-05-13,0.6699500235113454,High,3.1231723321003297,3.7906567437465233,4.60565531450407,4.47222120664569
2022-05-16,0.4900126232977624,Neutral,2.311769194189758,2.7400605324659866,4.400006505912288,4.792841920704709
2022-05-17,0.5119749878638515,Neutral,2.3928956420094014,2.8895055897262845,4.434869125531394,4.80207365013483
2022-05-18,0.7565935181791952,High,3.843086700291929,3.9065990586188346,4.498665377332156,4.773977842160578
2022-05-19,0.6919860614789949,High,3.408110174853621,3.6995140406301448,4.513784718017621,4.234317492261842
2022-05-20,0.26487728206732236,Low,1.2914842179634018,1.431571022114119,4.330579361310093,4.254942651763295
2022-05-23,0.5594315880751916,Neutral,2.9220053802132595,2.7933456156307117,3.9695818232180553,4.15310668442512
2022-05-24,0.6459335928683154,Neutral,2.9874776006902173,3.6828826191867132,3.9746965256397466,4.242713208697042
2022-05-25,0.41967302222184,Neutral,1.9169363453852117,2.4213408839527863,3.6509444566079234,4.068807827518449
2022-05-26,0.4345909997329326,Neutral,2.1224382239871917,2.3447093052981707,3.829514925710059,3.9933128635227373
2022-05-27,0.4251681369326733,Neutral,2.039728118631803,2.337331030989593,3.8812216100278256,3.6482451338238118
2022-05-31,0.5100866378176737,Neutral,2.1524098275359242,3.1532456405099247,3.249860905025596,4.0803413157192825
2022-06-01,0.42833870249635864,Neutral,2.077826601332963,2.3097568980621683,2.634469273866411,4.19812364729656
2022-06-02,0.6227616409351736,Neutral,2.9719930744038208,3.415700960369355,2.2018109036413867,4.369883125519631
2022-06-03,0.4743118071205821,Neutral,2.3073550523473636,2.549999717958762,2.4941089329151422,4.187396857965185
2022-06-06,0.4427044183552739,Neutral,1.727201884735036,2.881246990907057,2.0551712881309334,4.26182970935529
2022-06-07,0.4759199950444384,Neutral,2.0478101013567818,2.872904564896656,2.262522418362178,4.3217285567954065
2022-06-08,0.42473231957394547,Neutral,1.9366059020465476,2.4357354845674246,1.9628832374009098,4.218186664152334
2022-06-09,0.5378780466422836,Neutral,2.4148697161204686,3.128833203015924,2.3911910944848302,4.266960654438887
2022-06-10,0.717940760534928,High,3.7045900755831815,3.610539303706782,2.4423072092285816,4.320845959871792
2022-06-13,0.9703441386240161,High,4.55303733905199,5.413455812763652,3.2119455652234388,4.602313086239297
2022-06-14,0.4220047533081822,Neutral,2.098609703890291,2.2150600426216975,2.6932163694546456,4.826925653067156
2022-06-15,0.6254905998875713,Neutral,2.8264287286329406,3.6170692661952506,3.45505624995543,4.646924717480685
2022-06-16,0.7459504807740643,High,3.5368998624365884,4.054807041818333,3.2450730858695285,4.842766605116269
2022-06-17,0.6540139992472407,High,3.0047384297297954,3.6642399985477216,3.061450156880982,4.934912205840368
2022-06-21,0.9211238841665317,High,3.848241033040387,5.662900506858034,3.7450190136029438,4.777412423687684
2022-06-22,0.6428135869161102,Neutral,2.864042352813894,3.7368758415271928,4.12875899886161,4.826403733958849
2022-06-23,0.5709490873808798,Neutral,2.822496174491564,2.9834770180387835,4.350789349088658,4.754857309148955
2022-06-24,0.6278732841580774,Neutral,3.1938633014406586,3.172573911712983,4.223397155917515,4.437004078231188
2022-06-27,0.23466865059235198,Low,1.0482037040949512,1.361019161061644,4.060736510752783,4.386928033825065
2022-06-28,0.3965812484106113,Neutral,1.6603282262446761,2.433887945369909,4.293585384243112,4.326538107805184
2022-06-29,0.5277935760880267,Neutral,2.4831289420786544,2.9097693474682482,4.590466550333728,4.453088825321136
2022-06-30,0.4007394928658121,Neutral,2.242057452429076,1.7796826268820203,4.393441011116653,4.669950922814465
2022-07-01,0.9176975017362293,High,4.299667355059395,5.0808496274486,5.3566009698775545,4.634739806896533
2022-07-05,0.7177997137824472,High,3.565087309487896,3.7308064068319355,5.15791027500608,4.643363995300475
2022-07-06,0.44973659210400396,Neutral,2.213432699410667,2.3619461847082275,5.023821169674493,4.749964103300602
2022-07-07,0.48099170555800497,Neutral,2.381916489349962,2.5084375611239347,4.279978807073964,4.431597362272122
2022-07-08,0.3279002348781328,Low,1.743429432498135,1.5659422480922789,3.8029700768480303,4.4560696343276875
2022-07-11,0.49725320117609617,Neutral,2.2794172078623967,2.7875004430970582,4.000149124013407,4.450569012590612
2022-07-12,0.3756240058863193,Neutral,1.560872930859651,2.3014400155889034,4.156325547394168,4.526085654854095
2022-07-13,0.4151767028085288,Neutral,2.0226729987842087,2.182089673457878,4.139939899214412,4.483254827217538
2022-07-14,0.5028816012609463,Neutral,2.246221547232784,2.890791474375643,4.2064794851131415,4.573441474480185
2022-07-15,0.49312661221065157,Neutral,2.1969500835628333,2.8416451551268596,4.157399956145069,4.6427253766553225
2022-07-18,0.35192812933948003,Neutral,1.6233399054085222,1.960561731287928,4.043059248388742,4.2594132817627335
2022-07-19,0.5013667569308051,Neutral,2.65431643920221,2.3335432335792525,4.169069635490309,4.041392845133481
2022-07-20,0.37370711621345026,Neutral,1.7493554005080012,2.0217702248435225,3.6496783248672666,4.115467642186424
2022-07-21,0.4871331591934524,Neutral,2.565796100985901,2.2835225372802235,3.1923633004306904,3.649639057752651
2022-07-22,0.6030101033423765,Neutral,2.632601644736628,3.4966761166372633,2.9776085285222114,4.06109342245465
2022-07-25,0.3618674203194221,Neutral,1.6971690842985994,1.9537279074343918,3.059773779015623,3.7705883814485364
2022-07-26,0.2861165075792257,Low,1.332717378564393,1.5560599030689535,3.250142214545584,4.006673148218953
2022-07-27,0.750995023621466,High,3.7147705320858395,3.8172582730326234,2.9654304865821595,3.6490022913302056
2022-07-28,0.44008248032990993,Neutral,2.1939890126413717,2.215787871650063,2.727274043865232,3.4013667699353825
2022-07-29,0.5831415161361385,Neutral,2.6176417946857344,3.29298587626928,2.88328773659475,3.2574460307865225
2022-08-01,0.7877522614625407,High,3.908701783565379,3.9891625765576015,2.931644443056117,3.115793228417838
2022-08-02,0.7140433631926946,High,3.1973438241143586,4.041920846839949,3.1500007264933028,3.338053495234658
2022-08-03,0.7545881568956255,High,3.4977338409448606,4.124948746106701,2.78475982035819,3.505125713207541
2022-08-04,0.5542379267023254,Neutral,3.1483452203664575,2.297898257540209,2.41882043784223,3.4268147490614367
2022-08-05,0.6696530343249467,High,3.2817930346640574,3.415090308647047,2.2572340507988202,3.1126811450122402
2022-08-08,0.7159628662561655,High,2.956196698135158,4.327096464421889,2.0881990371794963,3.1677312364441277
2022-08-09,0.609455256850072,Neutral,2.867486412106448,3.2540046451650615,1.8852994769230296,3.2093196877291934
2022-08-10,0.4404791534394673,Neutral,2.078037905938091,2.3449773115433574,2.136300868918537,3.3404872112952555
2022-08-11,0.745525653758772,High,3.124771004400287,4.44887871148815,3.265534775718864,2.813877988017143
2022-08-12,0.3909368750966209,Neutral,1.857810994742668,2.064720133366743,3.632057192828554,3.017414311676221
2022-08-15,0.4538382294337189,Neutral,2.351799591977384,2.1517674816898,3.3007060801049493,3.1751492451655055
2022-08-16,0.3645907981107914,Neutral,1.8684694239961968,1.7540438349128873,3.1471925474108042,3.392724378958342
2022-08-17,0.46063813667529363,Neutral,2.106368276701807,2.526255125324515,3.080057150918256,3.542877705368799
2022-08-18,0.38577178611492224,Neutral,1.7717523610045183,2.1062472204726217,2.7820348533413912,3.1918525335315926
2022-08-19,0.46987539678863716,Neutral,2.1314338898542817,2.5978562879685185,2.737028981133904,3.374197548423391
2022-08-22,0.6256460049637609,Neutral,3.445212161707361,2.718692308173977,2.1537374633675253,3.5265404585834252
2022-08-23,0.3378078469453512,Low,1.7041881526768496,1.6581430307047964,2.430778529549885,3.3427513545419667
2022-08-24,0.3642009769546285,Neutral,1.8056815255839842,1.8262959346953167,2.238564143273828,3.240092764663597
2022-08-25,0.4507975218678153,Neutral,2.0967902497133695,2.4290951489375048,1.5811359680392147,3.009365910311232
2022-08-26,0.6971762206397525,High,3.701136535390855,3.1977583302022925,1.4142719619665312,3.0219947899838946
2022-08-29,0.35763308732921667,Neutral,1.670585658520938,1.9183895881148705,2.2330899225690075,3.304747052746371
2022-08-30,0.3930996558333713,Neutral,1.9162154421177866,2.01113673130027,2.7137324967639427,3.2490100359942256
2022-08-31,0.3753276662034859,Neutral,1.889707438348261,1.8468983784452737,2.8493526481362785,3.3540974184826573
2022-09-01,0.5414176097960985,Neutral,2.612329206453425,2.802725267801826,3.4097248163374108,3.6059617762990595
2022-09-02,0.42382908044926626,Neutral,2.2583309811302428,1.9338351876172521,3.3197139239369844,3.194684187149585
2022-09-06,0.5162228251432345,Neutral,2.254503874435389,2.94031662583719,3.6513899394102522,3.373399321665276
2022-09-07,0.7748715519362073,High,3.1685188793007018,4.67463493145565,3.5497238507049875,3.5428380731954165
2022-09-08,0.4267765329116565,Neutral,1.8935786127789074,2.394858143940819,3.697195570403963,3.5826449888498937
2022-09-09,0.351307580751391,Neutral,1.888794602543616,1.5716104831193594,4.172672524934116,3.7443913343332436
2022-09-12,0.583487988567402,Neutral,3.0474235638175293,2.7189098281576243,3.7859474299713956,3.5368870727763406
2022-09-13,0.7748491137169708,High,4.014474782327183,3.649826499690551,3.681816606084915,3.6268510602049426
2022-09-14,0.4647608271562989,Neutral,1.9320497449334582,2.765529791172861,4.341137144267388,3.893880128466153
2022-09-15,0.682038934301251,High,3.3808818903599422,3.397650780388341,3.450016813162606,3.2060630917803072
2022-09-16,0.4817280372766973,Neutral,2.401587178641139,2.383247506055167,3.4072616859659903,2.823080040987059
2022-09-19,0.289974109781432,Low,1.4906391554333052,1.3800676000640386,2.778697586115912,2.4207249215411344
2022-09-20,0.3407936555854132,Low,1.675045210177566,1.7149910295205282,2.6346676225907286,2.407865219998213
2022-09-21,0.5517928872467144,Neutral,2.81072578331901,2.6574043313413513,2.6977046993819718,2.413999598518452
2022-09-22,0.7110609422022494,High,3.5926752757404374,3.459954246442129,3.0135292824231783,2.496415055253243
2022-09-23,0.7267542708903239,High,3.4602964680188744,3.7926764855532458,3.349985229889055,2.686083831603288
2022-09-26,0.6452810599770751,Neutral,3.149628631826783,3.2739356775074033,3.4700909497084735,3.0721194908743663
2022-09-27,0.715170465445961,High,3.133103152701313,4.061699434530264,4.056543826777051,3.7868754188678406
2022-09-28,0.841272747044183,High,4.010280223195851,4.355097808045872,2.886474541028043,2.5412588206316924
2022-09-29,0.4321566646233872,Neutral,2.109267745122804,2.1772240036918986,2.6137487635788035,2.156364329648497
2022-09-30,0.5231760485419441,Neutral,2.662989442622297,2.459336493713969,2.9616600449234283,2.585618260132388
2022-10-03,0.771789505812893,High,4.056129469752813,3.4703661564172408,2.1709698896073033,1.838706273721513
2022-10-04,0.6303254944953647,Neutral,3.324358995817603,2.819835328924962,1.7162638430266548,2.337830393888507
2022-10-05,0.44633669316922653,Neutral,2.4241870620135577,1.9100778356896415,2.4265729431168133,2.624047444789064
2022-10-06,0.3651216624666439,Neutral,1.9240300413797753,1.6354328460912826,2.4543806500989156,2.859507065885028
2022-10-07,0.6891221881870038,High,3.3342816419839463,3.4534779214341396,3.1415111487818623,2.8187355049887315
2022-10-10,0.7411159743609699,High,3.7734319282498685,3.482443552596257,3.497136350423351,3.8366464316007627
2022-10-11,0.4380170349465385,Neutral,2.2109384791590263,2.08197193943529,3.030420209304278,3.2595053911620067
2022-10-12,0.25118670812886285,Low,1.2230070255493017,1.2273940886493286,3.4715126459484535,3.4363052405607344
2022-10-13,0.7131903415248126,High,3.9281394540258328,2.914139472228801,3.004362467748947,3.4471207635160597
2022-10-14,0.6157930100769017,Neutral,2.860671507049262,3.1813240389450677,3.29958000023596,4.105689430937218
2022-10-17,0.6967396274926292,High,3.146419309574524,3.7126103504418873,3.3463335118532873,4.152363805089286
2022-10-18,0.25880967937667143,Low,1.2577399418920208,1.2676274021145206,3.0478857732748303,3.8821143439904886
2022-10-19,0.5528329185524548,Neutral,2.4947187555158674,2.948088346014365,4.021235298868696,4.040178828685654
2022-10-20,0.5235021486998815,Neutral,2.299755677481027,2.8700953143407197,3.8502772913819387,3.961279251431347
2022-10-21,0.8427295042003338,High,4.228672571175114,3.9607045940995076,5.159887099259232,4.428492790495653
2022-10-24,0.6701802312182263,High,3.031991015793118,3.5641832748520312,4.8500916674827055,4.49890432376517
2022-10-25,0.7303062680901817,High,3.1982040018770643,4.016481010772999,3.2927335999001563,4.284172252727841
2022-10-26,0.7984833710383561,High,3.993996084574804,3.768608427503938,3.355968398659075,3.692735276693717
2022-10-27,0.7729464160320937,High,3.5653137843526204,4.025048709496148,3.530431513534184,4.125563855449759
2022-10-28,0.5953507195223722,Neutral,3.259974430901046,2.4565931439396635,4.015118323931153,4.359404828191303
2022-10-31,0.4361603266366505,Neutral,1.8168713047944143,2.5154903210678397,4.0729151356127895,4.212065717427658
2022-11-01,0.5261692305639993,Neutral,2.5342952491629007,2.6056086862690404,3.6557327193276365,3.891057924246637
2022-11-02,0.6275396744098873,Neutral,2.8354449315726558,3.3419624182720242,4.103055684098215,3.942061905668052
2022-11-03,0.3903024876075118,Neutral,1.806499380927876,2.0247245839678,4.611813611736473,4.184800582442969
2022-11-04,0.9952576420036585,High,4.9811937773278006,4.797405294579726,4.0883541588879755,3.9446699524816786
2022-11-07,0.5350741900750087,Neutral,2.5863110513182113,2.6921494587591783,4.192628581400753,4.34386774686882
2022-11-08,0.6961976743539904,High,3.647877733231027,3.154514082041735,4.502346173938989,4.31465217890827
2022-11-09,0.5597423434791724,Neutral,2.618792079581114,2.9231248546565993,4.3955817491845455,4.244581860341282
2022-11-10,1.2728385485917388,High,5.828799800726837,6.849088311613361,3.9655095922751125,3.6354779836429816
2022-11-11,1.2420129491135996,High,6.019697115755903,6.465760068300791,4.41352141616191,3.6246859744359337
2022-11-14,0.5713095251582134,Neutral,2.502895653686224,3.302140941749147,5.35895722895675,3.886842702773855
2022-11-15,0.5356278171979567,Neutral,2.5762518191356985,2.8128025253681845,5.217171139897188,3.7237134006817834
2022-11-16,0.7809011247020481,High,3.492061719053998,4.426117789458024,5.230669537973713,3.7843464047542783
2022-11-17,0.342035058071287,Low,1.5567157768412245,1.9051259003892844,5.171952075241103,3.751290165619261
2022-11-18,0.36218281054868173,Neutral,1.6556285510508109,2.0084568162921435,5.252466395481915,3.819819108831285
2022-11-21,0.34076738861217887,Low,1.6174729609368446,1.8160641156637458,5.371990223557153,3.887237552844854
2022-11-22,0.5652029099471644,Neutral,2.485052298439921,3.2558630276234046,5.050447043332372,3.7870984812110806
2022-11-23,0.49419321931331694,Neutral,2.209202379951144,2.8019910689456267,4.501853045409529,3.747356502854089
2022-11-25,0.6268464627760381,Neutral,2.6156688110049253,3.78403676345027,4.055943706874232,4.179134846222522
2022-11-28,0.41858950396221395,Neutral,2.477012928511426,1.5746002254737215,4.1597762461725525,4.1324655665718515
2022-11-29,0.33603309253651265,Low,1.4750857501538785,1.8763789599734935,4.485859868955606,4.223046329903066
2022-11-30,0.5600446697508732,Neutral,2.5145723106548634,3.0556692645870984,4.113661319931373,4.052588531342302
2022-12-01,0.8268405211804529,High,3.631449278470614,4.614627467550613,4.477086802537822,4.688247006368993
2022-12-02,0.6566304061255291,High,2.6107293184217903,4.0129108198234,5.145366452670155,5.4115437052631306
2022-12-05,0.5618356253753807,Neutral,2.7197300345264033,2.772283538708572,5.6697192140352435,5.650941189242741
2022-12-06,0.7074492262127763,High,3.520649716815488,3.3668853920223127,5.285815445203982,5.469707705348469
2022-12-07,0.4861203430514202,Neutral,2.085535523374882,2.7440315518398397,5.733784190915876,5.320190731103089
2022-12-08,0.38232482485476216,Neutral,2.084249304729459,1.5852626443099072,5.070431443361091,5.417179561169134
2022-12-09,0.5956776712948528,Neutral,2.5330351106843487,3.3915105217381893,4.557227042419657,4.708618075906928
2022-12-12,0.7569237206366184,High,4.375859935155681,2.8649912273271294,4.021746467114893,4.410300234340689
2022-12-13,0.5674165205451162,Neutral,3.123582194123028,2.3481603061682037,3.957872757582479,4.262762936038934
2022-12-14,0.6010154771743863,Neutral,2.588534873486971,3.408199983476436,4.2739901845904384,4.736256507978658
2022-12-15,0.5835587271913998,Neutral,3.199896464146766,2.431012016348964,3.421582513205216,4.687756341737671
2022-12-16,0.6996979438302453,High,2.9784592367091416,3.979763272531065,3.2983689031224777,4.437077021338744
2022-12-19,0.4461988295549505,Neutral,1.8583186317214426,2.590867490351007,3.406302253208125,4.398052831396359
2022-12-20,0.6621168526678716,High,3.4870339211361996,2.903443121886828,2.871962649799091,4.807010887761878
2022-12-21,1.1687539804136948,High,4.662568845509691,7.114240807809961,5.014099108374328,5.700664770200459
2022-12-22,0.5321321548006303,Neutral,2.8557642801131506,2.300061535064983,4.7375562397426005,5.512964166781522
2022-12-23,0.3844015871758365,Neutral,1.9446946379889256,1.8130306745394604,3.8215943042284812,5.212811203376434
2022-12-27,0.5771488464495111,Neutral,2.830476769879449,2.8365785551486753,4.033531451761965,5.144352343349329
2022-12-28,0.29378771621463384,Low,1.3898604998627453,1.5091858650889116,3.5861179984140605,5.0820395923947785
2022-12-29,0.4012599313223776,Neutral,1.7586216891517723,2.2402267639695728,3.6084776424822587,4.770596107675648
2022-12-30,0.36051688605216087,Neutral,1.5287530044138502,2.078490740852613,3.900939250017963,4.775963047831153
2023-01-03,0.6976591408574138,High,3.016941988093051,3.947195201497755,3.602716130501493,5.350126669380865
2023-01-04,0.44102336474281123,Neutral,1.917381554912748,2.4821019236746507,2.8315374880437374,4.880772513932767
2023-01-05,0.4098034472523151,Neutral,1.968557050035522,2.066917961017153,3.161050945799284,4.846041919512779
2023-01-06,0.5963393016766115,Neutral,2.678566410401097,3.2461193227730547,2.8288519277000024,4.66325759818844
2023-01-09,0.5107107568762306,Neutral,2.481605403423492,2.5395719707034208,2.9956563436487644,4.721699632790511
2023-01-10,0.4328268118287749,Neutral,2.2919997359393363,1.910327962124689,2.842459207153657,4.919800318487299
2023-01-11,0.47219913663357205,Neutral,2.1414738002588227,2.5441005003495247,2.9112921283866995,4.577794767344391
2023-01-12,0.5818726556499554,Neutral,2.8416892070371347,2.8751117718557735,3.1028049125175783,5.334493803378224
2023-01-13,0.6862859731618243,High,2.7711690313820205,4.134733771343943,3.2682135087727566,5.648551003063416
2023-01-17,0.5196085758651469,Neutral,2.6650934606605587,2.404116825910322,3.5309906303415017,5.595807868501961
2023-01-18,0.6339813246974519,Neutral,3.437190606111925,2.695652588037449,3.66868866509052,5.6835041764440835
2023-01-19,0.5599310770893767,Neutral,2.8349294165678076,2.6380612656945726,3.2924297857620943,6.054023666650482
2023-01-20,0.5561109888856948,Neutral,2.8119402357692924,2.6247374539573496,3.2239296411880036,5.67674733995072
2023-01-23,0.5786550523047863,Neutral,2.613580527349601,3.1313473655355617,2.242106682510315,5.387245964578496
2023-01-24,0.4368709593475206,Neutral,1.9158384737180798,2.4375785308932145,2.6355496645199876,4.814082099047911
2023-01-25,0.12530172499088868,Low,0.3899650416068068,0.9035359480576597,2.7439552555929443,4.755257818983111
2023-01-26,0.4540364858274791,Neutral,2.2336352881862287,2.2226237055766527,2.830811003237808,4.9804119942024165
2023-01-27,0.4081151223766874,Neutral,1.960520496300519,2.0583083033883494,2.874423777783652,4.972186698051932
2023-01-30,0.34682584878252,Low,1.9318958019478616,1.387244881532387,2.23736095228144,4.757520804626083
2023-01-31,0.3200786403432775,Low,1.490087984102035,1.6571687445354635,2.5236682983228165,4.237239383014809
2023-02-01,0.6863058366105563,High,3.3970879923934105,3.2919138056984387,3.419596723177216,4.6589996016921456
2023-02-02,1.0221685654062436,High,4.981679810417748,5.063846064587716,3.3642783759278214,4.615459324111131
2023-02-03,0.6940050125333252,High,3.714376638443381,3.0126757746721786,3.3880427233459076,4.50266728480426
2023-02-06,0.8240496354006005,High,3.590076358127184,4.628235159338367,2.9807841966513378,4.058490432247971
2023-02-07,0.37278100590801555,Neutral,1.7821075141013998,1.8912154697313062,3.1670241170304423,3.6330275109948005
2023-02-08,0.46891879376234624,Neutral,2.057905229612599,2.6144392722512166,2.4515748687466252,4.047084817837743
2023-02-09,0.40959407937119907,Neutral,2.0468170415375515,1.9643015489082392,2.6956430135134943,3.0301506078320433
2023-02-10,0.4112006469364583,Neutral,2.1287956644142834,1.8772562389642842,3.1143134202280756,2.638992706132673
2023-02-13,0.37555283553770696,Neutral,1.9608195145055034,1.6932781576389786,2.7592578660832134,2.6636048349801413
2023-02-14,0.533793747240707,Neutral,2.970511993583839,2.1716465171877433,2.757112255597617,2.798338562888488
2023-02-15,0.44108061216824435,Neutral,2.2882028974498434,2.007622460565005,3.329434893632418,2.7787091380172857
2023-02-16,0.5507862819054937,Neutral,2.8419088836804343,2.5267112173932964,3.731589781623222,2.7830255196713036
2023-02-17,0.37188805466037794,Neutral,1.8349950786172182,1.8134527980244193,2.6229965169979694,2.485404431992591
2023-02-21,0.6586541101241353,High,3.622108723900269,2.735020272416611,2.157313434015441,3.2546039019132267
2023-02-22,0.3624183684352628,Neutral,1.8766271236424337,1.6540653266848708,2.442996898422281,3.0552789741951307
2023-02-23,0.48898452528317415,Neutral,2.3941363848889434,2.4043644658640226,2.5665463669448885,2.8098479473480755
2023-02-24,0.36180483278381725,Neutral,1.6836403842797751,1.8710790058674613,2.4262388216264767,3.2685830771151565
2023-02-27,0.4210080675593046,Neutral,1.8296542846665318,2.3411067597303505,2.588369919104274,2.851915418924868
2023-02-28,0.28819616675026793,Low,1.5551948983407,1.2112198424457195,2.7998134540488606,2.9922968799709073
2023-03-01,0.35535811002984163,Neutral,1.7274670286951834,1.7241976145391191,2.8926460147655386,3.1908680544460264
2023-03-02,0.3231723054444017,Low,1.8938591989656224,1.1582044475663675,2.608403944499748,3.4655868374302057
2023-03-03,0.6220308478282709,Neutral,2.945563369823132,3.095473734633911,2.480590580376872,2.8185383838580735
2023-03-06,0.38233023384800413,Neutral,1.8760721869713122,1.816855461024619,2.196128000677706,3.262086990039525
2023-03-07,0.5598314104866119,Neutral,3.0163728722426812,2.30064711090629,1.683093566333993,3.8153710822547073
2023-03-08,0.5081529484223396,Neutral,2.2542330684395244,2.6370519802062047,1.9321579758551057,3.7826458479091647
2023-03-09,0.806843072392234,High,4.793441385999564,2.6946012495730605,2.304226329624617,2.974602961113542
2023-03-10,0.9748652554523234,High,4.941261516324643,4.341991191834606,2.402190045301265,3.0696880131675486
2023-03-13,0.9157645716193743,High,5.175180221834641,3.598369273933703,2.5664504399853363,3.105463584042409
2023-03-14,0.6729185511043061,High,3.1868126895603117,3.3074609707067784,2.2461499645544585,3.6728741933663303
2023-03-15,0.7110281585440683,High,3.356214525624022,3.365791882351071,2.421574039196201,3.496549287866851
2023-03-16,0.612906629965442,Neutral,2.9633041878442747,2.812055899588266,2.336963001175615,3.9325909301636277
2023-03-17,0.8108314212441528,High,4.033108593386794,3.58867773544432,3.2034989716142217,3.6364220922131847
2023-03-20,0.464830530640551,Neutral,2.2564971393320774,2.1106640408883792,3.0328278389274277,3.392700929898992
2023-03-21,0.7322681208018529,High,3.4310817582192263,3.424313920453201,2.6429928493358394,3.2071445412267217
2023-03-22,0.6459072967268944,Neutral,3.046413096070651,2.9350025170095773,3.2093696435926446,3.923505642684238
2023-03-23,0.6061963119085957,Neutral,2.754455044329848,2.8364342798024227,3.647707068414272,4.164306353929855
2023-03-24,0.6433710584192416,Neutral,3.110460001149119,2.695739101426717,3.4886778186342506,3.8977910800228197
2023-03-27,0.6204925494085294,Neutral,2.755021152379792,2.857749612352514,3.5090199490223446,3.6825909739354246
2023-03-28,0.3980834723336214,Neutral,1.9839617797906801,1.5933501974185948,3.4001295496768043,3.5544559872712442
2023-03-29,0.41342429487700355,Neutral,1.9021910920820533,1.8164496628185425,3.1844949041056925,3.5364575137256162
2023-03-30,0.4877321731222022,Neutral,1.9713445512734633,2.415515935428232,3.0021168706199997,4.133095108007165
2023-03-31,0.6384916482254326,Neutral,2.870067689080791,2.8435125488204025,2.7548624486465183,3.6458019768809313
2023-04-03,0.537630312831922,Neutral,2.6490866348885147,2.145415959984383,2.6779047304189914,3.489867261356467
2023-04-04,0.6313740678692705,Neutral,2.753269661367866,2.9011271651818884,3.325324100269951,3.4116232146300445
2023-04-05,0.5568224500160632,Neutral,2.5645596114737534,2.4130619674337055,3.724559145593698,2.9620187564780864
2023-04-06,0.4224301078746686,Neutral,1.734544989169378,2.0527927287767906,3.5469789926364843,2.8653712451504423
2023-04-10,0.6779602178901425,High,3.108116839465779,2.949035463777615,2.8834778830255923,2.963385253634476
2023-04-11,0.4643274744375472,Neutral,1.969736401001987,2.189114815952696,1.9503910761422414,2.7571063493086756
2023-04-12,0.3189826757745424,Low,1.4715243346122615,1.3688034281314365,2.2211146680718685,2.473453561254796
2023-04-13,0.6744553092414036,High,3.0771460336493,2.899013448063789,2.440691272464808,2.591614152997392
2023-04-14,0.5724408921010704,Neutral,2.444151142631476,2.6359566471868505,2.343734401719815,2.8492274515205414
2023-04-17,0.5268479981489904,Neutral,2.0941684146725645,2.5770949910353567,2.8684467393188164,2.8217416722589603
2023-04-18,0.19601681093385662,Low,0.7823537535406493,0.9554808730781212,2.4939879401169196,2.501050046701208
2023-04-19,0.3410400803778485,Low,1.4030617930151237,1.6016685907545727,2.293722919139495,2.3240376467676995
2023-04-20,0.3837030690968958,Neutral,1.6168632288172378,1.7625503551022972,2.3345289941823313,2.157977404724077
2023-04-21,0.3951808799480874,Neutral,1.584026578747164,1.870900848611151,3.0360211397273145,2.3788925340153257
2023-04-24,0.31361415162788814,Low,1.3942498575722289,1.3350315294737136,2.6426395048864926,2.0557319487975794
2023-04-25,0.6015940827955922,Neutral,2.6683984728062553,2.4818253688066796,3.3022717704758344,1.8730841805929208
2023-04-26,0.5244180627914097,Neutral,2.181834400540374,2.3187333399862657,2.3857423869254912,2.081011315563528
2023-04-27,0.7772107686077282,High,3.381069767432627,3.2776771517980476,2.8644425304033483,2.7012379587010433
2023-04-28,0.5962417174916106,Neutral,2.6675830547552835,2.435064021674727,3.084065736492083,2.6819206633245964
2023-05-01,1.057617721006952,High,4.11357431524557,5.040291844219273,2.331610174236278,2.4201563253146006
2023-05-02,0.8015504626129398,High,2.9761923765431084,3.8895383942301396,2.079356981432568,2.937344396283089
2023-05-03,0.4997716620768434,Neutral,2.048457030396395,2.2149738230491085,1.9091984826581017,2.4242131804603475
2023-05-04,0.8503590908589079,High,3.644126103372487,3.5957629182531745,1.6176119635879274,2.4562900578108753
2023-05-05,0.6562654353799489,High,2.7344968299523456,2.8599197407219847,1.4132503659882105,2.3534910587870637
2023-05-08,0.48013958102879517,Neutral,1.9188611167104515,2.181526024158141,1.8267346579069395,2.526650372018139
2023-05-09,0.38552288238052446,Neutral,1.5927342603364647,1.6949348117398177,2.36486594737182,2.5910314916779056
2023-05-10,0.4767648361904123,Neutral,2.319837824233759,1.714332209915793,2.2879409402319997,2.7370576114380807
2023-05-11,0.6510039089401484,High,2.75754677062883,2.7879593356453545,2.1877400364704807,2.7793325905655513
2023-05-12,0.25365210235392643,Low,1.184579445754371,0.9661896424576253,1.687617540688129,2.7161183134765783
2023-05-15,0.653806750897191,High,2.6883949883598968,2.8882975853577504,1.5481057021577247,2.530176074492091
2023-05-16,0.5884967613630295,Neutral,2.7852831779446814,2.2013698880949493,1.956482199914912,2.579099700110342
2023-05-17,0.4247101065248231,Neutral,1.9884168850045432,1.6123393351371036,1.8261056310519252,2.54645271638771
2023-05-18,0.7007000336311437,High,2.9362928030343802,3.02280100895939,2.67507782628514,2.778859815187401
2023-05-19,0.5424896398164862,Neutral,2.380106927182404,2.2243361998271074,2.705930756516373,2.7079022156918353
2023-05-22,0.4554474333024563,Neutral,2.0080048379643918,1.8568189876573413,3.1549528995796976,2.674611019026198
2023-05-23,0.4531169887004872,Neutral,1.9248996813945791,1.9263901452396506,3.5749874376199835,2.4455085387100834
2023-05-24,0.50166564669212,Neutral,2.5082459910820987,1.7233673326926657,3.0758236553163827,2.5445905163089555
2023-05-25,1.288742195871981,High,5.649912105497832,5.4341782067850035,4.208648381135373,2.919345040073476
2023-05-26,0.927655280556331,High,3.9111845648266996,4.077954718872466,5.109994191661576,3.2720822194040595
2023-05-30,0.43732193561235,Neutral,2.248751677941619,1.4898484680890831,4.2679821938152385,3.467009367656429
2023-05-31,0.482636545269319,Neutral,1.8414836057235695,2.3283017915054147,3.8924654158735046,3.2388803161007536
2023-06-01,0.6829464759045019,High,3.3900985693945827,2.4566324343958623,4.2012001041587625,3.2583651029940195
2023-06-02,0.8652507902272342,High,3.866413524763285,3.570351563545519,3.7885695396758243,2.799156505560114
2023-06-05,0.6696986878256812,High,2.8557142955467825,2.897570811201436,3.549020266674413,3.077908796468656
2023-06-06,0.5556555476250791,Neutral,2.412527379631809,2.3582717514393745,3.1278869244490384,3.8012606204374872
2023-06-07,0.809211456805726,High,3.7289518249299407,3.196231003075906,3.480669029703339,3.813589403462942
2023-06-08,0.47949061054554964,Neutral,2.0961290725424035,2.014245405149205,3.2288088597367666,3.048177779462477
2023-06-09,0.41484292044555393,Neutral,1.9232886206140227,1.6262017368734165,3.320593259284446,3.4325658030044064
2023-06-12,0.8914227575820838,High,4.638586351454638,3.0677906213851376,3.6790714154061686,2.630148390002239
2023-06-13,0.3050229812970181,Low,1.1865148624862072,1.4562499115816112,3.159420640718619,3.3516333807621783
2023-06-14,0.6444463365804188,Neutral,2.762231629165817,2.7483528728363518,3.4259685091343126,3.484916745592979
2023-06-15,0.8500704084552859,High,3.993693579704596,3.2561012557639457,2.7709950675188937,2.910742517891696
2023-06-16,0.5138055312570062,Neutral,2.539832563412638,1.8352846441638648,2.0846305413825736,3.137720253873213
2023-06-20,0.7253613951377461,High,3.437569293365461,2.747028943776047,2.447817848896527,3.27491128549955
2023-06-21,0.6134920740655757,Neutral,2.779724292531757,2.4580002202006863,2.5828517625546303,3.17790843101744
2023-06-22,0.5113522039095716,Neutral,2.122103311140844,2.254200546009585,2.6182078779686213,3.285631785639721
2023-06-23,0.5203777457694974,Neutral,2.335500053332811,2.108470555767396,3.0633244752472866,3.246806614412787
2023-06-26,0.6023614070352532,Neutral,2.699868751661727,2.444428522031493,2.706273535616287,3.1162780413626674
2023-06-27,0.4815425399734417,Neutral,2.109006883835221,2.006156318565564,2.416133605269434,2.8298800309681806
2023-06-28,0.42772518401169535,Neutral,1.9708468427521966,1.679095030029888,2.4890870211896514,2.763547547981393
2023-06-29,0.6219537263615519,Neutral,3.059516216707629,2.2373078310643706,2.4444590832752238,2.906458391643915
2023-06-30,0.5801967302838307,Neutral,2.74963789821444,2.1972518842658286,2.645374310875622,3.225993100172761
2023-07-03,0.2724388309107252,Low,1.3679853298144393,0.9507069642375315,2.544035086927549,3.576788945364623
2023-07-05,0.6085854451394369,Neutral,2.691243304587279,2.450225888726781,1.9728733184607523,3.4437250659858445
2023-07-06,0.6113632268207824,Neutral,2.86939847085852,2.282936678309496,2.151281743966386,3.189456671715297
2023-07-07,0.5878057433100835,Neutral,2.7934547007752046,2.1577167442403717,2.0921679512658775,3.647346635126319
2023-07-10,0.8491216912365229,High,3.7968684411206772,3.3735196072897695,1.959970697148004,3.8187265067067457
2023-07-11,0.47620605391596815,Neutral,2.0782309298425394,1.9469646834110932,1.803924406179058,3.3977731604398502
2023-07-12,0.7575410579603326,High,3.709985452259958,2.6625422622773747,2.0336310691508306,3.166965360202885
2023-07-13,0.7733391073607505,High,3.544281644141347,2.979607646294807,2.0862588660673644,3.1848243774583866
2023-07-14,0.4551170394002313,Neutral,1.8874628149600916,1.9669758658525383,2.2452096632709573,3.115544591554648
2023-07-17,0.40069237013419556,Neutral,1.6790797999233449,1.7131137255856212,1.998800541966627,3.202684257842398
2023-07-18,0.580171493746253,Neutral,2.6439776225701,2.251489075500518,1.5023634258175338,3.1280415347845034
2023-07-19,0.4801335904493409,Neutral,2.125533521550532,1.930568671669102,1.764983312082938,2.636705066405838
2023-07-20,0.8637249894996,High,4.14733649860799,3.1752728037102496,1.8078412137023,2.438724362870794
2023-07-21,0.396162259994671,Neutral,1.7202362275902132,1.6500121775583465,1.5673332977824983,3.226118627815501
2023-07-24,0.6207999118212413,Neutral,2.659370532244415,2.6242399082356513,1.9401322676831492,2.9842438979040247
2023-07-25,0.4034033732466348,Neutral,2.0031499229674017,1.4126621401152508,1.9081716324724756,3.08262549841238
2023-07-26,0.5354463937844757,Neutral,2.3503025794544365,2.2032587251711293,2.2006236255049485,2.8613654922719514
2023-07-27,0.9436489521784344,High,4.36788135322302,3.703997987477324,2.7224270765290166,2.6385163341763245
2023-07-28,0.6431360738033263,Neutral,2.8957213597665623,2.609639024690144,2.7955625304233,3.7710153002534144
2023-07-31,0.5887664912003692,Neutral,2.5491257213915355,2.495885690380165,2.5145286051134392,3.57438193066065
2023-08-01,0.6973718730051156,High,2.851410071117804,3.1325719234526046,2.412291941775408,3.4686674725033284
2023-08-02,0.7700584065578842,High,3.692631856309282,2.887990633572683,2.4894136062112544,3.2269447103785724
2023-08-03,0.713599301585195,High,3.296877446429338,2.8074870005904757,2.8267311469955017,3.3562269858973917
2023-08-04,0.68781510940526,High,3.436950367546422,2.4339523589180265,2.7705819720561986,3.1306512888922784
2023-08-07,0.6434608678949576,Neutral,2.9763177468685718,2.527885977261285,2.6263372703711405,3.490074937369197
2023-08-08,0.5850731712355773,Neutral,2.854859495571335,2.142498715318614,2.1233317542968506,3.3866127281951974
2023-08-09,0.4864747801673048,Neutral,2.3942256094077514,1.7599432097175378,2.3885728329452234,2.988422335367673
2023-08-10,0.5143135001865726,Neutral,2.2038502375007853,2.204330219598789,2.9070591602890805,2.73056915441303
2023-08-11,0.7192956274456686,High,3.4688076469530897,2.6770407465778945,2.862934604013025,2.403859761498255
2023-08-14,0.40432403940720846,Neutral,1.5837185243629117,1.8763048517738197,2.4998100741243663,2.390490439280468
2023-08-15,0.5192427142769065,Neutral,2.557111442383073,1.8640356130512983,2.6163555349609964,2.0571424247671417
2023-08-16,0.3751162872344077,Neutral,1.6789374683087703,1.5162851986425203,2.8774102167854436,1.9975257822888264
2023-08-17,0.42468591996379856,Neutral,1.995341191935896,1.6184678007909912,2.7302154368630327,1.9549476736574167
2023-08-18,0.39191454054690944,Neutral,1.8372498735069613,1.4978541825862108,2.6533499045313373,2.063008321103643
2023-08-21,0.6836527834611732,High,3.177412064998336,2.6413777582524736,3.14321187125869,2.5275938559252853
2023-08-22,0.5079942539005409,Neutral,2.151282489383028,2.1805075504978477,2.6719610844784687,1.9267855522953234
2023-08-23,0.7278285776571887,High,3.042642220335231,3.1652555629881305,1.8883602803144905,1.9357227441438494
2023-08-24,0.721146718514569,High,3.7234953302638467,2.4000802325531216,1.6650785384064086,2.424300387557243
2023-08-25,0.6142491780668238,Neutral,2.8704545953966143,2.3570168128680744,2.0915463619377426,2.289014045375105
2023-08-28,0.301314381676656,Low,1.5178489528205064,1.042207095727912,1.8110526999318812,2.179006554630333
2023-08-29,0.5841011790967392,Neutral,2.6960134839616927,2.2761820072293375,1.597757478993467,1.7535777617331798
2023-08-30,0.2794638306315816,Low,1.2212859815994934,1.1603123624518352,1.8158686328497455,1.7949827722272278
2023-08-31,0.3789162095247377,Neutral,1.7784116409779414,1.4459987221810173,2.0948629549527378,1.7236480219959853
2023-09-01,0.5065214260065494,Neutral,2.229574993992374,2.0863964707663727,2.4600581599861466,1.8396184245295792
2023-09-05,0.591834833755637,Neutral,2.540496694527638,2.504905032077106,2.1037582453852512,2.4380986546632055
2023-09-06,0.4208187841543585,Neutral,1.9743831685314837,1.6066264711564038,2.0943194369995703,2.0744152095548225
2023-09-07,0.4239982350887565,Neutral,1.842246247272296,1.7694042129217644,1.9407547905892293,2.016825850709834
2023-09-08,0.3174627883924326,Low,1.4594085972042512,1.2389301444887377,1.8541314433473537,1.6943506294366246
2023-09-11,0.5197331204297129,Neutral,2.3744832048363747,2.032163486937285,1.8622819043309855,2.331088375470961
2023-09-12,0.5347127421175812,Neutral,2.6364330579050814,1.8915775097089802,1.4693909649378405,2.058392053913377
2023-09-13,0.4150026413074201,Neutral,1.9992500743839996,1.5164103034671328,2.106638607897605,2.037248335261965
2023-09-14,0.40530075543790006,Neutral,2.044118292925321,1.3866818447922364,2.061842428935132,2.661269966780804
2023-09-15,0.6575013510385858,High,3.4986149929930197,2.061695945582842,2.0582104949971156,2.756182946974934
2023-09-18,0.3745774481863636,Neutral,1.933382991731286,1.2360602279761228,1.7996406695045717,2.2184054079612325
2023-09-19,0.30046760329008826,Low,1.3168448536225181,1.2323513153585386,1.9494805965106154,2.878784407786479
2023-09-20,0.5271507465824229,Neutral,2.5263951913893097,1.9397012026536433,1.5689884205745253,2.8355548857289388
2023-09-21,0.9216675342547651,High,3.9686960775160327,3.852880725255081,1.9849742955342164,3.615248121235393
2023-09-22,0.46505685682578096,Neutral,2.1956740056669433,1.7453203535714403,1.6730703580244117,3.4279142776847173
2023-09-25,0.7672808761184962,High,3.2315274263471525,3.281983751341945,2.6072846008700177,3.7509188770991755
2023-09-26,0.5680168121770407,Neutral,2.810640700888501,1.9991010317138451,2.86173712234934,4.234035113766996
2023-09-27,0.6372991929178442,Neutral,3.4962078277583535,1.8901941855490287,3.186851908327134,3.993363936154799
2023-09-28,0.44195665094492664,Neutral,2.270777051240674,1.4690902310558556,2.894622211899569,3.509135744671339
2023-09-29,0.5427679979142249,Neutral,2.9098552706092815,1.679552602843136,3.1261234503518054,3.2038319391119154
2023-10-02,0.6691354031710326,High,3.131920913925293,2.5392753142223135,3.3778009171179977,3.5113353049057334
2023-10-03,0.7357819973867521,High,3.2408417050065625,3.0011323971381687,3.5812139638485943,3.8209422424782016
2023-10-04,0.546875709974826,Neutral,2.4368984564256437,2.2016775003910607,3.5082604366186207,3.495042860551028
2023-10-05,0.3468334839269884,Low,1.5465944604418655,1.3952002124780125,3.8921304866476256,3.800180719707071
2023-10-06,0.5728778197823561,Neutral,2.8399239174037065,2.010826378277819,4.460281184448981,3.9717050733734536
2023-10-09,1.2623870410699172,High,6.1812505292825035,4.695525960468591,2.609247724430041,2.8792082190516655
2023-10-10,0.7649969065576762,High,3.9277617165081664,2.6618326331184075,3.2375846483654374,3.166650594009827
2023-10-11,0.645808851757881,Neutral,2.650701462942365,2.918248487091946,2.2756837137653494,2.597603603505156
2023-10-12,0.7524257126517437,High,2.985357347174818,3.5039059401124217,3.158885332218796,3.7668856364709837
2023-10-13,1.5036788987639134,High,7.752279084406676,5.35565325563297,2.4563012065098304,3.185628934111187
2023-10-16,0.6162906535316005,Neutral,2.933062287036742,2.437542356704987,2.9382865661451776,3.528765953863291
2023-10-17,0.4693807232970586,Neutral,2.5460993774818053,1.546509882832395,2.895363440712461,3.80917840664897
2023-10-18,0.8234138134186104,High,4.2775647395040135,2.9005647342631735,3.4337079175242198,3.9794679505471313
2023-10-19,0.7985537325503799,High,3.477649382211022,3.478956051082742,3.5031262004167143,4.6868671310915575
2023-10-20,0.5655499985067433,Neutral,3.1291611822301357,1.8024040397809409,3.4007198793354996,3.892345235574201
2023-10-23,0.6706476464365745,High,3.3394639931598626,2.5058875750871374,2.3702047788817855,3.4615347871158404
2023-10-24,0.5467223746165238,Neutral,2.483857113269345,2.2796553401243704,1.985342800533063,3.1821433061955107
2023-10-25,0.8853589452378903,High,3.950120061697509,3.7633660894446805,2.6434104834757886,3.567237911521844
2023-10-26,0.7946873841961053,High,3.9836346075878404,2.9430348497187304,2.5592108158069253,2.819553911383262
2023-10-27,0.8336919987079658,High,4.472244928479897,2.844485214941761,3.196672331944469,2.6661466649695305
2023-10-30,0.9449439309150565,High,4.972962644943611,3.4557667503571223,3.083214532165659,2.953594699326254
2023-10-31,0.4926223532102028,Neutral,2.1616538711418434,2.2128388984823477,2.81353725940472,2.855031793808667
2023-11-01,0.9969944133602027,High,5.179019960398672,3.819647595085737,2.8997255073919517,2.441578935571551
2023-11-02,0.8152247404835936,High,4.006915470379618,3.335980269516207,3.1290184823583016,2.160395723319425
2023-11-03,0.4968856734195921,Neutral,2.6623156685912543,1.8278717494140815,3.5240486544225416,1.8427855550671663
2023-11-06,0.5580778667221971,Neutral,3.173114930449291,1.882212187956302,2.1096687631306303,2.1650595812369318
2023-11-07,0.543815987207712,Neutral,2.651123726362217,2.185003658046006,2.51260723064975,1.8081703335460255
2023-11-08,0.6119333889152274,Neutral,2.6841503687632233,2.743477282038453,2.0423247367066883,1.633918372501566
2023-11-09,0.5918357987230126,Neutral,2.3176763227418333,2.9184174804739245,2.290142853241044,1.6939518664804887
2023-11-10,0.7129234558989306,High,3.6285841744723313,2.703480352949784,1.8310996867240463,1.7403485189651897
2023-11-13,0.3256797123591765,Low,1.4322708564645263,1.3803542925633654,1.7715060102750873,1.601939135414264
2023-11-14,0.8393170428144696,High,4.103995507947652,3.1205000055984993,2.7692577505368448,1.6521162819527284
2023-11-15,0.6248886251219394,Neutral,3.1284313480604093,2.2529142419368835,2.4050145287436737,1.4863295310911042
2023-11-16,0.4720747263984743,Neutral,2.1457360292291714,1.9119785033880714,3.6065906962898837,1.6371486283595102
2023-11-17,0.35650233619953453,Neutral,1.6808887397304915,1.3855483077600521,3.4675291084660462,1.7776655573326066
2023-11-20,0.4253106405783918,Neutral,2.091478708450451,1.5698362080707153,3.1511246605429877,1.6108938270399846
2023-11-21,0.7601638676814477,High,3.755176344627116,2.789343620670752,2.38612416980659,1.573551009879877
2023-11-22,0.2865214121131877,Low,1.2421510980153174,1.2185273084103994,3.178945401450709,1.5088641355144083
2023-11-24,0.7335265008114179,High,3.8869535148280696,2.4374872531782765,2.722793007958189,1.52866087945503
2023-11-27,0.43668869027057927,Neutral,1.7777523103486472,1.968525444337752,3.272689199298744,1.5135316210574787
2023-11-28,0.6134391015018881,Neutral,2.8444406619067846,2.430342868008084,3.1596725434078436,1.8247574250933887
2023-11-29,0.6948241918587039,High,3.376351156556353,2.603667502843992,3.6087692130260427,1.8557931721213017
2023-11-30,0.8775456211745358,High,4.033072793066576,3.5114210240571317,2.8326674079938643,2.242304910584104
2023-12-01,0.7324181096924165,High,3.3171076044473256,2.977965731985245,3.0151797852624007,2.5513316665913472
2023-12-04,0.900571719734885,High,4.454427921709781,3.337834561823926,2.9812480895301827,2.2923759477774976
2023-12-05,0.7103795130846531,High,3.32012269833189,2.8180053758748103,3.811791272897238,2.6581143566288565
2023-12-06,0.3702017813069091,Neutral,1.4875890299808283,1.7005559816422393,3.724524560308157,2.7840798055067486
2023-12-07,0.5651862565917057,Neutral,2.8680661121939446,2.0254274732774427,2.9222796196078433,2.708549097710489
2023-12-08,1.0135846858870308,High,4.91278805008433,3.9068464199124917,3.4325844782435575,2.200764651592333
2023-12-11,0.9492803675678778,High,4.22188602603556,4.017428435600945,3.1679079667778978,2.0348224595022875
2023-12-12,0.4222677073297919,Neutral,2.0071146906679043,1.6650478662325294,3.1432455328875313,2.078324071101855
2023-12-13,0.920883508400866,High,4.20464971064192,3.7941692725540377,3.334616934646276,2.7561187249778203
2023-12-14,1.19110701810698,High,5.241271260657441,5.294391114515599,4.280758053302115,2.7650131739668584
2023-12-15,0.3987408028720697,Neutral,1.5280068830698348,1.9869464224699505,4.458177677945624,3.0700098618460316
2023-12-18,0.4997452989001933,Neutral,2.2287847769830305,2.1931740445213754,3.9522367625911605,2.623998299170905
2023-12-19,0.3039824261126939,Low,1.287762430543992,1.3983996640711298,3.7939361041591524,3.4350729363872614
2023-12-20,0.6865013274134099,High,3.7064807842528245,2.402169868016313,4.237693660540349,3.7074379896265155
2023-12-21,0.5256413699287001,Neutral,2.534568518049521,2.1266213995302365,3.9212239250205045,3.775052233036442
2023-12-22,0.5409015630702696,Neutral,2.503672162509884,2.2423225107947213,3.7541476804272604,3.376009430194603
2023-12-26,0.3325388026637126,Low,1.4873222990288937,1.4286295248873413,3.427477716777005,3.6854288271003424
2023-12-27,0.4452998752906751,Neutral,1.8748215812410391,2.0258072651674106,3.6664719906658942,4.502625802303214
2023-12-28,0.36470018735924004,Neutral,1.6321547361261015,1.5658470387417147,3.204103713792963,4.626256123878013
2023-12-29,0.32777359892814883,Low,1.3931775289466348,1.4784352760733757,2.7753906760984113,4.244766010975878
2024-01-02,0.6849776841974535,High,3.4516105733750915,2.568397239264707,2.90913869060816,4.34195314756469
2024-01-03,0.5996395203439953,Neutral,3.191138480095125,2.0848105379807285,2.2980811149511338,4.774024593016322
2024-01-04,0.4762400652119304,Neutral,2.1778163736987612,1.999892135457019,1.913224189517485,3.816821776260256
2024-01-05,0.6561279738358339,High,3.2154983193176823,2.547778323493501,1.5220219370205963,3.998490374374205
2024-01-08,0.676954196924047,High,3.181848136083347,2.759601958177033,1.562406290216793,3.4713326909146662
2024-01-09,0.3915069420990006,Neutral,1.8257664181519377,1.609882346267214,1.6517598851044422,3.619326670415894
2024-01-10,0.3936523207146305,Neutral,1.836923670390227,1.6175921660729538,1.5471432581225686,2.855735320682404
2024-01-11,0.43488168277065753,Neutral,1.8521448133508365,1.9179350263926611,1.5654459335874016,3.3790599903370215
2024-01-12,0.49101567331980844,Neutral,2.087243529717418,2.1692558013570835,1.0324235995914814,3.2841648888344332
2024-01-16,0.8168372840595113,High,4.220322803206037,2.9016391799996573,1.8037849675870596,3.0059118050816314
2024-01-17,0.6309776515200585,Neutral,3.087361296841034,2.404637268345993,2.129922933465585,3.708071659713582
2024-01-18,0.6479004773694276,Neutral,3.2156184578547475,2.4261663428394318,2.330931822839606,3.4590713109930378
2024-01-19,0.5680332819506756,Neutral,2.5823066792961598,2.3510282117328973,2.3637551330240214,3.5936377537309103
2024-01-22,0.32207663607345294,Low,1.358489984168466,1.4329348654357243,2.474295967122779,3.5393171825706204
2024-01-23,0.5365175767471547,Neutral,2.5506516960955685,2.1150875614121194,2.3159672608296185,3.621098962487087
2024-01-24,0.5003870345491541,Neutral,2.4416395015929715,1.9133351493002944,2.603782518678756,3.249926083846516
2024-01-25,0.43746055755491536,Neutral,1.9740263431713052,1.8244872846388502,2.273666257460281,3.3275217494984295
2024-01-26,0.5924575186914294,Neutral,2.6483525997957975,2.4946400805028324,2.4418197036062854,3.2921354255043362
2024-01-29,0.4799714182962811,Neutral,2.26954921036972,1.9037726702399447,2.6421205030646995,3.8154372742409706
2024-01-30,0.5357218031414177,Neutral,2.507365933728901,2.1140603370999935,2.2792454809285427,3.1513405998240582
2024-01-31,0.8739591694759348,High,4.642014418257781,3.0163466454798886,2.5112864464703275,3.1406683575931664
2024-02-01,0.6269560802964246,Neutral,2.6876416001775456,2.749996630399606,2.354029835668946,3.2069170271194722
2024-02-02,0.8691546400692485,High,4.377311240632068,3.2179963347010343,2.14511714466723,3.0488441533631456
2024-02-05,0.8701428077533013,High,3.929323269196935,3.566930518960536,2.3091704817014356,2.709554639062736
2024-02-06,0.4897495956845248,Neutral,2.2462057900578536,1.9754063973266416,1.8148078630724622,2.8586020173439715
2024-02-07,0.3754260529811836,Neutral,1.5585632417476836,1.6661081179051012,2.061643156466803,2.74213968796319
2024-02-08,0.36727079393117007,Neutral,1.6787829966768424,1.486669903048664,2.09162819306407,2.7293621286026846
2024-02-09,0.6045363980749447,Neutral,2.5455819168445815,2.6495236766308032,2.6209292135582944,2.830172697772177
2024-02-12,0.5568537712903279,Neutral,2.6808107471225884,2.128150741039862,2.8062396676010755,2.5550500865982895
2024-02-13,0.8494841540336238,High,4.593847410266622,2.838571099089151,2.430617495276199,2.5077055799363017
2024-02-14,0.6899329489611504,High,3.307866772599521,2.693234309424722,2.6086687104212927,2.425981302434699
2024-02-15,0.4000614212970678,Neutral,1.806297091126735,1.6641355857059719,2.2059703616419752,2.61931921338006
2024-02-16,0.4219649181070039,Neutral,2.263482357339939,1.4268895384849019,2.3095306248692316,2.599620511709036
2024-02-20,0.5101295072134984,Neutral,2.5366942666705863,1.9080528191264685,2.196460559932518,3.165387631569686
2024-02-21,0.346526552400767,Low,1.563604252792953,1.4423449467358944,2.374572963085344,3.194736557693608
2024-02-22,0.7546774639332448,High,3.7706146038177506,2.8063662436377466,2.6585617803259884,3.235214253045701
2024-02-23,0.5228227403158261,Neutral,2.457710959090581,2.0750099529158477,2.388107552628773,2.980744115196658
2024-02-26,0.4170450561560246,Neutral,1.7602542937636163,1.83773328457788,2.1416519077810863,3.041664636015781
2024-02-27,0.42884801579704074,Neutral,1.8107832714434875,1.889095182357422,1.9150996859339235,3.060725472995144
2024-02-28,0.2757616757373437,Low,1.2681140694967348,1.1099407858358472,2.190258983119141,3.0058774148716205
2024-02-29,0.48068916781679727,Neutral,2.1526449762890394,1.981124297789729,2.9254581573179324,2.981825229605191
2024-03-01,0.910020515071938,High,4.193599457871453,3.6440233789649064,3.3292527735100608,3.828011831682136
2024-03-04,0.7466493742379512,High,3.6727268492544756,2.78087972096463,3.814899935231923,4.406497052078375
2024-03-05,0.7038240893657124,High,3.528587972956358,2.561465069532068,3.6658762067621233,4.590411673823147
2024-03-06,0.44776424292274436,Neutral,1.7131579816601163,2.1084747964368264,3.996846278825962,4.422154437690871
2024-03-07,0.5539798973303884,Neutral,2.3175458938019378,2.4302864084877855,4.336923851774571,5.389921982420964
2024-03-08,0.8139685005215409,High,3.590610271324593,3.3938893467986033,3.720800504624471,4.698459619501497
2024-03-11,0.43066034154630495,Neutral,1.8763470534454114,1.7883035729296934,3.1191662282878467,4.407001314387635
2024-03-12,0.6872498369216662,High,3.467100997383711,2.3879487034274414,3.1739540235972252,4.182180355446228
2024-03-13,0.6327107005713877,Neutral,2.8543188836898605,2.484935499972026,3.5355622288893125,4.248339233758741
2024-03-14,0.5391598322701977,Neutral,2.346724703867671,2.196905992143758,2.9379393142172776,4.521282976996428
2024-03-15,0.481022943029479,Neutral,2.2312006284714663,1.832423064610791,3.0528642086643916,4.295216717231092
2024-03-18,0.48098106983897726,Neutral,2.123542050158771,1.9319707651915687,2.923641232569083,4.18453933105939
2024-03-19,0.543570040914161,Neutral,2.5882250941024965,2.008618200312658,3.0780023744955107,4.4106656097629475
2024-03-20,0.8371409038438911,High,4.155678589318823,2.9360668738474605,3.159432200838492,4.26411444948954
2024-03-21,0.6405560462726096,Neutral,2.7252781017224827,2.6683114471941076,2.668508506443125,4.101860591430272
2024-03-22,0.7427769002826261,High,3.613102004613192,2.6738976079647028,2.5991495561536087,3.9441917374450037
2024-03-25,0.3227077866821209,Low,1.6113879979878971,1.123075129609831,2.8836564004133574,4.0795107039428675
2024-03-26,0.22881205258722737,Low,1.0472826421110495,0.8846797142468692,2.6623897085364714,4.101003332004818
2024-03-27,0.619577798350894,Neutral,2.913451352471307,2.323523384159937,2.869534897844145,4.212768699674195
2024-03-28,0.47547841899292004,Neutral,2.1948436857968185,1.821172583238347,2.878794974893973,4.62126705238467
2024-04-01,0.80184457519515,High,3.6899710813744755,3.081796806678311,2.70997403213803,4.8995621702901175
2024-04-02,0.7579533442949391,High,3.547324087677709,2.8580548588900405,2.755342547049998,4.92127796815958
2024-04-03,0.32580059834328234,Low,1.4601264959664142,1.2885102354809745,2.733613390348956,4.6976138361341935
2024-04-04,0.8375560238239605,High,4.275865938069085,2.8279229452904286,2.7454496906332664,4.472624780067845
2024-04-05,0.7982120409133097,High,3.657161009829532,3.082767567389776,3.2102988951515474,4.881421716777085
2024-04-08,0.4931325951561496,Neutral,2.523716230691692,1.6592685593504675,2.867527711403917,4.7724932992891995
2024-04-09,0.32546542816559065,Low,1.5692114061192228,1.184580184911749,3.116016638470372,4.702752600962249
2024-04-10,0.7179418998524598,High,3.518627278518948,2.560064975264955,3.129797969953148,4.32688868199792
2024-04-11,0.9072918413049855,High,4.039691534305727,3.6128203777276635,3.5805051962313876,4.709023006417127
2024-04-12,0.9064821284700882,High,4.517689832241741,3.200652431531232,3.5177681067801485,4.543629410886641
2024-04-15,0.9963971892970418,High,4.658988201624969,3.8486357115070446,4.052432605218171,4.479433307153907
2024-04-16,0.5810360131603418,Neutral,2.5332128274407197,2.4111948740834435,4.028738284155167,4.477231932489984
2024-04-17,0.6906177824917501,High,3.072305137848743,2.8101832758196386,3.861572497757412,4.297284065199352
2024-04-18,0.39508667968035976,Neutral,1.8313958353084323,1.5405546504799559,3.1980579197773458,4.153211209040242
2024-04-19,0.9340999416213878,High,3.999434069635497,3.942773791224201,3.5861381257891844,4.430752797839568
2024-04-22,0.9837496458158228,High,4.66166986531612,3.77211990583803,2.83112991954835,3.789251953667364
2024-04-23,0.4389128732138142,Neutral,2.0091064315889158,1.746870547283812,2.5126898071153514,3.696504015351615
2024-04-24,0.30008198340928827,Low,1.2700131952279539,1.287866906494174,2.3429759308058555,3.417989476175971
2024-04-25,0.8748262585082771,High,3.711292387918768,3.74652973702684,2.7221647626538017,3.8888114328215617
2024-04-26,0.5880397254597696,Neutral,2.378452532763155,2.6232568706447257,2.572687870945163,4.259533487295135
2024-04-29,0.8400199538042483,High,4.26088243089771,2.967909978375803,2.4564034655342666,4.296833078375439
2024-04-30,0.9925607109754225,High,5.041474361226,3.559939266396577,1.5871484900765236,4.039088827715645
2024-05-01,0.8910995263227288,High,3.6488383990253563,3.9778414933072117,2.059631972674538,3.91539280857241
2024-05-02,0.7838632312294977,High,3.9530289302943977,2.836744212077452,2.0248228437269113,3.489378399392479
2024-05-03,0.9778027982181912,High,4.890933753563231,3.632949968646417,2.251032757058347,3.208635505919843
2024-05-06,0.521013899828499,Neutral,2.1275629836071293,2.3565011591416387,1.7915350576842286,3.4385234615569047
2024-05-07,0.37602143914335723,Neutral,1.6199710805433751,1.6264344737239504,1.733257941126065,3.1972899624301094
2024-05-08,0.4254060671625264,Neutral,1.9246077853441619,1.7592636960648063,2.1020220339430535,3.2441861187759233
2024-05-09,0.5489393671595265,Neutral,2.2881103696614,2.4419117162101602,2.3644896363062893,3.9930096272253426
2024-05-10,0.3924176359091307,Neutral,1.5338834410292232,1.829992815247672,2.472094202946937,3.5794027727173856
2024-05-13,0.6512055157982577,High,3.289958481749203,2.384084284927891,2.6481052169045354,3.2527535824983076
2024-05-14,0.3183321758750599,Low,1.3141992594033278,1.4232206180920266,2.5238120136228237,3.4892012622095683
2024-05-15,0.5554193596502117,Neutral,2.5548167263469876,2.253656325220975,2.4966855035794024,3.784367132541945
2024-05-16,0.6299261040192004,Neutral,2.9705904647672927,2.4919223052744615,2.312294021033327,3.4028210129434897
2024-05-17,0.5999823625293041,Neutral,2.4337292724086397,2.7203428175318667,2.596688435523285,3.6894407158132916
2024-05-20,0.47239681671510425,Neutral,1.983663965243775,2.082718127644198,2.5517383645312224,3.5655218764190986
2024-05-21,0.2863526987246414,Low,1.294883393007124,1.1814320376284417,2.367760470370197,3.640492571486809
2024-05-22,0.65371065919439,High,2.873274808333674,2.7696641622631284,2.299058129792831,3.2397000471059174
2024-05-23,0.8505587482367258,High,3.608495187038869,3.717643010453295,1.9865119573997692,3.0949755990113124
2024-05-24,0.48215225019757546,Neutral,1.9581076211909285,2.1840479762160196,1.8559449289062298,3.0927705853003506
2024-05-28,0.7965612570541554,High,3.3381839530087034,3.4778990992095755,1.855739311010154,2.982810225287781
2024-05-29,0.6711893112245589,High,2.960431309474122,2.7992977647383332,1.9904723135142448,2.763216175879561
2024-05-30,0.5833784949553298,Neutral,2.7134527967776116,2.308363013648979,2.3123186439435117,2.738312054583203
2024-05-31,0.8792703915193523,High,3.8971985901342645,3.6502659774900894,1.9835029881418398,2.6397472879631345
2024-06-03,0.5942646474436188,Neutral,3.1414718741571783,2.0160719398903346,2.7326299675591414,2.704414605347473
2024-06-04,0.5866040376156778,Neutral,2.4964662753113673,2.527285669739222,1.9271822775634297,2.370406143765551
2024-06-05,0.7785686532715594,High,3.455611052377019,3.227981122713102,2.1840296969994806,2.757741557229116
2024-06-06,0.34802676685382217,Low,1.3416297894928415,1.6233838253924946,2.317501833530972,2.836666404086845
2024-06-07,1.0979155355875694,High,5.163298531335025,4.3679735172100616,2.7331371636787782,2.2497393126080376
2024-06-10,0.5292624903246843,Neutral,2.392181721327445,2.190774323352105,2.760182227921195,2.6314609240633664
2024-06-11,0.5208467376673425,Neutral,2.2616739105250208,2.2372369903861737,2.8558382638853415,2.5468188088465005
2024-06-12,0.7306171070214864,High,3.244399784268693,3.0362578944705874,3.5116730287512246,3.081992198219908
2024-06-13,0.5938271431568884,Neutral,2.513599524187023,2.577733403112722,3.7824038928796924,3.3157889560418803
2024-06-14,0.636864769896299,Neutral,2.6568870907804047,2.7992079640642387,3.4243802297918893,3.031605918248408
2024-06-17,0.5277215348931085,Neutral,2.815676344703692,1.772215520193018,3.7286850629888812,2.8987327893215364
2024-06-18,0.4550867169890216,Neutral,2.0147850219333736,1.896648020695033,3.6261463366157325,2.8307376407248035
2024-06-20,0.8953896001420969,High,3.6441579560694217,4.00554188685977,2.820208788320673,2.3432669659327012
2024-06-21,0.5573816591791176,Neutral,2.2709724853609803,2.491255466807955,2.5913478255576425,2.260847307057902
2024-06-24,0.6695469931838947,High,2.6787278377015715,3.036349363304506,2.250696044511443,2.091861470520921
2024-06-25,0.6907987021642663,High,2.650415945239982,3.233441368715958,2.2294877915543942,2.292918061888748
2024-06-26,0.5380087423260236,Neutral,2.3947735484885286,2.2245060820895133,2.285316395240419,2.319216564339051
2024-06-27,0.4359728866758572,Neutral,1.7254579806951478,1.9938004767818893,2.4430834574145868,2.499509737659029
2024-06-28,0.745357221934867,High,3.433754030713589,2.978714631162216,1.6072724332496138,2.215116429629143
2024-07-01,0.6197127615747609,Neutral,2.914123326446596,2.423989839298688,1.6440434911964183,2.3635826122863737
2024-07-02,0.337693256120475,Low,1.5668998013161732,1.3395944822923431,1.6036998852567466,2.4940256968603323
2024-07-03,0.5046879974609494,Neutral,2.11505282482992,2.203508198294236,2.1159679186555893,2.5412368489887878
2024-07-05,0.5955906061950474,Neutral,2.7053681743383247,2.4143469466614205,2.261533675065704,2.2693068161143377
2024-07-08,0.5330485211987199,Neutral,2.0511823048736626,2.489712045800355,1.8304018917550042,2.6421654606356673
2024-07-09,0.2015773846770335,Low,0.8529601304582455,0.8728274691793835,2.572503407148684,2.3434068349080373
2024-07-10,0.6679224001144797,High,3.3131575180331567,2.4594140863613165,2.560228172684782,2.6161498254190736
2024-07-11,0.8826283402836388,High,4.154069335688249,3.449162153983968,2.6298689838181013,3.1250393336117135
2024-07-12,0.9291583004234769,High,4.293750141699609,3.701474130981825,1.8175090133343301,2.857922533080879
2024-07-15,0.5839689054798285,Neutral,2.6609492604512925,2.359797360489806,2.633284514438653,2.493233322793937
2024-07-16,1.0419538516617994,High,4.096670277669213,4.802641398597651,3.2685680006446045,2.6258561070983117
2024-07-17,1.2342516446346434,High,4.987298224093823,5.643093608598332,4.4298924348882585,2.542269772915093
2024-07-18,0.9449986587879327,High,4.338225666283831,3.862786190215168,4.1906597522522455,2.2761589020539157
2024-07-19,0.7922935258476471,High,3.2850624615424606,3.5487802811746803,3.329411284793532,2.2418597315203512
2024-07-22,0.6695153085207792,High,2.917558265388155,2.874136371739018,2.633355850252835,2.282022678890977
2024-07-23,0.4561255272028633,Neutral,1.9875451017282124,1.9581901137203432,2.85122607606166,2.6358028102705346
2024-07-24,1.1329145752906689,High,5.692894852811072,4.259259134714321,3.807835128031004,2.7847071183942194
2024-07-25,0.7687429122595936,High,3.0557648356581177,3.6000962243895924,4.123656435039024,3.3284675338188108
2024-07-26,0.6814850536989678,High,2.8560441382507125,3.062047422195319,4.039703398036474,3.068153472864812
2024-07-29,0.26055554116899393,Low,1.0670747656939679,1.1926208247794787,4.119164079308335,2.674523879591672
2024-07-30,0.6988604056749389,High,2.5988319627710283,3.4304040589151086,4.922776139138582,3.135463672972999
2024-07-31,1.0248322864234283,High,3.962285423521731,4.9425411491618,4.154991610216269,2.6294032720270537
2024-08-01,1.4144915668581683,High,6.495218035965356,5.954401783768579,5.589041441528187,3.459059424204214
2024-08-02,1.352024174753772,High,6.595933117715585,5.553531770136258,6.650162657179589,4.742399501208627
2024-08-05,2.653513184057415,High,11.480342336816076,12.655814780199456,9.467063196564954,7.331076231422976
2024-08-06,1.0690830691492628,High,4.091325875606711,5.612089966320693,7.692641923503257,5.830167391372187
2024-08-07,0.584575301418589,Neutral,2.875197931226166,2.508078197749331,7.818061799775141,6.028256212914817
2024-08-08,0.8584992330680696,High,3.646244244627788,4.189622708658834,6.5229337485381516,4.750327373319042
2024-08-09,0.6685837497022538,High,2.582826259951958,3.4884372632463867,5.288687905443976,4.240074940134078
2024-08-12,0.48232117350293396,Neutral,2.0535210092952054,2.3494237176883646,5.003353947181383,4.57448085036434
2024-08-13,0.5590643967451715,Neutral,2.7235822043653846,2.421594514615237,4.709562360825294,3.9224628222482987
2024-08-14,0.4962785104195608,Neutral,1.896503316468405,2.6075832173135196,4.398260013368246,3.8820381938068267
2024-08-15,0.6739330258581597,High,3.3112416663238133,2.894498296551167,3.0793612269237385,3.574993484977046
2024-08-16,0.6832633672088237,High,3.03009095774127,3.221877325588876,2.346763598555771,3.2923399347764435
2024-08-19,0.427552911805676,Neutral,2.0575662139552575,1.874210259612952,2.921680557068891,3.428202723802018
2024-08-20,0.412672030649022,Neutral,1.443964694623393,2.285185183446495,3.3841128523428012,3.896316321475002
2024-08-21,0.4273901902335544,Neutral,1.767866070040731,2.1273476813313295,2.9869793746648328,4.259443771922226
2024-08-22,0.5192382395479072,Neutral,2.3350129758788087,2.4200232635744405,2.956963630734631,4.463206084393178
2024-08-23,0.5287876766534778,Neutral,2.0191588226723325,2.77978055602302,2.7459194701002705,3.913581393389536
2024-08-26,0.6268690393489698,Neutral,2.7061514523561505,3.020837006260909,3.123123348888904,4.3611096337971205
2024-08-27,0.2769267386106109,Low,1.2340979960421614,1.3005540633226174,2.8738765631704646,3.9726913327609714
2024-08-28,0.37049130295931176,Neutral,1.237936779773558,2.1029506114861007,3.1630549944535984,4.305340407444366
2024-08-29,0.4543358456024168,Neutral,1.6280290701063183,2.482265939289594,1.6130047701923493,3.913851917659869
2024-08-30,0.46106008885209615,Neutral,1.995505859114334,2.217298971236914,2.7074745389998034,3.9704758993183447
2024-09-03,1.408886902871068,High,5.351129006267279,7.511894429522094,2.7497020950738755,5.100854630181497
2024-09-04,0.44747651518266773,Neutral,1.887817335167547,2.220816220392544,1.7608488189545741,5.435423190021182
2024-09-05,0.7125521816907513,High,3.017847670888357,3.5260997582672924,1.7862256796388807,5.171099154327182
2024-09-06,0.5281302152764352,Neutral,2.3963259359018894,2.473596045464216,2.146266251432323,5.447767365934285
2024-09-09,0.48841727652578226,Neutral,1.9998618720812453,2.4772000364808093,1.9101163440471638,5.4197187451959214
2024-09-10,0.4020686123804218,Neutral,1.8263188626559357,1.881425497285475,1.9181208130398721,5.342799160887023
2024-09-11,0.5615096704428834,Neutral,2.199320003217613,2.9354335391027693,1.6836028133750705,4.662977123488865
2024-09-12,0.5940021688494306,Neutral,2.6027330511230504,2.863196461746677,1.8522221809191126,4.767085749516533
2024-09-13,0.42600859560968496,Neutral,1.6096533203261454,2.2787374157686013,2.234050040331225,4.923483210509949
2024-09-16,0.4268656197531392,Neutral,1.7042128872602327,2.203259530168313,2.864280959212808,4.643284707149482
2024-09-17,0.24635822298638643,Low,1.1047554512619902,1.1653184660646678,2.698277019679794,4.630466488811176
2024-09-18,0.5004806029314977,Neutral,2.3838894397734736,2.2450082236528477,2.2848960763228674,4.493063279736671
2024-09-19,0.5994960707830617,Neutral,2.6755402123044782,2.8469520498661023,1.6495453244344873,4.3389101722457974
2024-09-20,0.45570418553813735,Neutral,1.9213990795850833,2.262639960439577,1.7828296910402952,4.332189262892186
2024-09-23,0.30170380002997366,Low,1.3913137992269333,1.3934739753908103,1.7352086008683973,4.148244750750387
2024-09-24,0.3855226771454033,Neutral,1.6045923565039413,1.9324999401409588,1.6422563047327121,4.121736143931786
2024-09-25,0.4146817696538618,Neutral,1.928016451443822,1.901517047855728,1.5040975312215454,3.9224138327754074
2024-09-26,0.6683756989641932,High,2.694872894015199,3.426613497646543,1.9130847556913946,3.7320549119423236
2024-09-27,0.5530578860355571,Neutral,2.2325621583679234,2.833083562315889,2.1596432215953096,4.086791654878378
2024-09-30,0.6639089977627144,High,2.8734239823944026,3.231387386730006,1.8955345924453173,4.055256587498031
2024-10-01,0.5736908543098808,Neutral,2.2782899626800397,2.971708983853054,1.783889247532387,4.469223743217981
2024-10-02,0.3327650274438524,Low,1.5098369082452237,1.558605006905727,2.0158630910115027,4.29363473323124
2024-10-03,0.7636681003812406,High,3.444915233061042,3.5944339486234522,2.545016266063983,4.157320620040602
2024-10-04,0.5022136572485552,Neutral,2.9405623483822905,1.7719797735783942,2.9107914102529513,3.9711666878358334
2024-10-07,0.728881469710225,High,2.9844393835013516,3.6968274871921483,3.8633511211455533,4.30729149863735
2024-10-08,0.4687100707526861,Neutral,2.240342681070446,2.095671881063156,3.4282818826474477,3.6960064702369055
2024-10-09,0.4191893707686456,Neutral,1.9683512485661823,1.8914310073838956,3.528328234068036,3.5570585563413384
2024-10-10,0.3447810242426849,Low,1.564589257235423,1.6037380776828754,3.5207247018773904,3.1806181793459687
2024-10-11,0.5280182297895117,Neutral,2.445916374013315,2.412042035218646,3.665531688901512,2.9010068006625542
2024-10-14,0.2919493116652637,Low,1.330076537320337,1.353368218589587,3.791954536638205,2.8482678237030563
2024-10-15,0.7613133184776031,High,2.8429582085913387,4.010222596537203,3.529565369915405,3.2611553695377724
2024-10-16,0.36959177283039124,Neutral,1.4867805881232807,1.8499179142778164,3.1750525409880237,3.1765454226821297
2024-10-17,0.5236641694247736,Neutral,2.3141472737091338,2.432433883798288,3.0117903784879627,2.7489345186964416
2024-10-18,0.38589208420280996,Neutral,1.5295037018025224,1.95227378702148,2.9005587441857767,2.924834046639613
2024-10-21,0.6253971146319961,Neutral,3.103975769281823,2.5957232727228865,2.6298464148193452,2.8629615047488293
2024-10-22,0.4180378591067558,Neutral,1.7493260412918108,2.0309097108336975,2.767911883296745,3.0075082921184317
2024-10-23,0.5936535444013382,Neutral,2.883991119086073,2.5207186273027116,2.9442555221052973,2.4964361260141654
2024-10-24,0.5308616091943764,Neutral,2.3663985285958926,2.4472837129062284,2.8680497945859633,2.681033088014033
2024-10-25,0.49833054882841304,Neutral,2.1645154748532796,2.3490053485919984,2.5396939294660092,2.896136205289655
2024-10-28,0.3982441046660473,Neutral,1.7185159818652618,1.8874669700053177,3.2857249314739163,3.15948538781045
2024-10-29,0.4980745996404613,Neutral,2.237285518571988,2.28064682523771,2.9182777543446763,3.6895480988628013
2024-10-30,0.5055530959734664,Neutral,1.8977200534605603,2.615326699866679,3.060785166234742,3.488153261499981
2024-10-31,0.7471463586283462,High,3.5256972195184098,3.1950061820067392,2.1293389733969343,3.4305194311823173
2024-11-01,0.5934624957183783,Neutral,2.7011384257347224,2.624440667246962,1.9162766489431335,2.91702391082843
2024-11-04,0.5863343597722556,Neutral,3.0296978249688267,2.256669645939893,1.866212803115291,2.862705122067141
2024-11-05,0.37767621035701876,Neutral,2.0132226305641945,1.3961220352119263,2.046195751543486,2.7862858139280755
2024-11-06,1.786332271854596,High,8.829683328353736,7.291194230238724,2.4665243221403252,3.3726858411545515
2024-11-07,0.8749791178036561,High,4.059544928974024,3.8188286431081973,2.4494421214177735,3.717232652285821
2024-11-08,0.5883943036281865,Neutral,2.8066483983547217,2.496481254672985,2.3540141849041043,3.1988584006063108
2024-11-11,0.8550072967822435,High,3.6584893630158435,4.019215813882666,2.888097098153109,3.149213816238175
2024-11-12,0.6634605903798034,High,3.280677143736987,2.7068527138883853,2.793543058837174,3.0390452638195957
2024-11-13,0.6611014931246124,High,2.933198103910247,3.01034796270808,3.0714115008364504,3.145365681578774
2024-11-14,0.39507614372012,Neutral,2.020688869609971,1.5492887659326118,2.890771308078141,3.0905644512933503
2024-11-15,0.5578496710161025,Neutral,2.5325183780286045,2.4866368701045314,2.7469870696153667,3.201622319829767
2024-11-18,0.6968011598055411,High,3.0343680622207163,3.226264105085659,2.413753007385564,2.7759179682872888
2024-11-19,0.5566542085090492,Neutral,2.3154665546892437,2.6786315347792344,2.4335367091043163,2.8678188014625787
2024-11-20,0.3482952459773567,Low,1.514143790117257,1.6150514315981301,2.503248375523065,3.190788648161817
2024-11-21,0.570925358785426,Neutral,2.4041650051298435,2.7199510976279035,2.2420620142925785,3.3468162220446804
2024-11-22,0.6518302253153798,High,2.7621856900720503,3.0892313993246288,2.701388880364968,3.259517679520186
2024-11-25,1.3180782814711747,High,6.393095227214609,5.64154993615961,3.2177556755246886,3.4227770507284534
2024-11-26,0.4383879293805971,Neutral,1.7465589543535596,2.2237191669599143,3.775545956205547,3.105248972431757
2024-11-27,0.44932608056844153,Neutral,2.1784035303001223,1.9240621424627988,3.7352393316332346,3.1881949643156626
2024-11-29,0.5414647725962985,Neutral,2.5717078734942667,2.360364363240149,3.7095214321846486,3.110441811732262
2024-12-02,0.6212483667828633,Neutral,3.048691406676401,2.618744078762781,3.403272756359623,3.084369680759092
2024-12-03,0.35314424648923154,Neutral,1.5188618483330096,1.6838951361588042,3.649223159098093,3.0448711611663595
2024-12-04,0.5322269424799151,Neutral,2.4844091865683384,2.3596942187260073,3.4023869662587196,3.348481839266325
2024-12-05,0.49509521594126094,Neutral,2.045442334712594,2.4373129820431525,2.669597087125598,3.274519255728399
2024-12-06,0.45197739104240864,Neutral,2.1264115060357778,1.9887566042286797,3.189580568637641,2.928696707076342
2024-12-09,0.5720959971655389,Neutral,2.6746126370767658,2.5327226917527623,2.614120495785463,2.906102755134744
2024-12-10,0.6411421919990968,Neutral,2.6871670085392414,3.066295726142013,2.259239333523122,3.1289766452440846
2024-12-11,0.6249101380016462,Neutral,2.713532967950508,2.900646283466415,2.224983540216813,3.147919717033131
2024-12-12,0.5041294759909041,Neutral,2.377396491368863,2.164418642691432,2.087629384171851,2.956077114964646
2024-12-13,0.7637561253539767,High,3.2317844388100685,3.624063269298751,1.9528363283179808,2.4405925158499797
2024-12-16,0.6379831601682505,Neutral,3.0364873835361337,2.7067085956930836,2.5732825400937256,2.517245535946585
2024-12-17,0.42003066851396054,Neutral,1.6664718206215898,2.092913576797346,2.201078653745023,2.6454978344876046
2024-12-18,2.9408769093910543,High,13.361781784591306,13.138314122622974,4.874893975849457,4.740022700605008
2024-12-19,0.714283282649371,High,2.8979263866906635,3.515941124072115,3.7540807500561733,4.289161664894979
2024-12-20,0.9519176598466252,High,3.8177105973423067,4.750991995986628,2.7756396197996125,3.4467936588746966
2024-12-23,0.5760054477623919,Neutral,2.4773427010604916,2.717623534284677,3.262404109286828,2.94894022821313
2024-12-24,0.452209209284955,Neutral,1.7297257181252208,2.335805671427803,3.098454372542847,2.7610989317684376
2024-12-26,0.22559951078632984,Low,1.0425319747316133,0.996478367428259,3.0337844815715087,2.7675746323800894
2024-12-27,0.4442318997110244,Neutral,2.1034317918297156,1.9146552843922775,3.2671369951527693,2.707760904839134
2024-12-30,0.4530867012596156,Neutral,2.330764699012967,1.7785484533355913,3.595194804100791,2.5070372713558537
2024-12-31,0.4282634965021976,Neutral,2.14798236523058,1.7328862039175914,3.282728585619993,2.2839321890587576
2025-01-02,0.4241822926623192,Neutral,1.792190915188518,2.031557139776212,3.4960942225615885,2.2402731292735756
2025-01-03,0.4597817609117444,Neutral,2.1047723694988845,2.04962241813829,3.093258126647962,2.2672468727169135
2025-01-06,0.4171367935226727,Neutral,1.8866906076578498,1.881009166860049,3.4114288114525,2.4112380542050964
2025-01-07,0.5660866365001573,Neutral,2.642692017897073,2.4753085474664815,3.831717700527011,2.3054439515929737
2025-01-08,0.2646128352196891,Low,1.1171510909877311,1.2681232398137146,3.2394719420195597,2.1536066804433425
2025-01-10,0.6311171676741087,Neutral,2.958552314209735,2.748127724359514,3.506875281048723,2.398703481291456
2025-01-13,0.475200463604339,Neutral,1.8634506238349173,2.4115301772788453,3.3351600542982123,2.305869905476179
2025-01-14,0.3883444312836526,Neutral,1.6798680835786475,1.8231709365475832,3.1356272806781074,2.320088396790996
2025-01-15,0.6963328017259605,High,3.569295487242802,2.745394325323109,2.6895165861624375,1.8704669763174553
2025-01-16,0.6255059416136932,Neutral,2.914066447131767,2.7407839696420413,2.2109334077057756,1.7873280941049663
2025-01-17,0.4401936698134151,Neutral,2.0848552604220094,1.8967386344341413,1.9260956970708292,1.6274115862918357
2025-01-21,0.5653827800760063,Neutral,2.581549273066706,2.5266132176825518,3.8965758710129785,1.4519702955840195
2025-01-22,0.362555510503873,Neutral,1.662047120039492,1.6139934639619193,3.1176734842015694,1.909633466822259
2025-01-23,0.41168937560876706,Neutral,1.802116313441323,1.9127814680329738,2.1881597729949664,2.1487146286091208
2025-01-24,0.37547240387302994,Neutral,1.6468317343015415,1.7414557589083015,1.8586152238273679,1.786004248982927
2025-01-27,1.4634355102749743,High,6.273521242817184,7.116619675693233,2.772287073890597,2.3305142496839806
2025-01-28,0.6195530604821786,Neutral,2.33681180970041,3.3088521357748615,2.1717424655070734,2.6860949264504246
2025-01-29,0.3359276084488091,Low,1.3777400460726232,1.6914138928329627,2.151472491975209,2.3587916484670353
2025-01-30,0.5217617910027431,Neutral,2.200929705880836,2.5704931998610983,2.3211045335977283,2.0887190340209996
2025-01-31,0.4105973181505639,Neutral,1.9104250168621404,1.8573451455450234,2.0781026531813884,1.7275779036388312
2025-02-03,0.5829671417869012,Neutral,2.271130225396727,3.0193238067483676,2.517957558523235,2.045551007629659
2025-02-04,0.37561015784242163,Neutral,1.4834237611041763,1.9268793461166565,2.931094380051539,2.072816986300515
2025-02-05,0.6846331328696578,High,2.872887583319766,3.35678809074422,3.4757535962309576,2.097076481074393
2025-02-06,0.5069436797991802,Neutral,2.1806721191710934,2.436465826980204,2.9698467135949076,1.673715192337663
2025-02-07,0.5015458760142034,Neutral,2.4933047490561724,2.1017730281297924,2.814814247635591,1.843324711105918
2025-02-10,0.48972750953958955,Neutral,2.154703256957648,2.309513915851872,2.899634398583767,1.9715366149219362
2025-02-11,0.2975440251320224,Low,1.482323617098435,1.2439790717566954,2.8512790404164003,2.1245642930298994
2025-02-12,0.45943340145937156,Neutral,2.336277576388345,1.8771952323983203,2.6106831562396384,2.494227861815025
2025-02-13,0.6223976724076262,Neutral,3.348472794860514,2.374356371309261,2.5703737823509756,2.463965331943927
2025-02-14,0.6266765848977223,Neutral,3.012157810307823,2.7210182153995652,2.2897608315927305,2.145243102479587
2025-02-18,0.7063840289182579,High,3.092402331261038,3.345539736282904,2.5305970774061244,2.3468469793736366
2025-02-19,0.28086099582838553,Low,1.1703839875797433,1.3845918965636173,2.196388948976061,2.153323849778859
2025-02-20,0.4891400414828719,Neutral,2.3049484178843245,2.1662463279099664,2.3283024374847954,1.927350820386245
2025-02-21,0.8101936705922527,High,4.178575109272535,3.256458813600694,3.0004059827914,2.208865705098783
2025-02-24,0.39005991828492553,Neutral,1.7579521641745228,1.8010938786685124,2.937008261141033,2.298226363457863
2025-02-25,0.7259022438708481,High,3.1665675434305034,3.4483520054925436,2.652166752064507,2.4696817790628103
2025-02-26,0.4711348450290497,Neutral,2.0999031687361227,2.1970076533306204,3.0996330710374655,2.723107324392808
2025-02-27,0.8025963088517545,High,3.7486014073535383,3.5851773675677636,3.0988091752518,2.7918585334683743
2025-02-28,0.6488142555904843,Neutral,3.2548091391818263,2.6918887151514355,2.921568035215166,2.5580348392508774
2025-03-03,0.7880432800282557,High,3.840416085051053,3.3732774834759054,3.8063189728920936,3.438490444274192
2025-03-04,0.816958904006641,High,3.5154253506241253,3.925363003119358,2.9737090375439528,3.5483864158770437
2025-03-05,0.4487538798548264,Neutral,2.396270467840151,1.7284837621721179,2.657165551421652,3.1800186607098304
2025-03-06,0.5488894950184026,Neutral,2.499004077043908,2.5112954445956905,3.1347151222123304,3.508016022838702
2025-03-07,0.48883539412643007,Neutral,2.053178939980342,2.395030095371927,2.5830687613283168,3.558776744349016
2025-03-10,0.9032499225665068,High,4.491846398699542,3.783702403155987,3.2767755354717942,3.8095776630995757
2025-03-11,0.6910339423979497,High,2.9224107762018643,3.367336603724684,3.2575050387395468,3.6852677918492036
2025-03-12,0.5150240675721118,Neutral,2.09326476390387,2.587609368575864,2.907761304893267,3.5090198203855327
2025-03-13,0.7617416938830102,High,3.6169993296142375,3.3314154560847937,3.536817699717971,3.8536734985775345
2025-03-14,0.5613027561214214,Neutral,2.8662429915573564,2.2641674184399676,3.255709938373725,3.2390807723661714
2025-03-17,0.429045987893164,Neutral,1.7142244941012226,2.1653620600056898,3.080989774919109,3.1305247626271364
2025-03-18,0.4858420706169349,Neutral,2.2516488671084436,2.1688493018694217,3.5245664580583704,3.4197659047018347
2025-03-19,0.32836756860837757,Low,1.4864356334173296,1.4931622195151315,3.275170105325459,4.338030664022529
2025-03-20,0.3022649801530866,Low,1.4554949304299445,1.295193371318759,3.0923128491810057,3.9522877122790825
2025-03-21,0.48424027047469986,Neutral,2.258862734665029,2.1412070464693134,2.647143287495243,3.318350713217732
2025-03-24,0.6019487030995855,Neutral,3.1700033845054225,2.332608258839456,2.124894372118053,3.1178965560389496
2025-03-25,0.4755481953246665,Neutral,2.2851919437940076,2.0419884776358836,2.3799295079591136,3.1160567276509115
2025-03-26,0.5031734894099034,Neutral,2.2403677730708758,2.3220100754663267,2.3777531163817045,3.262400851876193
2025-03-27,0.5266234206672921,Neutral,2.357979745160074,2.418225983716502,2.794610002691337,3.5754688948822895
2025-03-28,0.7058590802766156,High,3.3969707920309467,2.9881938131707595,3.2758862003738614,3.792685768258517
2025-03-31,0.8188640669287908,High,4.02406037201806,3.39187844185052,2.8844521708074975,3.84678101307952
2025-04-01,0.4983497142030612,Neutral,2.5478489500581287,1.9755299477952015,2.5592988075310834,3.823342028104133
2025-04-02,0.3306034203925634,Low,1.692136749993068,1.3088517865683948,2.497004899283504,3.965091054457111
2025-04-03,1.4916338111170186,High,6.657410449514958,7.076803911453625,3.051954426211793,5.03100085720261
2025-04-04,1.7628064577910587,High,7.925423813137911,8.448163117712092,4.835740967920084,5.537220674844158
2025-04-07,1.0413312675134323,High,5.550911966823892,4.3168376231900725,3.463887809441093,4.925528660699652
2025-04-08,0.9251332140571467,High,4.861748852042869,3.894617283017937,3.9566211762858323,4.8181336932415055
2025-04-09,2.379544651045711,High,11.410298826123624,11.265364590646069,3.3417187860758366,3.531530531408867
2025-04-10,1.3580895924970513,High,5.921078631584008,7.13451491041755,4.348242986060706,4.223112788904919
2025-04-11,1.0738568189961188,High,4.631170011605977,5.746091653679712,4.611997136606192,4.383710740622395
2025-04-14,0.7544409142085975,High,3.392829341048496,3.9235602197529125,4.003916249301594,3.833479691479781
2025-04-15,0.2560714748302193,Low,1.0027468374155373,1.452965715737775,3.9195393433705172,3.974732975993055
2025-04-16,0.8669076003965152,High,3.7821209674507155,4.664109796698944,4.381807346550504,4.5213137862007935
2025-04-17,0.766981983490874,High,2.563536018314555,4.908111141036036,4.325701534261651,4.79170650707127
2025-04-21,0.9288764972952702,High,3.8258955354827817,5.354100140416687,5.196975750973481,5.3133859441940725
2025-04-22,0.676769016209527,High,2.8441409640923605,3.8526682376912853,4.979621415163561,4.725709002589112
2025-04-23,0.8501979394922718,High,3.9892093172443754,4.485216405421172,4.188015157898145,4.228731643001271
2025-04-24,0.5522590052378826,Neutral,2.7061920936731596,2.8154807173271004,3.8600516207566122,3.9684735329937464
2025-04-25,0.41820438383468284,Neutral,1.6827521330970794,2.434338612089864,3.569480608009315,3.9283866165379675
2025-04-28,0.35047505078489183,Neutral,1.6578881093421105,1.8298896409906333,3.314638844291881,3.729956606504904
2025-04-29,0.5057262048743529,Neutral,2.180493960379467,2.8202411241388345,3.336537669691153,3.5229130814137384
2025-04-30,0.38403455945962994,Neutral,1.581743991985026,2.204473912221795,3.423625930600196,3.5758638679149173
2025-05-01,0.5952430576239859,Neutral,2.587611542842192,3.301486428657344,3.5242803444200463,3.3944817172089956
2025-05-02,0.6419467842429036,Neutral,3.0592909214441613,3.3325109044871635,3.2933584289131717,3.0920048941898046
2025-05-05,0.6403196355523442,Neutral,2.368286914138642,3.903966278120378,4.9828427192890175,3.023822643649921
2025-05-06,0.599728296880907,Neutral,2.2336375761939546,3.564087763260533,4.851357659129011,3.12347645530648
2025-05-07,0.48326385021489315,Neutral,1.7924454945767565,2.8781274997230555,4.835862230050287,2.8531254455536446
2025-05-08,0.534756708490259,Neutral,2.497282392211129,2.7581619564957345,3.359121573948,2.627072709628933
2025-05-09,0.48478769202033256,Neutral,2.270807135472719,2.4947224261243246,3.3577184004246257,2.5021946047771078
2025-05-12,0.8650749334874372,High,3.363063311151704,5.023793878345283,3.501704135348812,2.586271203016875
2025-05-13,0.7090077864684885,High,2.995699329698642,3.918719883550652,3.1772945889433193,2.518545871957477
2025-05-14,0.4962590049809673,Neutral,1.9881885920969662,2.8330193133819925,3.261662698665635,2.3125732405064157
2025-05-15,0.45046236802110995,Neutral,1.8940108269669227,2.4974340989087023,3.7922023007694894,2.123200155028673
2025-05-16,0.3826377714109005,Neutral,1.4948703377570127,2.2160270932382757,3.488270325601293,1.8946325411639091
2025-05-19,0.3425691922675776,Low,1.2306068562784729,2.073414119261393,4.051795945895813,1.803398545195864
2025-05-20,0.41102040911771853,Neutral,1.487454012551171,2.4786257638409896,3.1480058431667928,2.299465660899749
2025-05-21,0.6182144271431862,Neutral,2.631744055676876,3.400573415533131,2.684149454755185,3.519713635883324
2025-05-22,0.3246897537051384,Low,1.2966391699414574,1.8570457343361504,2.7284535289286733,3.3169985353557103
2025-05-23,0.4558182293261439,Neutral,1.681471385438284,2.7222918907853555,2.1522261155106834,3.574989169993734
2025-05-27,0.654228095566613,High,2.6784999101427562,3.6871415298497676,2.996661956577216,3.844556926951916
2025-05-28,0.34694227876694894,Low,1.682932536328429,1.7373694537890496,2.5460316663418667,4.0415678323023405
2025-05-29,0.402091800273059,Neutral,2.0378584503753507,1.9409657959330144,2.112914664283303,2.8647923257679846
2025-05-30,0.49125956603079945,Neutral,2.037762693143957,2.746688400325267,1.8475359702661494,2.7898950642241838
2025-06-02,0.530628738759563,Neutral,1.9237222730385595,3.1970795858565584,2.2842411679448156,3.2636963533606775
2025-06-03,0.4321291532789063,Neutral,1.6654867679560537,2.5215294893659146,2.6351169291056418,3.2664086121839286
2025-06-04,0.5017099711756602,Neutral,2.5802390352897864,2.390703028972158,2.2963848991996056,3.407171567453624
2025-06-05,0.32224643234921807,Low,1.4074901274530778,1.742932865298953,2.0424947423260265,2.9472573642900115
2025-06-06,0.5113740985304087,Neutral,2.392820439390913,2.633629312599519,2.0720473635435104,2.794082311576729
2025-06-09,0.3675080617198795,Neutral,1.4511270686090827,2.115647151576652,2.2896475360335327,3.04607923472347
2025-06-10,0.23243988257112297,Low,0.8523119459111397,1.392470550712114,1.4272997678274522,2.616623975769549
2025-06-11,0.2607131894828917,Low,1.0864847026518785,1.4534952781100794,1.2643752213916772,2.8176154208539255
2025-06-12,0.37750209493032466,Neutral,1.6081749745793519,2.075551186984026,1.332388359680459,2.8330188362416298
2025-06-13,0.6356922127180457,Neutral,2.2230063871528976,3.897853561621447,1.6188469857103631,3.2425591459528227
2025-06-16,0.5027645711487305,Neutral,1.895666719927663,2.968616888089241,1.7839977397860676,3.436691510090304
2025-06-17,0.44695704870040115,Neutral,1.9878729464966884,2.3878313914902267,2.0971994018910225,3.286478994055888
2025-06-18,0.3161287409572813,Low,1.2957061379230095,1.756978464291704,2.0763558930718755,3.0145185852826257
2025-06-20,0.20076978580002566,Low,0.7188696228088771,1.2010620572750257,2.103733693165645,3.1949920029614445
2025-06-23,0.3455124529053697,Low,1.5461443151835423,1.8137716681045908,2.4744531871940465,3.078931796924799
2025-06-24,0.5423580002397298,Neutral,1.8277449416865645,3.338110132033404,2.5780061180393843,3.337330569921237
2025-06-25,0.2849947607765223,Low,1.1073930159623515,1.633679499684207,2.4020943751450816,3.629040995897818
2025-06-26,0.24725806601407893,Low,0.987603880811033,1.3871812270414607,2.2680237095594835,3.9141382725786893
2025-06-27,0.4626559604433556,Neutral,1.6938631346402633,2.7211258748941707,2.2410303038615687,4.169823186667935
2025-06-30,0.34736784502806056,Low,1.4970296487355332,1.8595803434325133,2.4704047029483576,3.888031904406066
2025-07-01,0.5017780312994368,Neutral,1.7688295962841885,3.0068274942500106,2.854557675600378,3.9799063164565296
2025-07-02,0.2810768493978836,Low,0.999803111927767,1.6770014668572166,2.5997390808765584,5.024689404639719
2025-07-03,0.28335623423777134,Low,1.1857983731522552,1.5457089106210158,2.2220204929088143,4.563387677688853
2025-07-07,0.3814747905254673,Neutral,1.6633243205754402,2.026441513012483,1.9459799313788166,4.6560533515042675
2025-07-08,0.483010920903076,Neutral,1.9050928819342445,2.7294943836461387,2.3348476463429235,3.473540016108505
2025-07-09,0.3912687463543487,Neutral,2.067447427626238,1.7642407932775088,1.9281633834967211,3.5592790311600715
2025-07-10,0.2979846252666885,Low,1.3368832893350566,1.5350407168977367,1.878506320906007,3.567669516085033
2025-07-11,0.41359382335612616,Neutral,1.9445093197039993,2.0589417182389136,1.5356722864598709,3.0772887177286368
2025-07-14,0.43563149632576237,Neutral,2.2760612315415565,1.9850519743819015,1.699672286379461,2.89058367222423
2025-07-15,0.4525092525623433,Neutral,2.200698790659775,2.1936869372603685,2.388416753890192,3.5295386817145338
2025-07-16,0.3502106637811908,Neutral,1.9193092069703268,1.5236846833601498,2.1602651861156317,3.606735532314061
2025-07-17,0.23274255616873646,Low,1.129983038361371,1.1298417124350961,1.89514966061324,3.6878102150364165
2025-07-18,0.26504318582949515,Low,1.376641111977815,1.2142852047366413,1.770328882730135,3.4920933375904006
2025-07-21,0.39096824767752514,Neutral,1.9630535756121439,1.845691537457628,1.6705209969253323,3.140899733525436
2025-07-22,0.45248229677046103,Neutral,2.3034789655176713,2.1106657938123288,1.4672584689303476,2.600172854475115
2025-07-23,0.49609029957864337,Neutral,2.51004640916688,2.326509854057464,1.7016289260606494,2.715347859521982
2025-07-24,0.4187379742140297,Neutral,1.9712068867824961,2.082526592134965,1.6782645815401485,2.834953908033296
2025-07-25,0.36195438268698843,Neutral,1.775684717223655,1.7423017654557154,1.6503637690563817,2.7404734509984223
2025-07-28,0.3580352086786539,Neutral,1.6220029910936375,1.7394279454812607,1.3985004462646082,2.640185174257248
2025-07-29,0.5528997902299788,Neutral,3.0885184007481246,2.182749160078788,1.4835707384884773,2.3892185879330454
2025-07-30,0.4806905454006391,Neutral,2.3013506195734896,2.228659160896807,2.0333877402660527,2.253235701975658
2025-07-31,0.7176337974288243,High,3.3388486887349744,3.410769980193607,2.6427707522303154,2.4330888733618776
2025-08-01,1.0014423588964854,High,5.402198806177235,4.384945057692841,3.664821785231059,2.91456047838969
2025-08-04,0.9037432900406825,High,4.832020768262597,3.992446137017078,2.5499203030858637,2.3272334778564874
2025-08-05,0.28154286561459047,Low,1.5915937918832024,1.0983758085124578,2.3925914695242825,2.1838197430309045
2025-08-06,0.5639876980680435,Neutral,2.635157810415271,2.567381265767495,2.176287966195101,2.164164634004071
2025-08-07,0.4295526261571702,Neutral,2.0532828455167573,1.864595309451084,2.177250595103539,1.8045643802005038
2025-08-08,0.36526626210544394,Neutral,1.819406290358262,1.5172004836998811,2.2761658749247586,1.816818773505863
2025-08-11,0.5365558649002418,Neutral,2.542997595885299,2.349335038557953,2.324766590433113,1.617890388568398
2025-08-12,0.5032318208349182,Neutral,2.6446148475174516,1.9618065037651333,2.2256052691662402,1.872550749267838
2025-08-13,0.5132868042333406,Neutral,2.3195283340044064,2.352813826137476,1.8946738364437756,2.0103366234466318
2025-08-14,0.32659453195292926,Low,1.7620060278904368,1.230690781235292,1.8882551429273742,2.188877434638893
2025-08-15,0.48155589897333684,Neutral,2.5645502339883977,1.8457960332694654,1.68374440554691,2.112306194839221
2025-08-18,0.19391738308662831,Low,0.9789618365273641,0.7891667441307593,2.0684771410594522,2.447630264049683
2025-08-19,0.6068020001991987,Neutral,3.3157941285336348,2.2356728979811007,2.0968750002465764,2.472951763711238
2025-08-20,0.36834938089961466,Neutral,1.915785148517411,1.4469656415352123,1.6633256993676173,2.4809785089002276
2025-08-21,0.3151802910852757,Low,1.781291124625215,1.1065752397699002,1.625192787644206,2.267292982872609
2025-08-22,0.8024364532166748,High,4.249111329636555,3.082121942308475,1.8866808079698518,2.5636439031303486
2025-08-25,0.4392947543592929,Neutral,2.291894444582304,1.7190608274918622,1.6751755552962135,2.3241708742934275
2025-08-26,0.27303537581652104,Low,1.3864350620664145,1.1036834630991643,1.9939593102881843,2.7007035927901075
2025-08-27,0.26654002474089133,Low,1.3364533058500478,1.0931690271956935,2.1624323691098706,2.9782446922240107
2025-08-28,0.305296757489498,Low,1.6302906521760256,1.159977651513382,1.8339917114181652,2.7591467489781003
2025-08-29,0.6145835333137755,Neutral,3.2770154791653545,2.3396275008829597,2.7742328358069344,2.3762901777263874
2025-09-02,0.8259703779375585,High,4.225641705063599,3.3096459286107685,1.8031005512554068,2.4931308621690476
2025-09-03,0.7165800355576742,High,3.761873787002842,2.7825442645930623,2.176096108744783,2.8590446762914685
2025-09-04,0.37483414240680774,Neutral,1.9121694386391623,1.5070193949053434,1.9949995293529343,2.471541234188993
2025-09-05,0.6941076711570111,High,3.57282053915869,2.6397830870292895,2.3370822365461628,2.7582000849562975
2025-09-08,0.5021647304635939,Neutral,2.4454751220334887,2.043566911758281,2.958676757254768,2.6279585339042213
2025-09-09,0.3395307737411133,Low,1.6705951319334034,1.3652855067247283,2.8148234647503436,2.4956890810834107
2025-09-10,0.7004417293901961,High,3.2419929485211916,3.0127548652069467,2.7225188763116837,2.8868288048030246
2025-09-11,0.480009767997144,Neutral,2.294395282563298,1.9948662023629848,2.521235032026372,2.853907244550131
2025-09-12,0.46922078243247023,Neutral,2.2640368387022054,1.9235312095895352,2.7608005179141277,2.612584071315018
2025-09-15,0.5770165207803646,Neutral,3.1389583265074914,2.0259202807002445,3.127951142680556,2.4597655423867404
2025-09-16,0.23227266208469005,Low,1.2225730106513837,0.8547352878304588,3.356504795128886,2.391527764773851
2025-09-17,0.5734690297600437,Neutral,2.795695105679594,2.3234723658679366,2.931038900248718,2.1072765880040953
2025-09-18,0.7435046723035245,High,3.853097087744963,2.7937652603089704,2.79265310805134,2.1072515559107146
2025-09-19,0.6234593874731784,Neutral,3.1294062208051487,2.4398862952208047,3.139167384079674,2.345906615164101
2025-09-22,0.5863185238521593,Neutral,3.010513673593511,2.2299132488152016,3.1612420015815106,2.4993178436399233
2025-09-23,0.431610098639832,Neutral,2.1423313371225556,1.712154675598257,3.4544306227945336,2.73713378163291
2025-09-24,0.4105524551298134,Neutral,2.203415817875125,1.4701501635187453,2.8583697336961045,2.319821684548908
2025-09-25,0.42204733798897953,Neutral,2.141997296768172,1.6291192447873952,3.365484441469106,2.476803568523541
2025-09-26,0.5329680315764085,Neutral,2.913391139000961,1.8578147249103654,3.3149920283753795,2.6283775897359996
2025-09-29,0.5374917762526202,Neutral,2.6715941592754975,2.1286260858195556,3.8391018094733926,3.066392341308344
2025-09-30,0.3826152049646624,Neutral,1.8720360111310963,1.5437342219292378,3.11097871108178,2.92109635078873
2025-10-01,0.4412932817901327,Neutral,2.186546527515986,1.754249185583382,2.8634002026159897,2.821024368916964
2025-10-02,0.5003808497509552,Neutral,2.456310059916552,2.0111526638386645,3.1645118916458626,2.545970901525956
2025-10-03,0.4451232776693339,Neutral,2.247064489812615,1.72582191200159,2.8954477742232587,2.7098053139913425
2025-10-06,0.9506554765297033,High,5.0816121465501265,3.5877289827866,3.1888451035564223,3.277698415859328
2025-10-07,0.41191166431599935,Neutral,2.0882442894881232,1.6591398994656978,3.3730722176318553,3.3621736628893943
2025-10-08,0.7208017589357407,High,3.6173037703075694,2.9373056323217486,3.8827372980542036,3.9169710988557065
2025-10-09,0.5980832014980146,Neutral,3.0982342766868536,2.3480816179129658,3.503424880533451,3.418034548727593
2025-10-10,1.2166429363740785,High,6.610676261795112,4.673748039236286,4.507453137686335,4.464949728058193
2025-10-13,0.8346666661138118,High,4.226045270600662,3.4853397878856387,4.237727571389202,4.547728357882043
2025-10-14,0.5484603590239615,Neutral,2.5796004042198937,2.468287689585945,4.436995145491412,4.482462394265894
2025-10-15,0.5939444871801278,Neutral,2.7654347507389954,2.6983340757942305,4.996745199614899,4.8067950320861845
2025-10-16,0.9523278953539698,High,4.428021101369061,4.33196881235149,5.839903186554379,6.1843237737547545
2025-10-17,0.8103415795129132,High,3.6711773333095015,3.773312482191709,4.413929903245194,5.437100157022335
2025-10-20,0.918037543362525,High,4.3150116041878706,4.134092580441944,4.676643446758607,5.913378254235754
2025-10-21,1.5487293012154382,High,7.140421173652335,7.287555642203543,3.1823752270539303,4.753205421805147
2025-10-22,0.4505173733603939,Neutral,2.2047127626703484,2.006856084518432,3.6441591750989306,4.299919989927963
2025-10-23,0.36722107047092867,Neutral,1.7800793978156695,1.650872983077369,3.081860527082819,4.575523557585132
2025-10-24,0.39300073509947353,Neutral,1.999093726836361,1.6834387652511664,3.065590694854238,4.671032420448428
2025-10-27,0.8084014034126298,High,3.9606058243278586,3.5970814649216885,2.6847013362365892,3.468803829397149
2025-10-28,0.4300557791146815,Neutral,1.9567124266085707,2.0467206819180404,3.0141793225728346,4.007324192080085
2025-10-29,0.5591020755406475,Neutral,3.061372569649861,2.2023548054035893,2.9192498339043875,4.09012811372356
2025-10-30,0.7568331404445534,High,3.8949144195442886,3.201975363956994,2.962608481325549,4.738344754560131
2025-10-31,0.43019898351010144,Neutral,2.1610022949282994,1.8669758411167854,3.0526162666547387,4.695713956708195
2025-11-03,0.3574000506832491,Neutral,1.7781514601382016,1.566249719312227,2.391135745649598,4.8341566259446065
2025-11-04,0.6327796785798737,Neutral,3.100310473605029,2.8155165155522974,2.4198511076103024,4.536218931011491
2025-11-05,0.6008689735484833,Neutral,2.816128473858109,2.7867954330603246,2.2948793429707544,4.659302907248359
2025-11-06,0.5418325889042105,Neutral,2.9476330507520627,2.1513225910819607,2.3285359477698977,4.465160340046764
2025-11-07,0.4418648251934877,Neutral,2.340267378820824,1.8106927808016122,1.728017590030455,4.260248166126944
2025-11-10,0.7012085630212148,High,3.153360514923793,3.3035588013415853,1.1159115791747622,4.484027108809783
2025-11-11,0.7136568120487801,High,3.4510838522642286,3.126459072061497,1.4210600989539781,4.613595106751902
2025-11-12,0.6489548207525404,Neutral,2.8800047174705914,3.075986713944532,1.8972390871238665,4.926878009557665
2025-11-13,0.6880181277210009,High,3.8105429933097024,2.5779075040389547,2.2849134683141887,4.682865879406508
2025-11-14,0.5293704129836484,Neutral,2.3849772411183063,2.4769739916387126,1.9814919002813232,4.203179262686107
2025-11-17,0.5074361189066691,Neutral,2.3000319702258203,2.3490024183206435,3.092179856630005,4.094722182068985
2025-11-18,0.4526689860518607,Neutral,2.038828766653022,2.1003202081713366,2.0189004621135163,4.343627544909222
2025-11-19,0.23777795647033562,Low,1.049482305789922,1.1224654985469027,1.6259534748786602,4.19117214530062
2025-11-20,0.6488470052831994,Neutral,3.174571282750868,2.784993494835753,2.6349110014780637,4.523670481620053
2025-11-21,0.5496315679816532,Neutral,2.8272553152569153,2.2284476387487264,2.6199270809439192,4.200613746086013
2025-11-24,0.7343005995446972,High,3.581228898503569,3.1519022925123332,2.0616788764400753,4.065295287631523
2025-11-25,0.5814999361113062,Neutral,2.88229325222146,2.454752796949695,2.4196704520754677,3.5674827712326276
2025-11-26,0.4512276174289512,Neutral,2.0161115805509375,2.101408698451415,2.8161336213789743,3.4670893588744343
2025-11-28,0.35779986326510993,Neutral,1.4686775172894027,1.7478705763693891,2.3713856522488777,3.6863549307595314
2025-12-01,0.5760167646260537,Neutral,3.183385414441805,2.06443254376607,2.0930791897919017,3.3081524799752584
2025-12-02,0.38115104257869037,Neutral,1.5253981650121187,1.8977495480946402,1.801961942811003,3.2386031573973133
2025-12-03,0.5038841638946508,Neutral,2.0812040290238873,2.4497066079776366,2.4650014430306886,3.631142363197076
2025-12-04,0.46132267959675644,Neutral,2.359084279548835,1.8276386267996896,1.871571203725119,3.200833328828948
2025-12-05,0.2145089785470821,Low,1.0233216980248117,0.9171977940130284,1.9699185071506968,3.266002199941814
2025-12-08,0.4217561124828647,Neutral,1.940379594266831,1.8485691779245523,1.6519112273892496,3.6809312870342854
2025-12-09,0.29256364067406565,Low,1.3410750132798412,1.2867743430975318,1.427991238501465,3.4797621867741073
2025-12-10,0.5030089089006181,Neutral,2.3449108132676604,2.1769055065139256,2.274002537965531,3.5577440064018426
2025-12-11,0.789147737302017,High,3.654082353621018,3.4376420278019957,2.0541916026075477,3.738043982044913
2025-12-12,0.7736810845662268,High,3.9124365173563245,3.071597791892973,2.2827606357853245,3.245842737779468
2025-12-15,0.23340609774308912,Low,0.9113640697490405,1.1700840493623241,2.3326420419156957,3.273079713252786
2025-12-16,0.5403892348507221,Neutral,2.8503198441271893,2.03894206503321,2.793166627617256,2.869211660642299
2025-12-17,0.4994020388589612,Neutral,2.310006009341796,2.177670120245304,3.2288135458127494,2.8446000734892194
2025-12-18,0.46723097326840546,Neutral,2.3671260396153833,1.850992657729746,2.9164615739661297,2.9091660339389738
2025-12-19,0.4189113988564648,Neutral,1.7901844393520259,1.9602017777416127,3.882414299804902,2.670385937723581
2025-12-22,0.7043540825008483,High,3.0633547535412613,3.1458997736906675,3.8184581605340573,2.8929977821894814
2025-12-23,0.3921033810603215,Neutral,1.7428277050392595,1.7160843514601194,3.3997058623436844,2.795907597349869
2025-12-24,0.3804799222906412,Neutral,1.8513255739386525,1.5149284998028418,3.215824447426679,2.772979676796661
2025-12-26,0.2875467973202177,Low,1.2642732517883641,1.2714480626717726,2.8787297064931185,2.8705378990218047
2025-12-29,0.9435321492878321,High,3.4214164329047976,4.854249004960893,1.7020266369789279,2.6152245323634924
2025-12-30,0.1995872329008077,Low,1.0296381313676364,0.7397952916509751,1.8074299790897235,2.476259268992987
2025-12-31,0.3882457339498008,Neutral,2.0277329520271374,1.415777319257679,1.6659459904049359,2.2336096621917387
2026-01-02,0.9038509488136963,High,3.6860105617081556,4.2893003168418025,2.11676994717091,2.7269264674723677
2026-01-05,0.726477472516421,High,2.992210176566688,3.419686315089512,2.264356290141797,2.6334576534981613
2026-01-06,0.517572512189683,Neutral,2.051968035497619,2.5116044524328105,2.6543020930122188,3.046213114200858
2026-01-07,0.5880836340419311,Neutral,2.6320726035001125,2.570264039259916,2.0278148564681078,2.9993536320339005
2026-01-08,0.5051867513924599,Neutral,2.480215700370633,2.0012261982728,2.311938578545139,2.7199332429474428
2026-01-09,0.48851304363087333,Neutral,2.4465106940228574,1.8897526263794342,2.0909529044417017,2.846828238315482
2026-01-12,0.5578548585225638,Neutral,2.499740767939746,2.4353525204847006,1.9014557781855397,2.859694608096274
2026-01-13,0.4513682878573082,Neutral,2.0536472033215785,1.941169391952981,2.204123908324203,3.038022816096525
2026-01-14,0.5479060603105693,Neutral,2.6639552266625115,2.194969414239937,2.642589907164258,3.103069289563318
2026-01-15,0.5041966327408035,Neutral,2.25957125891741,2.200847070986175,3.1774671165526054,3.317611664491117
2026-01-16,0.4898791377881145,Neutral,2.5919122568076176,1.7643369841605732,3.6217712586652318,3.222639922179502
2026-01-20,1.3924258848590352,High,7.026348714933099,5.602583746227789,4.23927793330206,3.8131009560995675
2026-01-21,0.6671808108965598,High,3.1060998657649384,2.9229258409450396,4.438580094565364,3.788171326571793
2026-01-22,0.5548707333970879,Neutral,2.5112749521467466,2.49674254534818,4.176914139788908,3.6634095693557334
2026-01-23,0.5741091690919666,Neutral,2.5400113834905027,2.6366902350945924,3.771008562259763,3.775060608844867
2026-01-26,1.0703434303370116,High,5.993884317119038,3.904375114315559,3.887708944767282,4.004647555689197
2026-01-27,0.8316296665585181,High,3.7607281183011043,3.8328875375882006,4.08794850685796,4.129681800073759
2026-01-28,0.9882162210668405,High,4.101355792455754,4.801674007531071,6.226834593284623,4.391673834305571
2026-01-29,0.42599237712195714,Neutral,1.8654784159516054,1.9803618068630053,5.932379698914539,4.574925488194463
2026-01-30,2.1388377629470554,High,9.076958663856983,10.455328913646538,3.868862993209868,3.308690628505068
2026-02-02,1.0120496889688444,High,4.366160088634832,4.910021940113585,2.6689725412083507,3.519278162940793
2026-02-03,1.113962140161612,High,4.074029592105323,6.1172190227249,3.0682326647137126,3.440323028600708
2026-02-04,0.6776116402851899,High,3.093304589642698,3.1611978651372286,2.571742191414756,3.644839965193974
2026-02-05,1.024913321260738,High,5.202100056817063,4.492165000502818,3.020858708158183,3.201035361282556
2026-02-06,0.998504107624899,High,4.66682656101109,4.780762791892905,3.6576556198547503,3.8044555304610217
2026-02-09,0.7565671310158582,High,3.6691346490152137,3.4706220927459803,3.424241880610668,3.877973145694806
2026-02-10,0.6032600815555059,Neutral,3.4065931742559066,2.332328263435641,3.1302424338316466,3.4083853389882997
2026-02-11,0.6335289307395999,Neutral,2.9205507114398532,2.9913943828191525,3.734406502351058,4.003637539886803
2026-02-12,0.9961801415146843,High,4.895765645835431,4.528034650001462,3.6656525308279666,3.9093460137086167
2026-02-13,0.5016714726825647,Neutral,2.2045680583712497,2.51540837080106,3.3932264724677847,4.311509963422103
2026-02-17,0.5347474575089552,Neutral,1.8643014627195262,3.118844734624837,2.9309694775461472,4.365788821641344
2026-02-18,0.40752836139746207,Neutral,1.617837609402404,2.1992819174129217,2.616235403876788,4.291856215807308
2026-02-19,0.4216601506061489,Neutral,2.161919724121626,1.8358247781980395,2.111195299915738,4.395720378218706
2026-02-20,0.36688663004886,Neutral,1.5579279892443856,1.888551586546271,2.3285608189052915,4.410253211702613
2026-02-23,0.7887769339301081,High,3.880781911035514,3.5814233094326045,3.0638137521098328,4.192178827752199
2026-02-24,0.37004829386480265,Neutral,1.7254773208229874,1.7659447117045681,3.2672071816682924,4.140341598901229
2026-02-25,0.4600805259472034,Neutral,2.369297907448249,1.9937363726269566,3.3570318401222963,3.7446736087373154
2026-02-26,0.47918334139548835,Neutral,2.4806869555206332,2.064790160921899,4.164223819986491,3.3973490553570143
2026-02-27,0.6024113273724085,Neutral,2.753939749698496,2.924397508062941,3.7571940432189512,3.305226812982239
2026-03-02,0.6741036533268276,High,3.6660259224477807,2.7458733953588905,3.4819279983874796,3.3450106087932596
2026-03-03,0.865670116229469,High,3.314656141378948,4.796703637616975,3.399791456721005,2.751351477051966
2026-03-04,0.436674162825274,Neutral,2.1585879530839,1.9797978925889983,2.339160232525902,2.8468403339620427
2026-03-05,0.8348944206572728,High,4.0949142729081975,3.814337259432827,2.5579111461270982,2.837291312331792
2026-03-06,0.8523786143325527,High,4.121810383549575,3.947421824773176,2.6759277965310475,3.060984621539469
2026-03-09,0.7132366337156232,High,3.4458698290802374,3.3058462653578466,3.0891358475733046,2.913683974082918
2026-03-10,0.669082572407967,High,3.6703740884380265,2.7054187767838402,2.689969839842023,2.65175100451309
2026-03-11,0.5337161919478541,Neutral,2.9909058926747587,2.1010209860797904,2.7118575575410993,2.804664420574768
2026-03-12,0.757654948431325,High,3.8167935413665806,3.3704146951408958,3.6833813292047863,3.3401726423673836
2026-03-13,0.49504635722068474,Neutral,2.3019823176179317,2.3756583109807923,3.0644720375223873,3.263897600703434
2026-03-16,0.521223832021017,Neutral,2.711311780202539,2.2413009381360336,2.9430140286263518,3.0556176932660373
2026-03-17,0.2561612450263149,Low,1.2626241695078104,1.1646805026322535,2.9038179558273716,3.01415084718011
2026-03-18,0.7425838865093287,High,3.2414307662231363,3.7548409803546856,3.24465484614653,3.6206044410338842
2026-03-19,0.8302051929033987,High,3.2303048683184135,4.59880363148577,3.8259754806745585,4.360108311053485
2026-03-20,0.9442629738820882,High,5.010178827142656,4.067975468655365,4.990769147797034,5.211389094690332
2026-03-23,0.7588574081115076,High,3.5853269352982906,3.6668936528126586,5.362606922548983,5.381174797727959
2026-03-24,0.538819285783735,Neutral,2.3878325105064047,2.7459855476743575,5.313167329973222,5.713283661814856
2026-03-25,0.5170147852094154,Neutral,2.226252615380463,2.6934175200150916,4.558281926903858,5.334711889247135
2026-03-26,0.8254214844761596,High,3.8037816154764754,4.075117864944771,5.7569074284049195,5.160685638269398
2026-03-27,0.7472289173502038,High,3.2104848211326,3.899099282573227,5.54187566229712,5.108290596785946
2026-03-30,0.7417016265770363,High,3.8230327142326312,3.296627505180802,5.442900267042969,4.624415626710833
2026-03-31,0.9505128609475895,High,4.456787137780851,4.694280084907147,3.649663577696453,3.342667121727005
2026-04-01,0.4377828183946303,Neutral,1.9667597237192995,2.240716658931481,3.675164437371736,3.401087886968069
2026-04-02,0.3924701378745856,Neutral,1.5469260495640884,2.2067335221269873,3.916579825516236,3.772917300043546
2026-04-06,0.3334868072928675,Low,1.7234061381665444,1.5007736083997858,4.7522329751797985,3.6125349443952297
2026-04-07,0.32038064599477345,Low,1.3676285779058495,1.6813805303527747,3.989080488649569,3.899260453288931
2026-04-08,0.8915967254353989,High,3.984325347991579,4.459325947946631,4.253573060113357,3.4287508227079697
2026-04-09,0.2982483235930039,Low,1.2510479113896562,1.561315407069196,4.162946908175342,3.547920642058003
2026-04-10,0.44881753274212377,Neutral,1.921470137302088,2.272310743204733,4.662980683279034,3.6401867161944503
2026-04-13,0.41323422844259017,Neutral,1.9089830720578653,1.9184564333247953,4.098135001774076,3.5711347887045726
2026-04-14,0.5523583439967605,Neutral,2.420644750658063,2.6351364400917783,3.5047540610962593,2.953056357262956
2026-04-15,0.6958964462029207,High,3.0412341155364713,3.2628011247153275,3.3401298738179754,2.632321407460526
2026-04-16,0.24112364996688918,Low,1.1773111011812778,1.0021515591084549,2.9837366411850748,2.7620591379946164
2026-04-17,0.6400114344645396,Neutral,2.7271164603430957,3.0734045363251083,3.2808370294057783,2.497239681896252
2026-04-20,0.35864326063405794,Neutral,1.4681033642411359,1.7846917016928996,3.537884281347089,3.198474699706254
2026-04-21,0.5203820500538567,Neutral,1.846813950606141,2.88402010087873,3.1934382833398467,4.124044326516342
2026-04-22,0.406915695263462,Neutral,1.869676588784532,1.8129368480028631,3.4350966426564478,4.189263104787513
2026-04-23,0.5495521567933552,Neutral,2.072752137034591,2.9184688235525234,3.198560832274743,4.759934301044365
2026-04-24,0.6197233269554281,Neutral,2.89789892185614,2.7086598694776534,4.520604537904951,5.2060631460396225
2026-04-27,0.38547062657379993,Neutral,1.7426066888169491,1.7470465669012478,4.497064097565301,4.893751885983697
2026-04-28,0.6106855601304708,Neutral,2.717663111337488,2.812543168736451,4.602363400287185,3.624070276119098
2026-04-29,0.5776276650928851,Neutral,2.4474876483570434,2.7881813075985584,4.283547742881679,3.5659933461544844
2026-04-30,0.6098435275803002,Neutral,2.541776482023281,2.987555483094379,4.075291376041998,4.00012854862371
2026-05-01,0.9740001603043472,High,5.143304992926575,3.7748428459719534,4.3618005039369745,4.635114608249258
2026-05-04,0.5346671468044418,Neutral,2.1537548346903823,2.75115891421117,4.536751028888244,4.550999665558999
2026-05-05,0.5070910146053914,Neutral,2.1120011201047935,2.538963283139571,4.7564688688366,4.773686470876568
2026-05-06,0.7395491242622378,High,3.2034618764383045,3.524040907804114,4.0836858226266495,4.713797205484519
2026-05-07,0.7037249074497147,High,3.1642139124260384,3.2375465586022725,3.8295463900842983,4.449350589013892
2026-05-08,0.8045428533410147,High,3.638387755983558,3.6805355488129856,4.387978324765454,4.5602379636474515
2026-05-11,0.5397157429252815,Neutral,2.381895506337494,2.5278244312892633,4.748400264060502,4.464503713127457
2026-05-12,0.5865539018237937,Neutral,2.8851160671601184,2.451047564197148,4.2011003409442225,4.148981465182914
2026-05-13,0.39939982417278597,Neutral,1.736302947570034,1.8969500740461245,4.297457922346042,4.339362706970201
2026-05-14,0.3326868887835859,Low,1.4755298658219516,1.550885988492527,3.9577949975736355,4.218669091726738
2026-05-15,0.7449324734683956,High,3.327301785890981,3.449295244468755,4.215146952683038,4.332224535625403
2026-05-18,0.5094375553289656,Neutral,2.3913001432356715,2.243158577115461,3.8289105520825477,4.150866820862917
2026-05-19,0.4119101426288385,Neutral,1.6271506798840654,2.1197055491753742,3.6231293196154954,4.471219763231155
2026-05-20,0.6561638739373553,High,2.7258313677661126,3.2429928924827323,3.502468536092717,4.335504119589218
2026-05-21,0.4459137126346052,Neutral,2.0614730076117036,1.9950574031214257,3.2431863705997204,4.475748349210564
2026-05-22,0.4201079425007905,Neutral,1.7573871143030857,2.064158648493591,3.2320335315494586,4.962880801221186
2026-05-26,0.8317471476408395,High,3.556451517360613,4.0096979526539736,3.91065198417941,5.51066328306699
2026-05-27,0.40325733825071375,Neutral,1.7119736305034179,1.956319984603669,3.9228703122969644,5.327083374128499
2026-05-28,0.34710536082350685,Low,1.6523093249472114,1.5054080588122656,3.078523538034667,5.1235441472097865
2026-05-29,0.3745753981058497,Neutral,1.6841354812584688,1.7233634825465685,3.088622620776157,4.976892447192676
2026-06-01,0.40430819763336545,Neutral,1.7735223833528782,1.9044005041200442,3.2454618032370934,4.988508626294679
2026-06-02,0.9350766053824169,High,3.492349967879495,5.013135930914018,4.39057102817643,5.932892208109336
2026-06-03,0.613590618699482,Neutral,2.436792389093473,3.1446248483882475,4.325522892276472,5.833559186574026
2026-06-04,0.7960063387634042,High,3.601927163752376,3.6393421278981974,3.9452663736152345,5.433537035033256
2026-06-05,1.7197211353388124,High,9.028186868833114,7.0852821193968305,4.829652173123465,5.328078880598148
2026-06-08,0.821625607686956,High,3.2825754169524837,4.3885031493955005,4.675208722639546,5.476978470574246
2026-06-09,0.5141218354339852,Neutral,2.3893071748920915,2.4196858758942303,4.6440705292405156,5.214247508834624
2026-06-10,0.7851255395340306,High,3.3870338543122847,3.949916386216448,5.224635136484199,5.429031756472472
2026-06-11,0.8987098366368106,High,3.283739435392926,5.1556532571456,5.472801006333153,5.523961893553286
2026-06-12,0.40345905686840117,Neutral,1.8800505584120568,1.9150478407715377,5.614585508600559,5.229666159953814
2026-06-15,0.6658028989167057,High,2.720447728029075,3.5363470674716506,5.399098144167006,5.270996229971668
2026-06-16,0.8046223343633836,High,3.4670333980055985,4.097122762248287,5.042617638397862,4.535149245313845
2026-06-17,0.7525954552760947,High,3.0306651331140477,4.041051994992131,5.508975920469296,4.705382912712193
2026-06-18,0.7004347986924797,High,2.827700066764618,3.754004164403878,5.416112679994371,4.834700470621141
2026-06-22,0.8186667805687073,High,3.246053925310876,4.445700507725097,6.034788878032091,5.361462503155496
2026-06-23,0.8941637241201081,High,3.4739535766627343,4.939053866509254,5.126884367067578,4.875515097815206
2026-06-24,0.8354394289016651,High,4.2676097460372935,3.6062956781789173,5.379381397939141,4.988602473309071
2026-06-25,0.7126468034565477,High,2.5326601754140263,4.169389686276943,5.815796987132738,5.693072451578432
2026-06-26,0.9099674002913434,High,3.8054874581659015,4.775744345835949,5.066775904750877,4.881674044787805
2026-06-29,0.6250814611599353,Neutral,2.9704606077575897,2.9277224895513627,5.082470587417601,5.050706885550366
2026-06-30,0.6030411629928263,Neutral,3.1557041859162265,2.537358161751419,4.809692087907422,5.165218873730636
2026-07-01,0.8706959785435537,High,3.499535920990989,4.716048975560112,3.5799793640038895,4.390622903697183
2026-07-02,0.8988801188542486,High,3.612902900882742,4.893608657756648,3.929002182559773,4.0202890946792085
2026-07-06,0.45615243106764447,Neutral,2.3507999439462166,1.9677654095123593,2.8739542146387764,3.5631594344813795
2026-07-07,0.6610645346571424,High,2.7020273586663373,3.554082530885331,2.721077886644995,3.446306440496491
2026-07-08,0.5209787470163754,Neutral,2.3081616992371936,2.6228371280363034,2.336861732657663,3.469881591790155
2026-07-09,0.36818787012978094,Neutral,1.5442598623637827,1.940291921201444,1.8605231707919543,3.378094996854712
2026-07-10,0.3248179074295065,Low,1.6486255894386612,1.4264592696701313,2.14273485431458,3.580393769304306
2026-07-13,0.6654611113867835,High,2.792084017738074,3.505882746318319,2.7742244906886393,3.9969977992183012
2026-07-14,0.4202274409486783,Neutral,2.129389562669315,1.8489351983442401,2.2454148782029564,3.7619722011283754
2026-07-15,0.5643079111442965,Neutral,2.252467235735371,3.0877811308903365,3.63698855581087,3.516277636604662
2026-07-16,0.5045165168711296,Neutral,1.8266976975320848,2.9470768364763082,3.76531136145668,3.662510263148113
2026-07-17,0.608888160111201,Neutral,3.872213732188387,1.8948945060796825,3.92583391575943,3.2910351841082552
2026-07-20,0.34604764297867474,Low,1.7445077165153264,1.5315202457685146,4.530940664256563,3.475067682220227
2026-07-21,0.5692661997721964,Neutral,2.3483978418195544,3.039035627541932,4.105781508652146,2.9642856267557893
2026-07-22,0.4612217721545022,Neutral,2.272515770856652,2.093682226239318,3.183383083736072,3.2031638378637486
2026-07-23,0.631693228240575,Neutral,2.5400894889135808,3.437914756304927,3.2954840203760876,3.677076541681288
2026-07-24,0.5742724637563474,Neutral,2.325989302979466,3.1086737912197635,4.691188804629298,3.547018043699522
2026-07-27,0.3920442409569158,Neutral,1.7966207663313802,1.9142352776561553,3.712432763778852,3.4486892316690936
2026-07-28,0.7000300039015672,High,2.88986396425347,3.7351017496467764,4.978057837762221,3.8485393346636014
2026-07-29,1.129870716072173,High,6.051127932772558,4.827749116769907,5.785903354985061,4.210827754717744
2026-07-30,0.8208091960966319,High,3.7813695900285427,4.108642334211868,3.669248980612615,3.518084667606256
2026-07-31,1.3352104842851427,High,9.001751036292974,4.047766206330213,3.6750969786219163,3.555596490196217
2026-08-03,1.0260701123723948,High,5.7736937415377385,4.315209617694849,4.098723191608286,4.002205244929222
2026-08-04,0.9669370921630838,High,4.35673887070482,5.031307057400087,2.6622157240115762,3.673339283111784
2026-08-05,0.8428377161963665,High,4.237925419140706,3.9603865339711675,2.7011671272088327,4.007480007892241
2026-08-06,0.4988131703725083,Neutral,2.2229413506278886,2.6192180009134396,3.2245643443908323,4.016439757318676
2026-08-07,0.493166679017771,Neutral,2.5543201807244484,2.245296534871452,2.7112614245269104,3.3124072680653582
2026-08-10,0.5217526235562494,Neutral,2.3470636035245542,2.718530726530193,2.836964761237276,3.3600540346598335
2026-08-11,0.4598532211563402,Neutral,2.2847917117319843,2.1872728583677623,2.6385807473205656,3.2434458026727606
2026-08-12,0.2812505027074753,Low,1.136697942019313,1.5894866158148306,2.408413339391585,3.0054472825193326
2026-08-13,0.506648869322412,Neutral,2.3512308862341342,2.5702056184682425,2.2948997113009,2.783151540360899
2026-08-14,0.3253714843387466,Low,1.6657071526371445,1.5002142705765895,2.972000540218494,2.6120436537124245
2026-08-17,0.4934145194040429,Neutral,2.5070179466869957,2.2933387963981247,2.958343041524614,2.516487892377252
2026-08-18,0.48149215187000893,Neutral,1.9163692343782974,2.7497548995684826,2.213747003549563,2.7637678487792594
2026-08-19,1.0126858950548603,High,5.307779016131661,4.646712912710669,2.5153202688444933,2.3731626411446824
2026-08-20,0.637132970527249,Neutral,3.5921309141735156,2.684052507715948,3.109925806516185,2.7337359489939463
2026-08-21,0.5311576461672765,Neutral,2.6382365405935073,2.5752653506172174,3.454381150993105,2.6127812241809063
2026-08-24,0.3701120109042914,Neutral,1.7221244965861582,1.9045423179946186,3.242130144549845,2.9129893117504957
2026-08-25,0.3775043246120455,Neutral,2.1682563595161186,1.5525118673810492,3.46903946470576,2.7512186178674165
2026-08-26,0.3042368181608638,Low,1.4324977408406752,1.5495575870326237,3.724632060290078,2.9195501721236115
2026-08-27,0.3316811014656267,Low,1.548385788233642,1.7019701432287968,2.860182558106334,2.8992369207108495
2026-08-28,0.6209961746227249,Neutral,2.865215660759064,3.2185468855283266,2.2511677641923202,3.554176215975359
2026-08-31,0.3513471868105194,Neutral,1.8828742217965506,1.57297208241918,2.629605040575745,2.961474202375982
2026-09-01,0.4622619353203971,Neutral,1.8901135421338087,2.6257929679095233,2.9375479605313743,3.0798073427586696
2026-09-02,0.3216340629024451,Low,1.4520122551616195,1.697283157861887,2.7670985385836024,3.4017045284386467
2026-09-03,0.5615100980057137,Neutral,2.6443177074243565,2.8594914336830155,2.291921098273406,3.336621913665858
2026-09-04,1.0684890250012122,High,5.918510337705608,4.674842487279422,2.6926272562115585,3.883702180856165
2026-09-08,0.6629475776941688,High,3.3411997044776696,3.2099517787274525,3.3658505996814228,4.334029534090871
2026-09-09,0.35629465741788935,Neutral,1.7839162046244483,1.736169518397531,3.6905685931078995,3.9606081010930847
2026-09-10,0.576823954028788,Neutral,3.086746489711232,2.625027383189771,4.210727231824903,4.582059044206448
2026-09-11,0.488558114361537,Neutral,2.6519408719819775,2.188256379682423,4.502511579880145,4.483837066855051
2026-09-14,0.7095591135918251,High,2.8835129728151796,4.083191591918604,4.577390014824553,4.662740423435074
2026-09-15,0.40610497260127343,Neutral,1.8860989872495668,2.11652157708724,4.82629277548986,4.698628855611197
2026-09-16,0.5605114504447866,Neutral,2.9917274733692367,2.55801559767695,4.7359250933192385,5.1024243312047375
2026-09-17,0.5582413645187876,Neutral,3.0192837482554866,2.5105635172592184,4.177908421061928,4.853207422009744
2026-09-18,0.36225867106931975,Neutral,1.6765336871707734,1.8935467627909999,4.014537715949402,4.927753886302152
2026-09-21,0.7839185648058433,High,4.007889247338477,3.7423882796566237,3.950362725371557,4.9560258270726
2026-09-22,0.37300812543513945,Neutral,1.7181651458938905,1.957323778131336,4.342996945335319,4.59403804473353
2026-09-23,0.6418966935995281,Neutral,3.6242545685115437,2.7441900957107266,4.792591511699237,4.695859852852309
2026-09-24,0.49566989842986964,Neutral,2.6137523916518273,2.2919065933181297,4.1793511738871105,4.443673859664187
2026-09-25,0.36843588296847374,Neutral,1.9797291458280268,1.6690918433689996,3.9223184851231054,4.039185504530807
