Date,QQQ,SP500,VIX,US10Y,USDJPY,GOLD,TLT,DOW,NASDAQ,SPY
2005-01-03,33.738792419433594,1202.0799560546875,14.079999923706055,4.21999979019165,102.73999786376953,43.02000045776367,45.05892562866211,10729.4296875,2152.14990234375,81.60597229003906
2005-01-04,33.123809814453125,1188.050048828125,13.979999542236328,4.2829999923706055,104.33999633789062,42.7400016784668,44.58671951293945,10630.7802734375,2107.860107421875,80.60879516601562
2005-01-05,32.91880416870117,1183.739990234375,14.09000015258789,4.2769999504089355,103.93000030517578,42.66999816894531,44.825321197509766,10597.830078125,2091.239990234375,80.05256652832031
2005-01-06,32.75651931762695,1187.8900146484375,13.579999923706055,4.271999835968018,104.88999938964844,42.150001525878906,44.85582733154297,10622.8798828125,2090.0,80.45960235595703
2005-01-07,32.9273567199707,1186.18994140625,13.489999771118164,4.284999847412109,104.88999938964844,41.84000015258789,44.957393646240234,10603.9599609375,2088.610107421875,80.3442611694336
2005-01-10,32.9102783203125,1190.25,13.229999542236328,4.2779998779296875,104.16999816894531,41.95000076293945,45.02849197387695,10621.0302734375,2097.0400390625,80.72415161132812
2005-01-11,32.67964553833008,1182.989990234375,13.1899995803833,4.24399995803833,103.41999816894531,42.209999084472656,45.29252624511719,10556.2197265625,2079.6201171875,80.1678695678711
2005-01-12,32.9529914855957,1187.699951171875,12.5600004196167,4.236000061035156,102.44000244140625,42.599998474121094,45.35344314575195,10617.7802734375,2092.530029296875,80.43242645263672
2005-01-13,32.517372131347656,1177.449951171875,12.84000015258789,4.186999797821045,102.45999908447266,42.599998474121094,45.79011917114258,10505.830078125,2070.56005859375,79.78801727294922
2005-01-14,32.82487106323242,1184.52001953125,12.430000305175781,4.216000080108643,101.9800033569336,42.31999969482422,45.785037994384766,10558.0,2087.909912109375,80.20854949951172
2005-01-19,32.525909423828125,1184.6300048828125,13.180000305175781,4.186999797821045,102.91000366210938,42.2599983215332,46.06941223144531,10539.9697265625,2073.590087890625,80.19505310058594
2005-01-20,31.90237045288086,1175.4100341796875,13.829999923706055,4.164999961853027,103.37000274658203,42.25,46.16080856323242,10471.4697265625,2045.8800048828125,79.70655822753906
2005-01-21,31.646150588989258,1167.8699951171875,14.359999656677246,4.142000198364258,102.61000061035156,42.7400016784668,46.21156692504883,10392.990234375,2034.27001953125,79.21817016601562
2005-01-24,31.20197105407715,1163.75,14.649999618530273,4.122000217437744,102.58000183105469,42.77000045776367,46.40959167480469,10368.6103515625,2008.699951171875,79.06216430664062
2005-01-25,31.355731964111328,1168.4100341796875,14.0600004196167,4.189000129699707,104.0199966430664,42.2400016784668,45.972904205322266,10461.5595703125,2019.949951171875,79.2860336303711
2005-01-26,31.73155975341797,1174.0699462890625,13.4399995803833,4.191999912261963,103.06999969482422,42.689998626708984,46.059207916259766,10498.58984375,2046.0899658203125,79.5234375
2005-01-27,31.688840866088867,1174.550048828125,13.239999771118164,4.206999778747559,102.8499984741211,42.619998931884766,45.972904205322266,10467.400390625,2047.1500244140625,79.65911865234375
2005-01-28,31.53508186340332,1171.3599853515625,13.239999771118164,4.138000011444092,102.7300033569336,42.689998626708984,46.4349479675293,10427.2001953125,2035.8299560546875,79.65911865234375
2005-01-31,31.94511604309082,1181.27001953125,12.819999694824219,4.132999897003174,103.5999984741211,42.220001220703125,46.566978454589844,10489.9404296875,2062.409912109375,80.1543197631836
2005-02-01,32.04758071899414,1189.4100341796875,12.029999732971191,4.136000156402588,103.63999938964844,42.099998474121094,46.493080139160156,10551.9404296875,2068.699951171875,80.6630859375
2005-02-02,32.098838806152344,1193.18994140625,11.65999984741211,4.139999866485596,103.66000366210938,42.15999984741211,46.60010528564453,10596.7900390625,2075.06005859375,80.90728759765625
2005-02-03,31.73155975341797,1189.8900146484375,11.789999961853027,4.163000106811523,104.45999908447266,41.68000030517578,46.574623107910156,10593.099609375,2057.639892578125,80.697021484375
2005-02-04,32.24403762817383,1203.030029296875,11.210000038146973,4.072999954223633,104.04000091552734,41.470001220703125,47.22195816040039,10716.1298828125,2086.659912109375,81.55850219726562
2005-02-07,32.17570114135742,1201.719970703125,11.729999542236328,4.052000045776367,104.81999969482422,41.27000045776367,47.5735969543457,10715.759765625,2082.030029296875,81.44998931884766
2005-02-08,32.23549270629883,1202.300048828125,11.600000381469727,4.0370001792907715,105.70999908447266,41.2599983215332,47.8437385559082,10724.6298828125,2086.679931640625,81.54490661621094
2005-02-09,31.697383880615234,1191.989990234375,12.0,3.9769999980926514,105.58999633789062,41.310001373291016,47.971153259277344,10664.1103515625,2052.550048828125,80.93439483642578
2005-02-10,31.73155975341797,1197.010009765625,11.510000228881836,4.072999954223633,105.81999969482422,41.75,47.3238639831543,10749.6103515625,2053.10009765625,81.22610473632812
2005-02-11,32.20134353637695,1205.300048828125,11.430000305175781,4.09499979019165,105.75,42.08000183105469,47.29328536987305,10796.009765625,2076.659912109375,81.9248275756836
2005-02-14,32.34653091430664,1206.1400146484375,11.520000457763672,4.072999954223633,105.0999984741211,42.54999923706055,47.441104888916016,10791.1298828125,2082.909912109375,81.86376953125
2005-02-15,32.56005859375,1210.1199951171875,11.270000457763672,4.0980000495910645,104.55000305175781,42.58000183105469,47.20153045654297,10837.3203125,2089.2099609375,82.16900634765625
2005-02-16,32.44049835205078,1210.3399658203125,11.100000381469727,4.1579999923706055,105.4800033569336,42.52000045776367,47.023136138916016,10834.8798828125,2087.429931640625,82.22329711914062
2005-02-17,32.0048828125,1200.75,11.770000457763672,4.184999942779541,105.4800033569336,42.72999954223633,46.727561950683594,10754.259765625,2061.340087890625,81.55850219726562
2005-02-18,31.90237045288086,1201.5899658203125,11.180000305175781,4.260000228881836,105.62999725341797,42.75,46.30959701538086,10785.2197265625,2058.6201171875,81.66703796386719
2005-02-23,31.552165985107422,1190.800048828125,12.390000343322754,4.26800012588501,105.05000305175781,43.41999816894531,46.258644104003906,10673.7900390625,2031.25,81.02937316894531
2005-02-24,31.953609466552734,1200.199951171875,11.569999694824219,4.281000137329102,105.5,43.33000183105469,46.156654357910156,10748.7900390625,2051.699951171875,81.5652847290039
2005-02-25,32.132999420166016,1211.3699951171875,11.489999771118164,4.271999835968018,105.23999786376953,43.5,46.380977630615234,10841.599609375,2065.39990234375,82.37252807617188
2005-02-28,31.79134178161621,1203.5999755859375,12.079999923706055,4.359000205993652,104.52999877929688,43.529998779296875,45.8814582824707,10766.23046875,2051.719970703125,81.82981872558594
2005-03-01,32.141536712646484,1210.4100341796875,12.039999961853027,4.372000217437744,104.44999694824219,43.220001220703125,45.867156982421875,10830.0,2071.25,82.23684692382812
2005-03-02,32.12446975708008,1210.0799560546875,12.5,4.379000186920166,104.7699966430664,43.25,45.80581283569336,10811.9697265625,2067.5,82.19617462158203
2005-03-03,31.859676361083984,1210.469970703125,12.930000305175781,4.382999897003174,105.29000091552734,42.970001220703125,45.78025436401367,10833.0302734375,2058.39990234375,82.23006439208984
2005-03-04,32.04758071899414,1222.1199951171875,11.9399995803833,4.309999942779541,104.79000091552734,43.380001068115234,46.27622604370117,10940.5498046875,2070.610107421875,83.25437927246094
2005-03-07,32.50882339477539,1225.31005859375,12.260000228881836,4.303999900817871,105.08999633789062,43.470001220703125,46.460235595703125,10936.8603515625,2090.2099609375,83.29508972167969
2005-03-08,32.184268951416016,1219.4300537109375,12.399999618530273,4.375,104.56999969482422,44.029998779296875,46.02050018310547,10912.6201171875,2073.550048828125,82.9830551147461
2005-03-09,32.090293884277344,1207.010009765625,12.699999809265137,4.513999938964844,104.01000213623047,44.02000045776367,45.268943786621094,10805.6201171875,2061.2900390625,82.06048583984375
2005-03-10,32.04758071899414,1209.25,12.489999771118164,4.459000110626221,103.93000030517578,44.20000076293945,45.54507064819336,10851.509765625,2059.719970703125,82.24365234375
2005-03-11,31.748615264892578,1200.0799560546875,12.800000190734863,4.534999847412109,104.08000183105469,44.43000030517578,45.21272659301758,10774.3603515625,2041.5999755859375,81.66703796386719
2005-03-14,31.893856048583984,1206.8299560546875,12.390000343322754,4.515999794006348,104.93000030517578,44.029998779296875,45.48371505737305,10804.509765625,2051.0400390625,82.17583465576172
2005-03-15,31.637577056884766,1197.75,13.149999618530273,4.541999816894531,104.54000091552734,44.060001373291016,45.19739532470703,10745.099609375,2034.97998046875,81.4974594116211
2005-03-16,31.278844833374023,1188.0699462890625,13.489999771118164,4.51800012588501,104.19000244140625,44.310001373291016,45.47349166870117,10633.0703125,2015.75,80.80554962158203
2005-03-17,31.355731964111328,1190.2099609375,13.289999961853027,4.46999979019165,104.52999877929688,43.81999969482422,45.62174987792969,10626.349609375,2016.4200439453125,80.96832275390625
2005-03-18,31.18489646911621,1189.6500244140625,13.140000343322754,4.511000156402588,104.70999908447266,43.88999938964844,45.335418701171875,10629.669921875,2007.7900390625,80.72795867919922
2005-03-21,31.244678497314453,1183.780029296875,13.609999656677246,4.525000095367432,105.20999908447266,43.09000015258789,45.20760726928711,10565.3896484375,2007.510009765625,80.42827606201172
2005-03-22,30.860313415527344,1171.7099609375,14.270000457763672,4.610000133514404,105.5999984741211,42.650001525878906,44.824119567871094,10470.509765625,1989.3399658203125,79.6111068725586
2005-03-23,30.971342086791992,1172.530029296875,14.0600004196167,4.60699987411499,105.91000366210938,42.41999816894531,45.03888702392578,10456.01953125,1990.219970703125,79.6791763305664
2005-03-24,30.979909896850586,1171.4200439453125,13.420000076293945,4.591000080108643,106.41999816894531,42.38999938964844,45.130916595458984,10442.8701171875,1991.06005859375,79.77448272705078
2005-03-29,30.79198455810547,1165.3599853515625,14.489999771118164,4.591000080108643,107.33000183105469,42.560001373291016,45.120697021484375,10405.7001953125,1973.8800048828125,79.35907745361328
2005-03-30,31.3728084564209,1181.4100341796875,13.640000343322754,4.558000087738037,107.52999877929688,42.61000061035156,45.34563446044922,10540.9296875,2005.6700439453125,80.48274230957031
2005-03-31,31.236146926879883,1180.5899658203125,14.020000457763672,4.495999813079834,107.13999938964844,42.81999969482422,45.672855377197266,10503.759765625,1999.22998046875,80.33291625976562
2005-04-01,30.92011260986328,1172.9200439453125,14.09000015258789,4.451000213623047,107.66000366210938,42.619998931884766,45.826820373535156,10404.2998046875,1984.81005859375,79.97198486328125
2005-04-04,31.142175674438477,1176.1199951171875,14.109999656677246,4.455999851226807,108.27999877929688,42.400001525878906,45.81655502319336,10421.1396484375,1991.0699462890625,80.10820007324219
2005-04-05,31.227603912353516,1181.3900146484375,13.680000305175781,4.46999979019165,108.2699966430664,42.45000076293945,45.698524475097656,10458.4599609375,1999.3199462890625,80.48954772949219
2005-04-06,31.176347732543945,1184.0699462890625,13.149999618530273,4.435999870300293,108.68000030517578,42.630001068115234,45.85762023925781,10486.01953125,1999.1400146484375,80.76878356933594
2005-04-07,31.552165985107422,1191.1400146484375,12.329999923706055,4.4720001220703125,108.58999633789062,42.56999969482422,45.48810958862305,10546.3203125,2018.7900390625,81.20465087890625
2005-04-08,31.295934677124023,1181.199951171875,12.619999885559082,4.491000175476074,108.16000366210938,42.689998626708984,45.647239685058594,10461.33984375,1999.3499755859375,80.36013793945312
2005-04-11,31.159271240234375,1181.2099609375,11.979999542236328,4.445000171661377,107.7300033569336,42.779998779296875,45.8935432434082,10448.5595703125,1992.1199951171875,80.42145538330078
2005-04-12,31.313018798828125,1187.760009765625,11.300000190734863,4.360000133514404,107.80000305175781,42.84000015258789,46.3194694519043,10507.9697265625,2005.4000244140625,80.83689880371094
2005-04-13,30.80052947998047,1173.7900390625,13.3100004196167,4.374000072479248,107.31999969482422,42.900001525878906,46.206581115722656,10403.9296875,1974.3699951171875,79.88350677490234
2005-04-14,30.364919662475586,1162.050048828125,14.529999732971191,4.357999801635742,108.30000305175781,42.310001373291016,46.13475036621094,10278.75,1946.7099609375,78.84149932861328
2005-04-15,29.67306137084961,1142.6199951171875,17.739999771118164,4.270999908447266,107.70999908447266,42.400001525878906,46.745418548583984,10087.509765625,1908.1500244140625,77.73827362060547
2005-04-18,29.68159294128418,1145.97998046875,16.559999465942383,4.249000072479248,107.43000030517578,42.689998626708984,46.70949172973633,10071.25,1912.9200439453125,77.97663879394531
2005-04-19,29.8865909576416,1152.780029296875,14.960000038146973,4.203000068664551,106.86000061035156,43.279998779296875,47.16106033325195,10127.41015625,1932.3599853515625,78.5963134765625
2005-04-20,29.638898849487305,1137.5,16.920000076293945,4.210999965667725,106.8499984741211,43.400001525878906,47.04304504394531,10012.3603515625,1913.760009765625,77.49992370605469
2005-04-21,30.424707412719727,1159.949951171875,14.40999984741211,4.300000190734863,106.7699966430664,43.189998626708984,46.55038833618164,10218.599609375,1962.4100341796875,79.00496673583984
2005-04-22,29.97199821472168,1152.1199951171875,15.380000114440918,4.255000114440918,105.94999694824219,43.38999938964844,46.9404296875,10157.7099609375,1932.18994140625,78.7052993774414
2005-04-25,30.21971893310547,1162.0999755859375,14.619999885559082,4.250999927520752,105.70999908447266,43.439998626708984,47.0789680480957,10242.4697265625,1950.780029296875,79.222900390625
2005-04-26,29.937837600708008,1151.8299560546875,14.90999984741211,4.267000198364258,106.12000274658203,43.63999938964844,47.007118225097656,10151.1298828125,1927.43994140625,78.45333862304688
2005-04-27,29.980541229248047,1156.3800048828125,14.869999885559082,4.236999988555908,105.93000030517578,43.20000076293945,47.17134475708008,10198.7998046875,1930.4300537109375,78.7597885131836
2005-04-28,29.68159294128418,1143.219970703125,16.860000610351562,4.172999858856201,106.04000091552734,43.0,47.52029800415039,10070.3701171875,1904.1800537109375,77.77234649658203
2005-04-29,29.878053665161133,1156.8499755859375,15.3100004196167,4.201000213623047,104.6500015258789,43.349998474121094,47.438194274902344,10192.509765625,1921.6500244140625,78.82792663574219
2005-05-02,29.99763298034668,1162.1600341796875,15.119999885559082,4.193999767303467,105.0999984741211,42.880001068115234,47.42790603637695,10251.7001953125,1928.6500244140625,79.27055358886719
2005-05-03,30.151369094848633,1161.1700439453125,14.529999732971191,4.185999870300293,104.87000274658203,42.7599983215332,47.55665969848633,10256.9501953125,1933.0699462890625,79.40674591064453
2005-05-04,30.518661499023438,1175.6500244140625,13.850000381469727,4.185999870300293,104.5199966430664,42.900001525878906,47.13947677612305,10384.6396484375,1962.22998046875,80.01964569091797
2005-05-05,30.54429817199707,1172.6300048828125,13.979999542236328,4.1620001792907715,104.51000213623047,42.90999984741211,47.247642517089844,10340.3798828125,1961.800048828125,79.99243927001953
2005-05-06,30.62969207763672,1171.3499755859375,14.050000190734863,4.265999794006348,105.06999969482422,42.52000045776367,46.89742660522461,10345.400390625,1967.3499755859375,79.7404556274414
2005-05-09,30.774904251098633,1178.8399658203125,13.75,4.2779998779296875,105.70999908447266,42.54999923706055,46.94377517700195,10384.33984375,1979.6700439453125,80.23759460449219
2005-05-10,30.55282974243164,1166.219970703125,14.90999984741211,4.2220001220703125,105.45999908447266,42.63999938964844,47.27855682373047,10281.1103515625,1962.77001953125,79.40674591064453
2005-05-11,30.706579208374023,1171.1099853515625,14.449999809265137,4.202000141143799,105.75,42.689998626708984,47.42275619506836,10300.25,1971.550048828125,79.84260559082031
2005-05-12,30.621150970458984,1159.3599853515625,16.1200008392334,4.184000015258789,106.81999969482422,42.15999984741211,47.60816192626953,10189.48046875,1963.8800048828125,78.964111328125
2005-05-13,30.954275131225586,1154.050048828125,16.31999969482422,4.120999813079834,107.30999755859375,41.95000076293945,47.79358673095703,10140.1201171875,1976.780029296875,78.80744934082031
2005-05-16,31.159271240234375,1165.68994140625,15.680000305175781,4.125,106.8499984741211,41.880001068115234,47.73690414428711,10252.2900390625,1994.4300537109375,79.5429916381836
2005-05-17,31.34718894958496,1173.800048828125,14.569999694824219,4.117000102996826,107.43000030517578,41.86000061035156,47.87080764770508,10331.8798828125,2004.1500244140625,80.07415771484375
2005-05-18,31.774246215820312,1185.56005859375,13.630000114440918,4.067999839782715,107.01000213623047,42.04999923706055,48.190093994140625,10464.4501953125,2030.6500244140625,80.89818572998047
2005-05-19,32.0390625,1191.0799560546875,13.319999694824219,4.107999801635742,107.5999984741211,41.97999954223633,48.066532135009766,10493.1904296875,2042.5799560546875,81.23869323730469
2005-05-20,32.16715621948242,1189.280029296875,13.140000343322754,4.125,108.1500015258789,41.650001525878906,48.12319564819336,10471.91015625,2046.4200439453125,81.12291717529297
2005-05-23,32.329444885253906,1193.8599853515625,12.949999809265137,4.072000026702881,107.76000213623047,41.619998931884766,48.499141693115234,10523.5595703125,2056.64990234375,81.57240295410156
2005-05-24,32.431968688964844,1194.0699462890625,12.6899995803833,4.0370001792907715,107.58999633789062,41.72999954223633,48.633033752441406,10503.6796875,2061.6201171875,81.38169860839844
2005-05-25,32.295291900634766,1190.010009765625,12.579999923706055,4.072000026702881,107.68000030517578,41.869998931884766,48.293113708496094,10457.7998046875,2050.1201171875,81.32039642333984
2005-05-26,32.619869232177734,1197.6199951171875,12.239999771118164,4.080999851226807,108.02999877929688,41.689998626708984,48.27766036987305,10537.599609375,2071.239990234375,81.75626373291016
2005-05-27,32.63695526123047,1198.780029296875,12.149999618530273,4.072999954223633,107.9800033569336,41.880001068115234,48.32917022705078,10542.5498046875,2075.72998046875,81.89244079589844
2005-06-01,32.79069519042969,1202.219970703125,12.359999656677246,3.9070000648498535,108.66000366210938,41.529998779296875,49.52570724487305,10549.8701171875,2087.860107421875,82.0627212524414
2005-06-02,33.02128982543945,1204.2900390625,11.84000015258789,3.890000104904175,108.20999908447266,42.099998474121094,49.644569396972656,10553.490234375,2097.800048828125,82.23979949951172
2005-06-03,32.542999267578125,1196.02001953125,12.149999618530273,3.9790000915527344,107.63999938964844,42.16999816894531,49.23624038696289,10460.9697265625,2071.429931640625,81.82437133789062
2005-06-06,32.55154037475586,1197.510009765625,12.279999732971191,3.9619998931884766,106.87000274658203,42.47999954223633,49.49470138549805,10467.0302734375,2075.760009765625,81.74946594238281
2005-06-07,32.27821350097656,1197.260009765625,12.390000343322754,3.9110000133514404,106.62999725341797,42.380001068115234,49.887542724609375,10483.0703125,2067.159912109375,81.81072998046875
2005-06-08,32.20987319946289,1194.6700439453125,12.699999809265137,3.940000057220459,107.22000122070312,42.34000015258789,49.649757385253906,10476.8603515625,2060.179931640625,81.66094970703125
2005-06-09,32.41487503051758,1200.9300537109375,12.079999923706055,3.9649999141693115,107.4800033569336,42.27000045776367,49.60837173461914,10503.01953125,2076.909912109375,82.04913330078125
2005-06-10,32.073211669921875,1198.1099853515625,11.960000038146973,4.046999931335449,108.6500015258789,42.619998931884766,49.05015182495117,10512.6298828125,2063.0,81.85843658447266
2005-06-13,32.2269401550293,1200.8199462890625,11.649999618530273,4.085999965667725,109.44999694824219,42.779998779296875,48.75547409057617,10522.5595703125,2068.9599609375,82.11722564697266
2005-06-14,32.098838806152344,1203.9100341796875,11.789999961853027,4.126999855041504,109.4000015258789,42.599998474121094,48.435001373291016,10547.5703125,2069.0400390625,82.3078842163086
2005-06-15,32.20134353637695,1206.5799560546875,11.460000038146973,4.114999771118164,109.16999816894531,42.7400016784668,48.52290344238281,10566.3701171875,2074.919921875,82.46455383300781
2005-06-16,32.37217330932617,1210.9599609375,11.149999618530273,4.076000213623047,108.95999908447266,43.459999084472656,48.76583480834961,10578.650390625,2089.14990234375,82.67567443847656
2005-06-17,32.37643051147461,1216.9599609375,11.479999542236328,4.078000068664551,108.52999877929688,43.630001068115234,48.760704040527344,10623.0703125,2090.110107421875,82.98197937011719
2005-06-20,32.37643051147461,1216.0999755859375,11.470000267028809,4.103000164031982,109.3499984741211,43.65999984741211,48.67794418334961,10609.1103515625,2088.1298828125,83.00934600830078
2005-06-21,32.35932922363281,1213.6099853515625,11.079999923706055,4.048999786376953,108.41000366210938,43.810001373291016,49.03463363647461,10599.669921875,2091.070068359375,83.05721282958984
2005-06-22,32.32514190673828,1213.8800048828125,11.050000190734863,3.944999933242798,108.76000213623047,43.720001220703125,49.629066467285156,10587.9296875,2092.030029296875,83.12555694580078
2005-06-23,31.966054916381836,1200.72998046875,12.130000114440918,3.9590001106262207,108.91999816894531,44.02000045776367,49.577392578125,10421.4404296875,2070.659912109375,81.95633697509766
2005-06-24,31.606977462768555,1191.5699462890625,12.180000305175781,3.9140000343322754,108.97000122070312,43.900001525878906,49.825538635253906,10297.83984375,2053.27001953125,81.35459899902344
2005-06-27,31.46164321899414,1190.68994140625,12.520000457763672,3.9019999504089355,109.27999877929688,43.90999984741211,49.95991516113281,10290.7802734375,2045.199951171875,81.47084045410156
2005-06-28,31.76089096069336,1201.5699462890625,11.579999923706055,3.9760000705718994,109.7699966430664,43.45000076293945,49.61872863769531,10405.6298828125,2069.889892578125,82.15460968017578
2005-06-29,31.692493438720703,1199.8499755859375,11.770000457763672,3.990000009536743,110.44000244140625,43.630001068115234,49.54120635986328,10374.48046875,2068.889892578125,81.93578338623047
2005-06-30,31.444543838500977,1191.3299560546875,12.039999961853027,3.944999933242798,110.86000061035156,43.439998626708984,49.985721588134766,10274.9697265625,2056.9599609375,81.49136352539062
2005-07-01,31.401805877685547,1194.43994140625,11.399999618530273,4.048999786376953,111.73999786376953,42.70000076293945,49.379905700683594,10303.4404296875,2057.3701171875,81.73069763183594
2005-07-06,31.572790145874023,1194.93994140625,12.270000457763672,4.074999809265137,112.25,42.25,49.182838439941406,10270.6796875,2068.64990234375,81.69647216796875
2005-07-07,31.683940887451172,1197.8699951171875,12.489999771118164,4.031000137329102,112.0,42.36000061035156,49.28654861450195,10302.2900390625,2075.659912109375,82.01787567138672
2005-07-08,32.29094696044922,1211.8599853515625,11.449999809265137,4.109000205993652,112.26000213623047,42.2599983215332,49.08424758911133,10449.1396484375,2112.8798828125,82.9546127319336
2005-07-11,32.590152740478516,1219.43994140625,11.279999732971191,4.1020002365112305,111.69999694824219,42.540000915527344,49.08424758911133,10519.7197265625,2135.429931640625,83.3785400390625
2005-07-12,32.74406051635742,1222.2099609375,10.949999809265137,4.140999794006348,110.95999908447266,42.63999938964844,48.80936813354492,10513.8896484375,2143.14990234375,83.59734344482422
2005-07-13,32.821006774902344,1223.2900390625,10.84000015258789,4.163000106811523,112.01000213623047,42.349998474121094,48.73673629760742,10557.3896484375,2144.110107421875,83.71358489990234
2005-07-14,33.145877838134766,1226.5,10.8100004196167,4.179999828338623,112.27999877929688,41.900001525878906,48.6123046875,10628.8896484375,2152.820068359375,84.04183197021484
2005-07-15,33.24846267700195,1227.9200439453125,10.329999923706055,4.175000190734863,112.20999908447266,42.04999923706055,48.7419319152832,10640.830078125,2156.780029296875,83.99398040771484
2005-07-18,33.11168670654297,1221.1300048828125,10.770000457763672,4.2230000495910645,111.88999938964844,42.0099983215332,48.37884521484375,10574.990234375,2144.8701171875,83.65892028808594
2005-07-19,33.49641418457031,1229.3499755859375,10.449999809265137,4.189000129699707,112.9000015258789,41.88999938964844,48.55000305175781,10646.5595703125,2173.179931640625,84.11701965332031
2005-07-20,33.73577880859375,1235.199951171875,10.229999542236328,4.177000045776367,112.7300033569336,42.20000076293945,48.81454849243164,10689.150390625,2188.570068359375,84.40421295166016
2005-07-21,33.74433898925781,1227.0400390625,10.970000267028809,4.2820000648498535,110.43000030517578,42.459999084472656,48.150638580322266,10627.76953125,2178.60009765625,83.91187286376953
2005-07-22,33.70158004760742,1233.6800537109375,10.520000457763672,4.2230000495910645,111.30000305175781,42.45000076293945,48.5240592956543,10651.1796875,2179.739990234375,84.47257232666016
2005-07-25,33.573333740234375,1229.030029296875,11.100000381469727,4.247000217437744,111.63999938964844,42.5099983215332,48.34770202636719,10596.48046875,2166.739990234375,84.23326110839844
2005-07-26,33.70158004760742,1231.1600341796875,10.989999771118164,4.238999843597412,112.51000213623047,42.25,48.42551803588867,10579.76953125,2175.989990234375,84.3358383178711
2005-07-27,33.95806121826172,1236.7900390625,10.359999656677246,4.261000156402588,112.44999694824219,42.439998626708984,48.34770202636719,10637.08984375,2186.219970703125,84.6435317993164
2005-07-28,34.12049865722656,1243.719970703125,10.520000457763672,4.196000099182129,112.2699966430664,42.75,48.778202056884766,10705.5498046875,2198.43994140625,85.17686462402344
2005-07-29,33.8383674621582,1234.1800537109375,11.569999694824219,4.285999774932861,112.44000244140625,42.81999969482422,48.29588317871094,10640.91015625,2184.830078125,84.60932159423828
2005-08-01,33.8982048034668,1235.3499755859375,12.079999923706055,4.318999767303467,112.22000122070312,43.130001068115234,48.11625289916992,10623.150390625,2195.3798828125,84.54780578613281
2005-08-02,34.26585388183594,1244.1199951171875,11.75,4.335999965667725,111.38999938964844,43.13999938964844,47.960052490234375,10683.740234375,2218.14990234375,85.05379486083984
2005-08-03,34.248748779296875,1245.0400390625,11.829999923706055,4.300000190734863,111.0999984741211,43.529998779296875,48.19430160522461,10697.58984375,2216.81005859375,85.27942657470703
2005-08-04,33.91529846191406,1235.8599853515625,12.520000457763672,4.318999767303467,111.2300033569336,43.68000030517578,48.09540557861328,10610.099609375,2191.320068359375,84.59567260742188
2005-08-05,33.75288772583008,1226.4200439453125,12.479999542236328,4.392000198364258,111.80000305175781,43.599998474121094,47.72057342529297,10558.0302734375,2177.909912109375,84.02130126953125
2005-08-08,33.50494384765625,1223.1300048828125,13.210000038146973,4.419000148773193,112.08000183105469,43.349998474121094,47.632049560546875,10536.9296875,2164.389892578125,83.86402893066406
2005-08-09,33.72721862792969,1231.3800048828125,12.399999618530273,4.394000053405762,111.77999877929688,43.34000015258789,47.80908203125,10615.669921875,2174.18994140625,84.37004089355469
2005-08-10,33.43655776977539,1229.1300048828125,12.380000114440918,4.4039998054504395,110.6500015258789,43.650001525878906,47.75698471069336,10594.41015625,2157.81005859375,84.32901000976562
2005-08-11,33.71012496948242,1237.81005859375,12.420000076293945,4.334000110626221,109.69999694824219,44.45000076293945,48.090232849121094,10685.8896484375,2174.550048828125,84.66403198242188
2005-08-12,33.52206039428711,1230.3900146484375,12.739999771118164,4.23799991607666,109.33999633789062,44.4900016784668,48.57957458496094,10600.3095703125,2156.89990234375,84.14437866210938
2005-08-15,33.72721862792969,1233.8699951171875,12.260000228881836,4.269999980926514,109.33000183105469,44.130001068115234,48.45464324951172,10634.3798828125,2167.0400390625,84.66403198242188
2005-08-16,33.18006134033203,1219.3399658203125,13.520000457763672,4.2270002365112305,109.5999984741211,44.54999923706055,48.79303741455078,10513.4501953125,2137.06005859375,83.56317138671875
2005-08-17,33.37670135498047,1220.239990234375,13.300000190734863,4.2729997634887695,109.8499984741211,43.90999984741211,48.47024917602539,10550.7099609375,2145.14990234375,83.55632019042969
2005-08-18,33.20573806762695,1219.02001953125,13.420000076293945,4.216000080108643,110.45999908447266,43.83000183105469,48.8294677734375,10554.9296875,2136.080078125,83.54949951171875
2005-08-19,33.188629150390625,1219.7099609375,13.420000076293945,4.210999965667725,110.44000244140625,43.599998474121094,48.82427978515625,10559.23046875,2135.56005859375,83.74095916748047
2005-08-22,33.20573806762695,1221.72998046875,13.420000076293945,4.218999862670898,109.69000244140625,43.70000076293945,48.772212982177734,10569.8896484375,2141.409912109375,83.74095916748047
2005-08-23,33.11168670654297,1217.5899658203125,13.34000015258789,4.186999797821045,109.86000061035156,43.7599983215332,48.9960823059082,10519.580078125,2137.25,83.58369445800781
2005-08-24,32.9150505065918,1209.5899658203125,14.170000076293945,4.178999900817871,110.2300033569336,43.59000015258789,49.04296112060547,10434.8701171875,2128.909912109375,82.83837890625
2005-08-25,32.991981506347656,1212.3699951171875,13.729999542236328,4.159999847412109,110.06999969482422,43.72999954223633,49.19916534423828,10450.6298828125,2134.3701171875,83.13922119140625
2005-08-26,32.8808479309082,1205.0999755859375,13.720000267028809,4.189000129699707,110.16000366210938,43.61000061035156,49.183528900146484,10397.2900390625,2120.77001953125,82.57170867919922
2005-08-29,33.13731384277344,1212.280029296875,13.520000457763672,4.172999858856201,110.66999816894531,43.56999969482422,49.2459716796875,10463.0498046875,2137.64990234375,83.2076187133789
2005-08-30,33.01762771606445,1208.4100341796875,13.649999618530273,4.090000152587891,111.3499984741211,43.0099983215332,49.558353424072266,10412.8203125,2129.760009765625,82.77000427246094
2005-08-31,33.32539749145508,1220.3299560546875,12.600000381469727,4.019999980926514,110.6500015258789,43.400001525878906,49.97484588623047,10481.599609375,2152.090087890625,83.81615447998047
2005-09-01,33.27410125732422,1221.5899658203125,13.149999618530273,4.019000053405762,109.88999938964844,44.220001220703125,49.67395782470703,10459.6298828125,2147.89990234375,83.75462341308594
2005-09-02,33.145877838134766,1218.02001953125,13.569999694824219,4.0289998054504395,109.80000305175781,44.25,49.715736389160156,10447.3701171875,2141.070068359375,83.60420989990234
2005-09-07,33.69303894042969,1236.3599853515625,12.520000457763672,4.138000011444092,110.02999877929688,44.33000183105469,48.90068435668945,10633.5,2172.030029296875,84.7255630493164
2005-09-08,33.684471130371094,1231.6700439453125,12.930000305175781,4.138999938964844,110.51000213623047,44.599998474121094,48.95297622680664,10595.9296875,2166.030029296875,84.44522857666016
2005-09-09,33.87257766723633,1241.47998046875,11.979999542236328,4.123000144958496,109.62000274658203,44.84000015258789,49.10970687866211,10678.5595703125,2175.510009765625,85.1973876953125
2005-09-12,33.96659851074219,1240.56005859375,11.649999618530273,4.169000148773193,110.25,44.88999938964844,48.77006912231445,10682.9404296875,2182.830078125,85.02642822265625
2005-09-13,33.8811149597168,1231.199951171875,12.390000343322754,4.133999824523926,110.70999908447266,44.560001373291016,49.02610778808594,10597.4404296875,2171.75,84.55464172363281
2005-09-14,33.49641418457031,1227.1600341796875,12.90999984741211,4.168000221252441,110.47000122070312,44.959999084472656,48.83803176879883,10544.900390625,2149.330078125,84.24694061279297
2005-09-15,33.47929763793945,1227.72998046875,12.489999771118164,4.214000225067139,110.5999984741211,45.41999816894531,48.43577194213867,10558.75,2146.14990234375,84.2059326171875
2005-09-16,33.684471130371094,1237.9100341796875,11.220000267028809,4.26200008392334,111.31999969482422,45.81999969482422,48.1170539855957,10641.9404296875,2160.35009765625,84.8047103881836
2005-09-19,33.41945266723633,1231.02001953125,12.140000343322754,4.247000217437744,111.47000122070312,46.25,48.221553802490234,10557.6298828125,2145.260009765625,84.5231704711914
2005-09-20,33.28268814086914,1221.3399658203125,12.640000343322754,4.243000030517578,111.95999908447266,46.22999954223633,48.34693145751953,10481.51953125,2131.330078125,83.80902099609375
2005-09-21,32.9150505065918,1210.199951171875,13.789999961853027,4.188000202178955,,47.060001373291016,48.79623031616211,10378.0302734375,2106.639892578125,83.02620697021484
2005-09-22,33.03474426269531,1214.6199951171875,13.329999923706055,4.176000118255615,111.62999725341797,46.36000061035156,48.74917221069336,10422.0498046875,2110.780029296875,83.32144927978516
2005-09-23,33.12879180908203,1215.2900390625,12.960000038146973,4.248000144958496,112.4800033569336,46.279998779296875,48.38351821899414,10419.58984375,2116.840087890625,83.39014434814453
2005-09-26,33.13731384277344,1215.6300048828125,13.039999961853027,4.294000148773193,112.31999969482422,46.56999969482422,48.164066314697266,10443.6298828125,2121.4599609375,83.48629760742188
2005-09-27,33.06037139892578,1215.6600341796875,12.760000228881836,4.301000118255615,113.25,46.25,48.23197937011719,10456.2099609375,2116.419921875,83.4656753540039
2005-09-28,33.06893539428711,1216.8900146484375,12.630000114440918,4.26200008392334,112.91000366210938,46.79999923706055,48.55592346191406,10473.08984375,2115.39990234375,83.5480728149414
2005-09-29,33.513492584228516,1227.6800537109375,12.239999771118164,4.289000034332275,113.19999694824219,47.099998474121094,48.33646011352539,10552.7802734375,2141.219970703125,84.22789001464844
2005-09-30,33.73577880859375,1228.81005859375,11.920000076293945,4.328000068664551,113.45999908447266,46.70000076293945,48.169288635253906,10568.7001953125,2151.68994140625,84.48883819580078
2005-10-03,33.8212776184082,1226.699951171875,12.460000038146973,4.386000156402588,114.25,46.41999816894531,47.792720794677734,10535.48046875,2155.429931640625,84.18668365478516
2005-10-04,33.59897994995117,1214.469970703125,13.199999809265137,4.375999927520752,114.3499984741211,46.45000076293945,47.950077056884766,10441.1103515625,2139.360107421875,83.23906707763672
2005-10-05,33.13731384277344,1196.3900146484375,14.550000190734863,4.361000061035156,114.0999984741211,46.36000061035156,48.159847259521484,10317.3603515625,2103.02001953125,82.14724731445312
2005-10-06,32.70130920410156,1191.489990234375,14.960000038146973,4.366000175476074,113.33999633789062,47.209999084472656,47.97629928588867,10287.099609375,2084.080078125,81.85195922851562
2005-10-07,32.778236389160156,1195.9000244140625,14.59000015258789,4.361000061035156,113.77999877929688,47.36000061035156,48.17033767700195,10292.3095703125,2090.35009765625,82.13353729248047
2005-10-10,32.59872055053711,1187.3299560546875,15.550000190734863,,114.22000122070312,47.369998931884766,48.138877868652344,10238.759765625,2078.919921875,81.43998718261719
2005-10-11,32.43627166748047,1184.8699951171875,15.630000114440918,4.383999824523926,114.55000305175781,47.38999938964844,48.03922653198242,10253.169921875,2061.090087890625,81.3232650756836
2005-10-12,32.05155563354492,1177.6800537109375,16.219999313354492,4.440999984741211,114.37000274658203,46.849998474121094,47.57245635986328,10216.91015625,2037.469970703125,80.68463897705078
2005-10-13,32.29950714111328,1176.8399658203125,16.469999313354492,4.474999904632568,114.4800033569336,47.02000045776367,47.39934539794922,10216.58984375,2047.219970703125,80.63655853271484
2005-10-14,32.53887176513672,1186.5699462890625,14.869999885559082,4.491000175476074,114.05000305175781,46.79999923706055,47.32593536376953,10287.33984375,2064.830078125,81.488037109375
2005-10-17,32.641448974609375,1190.0999755859375,14.670000076293945,4.488999843597412,115.0999984741211,47.2599983215332,47.31541442871094,10348.099609375,2070.300048828125,81.7901611328125
2005-10-18,32.41063690185547,1178.1400146484375,15.329999923706055,4.480999946594238,115.79000091552734,47.0,47.36787414550781,10285.259765625,2056.0,80.90437316894531
2005-10-19,33.06037139892578,1195.760009765625,13.5,4.4629998207092285,115.5199966430664,46.34000015258789,47.38884735107422,10414.1298828125,2091.239990234375,82.250244140625
2005-10-20,32.75260543823242,1177.800048828125,16.110000610351562,4.459000110626221,115.30999755859375,45.97999954223633,47.51474380493164,10281.099609375,2068.110107421875,80.80140686035156
2005-10-21,32.957794189453125,1179.5899658203125,16.1299991607666,4.389999866485596,115.9000015258789,46.52000045776367,47.95530700683594,10215.2197265625,2082.2099609375,81.11726379394531
2005-10-24,33.47929763793945,1199.3800048828125,14.739999771118164,4.446000099182129,115.47000122070312,46.38999938964844,47.582916259765625,10385.0,2115.830078125,82.37384796142578
2005-10-25,33.35105895996094,1196.5400390625,14.529999732971191,4.507999897003174,115.11000061035156,47.060001373291016,47.17380142211914,10377.8701171875,2109.449951171875,82.20905303955078
2005-10-26,33.18006134033203,1191.3800048828125,14.59000015258789,4.591000080108643,115.91000366210938,46.93000030517578,46.82764434814453,10344.98046875,2100.050048828125,81.9687271118164
2005-10-27,32.513206481933594,1178.9000244140625,16.020000457763672,4.558000087738037,115.36000061035156,47.18000030517578,46.995445251464844,10229.9501953125,2063.81005859375,81.09662628173828
2005-10-28,32.761165618896484,1198.4100341796875,14.25,4.566999912261963,115.56999969482422,47.220001220703125,47.0007209777832,10402.76953125,2089.8798828125,82.26399993896484
2005-10-31,33.23139190673828,1207.010009765625,15.319999694824219,4.559000015258789,116.44000244140625,46.400001525878906,47.08986282348633,10440.0703125,2120.300048828125,82.49059295654297
2005-11-01,33.20573806762695,1202.760009765625,14.850000381469727,4.577000141143799,116.76000213623047,45.72999954223633,47.035614013671875,10406.76953125,2114.050048828125,82.73776245117188
2005-11-02,33.6417350769043,1214.760009765625,13.479999542236328,4.610000133514404,116.80000305175781,46.130001068115234,46.81432342529297,10472.73046875,2144.31005859375,83.6030044555664
2005-11-03,34.146148681640625,1219.93994140625,13.0,4.644000053405762,117.22000122070312,45.959999084472656,46.498268127441406,10522.58984375,2160.219970703125,83.96007537841797
2005-11-04,34.26585388183594,1220.1400146484375,13.170000076293945,4.6570000648498535,118.30999755859375,45.5099983215332,46.42451858520508,10530.759765625,2169.429931640625,83.85021209716797
2005-11-07,34.3085823059082,1222.81005859375,13.100000381469727,4.638999938964844,117.62000274658203,45.77000045776367,46.582542419433594,10586.23046875,2178.239990234375,83.9326171875
2005-11-08,34.317142486572266,1218.5899658203125,13.079999923706055,4.565000057220459,117.4000015258789,45.90999984741211,47.035614013671875,10539.7197265625,2172.070068359375,83.9326171875
2005-11-09,34.3342399597168,1220.6500244140625,12.800000190734863,4.635000228881836,117.73999786376953,46.560001373291016,46.550933837890625,10546.2099609375,2175.81005859375,84.04248046875
2005-11-10,34.710418701171875,1230.9599609375,11.899999618530273,4.564000129699707,117.95999908447266,46.47999954223633,47.11991882324219,10640.099609375,2196.679931640625,84.69483947753906
2005-11-11,34.80445098876953,1234.719970703125,11.630000114440918,,118.04000091552734,46.79999923706055,47.146263122558594,10686.0400390625,2202.469970703125,84.98328399658203
2005-11-14,34.80445098876953,1233.760009765625,12.180000305175781,4.604000091552734,118.79000091552734,46.619998931884766,46.793235778808594,10697.169921875,2200.949951171875,84.93517303466797
2005-11-15,34.64201736450195,1229.010009765625,12.229999542236328,4.557000160217285,118.8499984741211,46.65999984741211,47.09883499145508,10686.4404296875,2186.739990234375,84.62615203857422
2005-11-16,34.85574722290039,1231.2099609375,12.260000228881836,4.484000205993652,119.0999984741211,47.779998779296875,47.59407043457031,10674.759765625,2187.929931640625,84.79784393310547
2005-11-17,35.31742858886719,1242.800048828125,11.25,4.459000110626221,118.80999755859375,48.47999954223633,47.709957122802734,10720.2197265625,2220.4599609375,85.58753204345703
2005-11-18,35.43708419799805,1248.27001953125,11.119999885559082,4.501999855041504,119.08999633789062,48.459999084472656,47.48867416381836,10766.330078125,2227.070068359375,85.92398071289062
2005-11-21,35.5225944519043,1254.8499755859375,10.819999694824219,4.460999965667725,119.08000183105469,48.9900016784668,47.63092041015625,10820.2802734375,2241.669921875,86.35662078857422
2005-11-22,35.65083694458008,1261.22998046875,10.600000381469727,4.427999973297119,118.86000061035156,49.31999969482422,47.69416809082031,10871.4296875,2253.56005859375,86.72740173339844
2005-11-23,35.73632049560547,1265.6099853515625,10.960000038146973,4.473999977111816,118.76000213623047,49.150001525878906,47.509765625,10916.08984375,2259.97998046875,87.22867584228516
2005-11-28,35.5140380859375,1257.4599609375,11.84000015258789,4.406000137329102,118.9000015258789,49.7400016784668,47.92068099975586,10890.7197265625,2239.3701171875,86.67931365966797
2005-11-29,35.34305953979492,1257.47998046875,11.890000343322754,4.48199987411499,119.75,49.79999923706055,47.46759796142578,10888.16015625,2232.7099609375,86.58319854736328
2005-11-30,35.257564544677734,1249.47998046875,12.0600004196167,4.5,119.72000122070312,49.099998474121094,47.414913177490234,10805.8701171875,2232.820068359375,86.11624145507812
2005-12-01,35.91586685180664,1264.6700439453125,11.239999771118164,4.520999908447266,120.41000366210938,50.16999816894531,47.3408317565918,10912.5703125,2267.169921875,86.9952163696289
2005-12-02,36.00136947631836,1265.0799560546875,11.010000228881836,4.519000053405762,120.44999694824219,50.31999969482422,47.356719970703125,10877.509765625,2273.3701171875,87.10506439208984
2005-12-05,35.73632049560547,1262.0899658203125,11.600000381469727,4.566999912261963,120.83999633789062,50.779998779296875,47.14508056640625,10835.009765625,2257.639892578125,86.91967010498047
2005-12-06,35.85601806640625,1263.699951171875,11.520000457763672,4.49399995803833,120.68000030517578,50.88999938964844,47.62657928466797,10856.8603515625,2260.760009765625,87.08446502685547
2005-12-07,35.787620544433594,1257.3699951171875,12.180000305175781,4.517000198364258,121.02999877929688,51.31999969482422,47.44669723510742,10810.91015625,2252.010009765625,86.57632446289062
2005-12-08,35.53116226196289,1255.8399658203125,12.210000038146973,4.464000225067139,120.38999938964844,51.900001525878906,47.753543853759766,10755.1201171875,2246.4599609375,86.52140808105469
2005-12-09,35.66794967651367,1259.3699951171875,11.6899995803833,4.5370001792907715,120.63999938964844,52.400001525878906,47.37792205810547,10778.580078125,2256.72998046875,86.74798583984375
2005-12-12,35.796180725097656,1260.4300537109375,11.470000267028809,4.546999931335449,119.9000015258789,52.560001373291016,47.28794860839844,10767.76953125,2260.949951171875,86.83041381835938
2005-12-13,35.9415168762207,1267.4300537109375,11.109999656677246,4.534999847412109,120.04000091552734,51.650001525878906,47.462554931640625,10823.7197265625,2265.0,87.42090606689453
2005-12-14,35.82183074951172,1272.739990234375,10.479999542236328,4.449999809265137,117.55000305175781,50.349998474121094,47.94937515258789,10883.509765625,2262.590087890625,87.76424407958984
2005-12-15,35.881683349609375,1270.93994140625,10.729999542236328,4.4679999351501465,116.31999969482422,50.2400016784668,47.83292770385742,10881.669921875,2260.6298828125,87.51022338867188
2005-12-16,35.633995056152344,1267.3199462890625,10.680000305175781,4.447999954223633,115.63999938964844,50.09000015258789,47.9916877746582,10875.58984375,2252.47998046875,87.22852325439453
2005-12-19,35.06837844848633,1259.9200439453125,11.380000114440918,4.441999912261963,116.05000305175781,50.220001220703125,48.03928756713867,10836.5302734375,2222.739990234375,86.77983856201172
2005-12-20,35.094093322753906,1259.6199951171875,11.1899995803833,4.466000080108643,117.23999786376953,49.040000915527344,47.9810905456543,10805.5498046875,2222.419921875,86.86267852783203
2005-12-21,35.24834442138672,1262.7900390625,10.8100004196167,4.486000061035156,117.4800033569336,49.369998931884766,47.896461486816406,10833.73046875,2231.659912109375,87.0007553100586
2005-12-22,35.47974395751953,1268.1199951171875,10.289999961853027,4.433000087738037,116.66999816894531,50.13999938964844,48.27739715576172,10889.4404296875,2246.489990234375,87.45639038085938
2005-12-23,35.47974395751953,1268.6600341796875,10.270000457763672,4.380000114440918,116.36000061035156,50.119998931884766,48.5737190246582,10883.26953125,2249.419921875,87.50469970703125
2005-12-28,35.128360748291016,1258.1700439453125,11.350000381469727,4.377999782562256,117.72000122070312,51.470001220703125,48.83399963378906,10796.259765625,2228.93994140625,86.8074722290039
2005-12-29,34.896995544433594,1254.4200439453125,11.609999656677246,4.375999927520752,117.80999755859375,51.470001220703125,48.940277099609375,10784.8203125,2218.159912109375,86.4208984375
2005-12-30,34.63132095336914,1248.2900390625,12.069999694824219,4.394999980926514,117.9800033569336,51.58000183105469,48.82870101928711,10717.5,2205.320068359375,85.95147705078125
2006-01-04,35.7711296081543,1273.4599609375,11.369999885559082,4.355999946594238,116.22000122070312,53.29999923706055,48.881813049316406,10880.150390625,2263.4599609375,87.87747955322266
2006-01-05,35.925376892089844,1273.47998046875,11.3100004196167,4.355999946594238,116.0,52.34000015258789,48.823402404785156,10882.150390625,2276.8701171875,87.93267059326172
2006-01-06,36.576698303222656,1285.449951171875,11.0,4.379000186920166,114.38999938964844,53.720001220703125,48.73307418823242,10959.3095703125,2305.6201171875,88.66443634033203
2006-01-09,36.72238540649414,1290.1500244140625,11.130000114440918,4.379000186920166,114.54000091552734,54.599998474121094,48.76493453979492,11011.900390625,2318.68994140625,88.89225769042969
2006-01-10,36.74809265136719,1289.68994140625,10.859999656677246,4.427999973297119,114.44999694824219,54.060001373291016,48.37175750732422,11011.580078125,2320.320068359375,88.98194885253906
2006-01-11,37.03091049194336,1294.1800537109375,10.9399995803833,4.458000183105469,114.27999877929688,54.529998779296875,48.29204177856445,11043.4404296875,2331.360107421875,89.2650146484375
2006-01-12,36.850929260253906,1286.06005859375,11.199999809265137,4.409999847412109,114.62999725341797,54.43000030517578,48.61616134643555,10962.3603515625,2316.68994140625,88.9129409790039
2006-01-13,36.83380126953125,1287.6099853515625,11.229999542236328,4.349999904632568,114.22000122070312,55.439998626708984,48.897762298583984,10959.8701171875,2317.0400390625,88.8300552368164
2006-01-18,36.17390060424805,1277.9300537109375,12.25,4.340000152587891,115.26000213623047,54.06999969482422,49.099674224853516,10854.8603515625,2279.639892578125,88.23641204833984
2006-01-19,36.43956756591797,1285.0400390625,11.979999542236328,4.379000186920166,115.5,55.59000015258789,48.956180572509766,10880.7099609375,2301.81005859375,88.57467651367188
2006-01-20,35.35118865966797,1261.489990234375,14.5600004196167,4.361000061035156,115.2699966430664,55.20000076293945,49.08372497558594,10667.3896484375,2247.699951171875,86.95932006835938
2006-01-23,35.35976028442383,1263.8199462890625,13.930000305175781,4.35699987411499,114.47000122070312,55.77000045776367,49.06782531738281,10688.76953125,2248.469970703125,87.26997375488281
2006-01-24,35.51401138305664,1266.8599853515625,13.3100004196167,4.389999866485596,115.04000091552734,55.72999954223633,48.82870101928711,10712.2197265625,2265.25,87.35971069335938
2006-01-25,35.35976028442383,1264.6800537109375,12.869999885559082,4.479000091552734,115.7699966430664,56.13999938964844,48.29737091064453,10709.740234375,2260.64990234375,87.43565368652344
2006-01-26,35.60829162597656,1273.8299560546875,12.420000076293945,4.5229997634887695,116.29000091552734,55.880001068115234,48.09016036987305,10809.4697265625,2283.0,87.91887664794922
2006-01-27,36.08820343017578,1283.719970703125,11.970000267028809,4.502999782562256,117.4000015258789,55.630001068115234,48.09016036987305,10907.2099609375,2304.22998046875,88.73342895507812
2006-01-30,36.156761169433594,1285.18994140625,12.390000343322754,4.534999847412109,117.62000274658203,56.68000030517578,48.04230880737305,10899.919921875,2306.780029296875,88.66443634033203
2006-01-31,35.99394607543945,1280.0799560546875,12.949999809265137,4.5269999504089355,117.30999755859375,56.70000076293945,48.175167083740234,10864.8603515625,2305.820068359375,88.0155258178711
2006-02-01,36.12248611450195,1282.4599609375,12.359999656677246,4.560999870300293,117.97000122070312,56.70000076293945,48.01041030883789,10953.9501953125,2310.56005859375,88.62992095947266
2006-02-02,35.50545883178711,1270.8399658203125,13.229999542236328,4.560999870300293,118.51499938964844,56.97999954223633,48.101078033447266,10851.98046875,2281.570068359375,87.601318359375
2006-02-03,35.06837844848633,1264.030029296875,12.960000038146973,4.5329999923706055,118.88999938964844,56.5,48.442283630371094,10793.6201171875,2262.580078125,87.16647338867188
2006-02-06,34.97410202026367,1265.02001953125,13.039999961853027,4.545000076293945,119.06999969482422,56.720001220703125,48.538291931152344,10798.26953125,2258.800048828125,87.39423370361328
2006-02-07,34.81984329223633,1254.780029296875,13.59000015258789,4.566999912261963,117.7300033569336,54.599998474121094,48.30902099609375,10749.759765625,2244.9599609375,86.62107849121094
2006-02-08,35.2226448059082,1265.6500244140625,12.829999923706055,4.59499979019165,118.48999786376953,54.83000183105469,48.197052001953125,10858.6201171875,2266.97998046875,87.40804290771484
2006-02-09,34.88840866088867,1263.780029296875,13.119999885559082,4.540999889373779,118.70999908447266,56.18000030517578,48.415672302246094,10883.349609375,2255.8701171875,87.26309967041016
2006-02-10,35.1026611328125,1266.989990234375,12.869999885559082,4.580999851226807,117.83000183105469,54.790000915527344,48.14902877807617,10919.0498046875,2261.8798828125,87.42182159423828
2006-02-13,34.69985580444336,1262.8599853515625,13.350000381469727,4.583000183105469,117.52999877929688,53.720001220703125,48.154361724853516,10892.3203125,2239.81005859375,87.26309967041016
2006-02-14,35.05125045776367,1275.530029296875,12.25,4.613999843597412,117.5999984741211,54.4900016784668,47.983741760253906,11028.3896484375,2262.169921875,88.18807983398438
2006-02-15,35.2740592956543,1280.0,12.3100004196167,4.605999946594238,117.94000244140625,53.7599983215332,48.101078033447266,11058.9697265625,2276.429931640625,88.49874114990234
2006-02-16,35.59972381591797,1289.3800048828125,11.479999542236328,4.5960001945495605,117.45999908447266,54.52000045776367,48.11177444458008,11120.6796875,2294.6298828125,89.16146087646484
2006-02-17,35.31689453125,1287.239990234375,12.010000228881836,4.540999889373779,118.13999938964844,54.959999084472656,48.4956169128418,11115.3203125,2282.360107421875,88.91983795166016
2006-02-22,35.35976028442383,1292.6700439453125,11.880000114440918,4.531000137329102,118.41000366210938,55.34000015258789,48.74625015258789,11137.169921875,2283.169921875,89.23738098144531
2006-02-23,35.265499114990234,1287.7900390625,11.869999885559082,4.566999912261963,117.06999969482422,54.63999938964844,48.623619079589844,11069.2197265625,2279.320068359375,89.10623168945312
2006-02-24,35.35976028442383,1289.4300537109375,11.460000038146973,4.566999912261963,116.83999633789062,55.63999938964844,48.548946380615234,11061.849609375,2287.0400390625,89.33405303955078
2006-02-27,35.75398254394531,1294.1199951171875,11.59000015258789,4.590000152587891,116.20999908447266,55.220001220703125,48.46894073486328,11097.5498046875,2307.179931640625,89.36851501464844
2006-02-28,35.2226448059082,1280.6600341796875,12.34000015258789,4.546999931335449,115.79000091552734,56.06999969482422,48.708885192871094,10993.41015625,2281.389892578125,88.51946258544922
2006-03-01,35.702571868896484,1291.239990234375,11.539999961853027,4.589000225067139,116.05999755859375,56.099998474121094,48.41459274291992,11053.5302734375,2314.639892578125,89.30644989013672
2006-03-02,35.728267669677734,1289.1400146484375,11.720000267028809,4.638000011444092,115.83999633789062,56.7400016784668,48.0775032043457,11025.509765625,2311.110107421875,89.29954528808594
2006-03-03,35.522579193115234,1287.22998046875,11.960000038146973,4.684000015258789,116.41000366210938,56.279998779296875,47.79925537109375,11021.58984375,2302.60009765625,88.88532257080078
2006-03-06,35.21405792236328,1278.260009765625,12.739999771118164,4.73799991607666,117.58999633789062,55.22999954223633,47.381893157958984,10958.58984375,2286.030029296875,88.4780502319336
2006-03-07,35.008384704589844,1275.8800048828125,12.65999984741211,4.736000061035156,117.7699966430664,54.95000076293945,47.41401290893555,10980.6904296875,2268.3798828125,88.34001922607422
2006-03-08,35.02552795410156,1278.469970703125,12.319999694824219,4.734000205993652,117.81999969482422,53.970001220703125,47.39799499511719,11005.740234375,2267.4599609375,88.52639770507812
2006-03-09,34.72557830810547,1272.22998046875,12.680000305175781,4.730000019073486,118.19999694824219,54.2400016784668,47.41401290893555,10972.2802734375,2249.719970703125,87.93267059326172
2006-03-10,34.75987243652344,1281.4200439453125,11.850000381469727,4.755000114440918,119.0,53.83000183105469,47.23744201660156,11076.33984375,2262.0400390625,88.76798248291016
2006-03-13,34.8626823425293,1284.1300048828125,11.369999885559082,4.775000095367432,118.66000366210938,54.310001373291016,47.19994354248047,11076.01953125,2267.030029296875,88.93365478515625
2006-03-14,35.45404052734375,1297.47998046875,10.739999771118164,4.696000099182129,117.68000030517578,54.869998931884766,47.515682220458984,11151.33984375,2295.89990234375,89.86557006835938
2006-03-15,35.75398254394531,1303.02001953125,11.350000381469727,4.730999946594238,117.5199966430664,55.119998931884766,47.25883865356445,11209.76953125,2311.840087890625,90.26593780517578
2006-03-16,35.45404052734375,1305.3299560546875,11.979999542236328,4.645999908447266,116.87999725341797,55.34000015258789,47.6869010925293,11253.240234375,2299.56005859375,90.45236206054688
2006-03-17,35.5474853515625,1307.25,12.119999885559082,4.673999786376953,115.91000366210938,55.119998931884766,47.542442321777344,11279.650390625,2306.47998046875,90.52790069580078
2006-03-20,35.63326644897461,1305.0799560546875,11.789999961853027,4.656000137329102,116.37000274658203,55.16999816894531,47.61729049682617,11274.5302734375,2314.110107421875,90.38232421875
2006-03-21,35.255924224853516,1297.22998046875,11.619999885559082,4.7170000076293945,117.22000122070312,54.83000183105469,47.3712272644043,11235.4697265625,2294.22998046875,89.81403350830078
2006-03-22,35.341678619384766,1305.0400390625,11.210000038146973,4.703000068664551,116.87000274658203,54.75,47.47288131713867,11317.4296875,2303.35009765625,90.36153411865234
2006-03-23,35.238773345947266,1301.6700439453125,11.170000076293945,4.738999843597412,117.83000183105469,54.70000076293945,47.323028564453125,11270.2900390625,2300.14990234375,90.17439270019531
2006-03-24,35.41886901855469,1302.949951171875,11.1899995803833,4.675000190734863,117.44999694824219,55.709999084472656,47.67081832885742,11279.9697265625,2312.820068359375,90.2437515258789
2006-03-27,35.42744064331055,1301.6099853515625,11.460000038146973,4.701000213623047,116.7300033569336,56.38999938964844,47.4942741394043,11250.1103515625,2315.580078125,90.11204528808594
2006-03-28,35.28164291381836,1293.22998046875,11.579999923706055,4.7779998779296875,117.76000213623047,56.060001373291016,47.05016326904297,11154.5400390625,2304.4599609375,89.55757904052734
2006-03-29,35.95058822631836,1302.8900146484375,10.949999809265137,4.809999942779541,117.7699966430664,57.06999969482422,46.8254280090332,11215.7001953125,2337.780029296875,90.11898803710938
2006-03-30,36.062068939208984,1300.25,11.569999694824219,4.855000019073486,117.30999755859375,58.599998474121094,46.49901580810547,11150.7001953125,2340.820068359375,89.95960235595703
2006-03-31,35.95914840698242,1294.8699951171875,11.390000343322754,4.853000164031982,117.76000213623047,58.099998474121094,46.482948303222656,11109.3203125,2339.7900390625,89.9803695678711
2006-04-03,36.002052307128906,1297.81005859375,11.569999694824219,4.874000072479248,117.80000305175781,58.470001220703125,46.49799346923828,11144.9404296875,2336.739990234375,89.91104888916016
2006-04-04,36.19927978515625,1305.9300537109375,11.140000343322754,4.872000217437744,117.44000244140625,58.33000183105469,46.449649810791016,11203.849609375,2345.360107421875,90.48625946044922
2006-04-05,36.542335510253906,1311.56005859375,11.130000114440918,4.839000225067139,117.44000244140625,58.65999984741211,46.51410675048828,11239.5498046875,2359.75,90.7982177734375
2006-04-06,36.64521789550781,1309.0400390625,11.449999809265137,4.89300012588501,117.77999877929688,59.279998779296875,46.15966033935547,11216.5,2361.169921875,90.70112609863281
2006-04-07,36.29361343383789,1295.5,12.260000228881836,4.9629998207092285,118.23999786376953,58.59000015258789,45.70845413208008,11120.0400390625,2339.02001953125,89.77938079833984
2006-04-10,36.242156982421875,1296.6199951171875,12.1899995803833,4.9629998207092285,118.41000366210938,59.599998474121094,45.794342041015625,11141.330078125,2333.27001953125,89.91800689697266
2006-04-11,35.95058822631836,1286.5699462890625,13.0,4.932000160217285,118.20999908447266,59.0099983215332,45.95551300048828,11089.6298828125,2310.35009765625,89.15562438964844
2006-04-12,35.95914840698242,1288.1199951171875,12.760000228881836,4.97599983215332,118.41000366210938,59.43000030517578,45.67621612548828,11129.9697265625,2314.679931640625,89.32196807861328
2006-04-13,36.10497283935547,1289.1199951171875,12.380000114440918,5.035999774932861,118.54000091552734,59.5,45.35393142700195,11137.650390625,2326.110107421875,89.20414733886719
2006-04-18,36.41368103027344,1307.280029296875,11.399999618530273,4.973999977111816,116.87999725341797,61.849998474121094,45.60100555419922,11268.76953125,2356.139892578125,90.58332061767578
2006-04-19,36.576622009277344,1309.9300537109375,11.319999694824219,5.0279998779296875,117.36000061035156,63.75,45.32173538208008,11278.76953125,2370.8798828125,90.75658416748047
2006-04-20,36.44797134399414,1311.4599609375,11.640000343322754,5.039000034332275,117.41000366210938,60.959999084472656,45.28412628173828,11342.8896484375,2362.550048828125,90.88134765625
2006-04-21,36.019195556640625,1311.280029296875,11.59000015258789,5.01200008392334,116.58000183105469,63.20000076293945,45.547306060791016,11347.4501953125,2342.860107421875,90.89521789550781
2006-04-24,35.98488998413086,1308.1099853515625,11.75,4.985000133514404,114.5999984741211,61.650001525878906,45.72996520996094,11336.3203125,2333.3798828125,90.72886657714844
2006-04-25,35.907691955566406,1301.739990234375,11.75,5.071000099182129,114.91000366210938,62.779998779296875,45.18742370605469,11283.25,2330.300048828125,90.35462188720703
2006-04-26,35.89913558959961,1305.4100341796875,11.760000228881836,5.105000019073486,114.76000213623047,63.650001525878906,45.11225891113281,11354.490234375,2333.6298828125,90.37542724609375
2006-04-27,36.242156982421875,1309.719970703125,11.84000015258789,5.084000110626221,114.18000030517578,62.959999084472656,45.17129898071289,11382.509765625,2344.949951171875,90.81207275390625
2006-04-28,35.89055252075195,1310.6099853515625,11.59000015258789,5.068999767303467,113.81999969482422,65.08999633789062,45.20354080200195,11367.1396484375,2322.570068359375,91.11698150634766
2006-05-01,35.5389289855957,1305.18994140625,12.539999961853027,5.13100004196167,113.55000305175781,65.16000366210938,44.86384201049805,11343.2900390625,2304.7900390625,90.37542724609375
2006-05-02,35.63326644897461,1313.2099609375,11.989999771118164,5.110000133514404,113.36000061035156,66.55000305175781,44.982479095458984,11416.4501953125,2309.840087890625,91.05462646484375
2006-05-03,35.581809997558594,1308.1199951171875,11.989999771118164,5.144000053405762,113.79000091552734,66.45999908447266,44.88539505004883,11400.2802734375,2303.969970703125,90.71501922607422
2006-05-04,35.87339401245117,1312.25,11.859999656677246,5.150000095367432,113.58499908447266,67.4800033569336,44.80990219116211,11438.8603515625,2323.89990234375,91.04074096679688
2006-05-05,36.15639877319336,1325.760009765625,11.619999885559082,5.107999801635742,112.55999755859375,67.98999786376953,45.07953643798828,11577.740234375,2342.570068359375,91.84469604492188
2006-05-08,36.190711975097656,1324.6600341796875,12.0,5.11899995803833,111.68000030517578,67.55999755859375,45.10646057128906,11584.5400390625,2344.989990234375,91.73381042480469
2006-05-09,36.05351638793945,1325.1400146484375,11.989999771118164,5.125,111.01000213623047,69.68000030517578,45.07953643798828,11639.76953125,2338.25,91.91398620605469
2006-05-10,35.73616027832031,1322.8499755859375,11.779999732971191,5.125,110.83000183105469,70.37999725341797,45.160423278808594,11642.650390625,2320.739990234375,91.8655014038086
2006-05-11,34.93861770629883,1305.9200439453125,12.489999771118164,5.15500020980835,110.41999816894531,71.02999877929688,44.9393196105957,11500.73046875,2272.699951171875,90.75658416748047
2006-05-12,34.46692657470703,1291.239990234375,14.1899995803833,5.185999870300293,109.97000122070312,71.12000274658203,44.56723403930664,11380.990234375,2243.780029296875,89.57145690917969
2006-05-15,34.441192626953125,1294.5,13.569999694824219,5.1529998779296875,110.69999694824219,67.41000366210938,44.74521255493164,11428.76953125,2238.52001953125,89.75163269042969
2006-05-16,34.183921813964844,1292.0799560546875,13.350000381469727,5.105000019073486,109.76000213623047,68.61000061035156,45.07953643798828,11419.8896484375,2229.1298828125,89.6199951171875
2006-05-17,33.72083282470703,1270.3199462890625,16.260000228881836,5.1529998779296875,110.91000366210938,68.1500015258789,44.79913330078125,11205.6103515625,2195.800048828125,87.91500091552734
2006-05-18,33.489261627197266,1261.81005859375,16.989999771118164,5.072999954223633,110.9000015258789,67.45999908447266,45.408447265625,11128.2900390625,2180.320068359375,87.47149658203125
2006-05-19,33.746551513671875,1267.030029296875,17.18000030517578,5.053999900817871,111.66000366210938,65.58000183105469,45.527103424072266,11144.0595703125,2193.8798828125,88.08829498291016
2006-05-22,33.4206657409668,1262.0699462890625,17.719999313354492,5.035999774932861,111.45999908447266,65.30000305175781,45.6241569519043,11125.330078125,2172.860107421875,87.41603088378906
2006-05-23,33.09477233886719,1256.5799560546875,18.260000228881836,5.065999984741211,112.13999938964844,66.37999725341797,45.597164154052734,11098.349609375,2158.760009765625,86.75069427490234
2006-05-24,33.317745208740234,1258.5699462890625,17.360000610351562,5.033999919891357,112.73999786376953,64.05999755859375,45.618751525878906,11117.3203125,2169.169921875,87.4437484741211
2006-05-25,33.755123138427734,1272.8800048828125,15.5,5.073999881744385,111.76000213623047,64.69999694824219,45.44083023071289,11211.0498046875,2198.239990234375,88.5249252319336
2006-05-26,33.86661911010742,1280.1600341796875,14.260000228881836,5.052000045776367,112.6500015258789,65.0999984741211,45.408447265625,11278.6103515625,2210.3701171875,88.9754409790039
2006-05-31,33.29203414916992,1270.0899658203125,16.440000534057617,5.11299991607666,112.52999877929688,64.2300033569336,45.11730194091797,11168.3095703125,2178.8798828125,88.37246704101562
2006-06-01,34.08100509643555,1285.7099609375,14.520000457763672,5.107999801635742,112.4800033569336,62.560001373291016,45.318641662597656,11260.2802734375,2219.860107421875,89.21795654296875
2006-06-02,33.9952507019043,1288.219970703125,14.319999694824219,4.99399995803833,111.7300033569336,63.5,45.90335464477539,11247.8701171875,2219.409912109375,89.4051284790039
2006-06-05,33.25773239135742,1265.2900390625,16.649999618530273,5.026000022888184,112.33999633789062,63.290000915527344,45.84382629394531,11048.7197265625,2169.6201171875,88.1021728515625
2006-06-06,33.231971740722656,1263.8499755859375,17.34000015258789,5.00600004196167,113.21499633789062,62.54999923706055,46.06034469604492,11002.1396484375,2162.780029296875,87.88732147216797
2006-06-07,32.9832763671875,1256.1500244140625,17.799999237060547,5.026000022888184,113.43000030517578,62.279998779296875,46.07118606567383,10930.900390625,2151.800048828125,87.22891998291016
2006-06-08,32.93183517456055,1257.9300537109375,18.350000381469727,4.992000102996826,113.93499755859375,60.90999984741211,46.16318130493164,10938.8203125,2145.320068359375,87.15269470214844
2006-06-09,32.71744155883789,1252.300048828125,18.1200008392334,4.980999946594238,113.95999908447266,60.45000076293945,46.40681076049805,10891.919921875,2135.06005859375,86.8754653930664
2006-06-12,32.07421875,1237.43994140625,20.959999084472656,4.986999988555908,114.37999725341797,60.029998779296875,46.444698333740234,10792.580078125,2091.320068359375,85.93286895751953
2006-06-13,31.94559097290039,1223.68994140625,23.809999465942383,4.960999965667725,115.23999786376953,55.91999816894531,46.47722625732422,10706.1396484375,2072.469970703125,84.93486022949219
2006-06-14,32.2714729309082,1230.0400390625,21.459999084472656,5.050000190734863,114.86000061035156,55.619998931884766,46.01161193847656,10816.919921875,2086.0,85.59329986572266
2006-06-15,33.1462287902832,1256.1600341796875,15.899999618530273,5.0980000495910645,114.71499633789062,57.31999969482422,45.746341705322266,11015.1904296875,2144.14990234375,87.40911865234375
2006-06-16,32.902503967285156,1251.5400390625,17.25,5.127999782562256,115.13999938964844,57.68000030517578,45.64350509643555,11014.5498046875,2129.949951171875,86.77214050292969
2006-06-19,32.6364631652832,1240.1300048828125,17.829999923706055,5.144999980926514,115.37999725341797,56.36000061035156,45.57849884033203,10942.1103515625,2110.419921875,86.08995819091797
2006-06-20,32.67937088012695,1240.1199951171875,16.690000534057617,5.1570000648498535,114.9000015258789,57.29999923706055,45.50273513793945,10974.83984375,2107.06005859375,86.38229370117188
2006-06-21,33.194271087646484,1252.199951171875,15.520000457763672,5.15500020980835,114.83499908447266,58.33000183105469,45.51357650756836,11079.4599609375,2141.199951171875,87.02275848388672
2006-06-22,32.77376937866211,1245.5999755859375,15.880000114440918,5.197999954223633,116.08000183105469,57.72999954223633,45.25370788574219,11019.1103515625,2122.97998046875,86.63988494873047
2006-06-23,32.739463806152344,1244.5,15.890000343322754,5.228000164031982,116.54000091552734,57.9900016784668,45.16170120239258,10989.08984375,2121.469970703125,86.62594604492188
2006-06-26,32.82527160644531,1250.56005859375,15.619999885559082,5.238999843597412,116.22000122070312,58.279998779296875,45.07503890991211,11045.2802734375,2133.669921875,87.00882720947266
2006-06-27,32.20737838745117,1239.199951171875,16.399999618530273,5.210000038146973,116.31999969482422,57.68000030517578,45.297000885009766,10924.740234375,2100.25,86.25701904296875
2006-06-28,32.44769287109375,1246.0,15.789999961853027,5.244999885559082,116.4000015258789,57.540000915527344,45.05881881713867,10973.5595703125,2111.840087890625,86.84175109863281
2006-06-29,33.434566497802734,1272.8699951171875,13.029999732971191,5.199999809265137,115.1500015258789,59.52000045776367,45.21038818359375,11190.7998046875,2174.3798828125,88.59599304199219
2006-06-30,33.27152633666992,1270.199951171875,13.079999923706055,5.138000011444092,114.48999786376953,61.22999954223633,45.64887619018555,11150.2197265625,2172.090087890625,88.60294342041016
2006-07-03,33.46889877319336,1280.18994140625,13.050000190734863,5.151000022888184,114.75,62.18000030517578,45.603824615478516,11228.01953125,2190.429931640625,88.96492767333984
2006-07-06,32.70512390136719,1274.0799560546875,13.649999618530273,5.184999942779541,115.26000213623047,63.02000045776367,45.516845703125,11225.2998046875,2155.090087890625,88.71434783935547
2006-07-07,32.34467315673828,1265.47998046875,13.970000267028809,5.131999969482422,113.95999908447266,62.630001068115234,45.81032943725586,11090.669921875,2130.06005859375,88.13655853271484
2006-07-10,32.061485290527344,1267.3399658203125,14.020000457763672,5.130000114440918,114.30000305175781,62.02000045776367,45.853797912597656,11103.5498046875,2116.929931640625,88.30361938476562
2006-07-11,32.30178451538086,1272.4300537109375,13.140000343322754,5.099999904632568,114.30000305175781,63.810001373291016,46.00048828125,11134.76953125,2128.860107421875,88.69345092773438
2006-07-12,31.69247817993164,1258.5999755859375,14.489999771118164,5.099999904632568,115.30999755859375,64.91999816894531,46.01140594482422,11013.1796875,2090.239990234375,87.74671936035156
2006-07-13,31.160400390625,1242.280029296875,17.790000915527344,5.071000099182129,115.33999633789062,65.55000305175781,46.19074630737305,10846.2900390625,2054.110107421875,86.31967163085938
2006-07-14,30.84288215637207,1236.199951171875,18.049999237060547,5.059000015258789,116.08000183105469,65.8499984741211,46.21792221069336,10739.349609375,2037.3499755859375,85.98550415039062
2006-07-17,30.92012596130371,1234.489990234375,18.639999389648438,5.068999767303467,117.08000183105469,63.95000076293945,46.288597106933594,10747.3603515625,2037.719970703125,85.86022186279297
2006-07-18,31.02309799194336,1236.8599853515625,17.739999771118164,5.130000114440918,117.33000183105469,62.900001525878906,45.891822814941406,10799.23046875,2043.219970703125,86.29876708984375
2006-07-19,31.426448822021484,1259.81005859375,15.550000190734863,5.059000015258789,116.83000183105469,64.02999877929688,46.32661819458008,11011.419921875,2080.7099609375,87.49608612060547
2006-07-20,30.963024139404297,1249.1300048828125,16.209999084472656,5.0279998779296875,116.95999908447266,62.540000915527344,46.46247863769531,10928.099609375,2039.4200439453125,86.8974609375
2006-07-21,30.636919021606445,1240.2900390625,17.399999618530273,5.045000076293945,116.12000274658203,61.709999084472656,46.375572204589844,10868.3798828125,2020.3900146484375,86.28485107421875
2006-07-24,31.2462158203125,1260.9100341796875,14.979999542236328,5.044000148773193,116.75,61.13999938964844,46.348384857177734,11051.0498046875,2061.840087890625,87.85811614990234
2006-07-25,31.426448822021484,1268.8800048828125,14.850000381469727,5.065000057220459,117.1500015258789,61.54999923706055,46.21247482299805,11103.7099609375,2073.89990234375,88.17134094238281
2006-07-26,31.40069007873535,1268.4000244140625,14.619999885559082,5.035999774932861,116.3499984741211,62.0,46.3809928894043,11102.509765625,2070.4599609375,88.28971862792969
2006-07-27,31.194732666015625,1263.199951171875,14.9399995803833,5.039999961853027,115.75,62.900001525878906,46.31038284301758,11100.4296875,2054.469970703125,88.20614624023438
2006-07-28,31.846969604492188,1278.550048828125,14.329999923706055,4.989999771118164,114.73999786376953,63.11000061035156,46.57659149169922,11219.7001953125,2094.139892578125,89.09024047851562
2006-07-31,31.838367462158203,1276.6600341796875,14.949999809265137,4.98799991607666,114.51000213623047,63.15999984741211,46.636436462402344,11185.6796875,2091.469970703125,88.999755859375
2006-08-01,31.30630111694336,1270.9200439453125,15.050000190734863,4.982999801635742,114.55999755859375,64.31999969482422,46.63204574584961,11125.73046875,2061.989990234375,88.56120300292969
2006-08-02,31.65814208984375,1277.4100341796875,14.34000015258789,4.960999965667725,114.55999755859375,64.75,46.80666732788086,11199.9296875,2078.81005859375,89.15987396240234
2006-08-03,31.855531692504883,1280.27001953125,14.460000038146973,4.951000213623047,115.04000091552734,64.12000274658203,46.81755447387695,11242.58984375,2092.340087890625,89.39654541015625
2006-08-04,31.709636688232422,1279.3599853515625,14.34000015258789,4.901000022888184,114.4800033569336,64.27999877929688,47.10133743286133,11240.349609375,2085.050048828125,89.24339294433594
2006-08-07,31.50365447998047,1275.77001953125,15.229999542236328,4.921000003814697,115.11000061035156,64.5,47.12859344482422,11219.3798828125,2072.5,89.03455352783203
2006-08-08,31.30630111694336,1271.47998046875,15.229999542236328,4.922999858856201,115.69000244140625,63.970001220703125,47.02492141723633,11173.58984375,2060.85009765625,88.69345092773438
2006-08-09,31.349214553833008,1265.949951171875,15.199999809265137,4.936999797821045,115.36000061035156,64.62999725341797,46.87208557128906,11076.1796875,2060.280029296875,88.39414978027344
2006-08-10,31.572328567504883,1271.81005859375,14.460000038146973,4.927000045776367,115.16000366210938,63.25,46.801204681396484,11124.3701171875,2071.739990234375,88.66559600830078
2006-08-11,31.349214553833008,1266.739990234375,14.300000190734863,4.9670000076293945,116.27999877929688,62.709999084472656,46.599273681640625,11088.0302734375,2057.7099609375,88.41499328613281
2006-08-14,31.555171966552734,1268.2099609375,14.260000228881836,5.000999927520752,116.5999984741211,62.25,46.5174446105957,11097.8701171875,2069.0400390625,88.484619140625
2006-08-15,32.353271484375,1285.5799560546875,13.420000076293945,4.931000232696533,115.94000244140625,62.0099983215332,46.91032791137695,11230.259765625,2115.010009765625,89.54273986816406
2006-08-16,33.11705780029297,1295.4300537109375,12.40999984741211,4.870999813079834,115.875,62.4900016784668,47.226829528808594,11327.1201171875,2149.5400390625,90.28756713867188
2006-08-17,33.237186431884766,1297.47998046875,12.239999771118164,4.867000102996826,115.9000015258789,61.029998779296875,47.21045684814453,11334.9599609375,2157.610107421875,90.51729583740234
2006-08-18,33.28866195678711,1302.300048828125,11.640000343322754,4.835000038146973,115.7699966430664,61.040000915527344,47.346832275390625,11381.4697265625,2163.949951171875,90.97675323486328
2006-08-21,32.97115707397461,1297.52001953125,12.220000267028809,4.818999767303467,115.97000122070312,62.439998626708984,47.516014099121094,11345.0498046875,2147.75,90.58692932128906
2006-08-22,32.97975158691406,1298.8199462890625,12.1899995803833,4.810999870300293,116.47000122070312,62.04999923706055,47.53239059448242,11339.83984375,2150.02001953125,90.5799560546875
2006-08-23,32.73086929321289,1292.989990234375,12.399999618530273,4.818999767303467,116.38999938964844,61.83000183105469,47.554203033447266,11297.900390625,2134.659912109375,90.32933807373047
2006-08-24,32.82527160644531,1296.06005859375,12.399999618530273,4.802999973297119,116.45999908447266,61.75,47.64150619506836,11304.4599609375,2137.110107421875,90.25277709960938
2006-08-25,32.88533401489258,1295.0899658203125,12.3100004196167,4.790999889373779,117.26000213623047,61.77000045776367,47.712440490722656,11284.0498046875,2140.2900390625,90.36417388916016
2006-08-28,33.134220123291016,1301.780029296875,12.180000305175781,4.796999931335449,117.16999816894531,61.0,47.756126403808594,11352.009765625,2160.699951171875,90.79574584960938
2006-08-29,33.237186431884766,1304.280029296875,12.279999732971191,4.7829999923706055,116.70500183105469,60.939998626708984,47.821571350097656,11369.9404296875,2172.300048828125,90.9001693725586
2006-08-30,33.39167404174805,1305.3699951171875,12.220000267028809,4.763000011444092,117.0199966430664,61.41999816894531,47.947078704833984,11382.91015625,2185.72998046875,90.95586395263672
2006-08-31,33.35734558105469,1303.8199462890625,12.3100004196167,4.73199987411499,117.36000061035156,62.290000915527344,48.061710357666016,11381.150390625,2183.75,90.94195556640625
2006-09-01,33.53754806518555,1311.010009765625,11.960000038146973,4.72599983215332,117.05999755859375,62.13999938964844,48.078094482421875,11464.150390625,2193.159912109375,91.48493957519531
2006-09-06,33.185699462890625,1300.260009765625,13.739999771118164,4.801000118255615,116.55999755859375,62.86000061035156,47.71108627319336,11406.2001953125,2167.840087890625,90.8514404296875
2006-09-07,33.0312385559082,1294.02001953125,13.880000114440918,4.795000076293945,116.44000244140625,61.25,47.80419921875,11331.4404296875,2155.2900390625,90.43375396728516
2006-09-08,33.22860336303711,1298.9200439453125,13.15999984741211,4.770999908447266,116.94999694824219,60.63999938964844,47.84254837036133,11392.1103515625,2165.7900390625,90.69131469726562
2006-09-11,33.434566497802734,1299.5400390625,12.989999771118164,4.798999786376953,117.55000305175781,58.5,47.79872131347656,11396.83984375,2173.25,90.78182220458984
2006-09-12,34.052486419677734,1313.0,11.920000076293945,4.7729997634887695,117.81999969482422,58.31999969482422,48.03977584838867,11498.08984375,2215.820068359375,91.6728744506836
2006-09-13,34.2841911315918,1318.0699462890625,11.180000305175781,4.764999866485596,117.44999694824219,58.619998931884766,48.06168746948242,11543.3203125,2227.669921875,92.04180908203125
2006-09-14,34.318504333496094,1316.280029296875,11.550000190734863,4.793000221252441,117.56999969482422,57.189998626708984,47.95207214355469,11527.3896484375,2228.72998046875,92.04881286621094
2006-09-15,34.4412956237793,1319.6600341796875,11.760000228881836,4.797999858856201,117.47000122070312,57.400001525878906,47.91378402709961,11560.76953125,2235.590087890625,92.26481628417969
2006-09-18,34.44987487792969,1321.1800537109375,11.779999732971191,4.809999942779541,117.88999938964844,58.22999954223633,47.837066650390625,11555.0,2235.75,92.39068603515625
2006-09-19,34.218017578125,1317.6400146484375,11.979999542236328,4.736999988555908,117.5999984741211,56.91999816894531,48.37397003173828,11540.91015625,2222.3701171875,92.15995025634766
2006-09-20,34.71607971191406,1325.1800537109375,11.390000343322754,4.729000091552734,117.45999908447266,57.2599983215332,48.44514083862305,11613.1904296875,2252.889892578125,92.6493911743164
2006-09-21,34.50139617919922,1318.030029296875,12.25,4.6479997634887695,116.36000061035156,57.95000076293945,48.88892364501953,11533.23046875,2237.75,92.20188903808594
2006-09-22,34.23520278930664,1314.780029296875,12.59000015258789,4.5970001220703125,116.69999694824219,58.5,49.129920959472656,11508.099609375,2218.929931640625,91.9222412109375
2006-09-25,34.8362922668457,1326.3699951171875,12.119999885559082,4.554999828338623,116.4749984741211,58.5,49.47509002685547,11575.8095703125,2249.070068359375,92.62838745117188
2006-09-26,35.00800323486328,1336.3499755859375,11.529999732971191,4.585000038146973,117.13999938964844,58.7400016784668,49.26691818237305,11669.3896484375,2261.340087890625,93.39753723144531
2006-09-27,34.9650764465332,1336.5899658203125,11.579999923706055,4.593999862670898,117.44000244140625,59.810001373291016,49.12449645996094,11689.240234375,2263.389892578125,93.5093765258789
2006-09-28,35.05951690673828,1338.8800048828125,11.720000267028809,4.625999927520752,117.7300033569336,59.790000915527344,49.042293548583984,11718.4501953125,2270.02001953125,93.47445678710938
2006-09-29,34.90497589111328,1335.8499755859375,11.979999542236328,4.632999897003174,117.95999908447266,59.470001220703125,48.98206329345703,11679.0703125,2258.429931640625,93.39753723144531
2006-10-02,34.46704864501953,1331.3199462890625,12.569999694824219,4.618000030517578,117.66000366210938,59.150001525878906,49.116249084472656,11670.349609375,2237.60009765625,93.04794311523438
2006-10-03,34.613014221191406,1334.1099853515625,12.239999771118164,4.616000175476074,118.05000305175781,57.11000061035156,49.05022048950195,11727.33984375,2243.64990234375,93.24370574951172
2006-10-04,35.46312713623047,1350.199951171875,11.859999656677246,4.565000057220459,117.81999969482422,56.369998931884766,49.407779693603516,11850.6103515625,2290.949951171875,94.33444213867188
2006-10-05,35.634849548339844,1353.219970703125,11.979999542236328,4.607999801635742,117.8499984741211,56.91999816894531,49.06123733520508,11866.6904296875,2306.340087890625,94.51618957519531
2006-10-06,35.55754089355469,1349.5899658203125,11.5600004196167,4.696000099182129,119.01000213623047,56.9900016784668,48.54973602294922,11850.2099609375,2299.989990234375,94.39733123779297
2006-10-09,35.67777633666992,1350.6600341796875,11.680000305175781,,118.98999786376953,57.20000076293945,48.68172073364258,11857.8095703125,2311.77001953125,94.45328521728516
2006-10-10,35.73788833618164,1353.4200439453125,11.520000457763672,4.748000144958496,119.66999816894531,57.0,48.2967529296875,11867.169921875,2315.429931640625,94.5792007446289
2006-10-11,35.669185638427734,1349.949951171875,11.619999885559082,4.783999919891357,119.73999786376953,56.880001068115234,48.15373992919922,11852.1298828125,2308.27001953125,94.46726989746094
2006-10-12,36.23590850830078,1362.8299560546875,11.09000015258789,4.7779998779296875,119.37999725341797,57.4900016784668,48.18124008178711,11947.7001953125,2346.179931640625,95.2853012084961
2006-10-13,36.43339920043945,1365.6199951171875,10.75,4.806000232696533,119.5999984741211,58.56999969482422,47.93921661376953,11960.509765625,2357.2900390625,95.5300521850586
2006-10-16,36.46775817871094,1369.06005859375,11.09000015258789,4.788000106811523,118.95999908447266,59.16999816894531,48.15373992919922,11980.599609375,2363.840087890625,95.6768798828125
2006-10-17,36.064186096191406,1364.050048828125,11.729999542236328,4.7779998779296875,118.58999633789062,58.650001525878906,48.19223403930664,11950.01953125,2344.949951171875,95.376220703125
2006-10-18,35.89243698120117,1365.800048828125,11.34000015258789,4.763999938964844,118.91999816894531,58.59000015258789,48.291202545166016,11992.6796875,2337.14990234375,95.50206756591797
2006-10-19,35.97831344604492,1366.9599609375,10.899999618530273,4.785999774932861,118.27999877929688,59.40999984741211,48.203189849853516,12011.73046875,2340.93994140625,95.6558837890625
2006-10-20,36.064186096191406,1368.5999755859375,10.630000114440918,4.783999919891357,118.72000122070312,58.779998779296875,48.15373992919922,12002.3701171875,2342.300048828125,95.6768798828125
2006-10-23,36.43339920043945,1377.02001953125,11.079999923706055,4.826000213623047,119.30000305175781,57.7599983215332,47.96122741699219,12116.91015625,2355.56005859375,96.11734008789062
2006-10-24,36.18437957763672,1377.3800048828125,10.779999732971191,4.823999881744385,119.33999633789062,58.16999816894531,47.96122741699219,12127.8798828125,2344.840087890625,96.40403747558594
2006-10-25,36.43339920043945,1382.219970703125,10.65999984741211,4.7729997634887695,118.94000244140625,58.7599983215332,48.3406867980957,12134.6796875,2356.590087890625,96.73263549804688
2006-10-26,36.76829147338867,1389.0799560546875,10.5600004196167,4.7210001945495605,118.37999725341797,59.290000915527344,48.65424346923828,12163.66015625,2379.10009765625,97.0333023071289
2006-10-27,36.244483947753906,1377.3399658203125,10.800000190734863,4.675000190734863,117.58000183105469,59.400001525878906,48.879722595214844,12090.259765625,2350.6201171875,96.42499542236328
2006-10-30,36.476348876953125,1377.9300537109375,11.199999809265137,4.672999858856201,117.61000061035156,59.900001525878906,49.01726150512695,12086.5,2363.77001953125,96.35508728027344
2006-10-31,36.56220245361328,1377.93994140625,11.100000381469727,4.605999946594238,116.79000091552734,60.2400016784668,49.39677047729492,12080.73046875,2366.7099609375,96.34107971191406
2006-11-01,36.064186096191406,1367.81005859375,11.510000228881836,4.560999870300293,117.22000122070312,61.36000061035156,49.67009353637695,12031.01953125,2334.35009765625,95.69084167480469
2006-11-02,36.098533630371094,1367.3399658203125,11.420000076293945,4.5960001945495605,117.0999984741211,61.91999816894531,49.46576690673828,12018.5400390625,2334.02001953125,95.63489532470703
2006-11-03,36.004058837890625,1364.300048828125,11.15999984741211,4.715000152587891,117.9800033569336,62.29999923706055,48.88054275512695,11986.0400390625,2330.7900390625,95.46710205078125
2006-11-06,36.527854919433594,1379.780029296875,11.15999984741211,4.709000110626221,118.16999816894531,61.88999938964844,49.02404022216797,12105.5498046875,2365.949951171875,96.54386901855469
2006-11-07,36.7768669128418,1382.8399658203125,11.09000015258789,4.658999919891357,117.58999633789062,62.040000915527344,49.25042724609375,12156.76953125,2375.8798828125,96.9144058227539
2006-11-08,36.9486083984375,1385.719970703125,10.75,4.632999897003174,117.83000183105469,61.11000061035156,49.42711639404297,12176.5400390625,2384.93994140625,97.1241455078125
2006-11-09,36.7768669128418,1378.3299560546875,11.010000228881836,4.632999897003174,117.79000091552734,62.95000076293945,49.399513244628906,12103.2998046875,2376.010009765625,96.61375427246094
2006-11-10,36.9486083984375,1380.9000244140625,10.789999961853027,4.585999965667725,117.5199966430664,62.4900016784668,49.61486053466797,12108.4296875,2389.719970703125,96.6557388305664
2006-11-13,37.32643127441406,1384.4200439453125,10.859999656677246,4.605000019073486,117.62999725341797,62.189998626708984,49.603790283203125,12131.8798828125,2406.3798828125,96.89346313476562
2006-11-14,37.72142028808594,1393.219970703125,10.5,4.567999839782715,117.62999725341797,61.630001068115234,49.797035217285156,12218.009765625,2430.659912109375,97.62062072753906
2006-11-15,37.87596130371094,1396.5699462890625,10.3100004196167,4.614999771118164,117.87999725341797,61.84000015258789,49.60932922363281,12251.7099609375,2442.75,97.90028381347656
2006-11-16,38.03913116455078,1399.760009765625,10.15999984741211,4.65500020980835,118.22000122070312,61.310001373291016,49.3829345703125,12305.8203125,2449.06005859375,98.15203094482422
2006-11-17,38.03913116455078,1401.199951171875,10.050000190734863,4.60699987411499,117.54000091552734,61.779998779296875,49.6645622253418,12342.5595703125,2445.860107421875,98.17996215820312
2006-11-20,38.11639404296875,1400.5,9.970000267028809,4.59499979019165,118.04000091552734,61.77000045776367,49.741851806640625,12316.5400390625,2452.719970703125,98.23592376708984
2006-11-21,38.167911529541016,1402.81005859375,9.899999618530273,4.578000068664551,117.86000061035156,62.27000045776367,49.8632926940918,12321.58984375,2454.840087890625,98.33375549316406
2006-11-22,38.408363342285156,1406.0899658203125,10.140000343322754,4.567999839782715,116.76000213623047,62.5,49.94613265991211,12326.9501953125,2465.97998046875,98.52953338623047
2006-11-27,37.472389221191406,1381.9599609375,12.300000190734863,4.538000106811523,116.11000061035156,63.70000076293945,50.216670989990234,12121.7099609375,2405.919921875,96.78156280517578
2006-11-28,37.58401870727539,1386.719970703125,11.619999885559082,4.508999824523926,116.05000305175781,63.56999969482422,50.32158660888672,12136.4501953125,2412.610107421875,97.20108032226562
2006-11-29,37.841617584228516,1399.47998046875,10.829999923706055,4.520999908447266,116.43000030517578,63.15999984741211,50.20565414428711,12226.73046875,2432.22998046875,98.21491241455078
2006-11-30,37.815860748291016,1400.6300048828125,10.90999984741211,4.458000183105469,115.68000030517578,64.38999938964844,50.536895751953125,12221.9296875,2431.77001953125,98.25688171386719
2006-12-01,37.489566802978516,1396.7099609375,11.65999984741211,4.425000190734863,115.2300033569336,64.12000274658203,50.6655158996582,12194.1298828125,2413.2099609375,98.04011535644531
2006-12-04,38.00477981567383,1409.1199951171875,11.229999542236328,4.433000087738037,115.37000274658203,64.12000274658203,50.7541618347168,12283.849609375,2448.389892578125,98.78824615478516
2006-12-05,38.14216995239258,1414.760009765625,11.270000457763672,4.441999912261963,114.94999694824219,63.810001373291016,50.515872955322266,12331.599609375,2452.3798828125,99.21475982666016
2006-12-06,38.00477981567383,1412.9000244140625,11.329999923706055,4.480999946594238,115.31999969482422,62.689998626708984,50.41611862182617,12309.25,2445.860107421875,99.13082122802734
2006-12-07,37.523921966552734,1407.2900390625,12.670000076293945,4.482999801635742,115.13999938964844,62.72999954223633,50.377262115478516,12278.41015625,2427.68994140625,98.69738006591797
2006-12-08,37.695655822753906,1409.8399658203125,12.069999694824219,4.552000045776367,116.29000091552734,62.04999923706055,50.01148223876953,12307.490234375,2437.360107421875,98.87911987304688
2006-12-11,37.83302688598633,1413.0400390625,10.710000038146973,4.519999980926514,116.76000213623047,62.56999969482422,50.2276496887207,12328.48046875,2442.860107421875,99.1657943725586
2006-12-12,37.609771728515625,1411.56005859375,10.649999618530273,4.491000175476074,116.69999694824219,62.52000045776367,50.33295822143555,12315.580078125,2431.60009765625,99.08891296386719
2006-12-13,37.6784553527832,1413.2099609375,10.180000305175781,4.577000141143799,117.4000015258789,62.47999954223633,49.88404846191406,12317.5,2432.409912109375,99.19380950927734
2006-12-14,38.09922790527344,1425.489990234375,9.970000267028809,4.59499979019165,117.76000213623047,62.119998931884766,49.70115661621094,12416.759765625,2453.85009765625,100.06774139404297
2006-12-15,38.197235107421875,1427.0899658203125,10.050000190734863,4.5970001220703125,118.1500015258789,61.0,49.72887420654297,12445.51953125,2457.199951171875,100.07695007324219
2006-12-18,37.818946838378906,1422.47998046875,10.600000381469727,4.586999893188477,118.05000305175781,61.040000915527344,49.74552917480469,12441.26953125,2435.570068359375,99.80274200439453
2006-12-19,37.69860076904297,1425.550048828125,10.300000190734863,4.598999977111816,118.01000213623047,61.79999923706055,49.679012298583984,12471.3203125,2429.550048828125,99.9925308227539
2006-12-20,37.56102752685547,1423.530029296875,10.260000228881836,4.59499979019165,118.33999633789062,61.619998931884766,49.67347717285156,12463.8701171875,2427.610107421875,99.93629455566406
2006-12-21,37.294532775878906,1418.300048828125,10.529999732971191,4.548999786376953,118.29000091552734,61.380001068115234,49.92286682128906,12421.25,2415.85009765625,99.5706787109375
2006-12-22,36.90765380859375,1410.760009765625,11.359999656677246,4.624000072479248,118.98999786376953,61.650001525878906,49.54045486450195,12343.2197265625,2401.179931640625,98.95893859863281
2006-12-27,37.25155258178711,1426.8399658203125,10.640000343322754,4.6539998054504395,118.7699966430664,62.220001220703125,49.32472610473633,12510.5703125,2431.219970703125,100.19642639160156
2006-12-28,37.07100296020508,1424.72998046875,10.989999771118164,4.690000057220459,118.8949966430664,62.900001525878906,49.21352767944336,12501.51953125,2425.570068359375,99.9854965209961
2006-12-29,37.10538864135742,1418.300048828125,11.5600004196167,4.710000038146973,118.9800033569336,63.209999084472656,49.1745491027832,12463.150390625,2415.2900390625,99.5706787109375
2007-01-04,37.8791389465332,1418.3399658203125,11.510000228881836,4.618000030517578,118.83000183105469,61.650001525878906,49.825225830078125,12480.6904296875,2453.429931640625,99.60584259033203
2007-01-05,37.69860076904297,1409.7099609375,12.140000343322754,4.645999908447266,118.69000244140625,60.16999816894531,49.60836410522461,12398.009765625,2434.25,98.81133270263672
2007-01-08,37.72438049316406,1412.8399658203125,12.0,4.659999847412109,118.69000244140625,60.47999954223633,49.69732666015625,12423.490234375,2438.199951171875,99.26836395263672
2007-01-09,37.91353988647461,1412.1099853515625,11.90999984741211,4.656000137329102,119.30000305175781,60.849998474121094,49.69732666015625,12416.599609375,2443.830078125,99.18401336669922
2007-01-10,38.36057662963867,1414.8499755859375,11.470000267028809,4.682000160217285,119.51000213623047,60.59000015258789,49.474876403808594,12442.16015625,2459.330078125,99.51441955566406
2007-01-11,38.75604248046875,1423.8199462890625,10.869999885559082,4.736999988555908,120.30000305175781,60.630001068115234,49.18573760986328,12514.98046875,2484.85009765625,99.95038604736328
2007-01-12,38.953800201416016,1430.72998046875,10.149999618530273,4.770999908447266,120.30000305175781,62.16999816894531,48.95773696899414,12556.080078125,2502.820068359375,100.70965576171875
2007-01-17,38.60990905761719,1430.6199951171875,10.59000015258789,4.7870001792907715,120.62000274658203,62.63999938964844,48.91326904296875,12577.150390625,2479.419921875,100.55496978759766
2007-01-18,37.896339416503906,1426.3699951171875,10.850000381469727,4.750999927520752,121.26000213623047,62.2599983215332,49.06338882446289,12567.9296875,2443.2099609375,100.21751403808594
2007-01-19,37.97370147705078,1430.5,10.399999618530273,4.7729997634887695,121.20999908447266,63.0,48.929901123046875,12565.5302734375,2451.31005859375,100.41439819335938
2007-01-22,37.56102752685547,1422.949951171875,10.770000457763672,4.758999824523926,121.62000274658203,62.720001220703125,49.04670715332031,12477.16015625,2431.070068359375,100.10504150390625
2007-01-23,37.46647644042969,1427.989990234375,10.34000015258789,4.803999900817871,121.68000030517578,64.2300033569336,48.72414779663086,12533.7998046875,2431.409912109375,100.40034484863281
2007-01-24,38.08546447753906,1440.1300048828125,9.890000343322754,4.809999942779541,120.87999725341797,64.33000183105469,48.7186164855957,12621.76953125,2466.280029296875,101.20886993408203
2007-01-25,37.59543228149414,1423.9000244140625,11.220000267028809,4.867000102996826,121.62000274658203,64.05999755859375,48.36825942993164,12502.5595703125,2434.239990234375,100.02066040039062
2007-01-26,37.45787811279297,1422.1800537109375,11.130000114440918,4.879000186920166,121.41000366210938,64.16999816894531,48.32933044433594,12487.01953125,2435.489990234375,99.92926788330078
2007-01-29,37.49225997924805,1420.6199951171875,11.449999809265137,4.892000198364258,121.7300033569336,63.77000045776367,48.223690032958984,12490.7802734375,2441.090087890625,99.87300109863281
2007-01-30,37.509464263916016,1428.8199462890625,10.960000038146973,4.875,121.68000030517578,64.22000122070312,48.27931213378906,12523.3095703125,2448.639892578125,100.393310546875
2007-01-31,37.88772201538086,1438.239990234375,10.420000076293945,4.826000213623047,120.73999786376953,64.83000183105469,48.685245513916016,12621.6904296875,2463.929931640625,101.06828308105469
2007-02-01,37.82756423950195,1445.93994140625,10.3100004196167,4.836999893188477,120.80000305175781,65.22000122070312,48.626590728759766,12673.6796875,2468.3798828125,101.67289733886719
2007-02-02,37.96510696411133,1448.3900146484375,10.079999923706055,4.827000141143799,121.12999725341797,64.27999877929688,48.68803024291992,12653.490234375,2475.8798828125,101.8134994506836
2007-02-05,37.930721282958984,1446.989990234375,10.550000190734863,4.808000087738037,120.19000244140625,64.30999755859375,48.75502014160156,12661.740234375,2470.60009765625,101.8416748046875
2007-02-06,37.8791389465332,1448.0,10.649999618530273,4.764999866485596,120.05000305175781,64.79000091552734,49.023048400878906,12666.3095703125,2471.489990234375,101.86974334716797
2007-02-07,38.223026275634766,1450.02001953125,10.319999694824219,4.744999885559082,120.58499908447266,64.62999725341797,49.16819381713867,12666.8701171875,2490.5,102.09477233886719
2007-02-08,38.21442794799805,1448.31005859375,10.4399995803833,4.730000019073486,121.12999725341797,65.5199966430664,49.20732116699219,12637.6298828125,2488.669921875,101.96117401123047
2007-02-09,37.72438049316406,1438.06005859375,11.100000381469727,4.783999919891357,121.70999908447266,66.12000274658203,48.92811584472656,12580.830078125,2459.820068359375,101.20184326171875
2007-02-12,37.5782356262207,1433.3699951171875,11.609999656677246,4.803999900817871,121.7699966430664,65.66999816894531,48.81645202636719,12552.5498046875,2450.3798828125,100.85729217529297
2007-02-13,37.707183837890625,1444.260009765625,10.34000015258789,4.814000129699707,121.2699966430664,65.83999633789062,48.71037673950195,12654.849609375,2459.8798828125,101.70805358886719
2007-02-14,38.34337615966797,1455.300048828125,10.229999542236328,4.730000019073486,120.30999755859375,66.37000274658203,49.17380142211914,12741.8603515625,2488.3798828125,102.3759994506836
2007-02-15,38.56691360473633,1456.81005859375,10.220000267028809,4.705999851226807,119.38999938964844,66.41000366210938,49.3189811706543,12765.009765625,2497.10009765625,102.5095443725586
2007-02-16,38.437957763671875,1455.5400390625,10.020000457763672,4.690000057220459,119.41000366210938,66.36000061035156,49.49205017089844,12767.5703125,2496.31005859375,102.46041107177734
2007-02-21,38.85062789916992,1457.6300048828125,10.199999809265137,4.691999912261963,120.94000244140625,67.3499984741211,49.519901275634766,12738.41015625,2518.419921875,102.63613891601562
2007-02-22,39.04835891723633,1456.3800048828125,10.180000305175781,4.730000019073486,121.48999786376953,67.1500015258789,49.25193786621094,12686.01953125,2524.93994140625,102.55882263183594
2007-02-23,38.910789489746094,1451.18994140625,10.579999923706055,4.677999973297119,121.08999633789062,67.72000122070312,49.60371398925781,12647.48046875,2515.10009765625,102.15802764892578
2007-02-26,38.72166061401367,1449.3699951171875,11.149999618530273,4.63100004196167,120.63999938964844,68.0999984741211,49.93313980102539,12632.259765625,2504.52001953125,102.06661224365234
2007-02-27,37.131160736083984,1399.0400390625,18.309999465942383,4.513000011444092,118.08999633789062,65.41000366210938,50.56405258178711,12216.240234375,2407.860107421875,98.08013153076172
2007-02-28,37.25155258178711,1406.8199462890625,15.420000076293945,4.550000190734863,118.7300033569336,66.4800033569336,50.33517074584961,12268.6298828125,2416.14990234375,99.08556365966797
2007-03-01,37.07960891723633,1403.1700439453125,15.819999694824219,4.556000232696533,117.72000122070312,65.81999969482422,50.30319595336914,12234.33984375,2404.2099609375,98.7902603149414
2007-03-02,36.52078628540039,1387.1700439453125,18.610000610351562,4.514999866485596,117.19000244140625,63.709999084472656,50.55543518066406,12114.099609375,2368.0,97.4966049194336
2007-03-05,36.23709487915039,1374.1199951171875,19.6299991607666,4.51800012588501,115.58999633789062,62.93000030517578,50.639522552490234,12050.41015625,2340.679931640625,96.56851196289062
2007-03-06,36.83888244628906,1395.4100341796875,15.960000038146973,4.5279998779296875,116.77999877929688,64.1500015258789,50.48819351196289,12207.58984375,2385.139892578125,98.22078704833984
2007-03-07,36.69272232055664,1391.969970703125,15.239999771118164,4.497000217437744,115.69000244140625,64.30000305175781,50.68436050415039,12192.4501953125,2374.639892578125,98.122314453125
2007-03-08,36.94205093383789,1401.8900146484375,14.289999961853027,4.508999824523926,117.1500015258789,64.4800033569336,50.639522552490234,12260.7001953125,2387.72998046875,98.95195007324219
2007-03-09,36.90765380859375,1402.8399658203125,14.09000015258789,4.589000225067139,118.31999969482422,64.25,50.1070556640625,12276.3203125,2387.550048828125,98.98013305664062
2007-03-12,37.148353576660156,1406.5999755859375,13.989999771118164,4.552999973297119,117.56999969482422,64.37000274658203,50.30319595336914,12318.6201171875,2402.2900390625,99.12774658203125
2007-03-13,36.42621612548828,1377.949951171875,18.1299991607666,4.494999885559082,116.0199966430664,63.720001220703125,50.605873107910156,12075.9599609375,2350.570068359375,97.20128631591797
2007-03-14,36.95924758911133,1387.1700439453125,17.270000457763672,4.521999835968018,117.26000213623047,63.939998626708984,50.376060485839844,12133.400390625,2371.739990234375,97.92547607421875
2007-03-15,36.87327194213867,1392.280029296875,16.43000030517578,4.535999774932861,117.1500015258789,63.97999954223633,50.37046432495117,12159.6796875,2378.699951171875,98.05906677246094
2007-03-16,36.844913482666016,1386.949951171875,16.790000915527344,4.545000076293945,116.73999786376953,64.62000274658203,50.35924530029297,12110.41015625,2372.659912109375,97.78447723388672
2007-03-19,37.22339630126953,1402.06005859375,14.59000015258789,4.571000099182129,117.61000061035156,64.73999786376953,50.25273895263672,12226.169921875,2394.409912109375,98.96326446533203
2007-03-20,37.49007797241211,1410.93994140625,13.270000457763672,4.546999931335449,117.25,65.2699966430664,50.28081130981445,12288.099609375,2408.2099609375,99.50680541992188
2007-03-21,38.21270751953125,1435.0400390625,12.1899995803833,4.51800012588501,117.41000366210938,65.81999969482422,50.30319595336914,12447.51953125,2455.919921875,101.1444320678711
2007-03-22,38.075050354003906,1434.5400390625,12.930000305175781,4.589000225067139,118.08999633789062,65.76000213623047,49.90525817871094,12461.1396484375,2451.739990234375,101.06675720214844
2007-03-23,37.954627990722656,1436.1099853515625,12.949999809265137,4.61299991607666,118.05000305175781,65.1500015258789,49.76514434814453,12481.009765625,2448.929931640625,101.21500396728516
2007-03-26,38.109466552734375,1437.5,13.15999984741211,4.586999893188477,118.12000274658203,65.83999633789062,49.826805114746094,12469.0703125,2455.6298828125,101.08092498779297
2007-03-27,37.842777252197266,1428.6099853515625,13.479999542236328,4.611999988555908,117.75,65.69999694824219,49.74274826049805,12397.2900390625,2437.429931640625,100.84089660644531
2007-03-28,37.43846893310547,1417.22998046875,14.979999542236328,4.619999885559082,116.87000274658203,66.05000305175781,49.641876220703125,12300.3603515625,2417.10009765625,100.10678100585938
2007-03-29,37.48146057128906,1422.530029296875,15.140000343322754,4.631999969482422,117.9800033569336,65.6500015258789,49.574581146240234,12348.75,2417.8798828125,100.21272277832031
2007-03-30,37.44706344604492,1420.8599853515625,14.640000343322754,4.6479997634887695,117.80999755859375,65.73999786376953,49.47929763793945,12354.349609375,2421.639892578125,100.23384857177734
2007-04-02,37.498687744140625,1424.550048828125,14.529999732971191,4.642000198364258,117.76000213623047,65.8499984741211,49.561466217041016,12382.2998046875,2422.260009765625,100.3468017578125
2007-04-03,37.9890251159668,1437.77001953125,13.460000038146973,4.664000034332275,118.87000274658203,65.83000183105469,49.49956512451172,12510.2998046875,2450.330078125,101.42678833007812
2007-04-04,38.14387512207031,1439.3699951171875,13.239999771118164,4.6519999504089355,118.7699966430664,66.80999755859375,49.550228118896484,12530.0498046875,2458.68994140625,101.5396957397461
2007-04-05,38.3331298828125,1443.760009765625,13.229999542236328,4.673999786376953,118.69200134277344,66.86000061035156,49.36451721191406,12560.2001953125,2471.340087890625,101.81504821777344
2007-04-10,38.436363220214844,1448.3900146484375,12.680000305175781,4.723999977111816,119.12000274658203,67.16000366210938,49.184539794921875,12573.849609375,2477.610107421875,102.07620239257812
2007-04-11,38.03201675415039,1438.8699951171875,13.489999771118164,4.738999843597412,119.29000091552734,67.08000183105469,49.150760650634766,12484.6201171875,2459.31005859375,101.65972900390625
2007-04-12,38.3331298828125,1447.800048828125,12.710000038146973,4.736999988555908,119.0,66.98999786376953,49.16201400756836,12552.9599609375,2480.320068359375,102.11145782470703
2007-04-13,38.410560607910156,1452.8499755859375,12.199999809265137,4.761000156402588,119.2300033569336,67.83999633789062,49.01011657714844,12612.1298828125,2491.93994140625,102.57736206054688
2007-04-16,38.76325225830078,1468.3299560546875,11.979999542236328,4.735000133514404,119.76000213623047,68.4000015258789,49.28015899658203,12720.4599609375,2518.330078125,103.55142974853516
2007-04-17,38.84929275512695,1471.47998046875,12.140000343322754,4.688000202178955,118.94999694824219,68.0,49.55582046508789,12773.0400390625,2516.949951171875,103.8267593383789
2007-04-18,38.72024917602539,1472.5,12.420000076293945,4.6539998054504395,118.44999694824219,68.37999725341797,49.8033447265625,12803.83984375,2510.5,103.95379638671875
2007-04-19,38.84068298339844,1470.72998046875,12.539999961853027,4.670000076293945,118.25,67.52999877929688,49.718955993652344,12808.6298828125,2505.35009765625,103.9255599975586
2007-04-20,39.05574417114258,1484.3499755859375,12.069999694824219,4.671999931335449,118.66000366210938,68.69999694824219,49.58955383300781,12961.98046875,2526.389892578125,104.90674591064453
2007-04-23,39.11597442626953,1480.9300537109375,13.039999961853027,4.650000095367432,118.56999969482422,68.26000213623047,49.769588470458984,12919.400390625,2523.669921875,104.51141357421875
2007-04-24,39.31382369995117,1480.4100341796875,13.119999885559082,4.622000217437744,118.4800033569336,67.7300033569336,49.9552116394043,12953.9404296875,2524.5400390625,104.55375671386719
2007-04-25,39.83858871459961,1495.4200439453125,13.210000038146973,4.645999908447266,118.68000030517578,67.88999938964844,49.78081512451172,13089.8896484375,2547.889892578125,105.51375579833984
2007-04-26,40.0450325012207,1494.25,12.789999961853027,4.684000015258789,119.52999877929688,66.87000274658203,49.420772552490234,13105.5,2554.4599609375,105.63379669189453
2007-04-27,40.06224822998047,1494.0699462890625,12.449999809265137,4.697999954223633,119.4800033569336,67.55999755859375,49.40953063964844,13120.9404296875,2557.2099609375,105.549072265625
2007-04-30,39.537479400634766,1482.3699951171875,14.220000267028809,4.630000114440918,119.36000061035156,67.08999633789062,49.92711639404297,13062.91015625,2525.090087890625,104.67381286621094
2007-05-01,39.50309753417969,1486.300048828125,13.510000228881836,4.642000198364258,119.80000305175781,66.69000244140625,49.96322250366211,13136.1396484375,2531.530029296875,104.94198608398438
2007-05-02,39.93320846557617,1495.9200439453125,13.079999923706055,4.645999908447266,120.16000366210938,66.66000366210938,49.934993743896484,13211.8798828125,2557.840087890625,105.55613708496094
2007-05-03,40.07945251464844,1502.3900146484375,13.09000015258789,4.673999786376953,120.36000061035156,67.48999786376953,49.82207489013672,13241.3798828125,2565.4599609375,106.12788391113281
2007-05-04,40.11384963989258,1505.6199951171875,12.90999984741211,4.639999866485596,120.2699966430664,68.19000244140625,50.025352478027344,13264.6201171875,2572.14990234375,106.53023529052734
2007-05-07,40.11384963989258,1509.47998046875,13.149999618530273,4.636000156402588,120.05000305175781,68.25,50.16084289550781,13312.9697265625,2570.949951171875,106.55138397216797
2007-05-08,40.19990539550781,1507.719970703125,13.210000038146973,4.633999824523926,119.98999786376953,67.87999725341797,50.04792785644531,13309.0703125,2571.75,106.41027069091797
2007-05-09,40.28589630126953,1512.5799560546875,12.880000114440918,4.668000221252441,120.11000061035156,67.44999694824219,49.85029983520508,13362.8701171875,2576.340087890625,106.69963836669922
2007-05-10,39.735347747802734,1491.469970703125,13.600000381469727,4.6479997634887695,119.83999633789062,66.0,49.96885681152344,13215.1298828125,2533.739990234375,105.58439636230469
2007-05-11,40.24290466308594,1505.8499755859375,12.949999809265137,4.670000076293945,120.19000244140625,66.44999694824219,49.7938346862793,13326.2197265625,2562.219970703125,106.4879150390625
2007-05-14,39.967620849609375,1503.1500244140625,13.960000038146973,4.690000057220459,120.31999969482422,66.27999877929688,49.66400909423828,13346.7802734375,2546.43994140625,106.25495147705078
2007-05-15,39.657920837402344,1501.18994140625,14.010000228881836,4.711999893188477,120.22000122070312,66.54000091552734,49.64705276489258,13383.83984375,2525.2900390625,106.28314208984375
2007-05-16,40.0450325012207,1514.1400146484375,13.5,4.708000183105469,120.72000122070312,65.5999984741211,49.61320877075195,13487.5302734375,2547.419921875,107.01021575927734
2007-05-17,39.855777740478516,1512.75,13.510000228881836,4.75600004196167,121.29100036621094,65.05999755859375,49.40992736816406,13476.7197265625,2539.3798828125,106.79847717285156
2007-05-18,40.182682037353516,1522.75,12.760000228881836,4.803999900817871,121.05999755859375,65.5199966430664,49.082454681396484,13556.5302734375,2558.449951171875,107.73023223876953
2007-05-21,40.440765380859375,1525.0999755859375,13.300000190734863,4.788000106811523,121.47000122070312,65.66999816894531,49.229225158691406,13542.8798828125,2578.7900390625,107.67372131347656
2007-05-22,40.47517013549805,1524.1199951171875,13.0600004196167,4.830999851226807,121.63999938964844,65.19999694824219,48.975120544433594,13539.9501953125,2588.02001953125,107.58903503417969
2007-05-23,40.28589630126953,1522.280029296875,13.239999771118164,4.859000205993652,121.5199966430664,65.54000091552734,48.833988189697266,13525.650390625,2577.050048828125,107.60317993164062
2007-05-24,39.70954895019531,1507.510009765625,14.079999923706055,4.85699987411499,121.35800170898438,64.75,48.87912368774414,13441.1298828125,2537.919921875,106.62906646728516
2007-05-25,39.95903396606445,1515.72998046875,13.34000015258789,4.861000061035156,121.76000213623047,64.94000244140625,48.76625442504883,13507.2802734375,2557.18994140625,107.07372283935547
2007-05-30,40.595611572265625,1530.22998046875,12.829999923706055,4.877999782562256,121.58999633789062,64.72000122070312,48.86222839355469,13633.080078125,2592.590087890625,108.3372802734375
2007-05-31,40.78486251831055,1530.6199951171875,13.050000190734863,4.889999866485596,121.75,65.54000091552734,48.77190017700195,13627.6396484375,2604.52001953125,108.22433471679688
2007-06-01,40.810665130615234,1536.3399658203125,12.779999732971191,4.955999851226807,122.12999725341797,66.44000244140625,48.515689849853516,13668.1103515625,2613.919921875,108.76078796386719
2007-06-04,40.93111801147461,1539.1800537109375,13.289999961853027,4.928999900817871,121.72000122070312,66.54000091552734,48.73673629760742,13676.3203125,2618.2900390625,108.77493286132812
2007-06-05,40.93111801147461,1530.949951171875,13.630000114440918,4.97599983215332,121.33999633789062,66.37000274658203,48.4306640625,13595.4599609375,2611.22998046875,108.3443374633789
2007-06-06,40.49237823486328,1517.3800048828125,14.869999885559082,4.96999979019165,121.01000213623047,66.41000366210938,48.407958984375,13465.669921875,2587.179931640625,107.17964172363281
2007-06-07,39.864402770996094,1490.719970703125,17.059999465942383,5.098999977111816,120.87999725341797,65.26000213623047,47.540740966796875,13266.73046875,2541.3798828125,105.2455825805664
2007-06-08,40.354736328125,1507.6700439453125,14.84000015258789,5.118000030517578,121.70999908447266,64.22000122070312,47.50101852416992,13424.3896484375,2573.5400390625,106.61491394042969
2007-06-11,40.27732467651367,1509.1199951171875,14.710000038146973,5.13700008392334,121.76000213623047,64.69999694824219,47.36501693725586,13424.9599609375,2572.14990234375,106.79847717285156
2007-06-12,40.03644943237305,1493.0,16.670000076293945,5.248000144958496,121.62000274658203,64.0999984741211,46.679134368896484,13295.009765625,2549.77001953125,105.63379669189453
2007-06-13,40.47517013549805,1515.6700439453125,14.729999542236328,5.199999809265137,122.56999969482422,64.52999877929688,47.23461151123047,13482.349609375,2582.31005859375,107.2149429321289
2007-06-14,40.74185562133789,1522.969970703125,13.640000343322754,5.2170000076293945,122.95500183105469,64.5999984741211,47.11559295654297,13553.73046875,2599.409912109375,107.89961242675781
2007-06-15,41.11807632446289,1532.9100341796875,13.9399995803833,5.171000003814697,123.4000015258789,64.8499984741211,47.43868637084961,13639.48046875,2626.7099609375,108.51354217529297
2007-06-18,41.12668228149414,1531.050048828125,13.420000076293945,5.142000198364258,123.68000030517578,64.94999694824219,47.34233093261719,13612.98046875,2626.60009765625,108.38592529296875
2007-06-19,41.11807632446289,1533.699951171875,12.850000381469727,5.085999965667725,123.41999816894531,65.4800033569336,47.78446578979492,13635.419921875,2626.760009765625,108.65532684326172
2007-06-20,40.73067092895508,1512.8399658203125,14.670000076293945,5.123000144958496,123.47000122070312,64.70999908447266,47.399009704589844,13489.419921875,2599.9599609375,107.14535522460938
2007-06-21,41.10086441040039,1522.18994140625,14.210000038146973,5.163000106811523,123.73999786376953,64.55999755859375,47.172279357910156,13545.83984375,2616.9599609375,107.74083709716797
2007-06-22,40.71343994140625,1502.56005859375,15.75,5.138000011444092,123.69000244140625,64.77999877929688,47.47837448120117,13360.259765625,2588.9599609375,106.72711181640625
2007-06-25,40.541282653808594,1497.739990234375,16.649999618530273,5.078000068664551,123.58000183105469,64.43000030517578,47.739112854003906,13352.0498046875,2577.080078125,106.21665954589844
2007-06-26,40.30881118774414,1492.8900146484375,18.889999389648438,5.10099983215332,123.04000091552734,63.619998931884766,47.75044250488281,13337.66015625,2574.159912109375,105.12496185302734
2007-06-27,40.92867660522461,1506.3399658203125,15.529999732971191,5.070000171661377,123.1500015258789,63.66999816894531,47.7957878112793,13427.73046875,2605.35009765625,106.62069702148438
2007-06-28,40.91146469116211,1505.7099609375,15.539999961853027,5.118000030517578,123.16000366210938,64.26000213623047,47.78446578979492,13422.2802734375,2608.3701171875,106.6065902709961
2007-06-29,40.9803352355957,1503.3499755859375,16.229999542236328,5.0329999923706055,123.16000366210938,64.2699966430664,48.277610778808594,13408.6201171875,2603.22998046875,106.64202117919922
2007-07-02,41.35053253173828,1519.4300537109375,15.399999618530273,4.998000144958496,122.2300033569336,65.0199966430664,48.53139114379883,13535.4296875,2632.300048828125,107.60614013671875
2007-07-03,41.591583251953125,1524.8699951171875,14.920000076293945,5.050000190734863,122.47000122070312,64.73999786376953,48.2354621887207,13577.2998046875,2644.949951171875,107.99604034423828
2007-07-06,42.06511688232422,1530.43994140625,14.720000267028809,5.195000171661377,123.36000061035156,64.95999908447266,47.50143814086914,13611.6796875,2666.510009765625,108.44976806640625
2007-07-09,42.0909309387207,1531.8499755859375,15.15999984741211,5.158999919891357,123.37000274658203,65.37999725341797,47.67218780517578,13649.9697265625,2670.02001953125,108.53482055664062
2007-07-10,41.737945556640625,1510.1199951171875,17.56999969482422,5.038000106811523,121.29000091552734,65.61000061035156,48.48015213012695,13501.7001953125,2639.159912109375,106.98939514160156
2007-07-11,42.02207565307617,1518.760009765625,16.639999389648438,5.079999923706055,122.2699966430664,65.44000244140625,47.97943878173828,13577.8701171875,2651.7900390625,107.74795532226562
2007-07-12,42.667755126953125,1547.699951171875,15.539999961853027,5.116000175476074,122.4000015258789,66.0199966430664,47.81441116333008,13861.73046875,2701.72998046875,109.4493179321289
2007-07-13,42.96048355102539,1552.5,15.149999618530273,5.10699987411499,121.9000015258789,66.02999877929688,47.9453125,13907.25,2707.0,109.77542877197266
2007-07-16,42.91741943359375,1549.52001953125,15.59000015258789,5.040999889373779,121.80000305175781,65.81999969482422,48.40620422363281,13950.98046875,2697.330078125,109.76123046875
2007-07-17,43.244598388671875,1549.3699951171875,15.630000114440918,5.078000068664551,122.0,65.75,48.30378723144531,13971.5498046875,2712.2900390625,109.70453643798828
2007-07-18,43.19292068481445,1546.1700439453125,16.0,5.010000228881836,121.9000015258789,66.62000274658203,48.485877990722656,13918.2197265625,2699.489990234375,109.50605773925781
2007-07-19,43.322044372558594,1553.0799560546875,15.229999542236328,5.0279998779296875,122.10900115966797,67.01000213623047,48.474464416503906,14000.41015625,2720.0400390625,109.93133544921875
2007-07-20,43.08961486816406,1534.0999755859375,16.950000762939453,4.955999851226807,121.2699966430664,67.58000183105469,48.9126091003418,13851.080078125,2687.60009765625,108.81837463378906
2007-07-23,43.106834411621094,1541.5699462890625,16.809999465942383,4.964000225067139,121.05000305175781,67.47000122070312,48.83297348022461,13943.419921875,2690.580078125,109.15160369873047
2007-07-24,42.46974563598633,1511.0400390625,18.549999237060547,4.943999767303467,120.11000061035156,67.47000122070312,49.015045166015625,13716.9501953125,2639.860107421875,107.2587890625
2007-07-25,42.529998779296875,1518.0899658203125,18.100000381469727,4.9039998054504395,120.45999908447266,66.9000015258789,49.11180877685547,13785.0703125,2648.169921875,107.47853088378906
2007-07-26,42.16841125488281,1482.6600341796875,20.739999771118164,4.7769999504089355,118.45999908447266,65.6500015258789,49.521453857421875,13473.5703125,2599.340087890625,104.93353271484375
2007-07-27,41.316104888916016,1458.949951171875,24.170000076293945,4.788000106811523,118.95999908447266,65.41000366210938,49.66373825073242,13265.4697265625,2562.239990234375,102.87061309814453
2007-07-30,41.798213958740234,1473.9100341796875,20.8700008392334,4.803999900817871,119.1500015258789,65.7699966430664,49.521453857421875,13358.3095703125,2583.280029296875,104.4798355102539
2007-07-31,40.920066833496094,1455.27001953125,23.520000457763672,4.770999908447266,118.41999816894531,65.79000091552734,49.87998962402344,13211.990234375,2546.27001953125,103.3030014038086
2007-08-01,41.238609313964844,1465.81005859375,23.670000076293945,4.758999824523926,118.9800033569336,65.93000030517578,49.77195358276367,13362.3701171875,2553.8701171875,103.80636596679688
2007-08-02,41.617431640625,1472.199951171875,21.219999313354492,4.752999782562256,119.13999938964844,65.88999938964844,49.89765930175781,13463.330078125,2575.97998046875,104.63577270507812
2007-08-03,40.82535934448242,1433.06005859375,25.15999984741211,4.699999809265137,118.04000091552734,66.69000244140625,50.228973388671875,13181.91015625,2511.25,101.9419174194336
2007-08-06,41.29887771606445,1467.6700439453125,22.940000534057617,4.730999946594238,118.81999969482422,66.5199966430664,49.86336898803711,13468.7802734375,2547.330078125,103.65038299560547
2007-08-07,41.591583251953125,1476.7099609375,21.559999465942383,4.743000030517578,118.80000305175781,66.4800033569336,49.823421478271484,13504.2998046875,2561.60009765625,104.75629425048828
2007-08-08,42.04789352416992,1497.489990234375,21.450000762939453,4.860000133514404,119.69000244140625,66.7699966430664,49.2178840637207,13657.8603515625,2612.97998046875,106.21665954589844
2007-08-09,41.075042724609375,1453.0899658203125,26.479999542236328,4.789999961853027,118.29000091552734,65.45999908447266,49.28643035888672,13270.6796875,2556.489990234375,103.0690689086914
2007-08-10,40.704856872558594,1453.6400146484375,28.299999237060547,4.776000022888184,118.51000213623047,66.56999969482422,49.172210693359375,13239.5400390625,2544.889892578125,102.58700561523438
2007-08-13,40.9803352355957,1452.9200439453125,26.56999969482422,4.7779998779296875,118.20999908447266,66.26000213623047,49.314979553222656,13236.5302734375,2542.239990234375,102.95567321777344
2007-08-14,40.28296661376953,1426.5400390625,27.68000030517578,4.73199987411499,117.41999816894531,66.29000091552734,49.4463996887207,13028.919921875,2499.1201171875,101.38186645507812
2007-08-15,39.51674270629883,1406.699951171875,30.670000076293945,4.705999851226807,116.31999969482422,66.12999725341797,49.26932144165039,12861.4697265625,2458.830078125,99.98531341552734
2007-08-16,39.12933349609375,1411.27001953125,30.829999923706055,4.599999904632568,114.05999755859375,64.68000030517578,49.7776985168457,12845.7802734375,2451.070068359375,100.73674011230469
2007-08-17,39.86973190307617,1445.93994140625,29.989999771118164,4.672999858856201,114.25,65.01000213623047,49.57778549194336,13079.080078125,2505.030029296875,102.58700561523438
2007-08-20,40.05913543701172,1445.550048828125,26.329999923706055,4.633999824523926,114.83999633789062,65.12000274658203,49.606319427490234,13121.349609375,2508.590087890625,102.53742218017578
2007-08-21,40.48101043701172,1447.1199951171875,25.25,4.590000152587891,114.1500015258789,65.06999969482422,49.84624099731445,13090.8603515625,2521.300048828125,102.74297332763672
2007-08-22,41.0319709777832,1464.0699462890625,22.889999389648438,4.619999885559082,115.62000274658203,65.4000015258789,49.76626968383789,13236.1298828125,2552.800048828125,103.96235656738281
2007-08-23,40.920066833496094,1462.5,22.6200008392334,4.618000030517578,116.0199966430664,65.30999755859375,49.93767547607422,13235.8798828125,2541.699951171875,103.87010192871094
2007-08-24,41.49689865112305,1479.3699951171875,20.719999313354492,4.632999897003174,116.37999725341797,66.11000061035156,50.18330001831055,13378.8701171875,2576.68994140625,105.15331268310547
2007-08-27,41.22138977050781,1466.7900390625,22.719999313354492,4.5960001945495605,115.55000305175781,65.9800033569336,50.44605255126953,13322.1298828125,2561.25,104.17496490478516
2007-08-28,40.23992919921875,1432.3599853515625,26.299999237060547,4.53000020980835,114.33999633789062,65.58999633789062,50.5317268371582,13041.849609375,2500.639892578125,101.88519287109375
2007-08-29,41.39358901977539,1463.760009765625,23.809999465942383,4.552999973297119,115.83999633789062,66.06999969482422,50.394657135009766,13289.2900390625,2563.159912109375,103.88432312011719
2007-08-30,41.60881042480469,1457.6400146484375,25.059999465942383,4.501999855041504,115.94000244140625,65.80000305175781,50.73166275024414,13238.73046875,2565.300048828125,103.60784149169922
2007-08-31,42.07372283935547,1473.989990234375,23.3799991607666,4.5370001792907715,115.7699966430664,66.5199966430664,50.77164077758789,13357.740234375,2596.360107421875,104.62866973876953
2007-09-05,42.34061050415039,1472.2900390625,24.579999923706055,4.4730000495910645,115.12000274658203,67.55999755859375,51.20296096801758,13305.4697265625,2605.949951171875,104.77047729492188
2007-09-06,42.30615997314453,1478.550048828125,23.989999771118164,4.5,115.38999938964844,68.86000061035156,51.071041107177734,13363.349609375,2614.320068359375,105.01151275634766
2007-09-07,41.522727966308594,1453.550048828125,26.229999542236328,4.368000030517578,113.38999938964844,69.38999938964844,51.79380416870117,13113.3798828125,2565.699951171875,103.55115509033203
2007-09-10,41.49689865112305,1451.699951171875,27.3799991607666,4.323999881744385,,69.62000274658203,52.19527816772461,13127.849609375,2559.110107421875,103.35260772705078
2007-09-11,42.12535858154297,1471.489990234375,25.270000457763672,4.363999843597412,114.26000213623047,70.5199966430664,52.155155181884766,13308.3896484375,2597.469970703125,104.55781555175781
2007-09-12,42.13398742675781,1471.56005859375,24.959999084472656,4.4079999923706055,114.12000274658203,70.45999908447266,51.96010208129883,13291.650390625,2592.070068359375,104.82717895507812
2007-09-13,42.34061050415039,1483.949951171875,24.760000228881836,4.48199987411499,114.58999633789062,70.08000183105469,51.49549865722656,13424.8798828125,2601.06005859375,105.5644760131836
2007-09-14,42.37505340576172,1484.25,24.920000076293945,4.461999893188477,115.26000213623047,69.98999786376953,51.57006072998047,13442.51953125,2602.179931640625,105.55738830566406
2007-09-17,42.02207565307617,1476.6500244140625,26.479999542236328,4.46999979019165,115.02999877929688,70.97000122070312,51.81669998168945,13403.419921875,2581.659912109375,104.99024963378906
2007-09-18,43.08100509643555,1519.780029296875,20.350000381469727,4.480000019073486,115.91000366210938,71.69999694824219,51.42673110961914,13739.3896484375,2651.659912109375,108.08114624023438
2007-09-19,43.19292068481445,1529.030029296875,20.030000686645508,4.52400016784668,116.01000213623047,71.43000030517578,50.95063400268555,13815.5595703125,2666.47998046875,108.7190933227539
2007-09-20,43.0723876953125,1518.75,20.450000762939453,4.671999931335449,114.63999938964844,72.72000122070312,49.98700714111328,13766.7001953125,2654.2900390625,107.95348358154297
2007-09-21,43.379058837890625,1525.75,19.0,4.631999969482422,115.4800033569336,72.33999633789062,50.41144943237305,13820.1904296875,2671.219970703125,108.24485778808594
2007-09-24,43.57716751098633,1517.72998046875,19.3700008392334,4.624000072479248,114.86000061035156,72.27999877929688,50.55488586425781,13759.0595703125,2667.949951171875,108.04536437988281
2007-09-25,43.99061965942383,1517.2099609375,18.600000381469727,4.613999843597412,114.66000366210938,72.33000183105469,50.377044677734375,13778.650390625,2683.449951171875,107.83171844482422
2007-09-26,44.205963134765625,1525.4200439453125,17.6299991607666,4.619999885559082,115.44000244140625,72.0,50.42289733886719,13878.150390625,2699.030029296875,108.40151977539062
2007-09-27,44.42992401123047,1531.3800048828125,17.0,4.572999954223633,115.55000305175781,72.69999694824219,50.77281951904297,13912.9404296875,2709.590087890625,109.04254150390625
2007-09-28,44.28350067138672,1526.75,18.0,4.578999996185303,114.73999786376953,73.51000213623047,50.88751220703125,13895.6298828125,2701.5,108.67935180664062
2007-10-01,44.79169845581055,1547.0400390625,17.84000015258789,4.557000160217285,115.80000305175781,73.9000015258789,51.17829895019531,14087.5498046875,2740.989990234375,109.90443420410156
2007-10-02,44.80033493041992,1546.6300048828125,18.489999771118164,4.5289998054504395,115.70999908447266,72.3499984741211,51.33953857421875,14047.3095703125,2747.110107421875,109.75482940673828
2007-10-03,44.49022674560547,1539.5899658203125,18.799999237060547,4.543000221252441,116.55999755859375,71.9000015258789,51.189815521240234,13968.0498046875,2729.429931640625,109.5340347290039
2007-10-04,44.59358215332031,1542.8399658203125,18.440000534057617,4.5229997634887695,116.41000366210938,72.87000274658203,51.38558578491211,13974.3095703125,2733.570068359375,109.70503234863281
2007-10-05,45.49805450439453,1557.5899658203125,16.90999984741211,4.639999866485596,116.87999725341797,73.4000015258789,50.83287048339844,14066.009765625,2780.320068359375,111.00848388671875
2007-10-08,45.78228759765625,1552.5799560546875,17.459999084472656,4.638000011444092,117.31999969482422,72.52999877929688,50.79247283935547,14043.73046875,2787.3701171875,110.417236328125
2007-10-09,45.98041915893555,1565.1500244140625,16.1200008392334,4.651000022888184,117.19000244140625,73.08999633789062,50.72922897338867,14164.5302734375,2803.909912109375,111.45720672607422
2007-10-10,46.09239959716797,1562.469970703125,16.670000076293945,4.646999835968018,117.14800262451172,73.36000061035156,50.75797653198242,14078.6904296875,2811.610107421875,111.27200317382812
2007-10-11,45.3602180480957,1554.4100341796875,18.8799991607666,4.658999919891357,117.37000274658203,73.91000366210938,50.70615768432617,14015.1201171875,2772.199951171875,110.73778533935547
2007-10-12,46.109622955322266,1561.800048828125,17.729999542236328,4.686999797821045,117.58999633789062,74.58999633789062,50.45853042602539,14093.080078125,2805.679931640625,111.3503646850586
2007-10-15,45.756446838378906,1548.7099609375,19.25,4.672999858856201,117.31999969482422,75.13999938964844,50.470027923583984,13984.7998046875,2780.050048828125,110.41018676757812
2007-10-16,45.541114807128906,1538.530029296875,20.020000457763672,4.65500020980835,116.94000244140625,75.12000274658203,50.48729705810547,13912.9404296875,2763.909912109375,109.5340347290039
2007-10-17,46.12685012817383,1541.239990234375,18.540000915527344,4.546000003814697,116.48999786376953,74.5,51.04007339477539,13892.5400390625,2792.669921875,109.86884307861328
2007-10-18,46.32497024536133,1540.0799560546875,18.5,4.502999782562256,115.45999908447266,76.0,51.322261810302734,13888.9599609375,2799.31005859375,109.46995544433594
2007-10-19,45.170711517333984,1500.6300048828125,22.959999084472656,4.401000022888184,114.55999755859375,75.69999694824219,52.08808898925781,13522.01953125,2725.159912109375,106.6065673828125
2007-10-22,45.713382720947266,1506.3299560546875,21.639999389648438,4.39300012588501,114.44200134277344,74.5999984741211,52.093807220458984,13566.9697265625,2753.929931640625,107.22625732421875
2007-10-23,46.66950988769531,1519.5899658203125,20.40999984741211,4.40500020980835,114.86000061035156,75.2300033569336,52.02480697631836,13676.23046875,2799.260009765625,108.09522247314453
2007-10-24,46.31635284423828,1515.8800048828125,20.799999237060547,4.330999851226807,114.18000030517578,75.5199966430664,52.410545349121094,13675.25,2774.760009765625,107.89582061767578
2007-10-25,45.69614028930664,1514.4000244140625,21.170000076293945,4.3520002365112305,113.96299743652344,76.02999877929688,52.23204040527344,13671.919921875,2750.860107421875,108.15220642089844
2007-10-26,46.45417404174805,1535.280029296875,19.559999465942383,4.388999938964844,114.20999908447266,77.69000244140625,52.11114501953125,13806.7001953125,2804.18994140625,109.42005920410156
2007-10-29,46.643680572509766,1540.97998046875,19.8700008392334,4.382999897003174,114.69999694824219,78.12000274658203,52.31265640258789,13870.259765625,2817.43994140625,109.78335571289062
2007-10-30,46.738407135009766,1531.02001953125,21.06999969482422,4.382999897003174,114.77999877929688,77.3499984741211,52.28386306762695,13792.4697265625,2816.7099609375,109.02116394042969
2007-10-31,47.401676177978516,1549.3800048828125,18.530000686645508,4.474999904632568,115.38999938964844,78.62000274658203,51.81167984008789,13930.009765625,2859.1201171875,110.1537094116211
2007-11-01,46.51446533203125,1508.43994140625,23.209999084472656,4.361000061035156,114.45999908447266,77.93000030517578,52.48491287231445,13567.8701171875,2794.830078125,107.57524871826172
2007-11-02,46.876251220703125,1509.6500244140625,23.010000228881836,4.290999889373779,114.72000122070312,79.83000183105469,52.652645111083984,13595.099609375,2810.3798828125,107.69634246826172
2007-11-05,46.574764251708984,1502.1700439453125,24.309999465942383,4.317999839782715,114.30000305175781,79.75,52.629493713378906,13543.400390625,2795.179931640625,106.87728881835938
2007-11-06,47.10020065307617,1520.27001953125,21.389999389648438,4.35699987411499,114.70999908447266,81.43000030517578,52.3750114440918,13660.9404296875,2825.179931640625,108.31605529785156
2007-11-07,45.9545783996582,1475.6199951171875,26.489999771118164,4.334000110626221,112.61000061035156,82.23999786376953,52.467567443847656,13300.01953125,2748.760009765625,105.35301971435547
2007-11-08,44.55914306640625,1474.77001953125,26.15999984741211,4.2729997634887695,112.70999908447266,82.2300033569336,52.3750114440918,13266.2900390625,2696.0,104.81878662109375
2007-11-09,43.06893539428711,1453.699951171875,28.5,4.224999904632568,110.66000366210938,82.18000030517578,52.82035446166992,13042.740234375,2627.93994140625,103.3800048828125
2007-11-12,41.9749870300293,1439.1800537109375,31.09000015258789,4.210999965667725,109.62000274658203,78.30000305175781,53.01115417480469,12987.5498046875,2584.1298828125,102.35431671142578
2007-11-13,43.706356048583984,1481.050048828125,24.100000381469727,4.25600004196167,111.13999938964844,79.12000274658203,52.814552307128906,13307.08984375,2673.64990234375,105.47406005859375
2007-11-14,43.14645767211914,1470.5799560546875,25.940000534057617,4.269000053405762,111.2699966430664,80.27999877929688,52.87240219116211,13231.009765625,2644.320068359375,105.18201446533203
2007-11-15,42.913902282714844,1451.1500244140625,28.059999465942383,4.158999919891357,110.4800033569336,77.94999694824219,53.36973571777344,13110.0498046875,2618.510009765625,103.66484832763672
2007-11-16,43.310150146484375,1458.739990234375,25.489999771118164,4.150000095367432,110.9800033569336,77.75,53.4449577331543,13176.7900390625,2637.239990234375,103.84291076660156
2007-11-19,42.8105354309082,1433.27001953125,26.010000228881836,4.078999996185303,109.7699966430664,77.23999786376953,53.79195785522461,12958.4404296875,2593.3798828125,102.39701843261719
2007-11-20,42.98281478881836,1439.699951171875,24.8799991607666,4.053999900817871,109.72000122070312,79.47000122070312,53.73411178588867,13010.1396484375,2596.81005859375,103.0238265991211
2007-11-21,42.47459030151367,1416.77001953125,26.84000015258789,4.02400016784668,108.3499984741211,79.36000061035156,54.04644012451172,12799.0400390625,2562.14990234375,100.9155044555664
2007-11-26,42.19034957885742,1407.219970703125,28.90999984741211,3.8469998836517334,,81.30000305175781,55.2783088684082,12743.4404296875,2540.989990234375,100.39552307128906
2007-11-27,43.03449630737305,1428.22998046875,26.280000686645508,3.944000005722046,108.80000305175781,80.0999984741211,54.752017974853516,12958.4404296875,2580.800048828125,101.54946899414062
2007-11-28,44.34380340576172,1469.02001953125,24.110000610351562,4.025000095367432,109.95999908447266,79.56999969482422,54.38185119628906,13289.4501953125,2662.909912109375,104.79737854003906
2007-11-29,44.53329086303711,1469.719970703125,23.969999313354492,3.940000057220459,109.76000213623047,78.27999877929688,54.85036087036133,13311.73046875,2668.1298828125,104.8330307006836
2007-11-30,44.19734191894531,1481.1400146484375,22.8700008392334,3.9719998836517334,111.76000213623047,77.31999969482422,54.58427047729492,13371.7197265625,2660.9599609375,105.88713836669922
2007-12-03,43.826969146728516,1472.4200439453125,23.610000610351562,3.8949999809265137,110.44000244140625,78.27999877929688,55.017486572265625,13314.5703125,2637.1298828125,105.18914794921875
2007-12-04,43.646060943603516,1462.7900390625,23.790000915527344,3.8889999389648438,109.86000061035156,79.4000015258789,55.01168441772461,13248.73046875,2619.830078125,104.24894714355469
2007-12-05,44.42992401123047,1485.010009765625,22.530000686645508,3.9110000133514404,110.91000366210938,78.62999725341797,54.355499267578125,13444.9599609375,2666.360107421875,105.99403381347656
2007-12-06,45.06733703613281,1507.3399658203125,20.959999084472656,3.997999906539917,111.36000061035156,79.37000274658203,53.87935256958008,13619.8896484375,2709.030029296875,107.51114654541016
2007-12-07,45.075950622558594,1504.6600341796875,20.850000381469727,4.119999885559082,111.66000366210938,78.5999984741211,53.275489807128906,13625.580078125,2706.159912109375,107.4898452758789
2007-12-10,45.256858825683594,1515.9599609375,20.739999771118164,4.14900016784668,111.79000091552734,80.0,52.95615768432617,13727.0302734375,2718.949951171875,108.32318878173828
2007-12-11,44.205963134765625,1477.6500244140625,23.59000015258789,3.990000009536743,110.87999725341797,78.83999633789062,53.99547576904297,13432.76953125,2652.35009765625,105.35301971435547
2007-12-12,44.602210998535156,1486.5899658203125,22.469999313354492,4.076000213623047,111.98999786376953,80.48999786376953,53.43806076049805,13473.900390625,2671.139892578125,106.39290618896484
2007-12-13,44.361026763916016,1488.4100341796875,22.559999465942383,4.170000076293945,112.30999755859375,78.5,52.85742950439453,13517.9599609375,2668.489990234375,106.17210388183594
2007-12-14,43.904476165771484,1467.949951171875,23.270000457763672,4.23199987411499,113.26000213623047,78.5199966430664,52.61351776123047,13339.849609375,2635.739990234375,104.82587432861328
2007-12-17,42.836387634277344,1445.9000244140625,24.520000457763672,4.192999839782715,112.8499984741211,78.12999725341797,53.08386993408203,13167.2001953125,2574.4599609375,103.33010864257812
2007-12-18,42.97419738769531,1454.97998046875,22.639999389648438,4.119999885559082,,79.25,53.426475524902344,13232.4697265625,2596.030029296875,103.90705871582031
2007-12-19,42.96558380126953,1453.0,21.68000030517578,4.070000171661377,113.29000091552734,79.23999786376953,54.13484573364258,13207.26953125,2601.010009765625,103.90705871582031
2007-12-20,43.84418487548828,1460.1199951171875,20.579999923706055,4.026000022888184,113.16000366210938,78.66999816894531,54.01873779296875,13245.6396484375,2640.860107421875,104.56233215332031
2007-12-21,44.70905303955078,1484.4599609375,18.469999313354492,4.168000221252441,114.05000305175781,80.0999984741211,53.22902297973633,13450.650390625,2691.989990234375,106.06964874267578
2007-12-24,45.04535675048828,1496.449951171875,18.600000381469727,4.211999893188477,114.16000366210938,80.13999938964844,52.97934341430664,13550.0400390625,2713.5,106.85737609863281
2007-12-27,44.72629928588867,1476.27001953125,20.260000228881836,4.198999881744385,113.83999633789062,81.55999755859375,53.087284088134766,13359.6103515625,2676.7900390625,105.74024963378906
2007-12-28,44.68316650390625,1478.489990234375,20.739999771118164,4.0960001945495605,112.37000274658203,83.0,53.9151611328125,13365.8701171875,2674.4599609375,105.47535705566406
2007-12-31,44.16580581665039,1468.3599853515625,22.5,4.034999847412109,111.6500015258789,82.45999908447266,54.2416877746582,13264.8203125,2652.280029296875,104.69481658935547
2008-01-03,43.64845275878906,1447.1600341796875,22.489999771118164,3.9010000228881836,109.51000213623047,85.56999969482422,54.94704818725586,13056.7197265625,2602.679931640625,103.72817993164062
2008-01-04,41.734195709228516,1411.6300048828125,23.940000534057617,3.8540000915527344,108.62999725341797,85.12999725341797,54.95869445800781,12800.1796875,2504.64990234375,101.18608093261719
2008-01-07,41.5358772277832,1416.1800537109375,23.790000915527344,3.8389999866485596,109.2300033569336,84.7699966430664,55.19776916503906,12827.490234375,2499.4599609375,101.10020446777344
2008-01-08,40.45802307128906,1390.18994140625,25.43000030517578,3.8399999141693115,107.66000366210938,86.77999877929688,55.13358688354492,12589.0703125,2440.510009765625,99.46759796142578
2008-01-09,41.320308685302734,1409.1300048828125,24.1200008392334,3.7909998893737793,109.87999725341797,86.55000305175781,55.23857879638672,12735.3095703125,2474.550048828125,100.51302337646484
2008-01-10,41.380645751953125,1420.3299560546875,23.450000762939453,3.88700008392334,109.62000274658203,88.25,54.49238586425781,12853.08984375,2488.52001953125,101.17182159423828
2008-01-11,40.570125579833984,1401.02001953125,23.68000030517578,3.809999942779541,108.95999908447266,88.58000183105469,54.91788864135742,12606.2998046875,2439.93994140625,100.35550689697266
2008-01-14,41.277183532714844,1416.25,22.899999618530273,3.7929999828338623,108.25,89.54000091552734,55.12196350097656,12778.150390625,2478.300048828125,101.1646499633789
2008-01-15,40.13899612426758,1380.949951171875,23.34000015258789,3.7009999752044678,106.7699966430664,87.98999786376953,55.739959716796875,12501.1103515625,2417.590087890625,98.93772888183594
2008-01-16,39.70783615112305,1373.199951171875,24.3799991607666,3.7119998931884766,107.34500122070312,86.69999694824219,55.3376579284668,12466.16015625,2394.590087890625,98.08560180664062
2008-01-17,39.15598678588867,1333.25,28.459999084472656,3.640000104904175,106.4000015258789,86.5,56.05473709106445,12159.2099609375,2346.89990234375,95.54358673095703
2008-01-18,39.10424041748047,1325.18994140625,27.18000030517578,3.6480000019073486,106.83000183105469,87.41999816894531,55.66999435424805,12099.2998046875,2340.02001953125,94.5625991821289
2008-01-23,37.94880294799805,1338.5999755859375,29.020000457763672,3.4260001182556152,106.75,87.88999938964844,56.13636779785156,12270.169921875,2316.409912109375,95.85151672363281
2008-01-24,38.72483825683594,1352.0699462890625,27.780000686645508,3.640000104904175,107.1500015258789,90.08000183105469,55.01116943359375,12378.6103515625,2360.919921875,96.66067504882812
2008-01-25,37.93153762817383,1330.6099853515625,29.079999923706055,3.5840001106262207,106.80000305175781,90.30000305175781,55.93815231323242,12207.169921875,2326.199951171875,95.26436614990234
2008-01-28,38.224735260009766,1353.9599609375,27.780000686645508,3.5859999656677246,106.97000122070312,91.75,55.728240966796875,12383.8896484375,2349.909912109375,96.83965301513672
2008-01-29,38.293731689453125,1362.300048828125,27.31999969482422,3.6579999923706055,107.04000091552734,91.1500015258789,55.349342346191406,12480.2998046875,2358.06005859375,97.3194351196289
2008-01-30,38.25921630859375,1355.81005859375,27.6200008392334,3.7330000400543213,106.2300033569336,92.05999755859375,54.987892150878906,12442.830078125,2349.0,96.60338592529297
2008-01-31,38.91454315185547,1378.550048828125,26.200000762939453,3.6389999389648438,106.2509994506836,91.4000015258789,55.37848663330078,12650.3603515625,2389.860107421875,98.36485290527344
2008-02-01,39.31120300292969,1395.4200439453125,24.020000457763672,3.5999999046325684,106.51000213623047,89.3499984741211,55.71133804321289,12743.1904296875,2413.360107421875,99.94737243652344
2008-02-04,38.75934982299805,1380.8199462890625,25.989999771118164,3.6429998874664307,106.69000244140625,89.0999984741211,55.13801193237305,12635.16015625,2382.85009765625,98.6871109008789
2008-02-05,37.65561294555664,1336.6400146484375,28.239999771118164,3.5869998931884766,106.53099822998047,87.68000030517578,55.559226989746094,12265.1298828125,2309.570068359375,96.0447998046875
2008-02-06,36.91407775878906,1326.449951171875,28.969999313354492,3.614000082015991,106.37999725341797,88.94999694824219,55.38959503173828,12200.099609375,2278.75,95.27153778076172
2008-02-07,37.17274475097656,1336.9100341796875,27.65999984741211,3.7360000610351562,107.30999755859375,89.8499984741211,54.19614028930664,12247.0,2293.030029296875,95.90161895751953
2008-02-08,37.59528732299805,1331.2900390625,28.010000228881836,3.6540000438690186,107.73999786376953,91.0,54.8162956237793,12182.1298828125,2304.85009765625,95.28581237792969
2008-02-11,38.00053787231445,1339.1300048828125,27.600000381469727,3.618000030517578,106.83000183105469,91.33000183105469,55.04446029663086,12240.009765625,2320.06005859375,95.77274322509766
2008-02-12,37.784969329833984,1348.8599853515625,26.329999923706055,3.678999900817871,107.33999633789062,89.33000183105469,54.71684646606445,12373.41015625,2320.0400390625,96.66067504882812
2008-02-13,38.61274337768555,1367.2099609375,24.8799991607666,3.694000005722046,108.28199768066406,89.44000244140625,54.13761901855469,12552.240234375,2373.929931640625,97.64879608154297
2008-02-14,37.914310455322266,1348.8599853515625,25.540000915527344,3.818000078201294,107.79000091552734,89.70999908447266,53.342044830322266,12376.98046875,2332.5400390625,96.78951263427734
2008-02-15,37.784969329833984,1349.989990234375,25.020000457763672,3.7799999713897705,107.80000305175781,89.1500015258789,53.75154113769531,12348.2099609375,2321.800048828125,96.76805877685547
2008-02-20,37.888431549072266,1360.030029296875,24.399999618530273,3.9170000553131104,108.05000305175781,93.23999786376953,53.57609558105469,12427.259765625,2327.10009765625,97.32657623291016
2008-02-21,37.52629470825195,1342.530029296875,25.1200008392334,3.7839999198913574,107.41000366210938,93.25,54.14350128173828,12284.2998046875,2299.780029296875,96.51742553710938
2008-02-22,37.66424560546875,1353.1099853515625,24.059999465942383,3.7899999618530273,107.19000244140625,93.38999938964844,53.83347702026367,12381.01953125,2303.35009765625,97.11177062988281
2008-02-25,37.853965759277344,1371.800048828125,23.030000686645508,3.9019999504089355,108.02999877929688,92.73999786376953,53.28350067138672,12570.2197265625,2327.47998046875,98.33622741699219
2008-02-26,38.00053787231445,1381.2900390625,21.899999618530273,3.859999895095825,107.3499984741211,93.70999908447266,53.30106735229492,12684.919921875,2344.989990234375,99.07373809814453
2008-02-27,38.190242767333984,1380.02001953125,22.690000534057617,3.8499999046325684,106.37000274658203,94.77999877929688,53.34785842895508,12694.2802734375,2353.780029296875,98.9735336303711
2008-02-28,38.04365539550781,1367.6800537109375,23.530000686645508,3.7149999141693115,104.94999694824219,95.98999786376953,54.29562759399414,12582.1796875,2331.570068359375,98.0068130493164
2008-02-29,37.0347785949707,1330.6300048828125,26.540000915527344,3.5339999198913574,103.7699966430664,96.18000030517578,55.12631607055664,12266.3896484375,2271.47998046875,95.82292938232422
2008-03-03,36.79335021972656,1331.3399658203125,26.280000686645508,3.5339999198913574,103.5199966430664,97.23999786376953,54.98424530029297,12258.900390625,2258.60009765625,95.59371185302734
2008-03-04,37.00029754638672,1326.75,25.520000457763672,3.5789999961853027,103.37000274658203,95.18000030517578,54.44990921020508,12213.7998046875,2260.280029296875,95.2285385131836
2008-03-05,37.18138122558594,1333.699951171875,24.600000381469727,3.693000078201294,103.91000366210938,97.72000122070312,53.7981071472168,12254.990234375,2272.81005859375,95.83003234863281
2008-03-06,36.36222839355469,1304.3399658203125,27.549999237060547,3.621999979019165,102.58000183105469,96.5,54.085845947265625,12040.3896484375,2220.5,93.8465347290039
2008-03-07,36.27599334716797,1293.3699951171875,27.489999771118164,3.5409998893737793,102.69999694824219,96.08999633789062,54.15629196166992,11893.6904296875,2212.489990234375,92.87986755371094
2008-03-10,35.57752990722656,1273.3699951171875,29.3799991607666,3.437999963760376,101.41999816894531,95.87000274658203,54.95488739013672,11740.150390625,2169.340087890625,91.65541076660156
2008-03-11,36.93132400512695,1320.6500244140625,26.360000610351562,3.5959999561309814,103.2699966430664,95.98999786376953,54.485145568847656,12156.8095703125,2255.760009765625,94.94927215576172
2008-03-12,36.827842712402344,1308.77001953125,27.219999313354492,3.4830000400543213,101.4800033569336,97.01000213623047,55.536197662353516,12110.240234375,2243.8701171875,94.06139373779297
2008-03-13,37.11240005493164,1315.47998046875,27.290000915527344,3.5339999198913574,100.68000030517578,98.33999633789062,55.10166549682617,12145.740234375,2263.610107421875,94.26901245117188
2008-03-14,36.43119812011719,1288.1400146484375,31.15999984741211,3.4210000038146973,99.02999877929688,98.70999908447266,55.78282928466797,11951.08984375,2212.489990234375,92.80826568603516
2008-03-17,35.76725387573242,1276.5999755859375,32.2400016784668,3.313999891281128,97.0999984741211,99.16999816894531,56.21144485473633,11972.25,2177.010009765625,91.87024688720703
2008-03-18,37.36245346069336,1330.739990234375,25.790000915527344,3.4509999752044678,99.81999969482422,96.5,55.99420928955078,12392.66015625,2268.260009765625,95.6867904663086
2008-03-19,36.439815521240234,1298.4200439453125,29.84000015258789,3.361999988555908,98.62000274658203,93.04000091552734,56.92201232910156,12099.66015625,2209.9599609375,93.316650390625
2008-03-20,37.184539794921875,1329.510009765625,26.6200008392334,3.328000068664551,99.37999725341797,89.91000366210938,57.062896728515625,12361.3203125,2258.110107421875,95.04515075683594
2008-03-25,38.68608093261719,1352.989990234375,25.719999313354492,3.492000102996826,100.08000183105469,92.7300033569336,56.193851470947266,12532.599609375,2341.050048828125,97.0384292602539
2008-03-26,38.57390594482422,1341.1300048828125,26.079999923706055,3.49399995803833,99.16000366210938,93.80000305175781,55.95899200439453,12422.8603515625,2324.360107421875,95.85111999511719
2008-03-27,37.719566345214844,1325.760009765625,25.8799991607666,3.5339999198913574,99.52999877929688,93.45999908447266,55.565574645996094,12302.4599609375,2280.830078125,95.5488510131836
2008-03-28,37.52973175048828,1315.219970703125,25.709999084472656,3.4660000801086426,99.12000274658203,91.87999725341797,56.10578536987305,12216.400390625,2261.179931640625,94.63497924804688
2008-03-31,37.72821044921875,1322.699951171875,25.610000610351562,3.431999921798706,99.8499984741211,90.41000366210938,56.305397033691406,12262.8896484375,2279.10009765625,94.96597290039062
2008-04-01,39.341915130615234,1370.1800537109375,22.68000030517578,3.5450000762939453,,86.86000061035156,55.389041900634766,12654.3603515625,2362.75,98.30494689941406
2008-04-02,39.25562286376953,1367.530029296875,23.43000030517578,3.5829999446868896,102.29000091552734,89.2699966430664,55.50699996948242,12608.919921875,2361.39990234375,98.36969757080078
2008-04-03,39.341915130615234,1369.31005859375,23.209999084472656,3.5910000801086426,102.29000091552734,89.41999816894531,55.630802154541016,12626.0302734375,2363.300048828125,98.61437225341797
2008-04-04,39.57491683959961,1370.4000244140625,22.450000762939453,3.4809999465942383,101.5199966430664,90.25,56.13792419433594,12609.419921875,2370.97998046875,98.50643920898438
2008-04-07,39.488616943359375,1372.5400390625,22.420000076293945,3.555999994277954,102.44000244140625,91.16999816894531,55.84309387207031,12612.4296875,2364.830078125,98.55682373046875
2008-04-08,39.18657302856445,1365.5400390625,22.360000610351562,3.558000087738037,108.18000030517578,90.3499984741211,55.648555755615234,12576.4404296875,2348.760009765625,98.45606994628906
2008-04-09,38.746490478515625,1354.489990234375,22.809999465942383,3.4660000801086426,101.8219985961914,92.29000091552734,56.22636795043945,12527.259765625,2322.1201171875,97.74365997314453
2008-04-10,39.29877471923828,1360.550048828125,21.979999542236328,3.5320000648498535,102.05999755859375,91.7699966430664,56.03767395019531,12581.98046875,2351.699951171875,97.88037109375
2008-04-11,38.21145248413086,1332.8299560546875,23.459999084472656,3.4709999561309814,100.94999694824219,91.30000305175781,56.41508102416992,12325.419921875,2290.239990234375,95.98058319091797
2008-04-14,38.038875579833984,1328.3199462890625,23.81999969482422,3.503000020980835,101.16000366210938,91.11000061035156,56.084903717041016,12302.0595703125,2275.820068359375,95.65679931640625
2008-04-15,38.09064483642578,1334.4300537109375,22.780000686645508,3.569999933242798,101.81999969482422,91.66000366210938,55.389041900634766,12362.4697265625,2286.0400390625,95.87993621826172
2008-04-16,39.15207290649414,1364.7099609375,20.530000686645508,3.696000099182129,101.80000305175781,93.2699966430664,54.84651565551758,12619.26953125,2350.110107421875,98.47769927978516
2008-04-17,39.065773010253906,1365.56005859375,20.3700008392334,3.7290000915527344,102.4800033569336,92.55999755859375,54.75214767456055,12620.490234375,2341.830078125,98.62158203125
2008-04-18,40.30842971801758,1390.3299560546875,20.1299991607666,3.743000030517578,103.75,90.62000274658203,54.70500946044922,12849.3603515625,2402.969970703125,99.6506118774414
2008-04-21,40.59318923950195,1388.1700439453125,20.5,3.7119998931884766,103.3030014038086,90.25,54.92318344116211,12825.01953125,2408.0400390625,99.70098114013672
2008-04-22,39.9891242980957,1375.93994140625,20.8700008392334,3.7200000286102295,102.87000274658203,90.2699966430664,55.11187744140625,12720.23046875,2376.93994140625,99.26202392578125
2008-04-23,40.429237365722656,1379.9300537109375,20.260000228881836,3.7300000190734863,103.4520034790039,89.22000122070312,54.92911911010742,12763.2197265625,2405.2099609375,99.10370635986328
2008-04-24,40.79167938232422,1388.8199462890625,20.059999465942383,3.8269999027252197,104.24700164794922,87.22000122070312,54.463226318359375,12848.9501953125,2428.919921875,99.53543853759766
2008-04-25,40.68811798095703,1397.8399658203125,19.59000015258789,3.865999937057495,104.4000015258789,87.2699966430664,54.14482498168945,12891.8603515625,2422.929931640625,100.45655059814453
2008-04-28,40.76579284667969,1396.3699951171875,19.639999389648438,3.8350000381469727,104.20999908447266,87.69000244140625,54.30992126464844,12871.75,2424.39990234375,100.47813415527344
2008-04-29,41.076454162597656,1390.93994140625,20.239999771118164,3.825000047683716,104.0,85.80999755859375,54.51631164550781,12831.9404296875,2426.10009765625,100.08238220214844
2008-04-30,40.739906311035156,1385.5899658203125,20.790000915527344,3.759000062942505,103.94300079345703,86.6500015258789,54.90552520751953,12820.1298828125,2412.800048828125,99.49230194091797
2008-05-01,42.02569580078125,1409.3399658203125,18.8799991607666,3.749000072479248,,83.98999786376953,54.9090576171875,13010.0,2480.7099609375,101.55038452148438
2008-05-02,42.086097717285156,1413.9000244140625,18.18000030517578,3.8450000286102295,105.30000305175781,84.58000183105469,54.21660614013672,13058.2001953125,2476.989990234375,101.83101654052734
2008-05-05,41.96527862548828,1407.489990234375,18.899999618530273,3.8450000286102295,104.91000366210938,86.2699966430664,54.21660614013672,12969.5400390625,2464.1201171875,101.3416519165039
2008-05-06,42.22417449951172,1418.260009765625,18.209999084472656,3.8929998874664307,104.68399810791016,86.62999725341797,53.82598876953125,13020.830078125,2483.31005859375,102.21958923339844
2008-05-07,41.456138610839844,1392.5699462890625,19.729999542236328,3.867000102996826,104.77899932861328,85.81999969482422,54.056793212890625,12814.349609375,2438.489990234375,100.39900207519531
2008-05-08,41.76683044433594,1397.6800537109375,19.399999618530273,3.805000066757202,108.2699966430664,87.23999786376953,54.54212951660156,12866.7802734375,2451.239990234375,100.13994598388672
2008-05-09,41.60285568237305,1388.280029296875,19.40999984741211,3.7669999599456787,102.80000305175781,87.41999816894531,54.74336242675781,12745.8798828125,2445.52001953125,99.95283508300781
2008-05-12,42.36225128173828,1403.5799560546875,17.790000915527344,3.7750000953674316,103.7699966430664,86.98999786376953,54.6605110168457,12876.3095703125,2488.489990234375,101.07540893554688
2008-05-13,42.474430084228516,1403.0400390625,17.979999542236328,3.9089999198913574,104.62000274658203,85.38999938964844,54.06275177001953,12832.1796875,2495.1201171875,101.08979034423828
2008-05-14,42.3795280456543,1408.6600341796875,17.65999984741211,3.937999963760376,105.05000305175781,85.19999694824219,54.086421966552734,12898.3798828125,2496.699951171875,101.2984619140625
2008-05-15,43.12165832519531,1423.5699462890625,16.299999237060547,3.8429999351501465,104.80000305175781,87.0,54.5776252746582,12992.66015625,2533.72998046875,102.56502532958984
2008-05-16,43.15617752075195,1425.3499755859375,16.469999313354492,3.8499999046325684,104.0199966430664,89.0999984741211,54.352718353271484,12986.7998046875,2528.85009765625,102.65852355957031
2008-05-19,42.845497131347656,1426.6300048828125,17.010000228881836,3.8389999866485596,104.39099884033203,89.38999938964844,54.42378616333008,13028.16015625,2516.090087890625,102.93919372558594
2008-05-20,42.517578125,1413.4000244140625,17.579999923706055,3.7760000228881836,103.56999969482422,90.9000015258789,54.70783996582031,12828.6796875,2492.260009765625,102.1044692993164
2008-05-21,41.57696533203125,1390.7099609375,18.59000015258789,3.822000026702881,103.04000091552734,91.95999908447266,54.71964645385742,12601.1904296875,2448.27001953125,100.3774185180664
2008-05-22,41.72367477416992,1394.3499755859375,18.049999237060547,3.9210000038146973,104.04000091552734,90.9800033569336,54.07461166381836,12625.6201171875,2464.580078125,100.39180755615234
2008-05-23,41.59421920776367,1375.9300537109375,19.549999237060547,3.8310000896453857,103.30000305175781,91.2300033569336,54.311344146728516,12479.6298828125,2444.669921875,99.04615020751953
2008-05-28,42.50032424926758,1390.8399658203125,19.06999969482422,4.008999824523926,104.6500015258789,89.13999938964844,53.464962005615234,12594.0302734375,2486.699951171875,100.24065399169922
2008-05-29,42.88001251220703,1398.260009765625,18.139999389648438,4.078999996185303,105.48999786376953,86.51000213623047,53.080322265625,12646.2197265625,2508.320068359375,100.74439239501953
2008-05-30,43.15617752075195,1400.3800048828125,17.829999923706055,4.046000003814697,105.5,87.44999694824219,53.42949676513672,12638.3203125,2522.659912109375,100.99629974365234
2008-06-02,42.62975311279297,1385.6700439453125,19.829999923706055,3.9709999561309814,104.4800033569336,87.95999908447266,53.63560485839844,12503.8203125,2491.530029296875,99.95283508300781
2008-06-03,42.39676284790039,1377.6500244140625,20.239999771118164,3.8980000019073486,105.12999725341797,86.87999725341797,54.02166748046875,12402.849609375,2480.47998046875,99.36992645263672
2008-06-04,42.94042205810547,1377.199951171875,20.799999237060547,3.940000057220459,105.23999786376953,86.6500015258789,53.540550231933594,12390.48046875,2503.139892578125,99.31956481933594
2008-06-05,43.62216567993164,1404.050048828125,18.6299991607666,4.025000095367432,105.91999816894531,86.44999694824219,53.2198600769043,12604.4501953125,2549.93994140625,101.30570220947266
2008-06-06,42.310482025146484,1360.6800537109375,23.559999465942383,3.937999963760376,104.9000015258789,89.05999755859375,53.9088249206543,12209.8095703125,2474.56005859375,98.0746841430664
2008-06-09,42.086097717285156,1361.760009765625,23.1200008392334,3.992000102996826,106.31999969482422,87.98999786376953,53.9088249206543,12280.3203125,2459.4599609375,98.31214141845703
2008-06-10,41.88762664794922,1358.43994140625,23.18000030517578,4.098999977111816,107.33999633789062,85.55000305175781,53.558372497558594,12289.759765625,2448.93994140625,97.82279205322266
2008-06-11,40.877960205078125,1335.489990234375,24.1200008392334,4.072999954223633,106.95999908447266,87.0199966430664,53.43367385864258,12083.76953125,2394.010009765625,96.38358306884766
2008-06-12,40.92112350463867,1339.8699951171875,23.329999923706055,4.204999923706055,107.80000305175781,85.5999984741211,52.89909744262695,12141.580078125,2404.35009765625,96.75057220458984
2008-06-13,41.74092483520508,1360.030029296875,21.219999313354492,4.261000156402588,108.1500015258789,85.83000183105469,52.7862434387207,12307.349609375,2454.5,97.97392272949219
2008-06-16,42.11199188232422,1360.1400146484375,20.950000762939453,4.244999885559082,108.13999938964844,87.01000213623047,52.79813766479492,12269.080078125,2474.780029296875,98.0315170288086
2008-06-17,41.88762664794922,1350.9300537109375,21.1299991607666,4.224999904632568,107.97000122070312,87.25,52.905025482177734,12160.2998046875,2457.72998046875,97.55658721923828
2008-06-18,41.438899993896484,1337.81005859375,22.239999771118164,4.1539998054504395,107.81999969482422,88.27999877929688,53.35051345825195,12029.0595703125,2429.7099609375,96.60665893554688
2008-06-19,42.086097717285156,1342.8299560546875,21.579999923706055,4.198999881744385,107.91999816894531,88.41999816894531,53.035682678222656,12063.08984375,2462.06005859375,96.72901916503906
2008-06-20,40.94966125488281,1317.9300537109375,22.8700008392334,4.13700008392334,107.30999755859375,88.94999694824219,53.34457778930664,11842.6904296875,2406.090087890625,95.15894317626953
2008-06-23,40.63016128540039,1318.0,22.639999389648438,4.168000221252441,107.83000183105469,87.08999633789062,53.457427978515625,11842.3603515625,2385.739990234375,95.06494140625
2008-06-24,40.42292022705078,1314.2900390625,22.420000076293945,4.105000019073486,107.77999877929688,87.47000122070312,53.81379699707031,11807.4296875,2368.280029296875,94.87690734863281
2008-06-25,41.07919692993164,1321.969970703125,21.139999389648438,4.114999771118164,107.80000305175781,87.41999816894531,53.83751678466797,11811.830078125,2401.260009765625,95.3252944946289
2008-06-26,39.421173095703125,1283.1500244140625,23.93000030517578,4.0329999923706055,106.9469985961914,90.61000061035156,54.199920654296875,11453.419921875,2321.3701171875,92.7362060546875
2008-06-27,39.421173095703125,1278.3800048828125,23.440000534057617,3.990000009536743,106.12000274658203,91.47000122070312,54.835445404052734,11346.509765625,2315.6298828125,92.22998046875
2008-06-30,39.00667190551758,1280.0,23.950000762939453,3.9790000915527344,106.12000274658203,91.4000015258789,54.847286224365234,11350.009765625,2292.97998046875,92.55542755126953
2008-07-01,39.55933380126953,1284.9100341796875,23.649999618530273,3.992000102996826,,92.66000366210938,54.717350006103516,11382.259765625,2304.969970703125,92.84471893310547
2008-07-02,38.609458923339844,1261.52001953125,25.920000076293945,3.9590001106262207,105.94000244140625,93.16999816894531,55.003482818603516,11215.509765625,2251.4599609375,91.25365447998047
2008-07-03,38.540367126464844,1262.9000244140625,24.780000686645508,3.9730000495910645,106.73999786376953,92.05999755859375,54.88426208496094,11288.5400390625,2245.3798828125,91.34764862060547
2008-07-08,39.697509765625,1273.699951171875,23.149999618530273,3.880000114440918,109.41000366210938,90.86000061035156,55.4923095703125,11384.2099609375,2294.43994140625,92.02025604248047
2008-07-09,38.64399337768555,1244.68994140625,25.229999542236328,3.8340001106262207,106.87100219726562,91.5,55.73670959472656,11147.4404296875,2234.889892578125,90.24842071533203
2008-07-10,39.101646423339844,1253.3900146484375,25.59000015258789,3.811000108718872,107.06600189208984,93.52999877929688,55.73070526123047,11229.01953125,2257.85009765625,90.61722564697266
2008-07-11,38.47989273071289,1239.489990234375,27.489999771118164,3.940000057220459,106.20999908447266,95.16000366210938,54.93791961669922,11100.5400390625,2239.080078125,89.56136322021484
2008-07-14,38.19492721557617,1228.300048828125,28.479999542236328,3.880000114440918,106.22000122070312,95.91000366210938,55.420772552490234,11055.1904296875,2212.8701171875,88.75137329101562
2008-07-15,38.20357131958008,1214.9100341796875,28.540000915527344,3.8440001010894775,104.80999755859375,96.16999816894531,55.402923583984375,10962.5400390625,2215.7099609375,87.50023651123047
2008-07-16,39.15347671508789,1245.3599853515625,25.100000381469727,3.934000015258789,105.18000030517578,94.44000244140625,54.40142059326172,11239.2802734375,2284.85009765625,89.6481704711914
2008-07-17,39.412540435791016,1260.3199462890625,25.010000228881836,4.038000106811523,106.22799682617188,94.22000122070312,54.121246337890625,11446.66015625,2312.300048828125,90.54491424560547
2008-07-18,38.50580978393555,1260.6800537109375,24.049999237060547,4.080999851226807,106.94999694824219,94.16999816894531,53.91860580444336,11496.5703125,2282.780029296875,91.10901641845703
2008-07-21,38.66987991333008,1260.0,23.049999237060547,4.066999912261963,106.49600219726562,95.12000274658203,54.12725067138672,11467.33984375,2279.530029296875,91.15962982177734
2008-07-22,38.66987991333008,1277.0,21.18000030517578,4.0970001220703125,107.2300033569336,93.05999755859375,53.85895919799805,11602.5,2303.9599609375,92.1938247680664
2008-07-23,39.17938232421875,1282.18994140625,21.309999465942383,4.1479997634887695,107.88999938964844,90.56999969482422,53.751609802246094,11632.3798828125,2325.8798828125,92.69285583496094
2008-07-24,38.5921630859375,1252.5400390625,23.440000534057617,4.015999794006348,107.37999725341797,91.33000183105469,54.27622604370117,11349.2802734375,2280.110107421875,90.76911163330078
2008-07-25,39.09303283691406,1257.760009765625,22.90999984741211,4.111000061035156,107.8499984741211,91.69000244140625,53.73374938964844,11370.6904296875,2310.530029296875,90.74742889404297
2008-07-28,38.359004974365234,1234.3699951171875,24.229999542236328,4.01800012588501,107.45999908447266,91.7300033569336,54.27622604370117,11131.080078125,2264.219970703125,89.4167251586914
2008-07-29,39.15347671508789,1263.199951171875,22.030000686645508,4.044000148773193,108.08000183105469,90.58999633789062,54.05570983886719,11397.5595703125,2319.6201171875,91.32600402832031
2008-07-30,39.35206985473633,1284.260009765625,21.209999084472656,4.047999858856201,108.1500015258789,89.5199966430664,54.10935974121094,11583.6904296875,2329.719970703125,92.95317840576172
2008-07-31,39.257110595703125,1267.3800048828125,22.940000534057617,3.9790000915527344,107.80999755859375,90.08000183105469,54.64585494995117,11378.01953125,2325.550048828125,91.72372436523438
2008-08-01,38.756256103515625,1260.31005859375,22.56999969482422,3.947999954223633,,89.56999969482422,54.7667121887207,11326.3203125,2310.9599609375,91.23918914794922
2008-08-04,38.36764907836914,1249.010009765625,23.489999771118164,3.9719998836517334,,88.13999938964844,54.64105224609375,11284.150390625,2285.56005859375,90.39303588867188
2008-08-05,39.66297912597656,1284.8800048828125,21.139999389648438,4.006999969482422,,86.08000183105469,54.234222412109375,11615.76953125,2349.830078125,92.83020782470703
2008-08-06,40.2674674987793,1289.18994140625,20.229999542236328,4.047999858856201,,86.63999938964844,54.012813568115234,11656.0703125,2378.3701171875,93.24242401123047
2008-08-07,39.956581115722656,1266.0699462890625,21.149999618530273,3.934999942779541,,86.08999633789062,54.892303466796875,11431.4296875,2355.72998046875,91.85394287109375
2008-08-08,40.86330795288086,1296.3199462890625,20.65999984741211,3.950000047683716,110.16999816894531,84.43000030517578,55.0418701171875,11734.3203125,2414.10009765625,93.5606918334961
2008-08-11,41.23464584350586,1305.3199462890625,20.1200008392334,4.001999855041504,,81.12999725341797,54.51541519165039,11782.349609375,2439.949951171875,94.52976989746094
2008-08-12,41.2778205871582,1289.5899658203125,21.170000076293945,3.9179999828338623,,80.5199966430664,55.023929595947266,11642.4697265625,2430.610107421875,93.54620361328125
2008-08-13,41.19145584106445,1285.8299560546875,21.549999237060547,3.947000026702881,,81.55999755859375,54.832481384277344,11532.9599609375,2428.6201171875,92.98210144042969
2008-08-14,41.66642761230469,1292.9300537109375,20.34000015258789,3.8919999599456787,,79.3499984741211,55.18547439575195,11615.9296875,2453.669921875,93.68360137939453
2008-08-15,41.58869934082031,1298.199951171875,19.579999923706055,3.8519999980926514,,77.62999725341797,55.664066314697266,11659.900390625,2452.52001953125,94.13922882080078
2008-08-18,41.1050910949707,1278.5999755859375,20.979999542236328,3.815999984741211,,78.80000305175781,55.885467529296875,11479.3896484375,2416.97998046875,92.85191345214844
2008-08-19,40.59561538696289,1266.68994140625,21.280000686645508,3.8420000076293945,,80.43000030517578,55.67011260986328,11348.5498046875,2384.360107421875,91.83946228027344
2008-08-20,40.66471481323242,1274.5400390625,20.420000076293945,3.7990000247955322,,80.05999755859375,55.82561492919922,11417.4296875,2389.080078125,92.26611328125
2008-08-21,40.474693298339844,1277.719970703125,19.81999969482422,3.8380000591278076,,82.30000305175781,55.723915100097656,11430.2099609375,2380.3798828125,92.42523193359375
2008-08-22,41.010128021240234,1292.199951171875,18.809999465942383,3.867000102996826,,81.08000183105469,55.688045501708984,11628.0595703125,2414.7099609375,93.76316833496094
2008-08-25,40.14656448364258,1266.8399658203125,20.969999313354492,3.7909998893737793,,80.93000030517578,56.24440002441406,11386.25,2365.590087890625,91.86114501953125
2008-08-26,40.09475326538086,1271.510009765625,20.489999771118164,3.7839999198913574,109.61000061035156,81.2300033569336,56.29226303100586,11412.8701171875,2361.969970703125,92.12872314453125
2008-08-27,40.35382843017578,1281.6600341796875,19.760000228881836,3.7720000743865967,109.54000091552734,81.36000061035156,56.388038635253906,11502.509765625,2382.4599609375,93.02548217773438
2008-08-28,40.68196105957031,1300.6800537109375,19.43000030517578,3.7950000762939453,109.41999816894531,82.18000030517578,56.39400100708008,11715.1796875,2411.639892578125,94.15373992919922
2008-08-29,39.82704162597656,1282.8299560546875,20.649999618530273,3.812999963760376,108.79000091552734,81.70999908447266,56.142730712890625,11543.9599609375,2367.52001953125,93.1412353515625
2008-09-03,38.963497161865234,1274.97998046875,21.43000030517578,3.697000026702881,108.3499984741211,78.88999938964844,56.90530776977539,11532.8798828125,2333.72998046875,92.48309326171875
2008-09-04,37.702693939208984,1236.8299560546875,24.030000686645508,3.6429998874664307,106.7300033569336,78.38999938964844,57.361656188964844,11188.23046875,2259.0400390625,89.6987533569336
2008-09-05,37.52136993408203,1242.31005859375,23.059999465942383,3.6600000858306885,107.68000030517578,78.9800033569336,57.331661224365234,11220.9599609375,2255.8798828125,89.9808349609375
2008-09-08,37.4522819519043,1267.7900390625,22.639999389648438,3.6649999618530273,108.11000061035156,78.86000061035156,57.571800231933594,11510.740234375,2269.760009765625,91.83946228027344
2008-09-09,36.65779113769531,1224.510009765625,25.469999313354492,3.5959999561309814,107.27999877929688,76.48999786376953,58.1422119140625,11230.73046875,2209.81005859375,89.11299133300781
2008-09-10,36.9600715637207,1232.0400390625,24.520000457763672,3.6410000324249268,107.72000122070312,74.22000122070312,57.7819938659668,11268.919921875,2228.699951171875,89.47459411621094
2008-09-11,37.6508903503418,1249.050048828125,24.389999389648438,3.621999979019165,106.9800033569336,73.08000183105469,57.75193786621094,11433.7099609375,2258.219970703125,90.76911163330078
2008-09-12,37.50408935546875,1251.699951171875,25.65999984741211,3.7300000190734863,107.94000244140625,75.55000305175781,57.00739669799805,11421.990234375,2261.27001953125,91.1885757446289
2008-09-15,36.33830261230469,1192.699951171875,31.700000762939453,3.4830000400543213,104.2509994506836,77.55999755859375,58.85682678222656,10917.509765625,2179.909912109375,86.84937286376953
2008-09-16,36.62326431274414,1213.5999755859375,30.299999237060547,3.490999937057495,105.5199966430664,76.79000091552734,58.844757080078125,11059.01953125,2207.89990234375,88.30298614501953
2008-09-17,34.72344970703125,1156.3900146484375,36.220001220703125,3.4100000858306885,104.31900024414062,85.45999908447266,59.13900375366211,10609.66015625,2098.85009765625,84.33259582519531
2008-09-18,35.897884368896484,1206.510009765625,33.099998474121094,3.437000036239624,105.5,82.80000305175781,58.27431869506836,11019.6904296875,2199.10009765625,86.83489990234375
2008-09-19,37.071380615234375,1255.0799560546875,32.06999969482422,3.7690000534057617,107.41999816894531,85.9800033569336,56.42489242553711,11388.4404296875,2273.89990234375,90.28343963623047
2008-09-22,35.32582092285156,1207.0899658203125,33.849998474121094,3.8259999752044678,105.55999755859375,89.18000030517578,56.41895294189453,11015.6904296875,2178.97998046875,88.2394790649414
2008-09-23,35.057945251464844,1188.219970703125,35.720001220703125,3.8410000801086426,105.71900177001953,88.31999969482422,56.2027702331543,10854.169921875,2153.330078125,86.23189544677734
2008-09-24,35.29990768432617,1185.8699951171875,35.189998626708984,3.7709999084472656,106.08000183105469,86.70999908447266,56.448936462402344,10825.169921875,2155.679931640625,86.50829315185547
2008-09-25,35.86158752441406,1209.1800537109375,32.81999969482422,3.861999988555908,106.31999969482422,86.44999694824219,56.33488464355469,11022.0595703125,2186.570068359375,87.8612060546875
2008-09-26,35.49864959716797,1213.27001953125,34.7400016784668,3.8269999027252197,106.05000305175781,86.63999938964844,56.743133544921875,11143.1298828125,2183.340087890625,87.90486145019531
2008-09-29,32.681583404541016,1106.4200439453125,46.720001220703125,3.631999969482422,103.84300231933594,89.56999969482422,58.39444351196289,10365.4501953125,1983.72998046875,81.0165023803711
2008-09-30,33.623477935791016,1166.3599853515625,39.38999938964844,3.8269999027252197,106.06999969482422,85.06999969482422,56.97137451171875,10850.66015625,2091.8798828125,84.36976623535156
2008-10-01,33.26919937133789,1161.06005859375,39.810001373291016,3.7679998874664307,105.94000244140625,85.97000122070312,57.6881103515625,10831.0703125,2069.39990234375,84.42070007324219
2008-10-02,31.75696563720703,1114.280029296875,45.2599983215332,3.6459999084472656,105.20999908447266,82.33000183105469,58.15187072753906,10482.849609375,1976.719970703125,81.3583984375
2008-10-03,31.26439094543457,1099.22998046875,45.13999938964844,3.6440000534057617,105.30000305175781,82.58999633789062,58.663814544677734,10325.3798828125,1947.3900146484375,80.2600326538086
2008-10-06,30.123727798461914,1056.8900146484375,52.04999923706055,3.4260001182556152,101.87999725341797,84.27999877929688,59.729854583740234,9955.5,1862.9599609375,76.172119140625
2008-10-07,28.214004516601562,996.22998046875,53.68000030517578,3.50600004196167,101.45999908447266,87.2699966430664,59.549224853515625,9447.1103515625,1754.8800048828125,72.76068115234375
2008-10-08,27.989330291748047,984.9400024414062,57.529998779296875,3.7149999141693115,110.08999633789062,89.41999816894531,58.693904876708984,9258.099609375,1740.3299560546875,70.92764282226562
2008-10-09,27.237524032592773,909.9199829101562,63.91999816894531,3.8340001106262207,99.51000213623047,89.9000015258789,58.20004653930664,8579.1904296875,1645.1199951171875,65.97411346435547
2008-10-10,27.06470489501953,899.219970703125,69.94999694824219,3.8610000610351562,101.0999984741211,83.22000122070312,57.79044723510742,8451.1904296875,1649.510009765625,64.37384796142578
2008-10-13,30.35704231262207,1003.3499755859375,54.9900016784668,3.8610000610351562,102.27999877929688,81.98999786376953,57.049644470214844,9387.6103515625,1844.25,73.7208251953125
2008-10-14,29.043569564819336,998.010009765625,55.130001068115234,4.0229997634887695,101.95999908447266,82.19999694824219,56.68223190307617,9310.990234375,1779.010009765625,72.62972259521484
2008-10-15,26.442522048950195,907.8400268554688,69.25,4.011000156402588,99.72000122070312,83.30999755859375,57.22433853149414,8577.91015625,1628.3299560546875,65.47950744628906
2008-10-16,27.87698745727539,946.4299926757812,67.61000061035156,3.936000108718872,101.23999786376953,79.29000091552734,56.929203033447266,8979.259765625,1717.7099609375,68.20721435546875
2008-10-17,27.911550521850586,940.5499877929688,70.33000183105469,3.937999963760376,101.6500015258789,77.20999908447266,56.53770446777344,8852.2197265625,1711.2900390625,67.79986572265625
2008-10-20,28.689268112182617,985.4000244140625,52.970001220703125,3.885999917984009,101.97000122070312,78.5,56.98942184448242,9265.4296875,1770.030029296875,71.87321472167969
2008-10-21,27.20296287536621,955.0499877929688,53.11000061035156,3.703000068664551,100.3270034790039,76.02999877929688,57.29055404663086,9033.66015625,1696.6800537109375,69.72742462158203
2008-10-22,26.451173782348633,896.780029296875,69.6500015258789,3.618000030517578,97.86000061035156,71.70999908447266,58.452980041503906,8519.2099609375,1615.75,65.93049621582031
2008-10-23,26.34747314453125,908.1099853515625,67.80000305175781,3.5339999198913574,97.47799682617188,70.6500015258789,58.88665008544922,8691.25,1603.9100341796875,66.6942138671875
2008-10-24,25.500614166259766,876.77001953125,79.12999725341797,3.697000026702881,94.2699966430664,72.20999908447266,58.26027297973633,8378.9501953125,1552.030029296875,63.31188201904297
2008-10-27,24.792024612426758,848.9199829101562,80.05999755859375,3.7290000915527344,93.19400024414062,72.18000030517578,58.302433013916016,8175.77001953125,1505.9000244140625,61.06424331665039
2008-10-28,27.53133201599121,940.510009765625,66.95999908447266,3.819999933242798,98.19999694824219,73.79000091552734,57.45319366455078,9065.1201171875,1649.469970703125,68.1999282836914
2008-10-29,27.462209701538086,930.0900268554688,69.95999908447266,3.874000072479248,97.5199966430664,74.0,57.1640739440918,8990.9599609375,1657.2099609375,67.7052993774414
2008-10-30,28.378190994262695,954.0900268554688,62.900001525878906,3.938999891281128,98.79000091552734,72.70999908447266,56.6461181640625,9180.6904296875,1698.52001953125,70.0475082397461
2008-10-31,28.421388626098633,968.75,59.88999938964844,3.9700000286102295,98.44000244140625,71.33999633789062,55.91130447387695,9325.009765625,1720.949951171875,70.4329833984375
2008-11-03,28.360902786254883,966.2999877929688,53.68000030517578,3.9040000438690186,99.0,71.0999984741211,56.06249237060547,9319.830078125,1726.3299560546875,70.63668060302734
2008-11-04,29.1645450592041,1005.75,47.72999954223633,3.765000104904175,99.73300170898438,75.4800033569336,57.11468505859375,9625.2802734375,1780.1199951171875,73.03704833984375
2008-11-05,27.643674850463867,952.77001953125,54.560001373291016,3.694000005722046,98.22000122070312,72.80000305175781,57.791961669921875,9139.26953125,1681.6400146484375,69.96746063232422
2008-11-06,26.407955169677734,904.8800048828125,63.68000030517578,3.7070000171661377,97.2760009765625,72.22000122070312,57.37471389770508,8695.7900390625,1608.699951171875,66.09049224853516
2008-11-07,26.952356338500977,930.989990234375,56.099998474121094,3.7799999713897705,98.08999633789062,72.5,56.99973678588867,8943.8095703125,1647.4000244140625,68.27263641357422
2008-11-10,26.58942985534668,919.2100219726562,59.97999954223633,3.759999990463257,97.97000122070312,73.58000183105469,57.277923583984375,8870.5400390625,1616.739990234375,67.37796020507812
2008-11-11,26.010456085205078,898.9500122070312,61.439998626708984,3.755000114440918,97.29100036621094,72.05000305175781,57.44731903076172,8693.9599609375,1580.9000244140625,65.2976303100586
2008-11-12,24.809309005737305,852.2999877929688,66.45999908447266,3.6649999618530273,94.80000305175781,70.0,57.81615447998047,8282.66015625,1499.2099609375,62.424476623535156
2008-11-13,26.32154083251953,911.2899780273438,59.83000183105469,3.818000078201294,97.56999969482422,72.1500015258789,56.4313850402832,8835.25,1596.699951171875,66.3159408569336
2008-11-14,25.042625427246094,873.2899780273438,66.30999755859375,3.75,97.0199966430664,73.30000305175781,57.550086975097656,8497.3095703125,1516.8499755859375,63.00637435913086
2008-11-17,24.5155029296875,850.75,69.1500015258789,3.684000015258789,96.41000366210938,72.6500015258789,57.80403518676758,8273.580078125,1482.050048828125,62.16987228393555
2008-11-18,24.489574432373047,859.1199951171875,67.63999938964844,3.5350000858306885,96.74600219726562,72.51000213623047,58.54787063598633,8424.75,1483.27001953125,63.34095764160156
2008-11-19,23.210655212402344,806.5800170898438,74.26000213623047,3.3910000324249268,96.00299835205078,72.26000213623047,60.047542572021484,7997.27978515625,1386.4200439453125,59.282127380371094
2008-11-20,22.087282180786133,752.4400024414062,80.86000061035156,3.1440000534057617,94.05000305175781,73.44999694824219,63.149635314941406,7552.2900390625,1316.1199951171875,54.88145065307617
2008-11-21,23.046476364135742,800.030029296875,72.66999816894531,3.1670000553131104,95.91000366210938,78.8499984741211,62.23655319213867,8046.419921875,1384.3499755859375,57.8419303894043
2008-11-24,24.45501136779785,851.8099975585938,64.69999694824219,3.3399999141693115,96.87000274658203,80.91000366210938,61.26295471191406,8443.3896484375,1472.02001953125,61.84980392456055
2008-11-25,24.34267807006836,857.3900146484375,60.900001525878906,3.0920000076293945,95.4469985961914,80.87000274658203,63.06502914428711,8479.4697265625,1464.72998046875,62.30809020996094
2008-11-26,25.362361907958984,887.6799926757812,54.91999816894531,3.000999927520752,95.60700225830078,80.37999725341797,63.149635314941406,8726.6103515625,1532.0999755859375,64.71574401855469
2008-12-01,23.271142959594727,816.2100219726562,68.51000213623047,2.7190001010894775,93.13999938964844,75.6500015258789,66.37798309326172,8149.08984375,1398.0699462890625,59.72584533691406
2008-12-02,24.048877716064453,848.8099975585938,62.97999954223633,2.693000078201294,93.1510009765625,76.94999694824219,66.6328125,8419.08984375,1449.800048828125,62.02438735961914
2008-12-03,24.731536865234375,870.739990234375,60.720001220703125,2.6760001182556152,93.13999938964844,76.18000030517578,66.82091522216797,8591.6904296875,1492.3800048828125,63.51555252075195
2008-12-04,24.03158950805664,845.219970703125,63.63999938964844,2.569999933242798,92.44999694824219,75.5,68.13750457763672,8376.240234375,1445.56005859375,62.04621124267578
2008-12-05,25.008054733276367,876.0700073242188,59.93000030517578,2.6570000648498535,92.81999969482422,74.5199966430664,67.03323364257812,8635.419921875,1509.31005859375,63.95927429199219
2008-12-08,25.993181228637695,909.7000122070312,58.4900016784668,2.7339999675750732,109.23999786376953,76.19999694824219,66.88764953613281,8934.1796875,1571.739990234375,66.19234466552734
2008-12-09,25.93269157409668,888.6699829101562,58.90999984741211,2.6689999103546143,92.3030014038086,76.33000183105469,68.21033477783203,8691.330078125,1547.3399658203125,65.10124969482422
2008-12-10,25.846271514892578,899.239990234375,55.72999954223633,2.684000015258789,92.83999633789062,79.75,68.0465087890625,8761.419921875,1565.47998046875,65.5449447631836
2008-12-11,25.137678146362305,873.5900268554688,55.779998779296875,2.6480000019073486,91.52999877929688,80.6500015258789,68.18002319335938,8565.08984375,1507.8800048828125,63.96650695800781
2008-12-12,25.647531509399414,879.72998046875,54.279998779296875,2.5889999866485596,91.06999969482422,80.80999755859375,68.18002319335938,8629.6796875,1540.719970703125,64.73027038574219
2008-12-15,25.198169708251953,868.5700073242188,56.7599983215332,2.5329999923706055,90.5,82.5999984741211,68.95658874511719,8564.5302734375,1508.3399658203125,63.828304290771484
2008-12-16,26.407955169677734,913.1799926757812,52.369998931884766,2.36299991607666,88.68000030517578,84.45999908447266,70.66157531738281,8924.1396484375,1589.8900146484375,66.83242797851562
2008-12-17,26.088220596313477,904.4199829101562,49.84000015258789,2.190000057220459,87.31999969482422,85.43000030517578,72.57891082763672,8824.33984375,1579.31005859375,66.18506622314453
2008-12-18,25.63023567199707,885.280029296875,47.34000015258789,2.0739998817443848,89.50499725341797,83.87000274658203,74.10181427001953,8604.990234375,1552.3699951171875,64.94849395751953
2008-12-19,25.840526580810547,887.8800048828125,44.93000030517578,2.13100004196167,89.2699966430664,82.62999725341797,74.18069458007812,8579.1103515625,1564.3199462890625,64.66914367675781
2008-12-22,25.27802085876465,871.6300048828125,44.560001373291016,2.1410000324249268,90.16000366210938,83.45999908447266,73.6103744506836,8519.6904296875,1532.3499755859375,63.84049987792969
2008-12-23,25.14821434020996,863.1599731445312,45.02000045776367,2.1630001068115234,90.83999633789062,82.62999725341797,73.51327514648438,8419.490234375,1521.5400390625,63.1805305480957
2008-12-24,25.217439651489258,868.1500244140625,44.209999084472656,2.178999900817871,90.5,83.45999908447266,73.35552978515625,8468.48046875,1524.9000244140625,63.54716873168945
2008-12-29,25.001096725463867,869.4199829101562,43.900001525878906,2.0959999561309814,90.6520004272461,86.3499984741211,73.50993347167969,8483.9296875,1510.3199462890625,63.73051834106445
2008-12-30,25.52032470703125,890.6400146484375,41.630001068115234,2.0869998931884766,90.29000091552734,85.9000015258789,74.21004486083984,8668.3896484375,1550.699951171875,65.24110412597656
2008-12-31,25.736677169799805,903.25,40.0,2.24399995803833,90.6500015258789,86.5199966430664,72.65768432617188,8776.3896484375,1577.030029296875,66.17235565185547
2009-01-05,26.84438133239746,927.4500122070312,39.08000183105469,2.48799991607666,93.21700286865234,84.4800033569336,69.0050048828125,8952.8896484375,1628.030029296875,68.08624267578125
2009-01-06,27.112653732299805,934.7000122070312,38.560001373291016,2.505000114440918,93.37999725341797,85.12999725341797,68.31099700927734,9015.099609375,1652.3800048828125,68.5409164428711
2009-01-07,26.342449188232422,906.6500244140625,43.38999938964844,2.49399995803833,92.68000030517578,82.75,68.57889556884766,8769.7001953125,1599.06005859375,66.48765563964844
2009-01-08,26.619375228881836,909.72998046875,42.560001373291016,2.444999933242798,91.36000061035156,84.45999908447266,68.52407836914062,8742.4599609375,1617.010009765625,66.75899505615234
2009-01-09,26.022253036499023,890.3499755859375,42.81999969482422,2.4070000648498535,90.37000274658203,83.91999816894531,68.62755584716797,8599.1796875,1571.5899658203125,65.3291015625
2009-01-12,25.546289443969727,870.260009765625,45.84000015258789,2.309000015258789,89.43000030517578,80.76000213623047,69.33983612060547,8473.9697265625,1538.7900390625,63.75983428955078
2009-01-13,25.55495262145996,871.7899780273438,43.27000045776367,2.296999931335449,89.34100341796875,80.87999725341797,69.412841796875,8448.5595703125,1546.4599609375,63.87714767456055
2009-01-14,24.77609634399414,842.6199951171875,49.13999938964844,2.2130000591278076,89.16000366210938,79.79000091552734,70.557373046875,8200.1396484375,1489.6400146484375,61.867942810058594
2009-01-15,25.18283462524414,843.739990234375,51.0,2.2009999752044678,89.94000244140625,80.38999938964844,70.67298889160156,8212.490234375,1511.8399658203125,61.88994216918945
2009-01-16,25.459754943847656,850.1199951171875,46.11000061035156,2.303999900817871,90.9000015258789,82.70999908447266,69.58338165283203,8281.2197265625,1529.3299560546875,62.37389373779297
2009-01-21,25.226099014282227,840.239990234375,46.41999816894531,2.5260000228881836,89.05000305175781,84.1500015258789,67.37349700927734,8228.099609375,1507.0699462890625,61.6332893371582
2009-01-22,24.88860321044922,827.5,47.290000915527344,2.5940001010894775,89.1259994506836,84.58000183105469,66.07672882080078,8122.7998046875,1465.489990234375,60.679988861083984
2009-01-23,25.00975227355957,831.9500122070312,47.27000045776367,2.621999979019165,88.76000213623047,88.52999877929688,65.559326171875,8077.56005859375,1477.2900390625,60.94398880004883
2009-01-26,25.191486358642578,836.5700073242188,45.689998626708984,2.6429998874664307,89.23999786376953,88.94999694824219,64.98703002929688,8116.02978515625,1489.4599609375,61.36195755004883
2009-01-27,25.37322425842285,845.7100219726562,42.25,2.5190000534057617,89.33000183105469,88.37999725341797,66.51506805419922,8174.72998046875,1504.9000244140625,61.985267639160156
2009-01-28,26.264568328857422,874.0900268554688,39.65999984741211,2.6559998989105225,90.46199798583984,87.41999816894531,64.85311889648438,8375.4501953125,1558.3399658203125,64.08248901367188
2009-01-29,25.59821891784668,845.1400146484375,42.630001068115234,2.815000057220459,89.91000366210938,89.5,63.361656188964844,8149.009765625,1507.8399658203125,61.99993133544922
2009-01-30,25.14821434020996,825.8800048828125,44.84000015258789,2.8440001010894775,89.9000015258789,91.30999755859375,63.16072463989258,8000.85986328125,1476.4200439453125,60.73867416381836
2009-02-02,25.45110511779785,825.4400024414062,45.52000045776367,2.7190001010894775,89.36000061035156,88.83999633789062,64.33587646484375,7936.75,1494.4300537109375,60.55532455444336
2009-02-03,25.84918212890625,838.510009765625,43.060001373291016,2.8420000076293945,89.37000274658203,88.47000122070312,62.803619384765625,8078.35986328125,1516.300048828125,61.40597152709961
2009-02-04,25.883798599243164,832.22998046875,43.849998474121094,2.9140000343322754,89.41999816894531,89.18000030517578,62.58385467529297,7956.66015625,1515.050048828125,61.105323791503906
2009-02-05,26.454954147338867,845.8499755859375,43.72999954223633,2.9000000953674316,91.1500015258789,90.12000274658203,62.63882064819336,8063.06982421875,1546.239990234375,62.01460647583008
2009-02-06,27.147260665893555,868.5999755859375,43.369998931884766,2.9790000915527344,91.91999816894531,89.58999633789062,62.44342803955078,8280.58984375,1591.7099609375,63.781829833984375
2009-02-09,27.259767532348633,869.8900146484375,43.63999938964844,3.0269999504089355,91.30999755859375,88.31999969482422,62.64491653442383,8270.8701171875,1591.56005859375,63.869815826416016
2009-02-10,26.255908966064453,827.1599731445312,46.66999816894531,2.8469998836517334,90.44400024414062,90.20999908447266,64.00621795654297,7888.8798828125,1524.72998046875,60.94398880004883
2009-02-11,26.1347599029541,833.739990234375,44.529998779296875,2.76200008392334,90.29000091552734,92.29000091552734,64.83639526367188,7939.52978515625,1530.5,61.30331039428711
2009-02-12,26.454954147338867,835.1900024414062,41.25,2.7269999980926514,90.66999816894531,93.16999816894531,64.22598266601562,7932.759765625,1541.7099609375,61.34728240966797
2009-02-13,26.333791732788086,826.8400268554688,42.93000030517578,2.881999969482422,91.86000061035156,92.55000305175781,62.5167121887207,7850.41015625,1534.3599853515625,60.687339782714844
2009-02-18,25.303983688354492,788.4199829101562,48.459999084472656,2.7279999256134033,93.62999725341797,96.91000366210938,63.91464614868164,7555.6298828125,1467.969970703125,57.952171325683594
2009-02-19,24.914562225341797,778.9400024414062,47.08000183105469,2.8570001125335693,94.01100158691406,95.7699966430664,62.828041076660156,7465.9501953125,1442.8199462890625,57.328819274902344
2009-02-20,24.983783721923828,770.0499877929688,49.29999923706055,2.7720000743865967,93.33999633789062,97.80000305175781,63.43845748901367,7365.669921875,1441.22998046875,56.77153778076172
2009-02-23,24.109745025634766,743.3300170898438,52.619998931884766,2.7769999504089355,94.4000015258789,97.7300033569336,64.0245361328125,7114.77978515625,1387.719970703125,54.740333557128906
2009-02-24,24.905906677246094,773.1400146484375,45.4900016784668,2.7990000247955322,96.55000305175781,94.7300033569336,63.95734786987305,7350.93994140625,1441.8299560546875,56.8155632019043
2009-02-25,24.741485595703125,764.9000244140625,44.66999816894531,2.944999933242798,97.38999938964844,93.1500015258789,63.218711853027344,7270.89013671875,1425.4300537109375,56.36824417114258
2009-02-26,24.049165725708008,752.8300170898438,44.65999984741211,2.9779999256134033,98.33399963378906,93.05999755859375,62.553382873535156,7182.080078125,1391.469970703125,55.45162582397461
2009-02-27,23.824169158935547,735.0900268554688,46.349998474121094,3.0409998893737793,97.62000274658203,92.62999725341797,62.19315719604492,7062.93017578125,1377.8399658203125,54.21234130859375
2009-03-02,23.053970336914062,700.8200073242188,52.650001525878906,2.9189999103546143,97.05400085449219,90.93000030517578,63.22279357910156,6763.2900390625,1322.8499755859375,51.7704963684082
2009-03-03,23.036666870117188,696.3300170898438,50.93000030517578,2.937999963760376,98.53500366210938,90.04000091552734,62.80038070678711,6726.02001953125,1321.010009765625,51.3818244934082
2009-03-04,23.651086807250977,712.8699951171875,47.560001373291016,3.010999917984009,98.99199676513672,88.98999786376953,62.512733459472656,6875.83984375,1353.739990234375,52.599124908447266
2009-03-05,22.941482543945312,682.5499877929688,50.16999816894531,2.819000005722046,98.12999725341797,91.98999786376953,64.25120544433594,6594.43994140625,1299.5899658203125,50.45054244995117
2009-03-06,22.759742736816406,683.3800048828125,49.33000183105469,2.828000068664551,98.33999633789062,92.29000091552734,63.82270431518555,6626.93994140625,1293.8499755859375,50.53854751586914
2009-03-09,22.275121688842773,676.530029296875,49.68000030517578,2.885999917984009,98.91999816894531,90.56999969482422,63.44930648803711,6547.0498046875,1268.6400146484375,49.944610595703125
2009-03-10,23.651086807250977,719.5999755859375,44.369998931884766,2.9820001125335693,98.77999877929688,88.13999938964844,62.231109619140625,6926.490234375,1358.280029296875,52.921749114990234
2009-03-11,24.014556884765625,721.3599853515625,43.61000061035156,2.9159998893737793,97.25,89.22000122070312,62.90449905395508,6930.39990234375,1371.6400146484375,53.26640701293945
2009-03-12,24.81070899963379,750.739990234375,41.18000030517578,2.8919999599456787,97.31999969482422,91.0999984741211,63.204376220703125,7170.06005859375,1426.0999755859375,55.363624572753906
2009-03-13,24.87128448486328,756.5499877929688,42.36000061035156,2.884999990463257,97.94000244140625,91.30000305175781,62.8861198425293,7223.97998046875,1431.5,55.79627227783203
2009-03-16,24.455913543701172,753.8900146484375,43.7400016784668,2.9509999752044678,98.19999694824219,90.80000305175781,61.89442825317383,7216.97021484375,1404.02001953125,55.627620697021484
2009-03-17,25.381874084472656,778.1199951171875,40.79999923706055,3.003000020980835,98.78099822998047,90.04000091552734,61.55769348144531,7395.7001953125,1462.1099853515625,57.328819274902344
2009-03-18,25.70206642150879,794.3499755859375,40.060001373291016,2.5329999923706055,96.4010009765625,93.08999633789062,63.890052795410156,7486.580078125,1491.219970703125,58.61212158203125
2009-03-19,25.684772491455078,784.0399780273438,43.68000030517578,2.5969998836517334,94.44999694824219,94.3499984741211,63.9696159362793,7400.7998046875,1483.47998046875,57.88615417480469
2009-03-20,25.293821334838867,768.5399780273438,45.88999938964844,2.625,95.93000030517578,93.58999633789062,63.61453628540039,7278.3798828125,1457.27001953125,56.653507232666016
2009-03-23,26.784748077392578,822.9199829101562,43.22999954223633,2.6600000858306885,97.09200286865234,92.08000183105469,63.06362533569336,7775.85986328125,1555.77001953125,60.72286605834961
2009-03-24,26.29066276550293,806.1199951171875,42.93000030517578,2.6540000438690186,98.33999633789062,90.94999694824219,63.66352844238281,7659.97021484375,1516.52001953125,59.52647018432617
2009-03-25,26.412025451660156,813.8800048828125,42.25,2.7720000743865967,97.7300033569336,91.9800033569336,62.80656814575195,7749.81005859375,1528.949951171875,60.154197692871094
2009-03-26,27.226825714111328,832.8599853515625,40.36000061035156,2.7330000400543213,98.69999694824219,91.93000030517578,63.534950256347656,7924.56005859375,1587.0,61.38018798828125
2009-03-27,26.71540641784668,815.9400024414062,41.040000915527344,2.760999917984009,97.8499984741211,90.69000244140625,64.00631713867188,7776.18017578125,1545.199951171875,60.272361755371094
2009-03-30,26.056617736816406,787.530029296875,45.540000915527344,2.7139999866485596,97.43199920654297,89.9800033569336,64.25120544433594,7522.02001953125,1501.800048828125,58.18971633911133
2009-03-31,26.281999588012695,797.8699951171875,44.13999938964844,2.684999942779541,98.97000122070312,90.27999877929688,64.71034240722656,7608.919921875,1528.5899658203125,58.72884750366211
2009-04-01,26.672061920166016,811.0800170898438,42.279998779296875,2.6579999923706055,98.66000366210938,91.02999877929688,65.30089569091797,7761.60009765625,1551.5999755859375,59.86620330810547
2009-04-02,27.530208587646484,834.3800048828125,42.040000915527344,2.752000093460083,99.55999755859375,88.80000305175781,64.50281524658203,7978.080078125,1602.6300048828125,61.61652755737305
2009-04-03,28.041648864746094,842.5,39.70000076293945,2.9070000648498535,100.30000305175781,87.58999633789062,63.182926177978516,8017.58984375,1621.8699951171875,62.229530334472656
2009-04-06,27.972301483154297,835.47998046875,40.93000030517578,2.938999891281128,100.76000213623047,85.2699966430664,62.912803649902344,7975.85009765625,1606.7099609375,61.742088317871094
2009-04-07,27.235496520996094,815.5499877929688,40.38999938964844,2.9089999198913574,100.69000244140625,86.73999786376953,63.072444915771484,7789.56005859375,1561.6099853515625,60.30188751220703
2009-04-08,27.694915771484375,825.1599731445312,38.849998474121094,2.8469998836517334,99.73999786376953,86.61000061035156,63.63106918334961,7837.10986328125,1590.6600341796875,60.95186996459961
2009-04-09,28.553050994873047,856.5599975585938,36.529998779296875,2.9260001182556152,100.44000244140625,86.30999755859375,62.832969665527344,8083.3798828125,1652.5400390625,63.374237060546875
2009-04-14,28.162994384765625,841.5,37.66999816894531,2.7860000133514404,98.97000122070312,87.37000274658203,63.741554260253906,7920.18017578125,1625.719970703125,62.29600524902344
2009-04-15,28.084980010986328,852.0599975585938,36.16999816894531,2.759000062942505,99.2300033569336,87.5,63.63106918334961,8029.6201171875,1626.800048828125,62.9606819152832
2009-04-16,28.813106536865234,865.2999877929688,35.790000915527344,2.8299999237060547,99.33000183105469,85.80999755859375,63.12765121459961,8125.43017578125,1670.43994140625,63.88386535644531
2009-04-17,28.87380027770996,869.5999755859375,33.939998626708984,2.930000066757202,99.08000183105469,85.22000122070312,62.433937072753906,8131.330078125,1673.0699462890625,64.31217956542969
2009-04-20,27.946292877197266,832.3900146484375,39.18000030517578,2.8429999351501465,98.06600189208984,86.94999694824219,63.37939453125,7841.72998046875,1608.2099609375,61.61652755737305
2009-04-21,28.336366653442383,850.0800170898438,37.13999938964844,2.9019999504089355,98.63999938964844,86.88999938964844,62.7531623840332,7969.56005859375,1643.8499755859375,62.82033157348633
2009-04-22,28.42304229736328,843.5499877929688,38.099998474121094,2.9639999866485596,98.12999725341797,87.37999725341797,62.37254333496094,7886.56982421875,1646.1199951171875,62.436309814453125
2009-04-23,28.700424194335938,851.9199829101562,37.150001525878906,2.927000045776367,97.91999816894531,88.80000305175781,62.36641311645508,7957.06005859375,1652.2099609375,63.049285888671875
2009-04-24,29.203189849853516,866.22998046875,36.81999969482422,2.996000051498413,97.20999908447266,89.72000122070312,61.74026870727539,8076.2900390625,1694.2900390625,64.00199890136719
2009-04-27,29.237842559814453,857.510009765625,38.31999969482422,2.9210000038146973,96.52999877929688,89.01000213623047,62.00420379638672,8025.0,1679.4100341796875,63.396419525146484
2009-04-28,29.02115249633789,855.1599731445312,37.95000076293945,3.002000093460083,96.52999877929688,87.75,60.99128341674805,8016.9501953125,1673.81005859375,63.1970100402832
2009-04-29,29.419878005981445,873.6400146484375,36.08000183105469,3.0959999561309814,97.47000122070312,88.33000183105469,60.45109176635742,8185.72998046875,1711.93994140625,64.5411605834961
2009-04-30,29.714601516723633,872.8099975585938,36.5,3.124000072479248,98.69000244140625,87.2699966430664,60.211578369140625,8168.1201171875,1717.300048828125,64.56328582763672
2009-05-01,29.792619705200195,877.52001953125,35.29999923706055,3.1740000247955322,99.19000244140625,86.94999694824219,59.797210693359375,8212.41015625,1719.199951171875,64.91040802001953
2009-05-04,30.382049560546875,907.239990234375,34.529998779296875,3.1570000648498535,98.83000183105469,88.63999938964844,59.9942626953125,8426.740234375,1763.56005859375,67.1186752319336
2009-05-05,30.35605239868164,903.7999877929688,33.36000061035156,3.1570000648498535,98.91999816894531,88.25,59.9203987121582,8410.650390625,1754.1199951171875,66.88973236083984
2009-05-06,30.36471176147461,919.530029296875,32.45000076293945,3.1519999504089355,98.41000366210938,89.54000091552734,59.77876663208008,8512.2802734375,1759.0999755859375,68.04923248291016
2009-05-07,29.653928756713867,907.3900146484375,33.439998626708984,3.2950000762939453,99.12799835205078,89.44000244140625,58.31936264038086,8409.849609375,1716.239990234375,67.1038818359375
2009-05-08,29.671249389648438,929.22998046875,32.04999923706055,3.2929999828338623,98.44999694824219,89.9800033569336,58.46103286743164,8574.650390625,1739.0,68.66961669921875
2009-05-11,29.775285720825195,909.239990234375,32.869998931884766,3.180000066757202,97.5,89.69000244140625,59.292293548583984,8418.76953125,1731.239990234375,67.38453674316406
2009-05-12,29.411224365234375,908.3499755859375,31.799999237060547,3.174999952316284,96.45999908447266,90.69999694824219,59.507808685302734,8469.1103515625,1715.9200439453125,67.18513488769531
2009-05-13,28.622406005859375,883.9199829101562,33.650001525878906,3.1050000190734863,95.37000274658203,91.08999633789062,60.154361724853516,8284.8896484375,1664.18994140625,65.49384307861328
2009-05-14,28.943132400512695,893.0700073242188,31.3700008392334,3.1070001125335693,96.0,91.02999877929688,60.38836669921875,8331.3203125,1689.2099609375,66.0551528930664
2009-05-15,28.925798416137695,882.8800048828125,33.119998931884766,3.122999906539917,95.11000061035156,91.55000305175781,60.369895935058594,8268.6396484375,1680.1400146484375,65.5160140991211
2009-05-18,29.67991828918457,909.7100219726562,30.239999771118164,3.2109999656677246,96.37300109863281,90.36000061035156,59.433929443359375,8504.080078125,1732.3599853515625,67.37716674804688
2009-05-19,29.8186092376709,908.1300048828125,28.799999237060547,3.243000030517578,96.11699676513672,90.95999908447266,59.119876861572266,8474.849609375,1734.5400390625,67.2959213256836
2009-05-20,29.714601516723633,903.469970703125,29.030000686645508,3.2019999027252197,94.91100311279297,92.25,59.74180603027344,8422.0400390625,1727.8399658203125,66.84538269042969
2009-05-21,29.168516159057617,888.3300170898438,31.350000381469727,3.3529999256134033,94.12999725341797,93.8499984741211,58.239322662353516,8292.1298828125,1695.25,65.88530731201172
2009-05-22,29.073156356811523,887.0,32.630001068115234,3.447999954223633,94.73999786376953,94.1500015258789,57.592769622802734,8277.3203125,1692.010009765625,65.7449722290039
2009-05-27,29.94864273071289,893.0599975585938,32.36000061035156,3.694999933242798,95.37999725341797,93.44999694824219,55.72085189819336,8300.01953125,1731.0799560546875,66.22505187988281
2009-05-28,30.29537010192871,906.8300170898438,31.670000076293945,3.671999931335449,96.7979965209961,94.23999786376953,56.527503967285156,8403.7998046875,1751.7900390625,67.14820098876953
2009-05-29,30.668100357055664,919.1400146484375,28.920000076293945,3.4649999141693115,95.43000030517578,96.19999694824219,57.986873626708984,8500.330078125,1774.3299560546875,68.33724212646484
2009-06-01,31.543611526489258,942.8699951171875,30.040000915527344,3.7149999141693115,96.52200317382812,95.7300033569336,56.27257537841797,8721.4404296875,1828.6800537109375,69.99158477783203
2009-06-02,31.586944580078125,944.739990234375,29.6299991607666,3.6440000534057617,95.60099792480469,96.36000061035156,56.57526779174805,8740.8701171875,1836.800048828125,70.0506362915039
2009-06-03,31.49159049987793,931.760009765625,31.020000457763672,3.5510001182556152,96.06999969482422,94.41000366210938,57.106483459472656,8675.240234375,1825.9200439453125,69.1644287109375
2009-06-04,31.84698486328125,942.4600219726562,30.18000030517578,3.7160000801086426,96.64299774169922,96.2300033569336,55.92660140991211,8750.240234375,1850.02001953125,69.8143310546875
2009-06-05,31.881662368774414,940.0900268554688,29.6200008392334,3.861999988555908,98.80999755859375,93.70999908447266,55.50035095214844,8763.1298828125,1849.4200439453125,69.82909393310547
2009-06-08,31.786293029785156,939.1400146484375,29.770000457763672,3.8889999389648438,98.45700073242188,93.55999755859375,55.35826110839844,8764.490234375,1842.4000244140625,69.54109191894531
2009-06-09,32.029029846191406,942.4299926757812,28.270000457763672,3.8580000400543213,97.47699737548828,93.83000183105469,55.352088928222656,8763.0595703125,1860.1300048828125,69.89556121826172
2009-06-10,31.91632652282715,939.1500244140625,28.459999084472656,3.936000108718872,98.14900207519531,93.86000061035156,54.48103332519531,8739.01953125,1853.0799560546875,69.71832275390625
2009-06-11,31.91632652282715,944.8900146484375,28.110000610351562,3.861999988555908,97.62999725341797,93.69999694824219,55.08641052246094,8770.919921875,1862.3699951171875,70.02848815917969
2009-06-12,31.768959045410156,946.2100219726562,28.149999618530273,3.7880001068115234,98.37000274658203,92.16999816894531,55.5806999206543,8799.259765625,1858.800048828125,70.22051239013672
2009-06-15,31.118858337402344,923.719970703125,30.809999465942383,3.7130000591278076,97.81900024414062,91.0999984741211,56.0810546875,8612.1298828125,1816.3800048828125,68.61050415039062
2009-06-16,30.815462112426758,911.969970703125,32.68000030517578,3.6740000247955322,96.5,91.93000030517578,57.057106018066406,8504.669921875,1796.1800537109375,67.67997741699219
2009-06-17,31.110183715820312,910.7100219726562,31.540000915527344,3.6470000743865967,95.73999786376953,92.3499984741211,56.73585891723633,8497.1796875,1808.06005859375,67.61347198486328
2009-06-18,31.04950523376465,918.3699951171875,30.030000686645508,3.8340001106262207,96.56999969482422,91.61000061035156,55.87717819213867,8555.599609375,1807.719970703125,68.10832214355469
2009-06-19,31.382774353027344,921.22998046875,27.989999771118164,3.7890000343322754,96.76000213623047,91.9000015258789,56.64323043823242,8539.73046875,1827.469970703125,68.359375
2009-06-22,30.445459365844727,893.0399780273438,31.170000076293945,3.693000078201294,95.8499984741211,90.54000091552734,57.1930046081543,8339.009765625,1766.18994140625,66.3094482421875
2009-06-23,30.376022338867188,895.0999755859375,30.579999923706055,3.640000104904175,95.11900329589844,90.91999816894531,57.866397857666016,8322.91015625,1764.9200439453125,66.36143493652344
2009-06-24,30.888086318969727,900.9400024414062,29.049999237060547,3.684999942779541,95.8479995727539,91.44999694824219,57.28567123413086,8299.8603515625,1792.3399658203125,66.933349609375
2009-06-25,31.495624542236328,920.260009765625,26.360000610351562,3.5460000038146973,95.94300079345703,92.30999755859375,58.33589172363281,8472.400390625,1829.5400390625,68.38907623291016
2009-06-26,31.565027236938477,918.9000244140625,25.93000030517578,3.50600004196167,95.20999908447266,92.29000091552734,58.43473434448242,8438.3896484375,1838.219970703125,68.21080780029297
2009-06-29,31.634464263916016,927.22998046875,25.350000381469727,3.492000102996826,96.09200286865234,92.04000091552734,58.521270751953125,8529.3798828125,1844.06005859375,68.84953308105469
2009-06-30,31.573711395263672,919.3200073242188,26.350000381469727,3.5230000019073486,96.33100128173828,91.18000030517578,58.422386169433594,8447.0,1835.0400390625,68.2925033569336
2009-07-01,31.591083526611328,923.3300170898438,26.219999313354492,3.5439999103546143,96.62000274658203,92.38999938964844,58.306522369384766,8504.0595703125,1845.719970703125,68.5747299194336
2009-07-02,30.89676284790039,896.4199829101562,27.950000762939453,3.494999885559082,95.9520034790039,91.25,58.442840576171875,8280.740234375,1796.52001953125,66.70309448242188
2009-07-07,29.96811866760254,881.030029296875,30.850000381469727,3.4600000381469727,94.76899719238281,90.70999908447266,58.72173309326172,8163.60009765625,1746.1700439453125,65.40335083007812
2009-07-08,30.124338150024414,879.5599975585938,31.299999237060547,3.2890000343322754,92.77200317382812,89.2699966430664,59.80632781982422,8178.41015625,1747.1700439453125,65.3587875366211
2009-07-09,30.176410675048828,882.6799926757812,29.780000686645508,3.4130001068115234,93.04000091552734,89.51000213623047,59.093563079833984,8183.169921875,1752.550048828125,65.48503875732422
2009-07-10,30.306596755981445,879.1300048828125,29.020000457763672,3.2950000762939453,92.52999877929688,89.58000183105469,59.639007568359375,8146.52001953125,1756.030029296875,65.32907104492188
2009-07-13,30.888086318969727,901.0499877929688,26.309999465942383,3.3459999561309814,93.02200317382812,90.19000244140625,59.30424880981445,8331.6796875,1793.2099609375,66.91848754882812
2009-07-14,31.00090980529785,905.8400268554688,25.020000457763672,3.447000026702881,93.4209976196289,90.80999755859375,58.31890869140625,8359.490234375,1799.72998046875,67.2972640991211
2009-07-15,32.04236602783203,932.6799926757812,25.889999389648438,3.5959999561309814,94.177001953125,92.23999786376953,56.81905746459961,8616.2099609375,1862.9000244140625,69.26547241210938
2009-07-16,32.42422866821289,940.739990234375,25.420000076293945,3.556999921798706,93.7760009765625,91.9800033569336,57.43266296386719,8711.8203125,1885.030029296875,69.154052734375
2009-07-17,32.59781265258789,940.3800048828125,24.34000015258789,3.6510000228881836,94.20999908447266,91.93000030517578,56.5463981628418,8743.9404296875,1886.6099853515625,69.91162109375
2009-07-20,32.910255432128906,951.1300048828125,24.399999618530273,3.5850000381469727,94.13999938964844,93.27999877929688,56.8438606262207,8848.150390625,1909.2900390625,70.65432739257812
2009-07-21,33.13591003417969,954.5800170898438,23.8700008392334,3.4769999980926514,93.53299713134766,93.12999725341797,57.977996826171875,8915.9404296875,1916.199951171875,70.98110961914062
2009-07-22,33.41363525390625,954.0700073242188,23.469999313354492,3.553999900817871,93.56900024414062,93.44000244140625,57.45747756958008,8881.259765625,1926.3800048828125,70.96622467041016
2009-07-23,34.15133285522461,976.2899780273438,23.43000030517578,3.7090001106262207,94.93000030517578,93.26000213623047,56.403831481933594,9069.2900390625,1973.5999755859375,72.53338623046875
2009-07-24,33.89097213745117,979.260009765625,23.09000015258789,3.6700000762939453,94.87000274658203,93.41000366210938,56.67654800415039,9093.240234375,1965.9599609375,72.83048248291016
2009-07-27,34.15133285522461,982.1799926757812,24.280000686645508,3.7130000591278076,95.16000366210938,93.70999908447266,56.025794982910156,9108.509765625,1967.8900146484375,73.04586791992188
2009-07-28,33.9170036315918,979.6199951171875,25.010000228881836,3.687999963760376,94.37999725341797,92.11000061035156,56.521602630615234,9096.7197265625,1975.510009765625,72.7042236328125
2009-07-29,34.14266586303711,975.1500244140625,25.610000610351562,3.6640000343322754,95.0999984741211,91.19999694824219,56.831478118896484,9070.7197265625,1967.760009765625,72.52596282958984
2009-07-30,34.34226608276367,986.75,25.399999618530273,3.6410000324249268,95.55999755859375,91.62000274658203,57.63719940185547,9154.4599609375,1984.300048828125,73.28353118896484
2009-07-31,34.23812484741211,987.47998046875,25.920000076293945,3.500999927520752,94.63999938964844,93.3499984741211,58.7589225769043,9171.6103515625,1978.5,73.38751983642578
2009-08-03,34.750179290771484,1002.6300048828125,25.559999465942383,3.6389999389648438,95.16699981689453,93.87000274658203,57.8684196472168,9286.5595703125,2008.6099853515625,74.59812927246094
2009-08-04,34.750179290771484,1005.6500244140625,24.889999389648438,3.678999900817871,95.29000091552734,94.68000030517578,57.40831756591797,9320.1904296875,2011.31005859375,74.7912368774414
2009-08-05,34.481136322021484,1002.719970703125,24.899999618530273,3.7639999389648438,94.7959976196289,94.77999877929688,56.550148010253906,9280.9697265625,1993.050048828125,74.57582092285156
2009-08-06,34.177371978759766,997.0800170898438,25.670000076293945,3.746000051498413,95.48400115966797,94.5999984741211,56.74291229248047,9256.259765625,1973.1600341796875,74.18964385986328
2009-08-07,34.61130905151367,1010.47998046875,24.760000228881836,3.8540000915527344,97.43000030517578,93.75,56.270328521728516,9370.0703125,2000.25,75.16259765625
2009-08-10,34.36830520629883,1007.0999755859375,24.989999771118164,3.7709999084472656,97.01000213623047,92.93000030517578,56.9730339050293,9337.9501953125,1992.239990234375,75.00663757324219
2009-08-11,34.0732307434082,994.3499755859375,25.989999771118164,3.693000078201294,95.91999816894531,92.79000091552734,57.63216781616211,9241.4501953125,1969.72998046875,74.07083129882812
2009-08-12,34.60264205932617,1005.8099975585938,25.450000762939453,3.7009999752044678,96.15699768066406,92.94999694824219,57.016544342041016,9361.6103515625,1998.719970703125,74.86553192138672
2009-08-13,34.79356002807617,1012.72998046875,24.709999084472656,3.5910000801086426,95.2699966430664,93.72000122070312,57.824913024902344,9398.1904296875,2009.3499755859375,75.4374008178711
2009-08-14,34.394344329833984,1004.0900268554688,24.270000457763672,3.558000087738037,94.86000061035156,93.0,58.04875946044922,9321.400390625,1985.52001953125,74.85807037353516
2009-08-17,33.39626693725586,979.72998046875,27.889999389648438,3.490999937057495,94.43000030517578,91.61000061035156,58.90694808959961,9135.33984375,1930.8399658203125,73.01618957519531
2009-08-18,33.873626708984375,989.6699829101562,26.18000030517578,3.5260000228881836,94.83999633789062,92.05999755859375,58.56490707397461,9217.9404296875,1955.9200439453125,73.5954818725586
2009-08-19,34.107940673828125,996.4600219726562,26.260000228881836,3.4630000591278076,94.11000061035156,92.52999877929688,59.049903869628906,9279.16015625,1969.239990234375,74.24164581298828
2009-08-20,34.50716018676758,1007.3699951171875,25.09000015258789,3.434999942779541,94.25700378417969,92.2699966430664,59.53502655029297,9350.0498046875,1989.219970703125,75.00663757324219
2009-08-21,34.9671516418457,1026.1300048828125,25.010000228881836,3.555999994277954,94.37000274658203,93.6500015258789,58.3099365234375,9505.9599609375,2020.9000244140625,76.47721099853516
2009-08-24,34.932437896728516,1025.5699462890625,25.139999389648438,3.49399995803833,94.38999938964844,92.33999633789062,59.36705780029297,9509.2802734375,2017.97998046875,76.46977996826172
2009-08-25,35.03657913208008,1028.0,24.920000076293945,3.450000047683716,93.9000015258789,92.76000213623047,59.70288848876953,9539.2900390625,2024.22998046875,76.61834716796875
2009-08-26,34.97581100463867,1028.1199951171875,24.950000762939453,3.437999963760376,94.08000183105469,92.79000091552734,59.97649002075195,9543.51953125,2024.4300537109375,76.62576293945312
2009-08-27,35.06262969970703,1030.97998046875,24.68000030517578,3.4619998931884766,93.62999725341797,93.19000244140625,59.74020767211914,9580.6298828125,2027.72998046875,76.79656982421875
2009-08-28,35.097320556640625,1028.9300537109375,24.760000228881836,3.4509999752044678,93.55999755859375,93.87000274658203,60.01380157470703,9544.2001953125,2028.77001953125,76.78170776367188
2009-08-31,34.74149703979492,1020.6199951171875,26.010000228881836,3.4010000228881836,92.87000274658203,93.4000015258789,60.06981658935547,9496.2802734375,2009.06005859375,76.0984115600586
2009-09-01,34.09058380126953,998.0399780273438,29.149999618530273,3.375,92.70700073242188,93.9000015258789,59.92439651489258,9310.599609375,1968.8900146484375,74.41990661621094
2009-09-02,34.064544677734375,994.75,28.899999618530273,3.2950000762939453,92.20899963378906,96.19000244140625,60.79771041870117,9280.669921875,1967.0699462890625,74.13766479492188
2009-09-03,34.29019546508789,1003.239990234375,27.100000381469727,3.328000068664551,92.68699645996094,97.45999908447266,60.4234733581543,9344.6103515625,1983.199951171875,74.75411224365234
2009-09-04,35.027896881103516,1016.4000244140625,25.260000228881836,3.441999912261963,92.97000122070312,97.52999877929688,59.39413833618164,9441.26953125,2018.780029296875,75.80133819580078
2009-09-09,35.66144943237305,1033.3699951171875,24.31999969482422,3.4790000915527344,92.12999725341797,97.08000183105469,58.90757751464844,9547.2197265625,2060.389892578125,77.04169464111328
2009-09-10,35.99994659423828,1044.1400146484375,23.549999237060547,3.3420000076293945,91.68699645996094,97.69999694824219,59.9930534362793,9627.48046875,2084.02001953125,77.82893371582031
2009-09-11,36.034645080566406,1042.72998046875,24.149999618530273,3.3429999351501465,90.66000366210938,98.77999877929688,60.32365798950195,9605.41015625,2080.89990234375,77.81407928466797
2009-09-14,36.173500061035156,1049.3399658203125,23.860000610351562,3.4059998989105225,90.87000274658203,97.95999908447266,59.724822998046875,9626.7998046875,2091.780029296875,78.19287872314453
2009-09-15,36.286346435546875,1052.6300048828125,23.420000076293945,3.4519999027252197,90.89800262451172,98.9000015258789,59.41913986206055,9683.41015625,2102.639892578125,78.51966857910156
2009-09-16,36.81575012207031,1068.760009765625,23.690000534057617,3.4709999561309814,91.0199966430664,99.91000366210938,59.525150299072266,9791.7099609375,2133.14990234375,79.70800018310547
2009-09-17,36.807071685791016,1065.489990234375,23.649999618530273,3.3980000019073486,91.20600128173828,99.33999633789062,60.2737922668457,9783.919921875,2126.75,79.58918762207031
2009-09-18,36.8687629699707,1068.300048828125,23.920000076293945,3.4739999771118164,91.2699966430664,98.66999816894531,59.73725891113281,9820.2001953125,2132.860107421875,79.63993835449219
2009-09-21,36.981693267822266,1064.6600341796875,24.059999465942383,3.486999988555908,92.0260009765625,98.36000061035156,59.87451171875,9778.8603515625,2138.0400390625,79.43842315673828
2009-09-22,37.05118942260742,1071.6600341796875,23.079999923706055,3.4560000896453857,90.70999908447266,99.66999816894531,59.99929428100586,9829.8701171875,2146.300048828125,79.90111541748047
2009-09-23,36.87742233276367,1060.8699951171875,23.489999771118164,3.4179999828338623,91.3270034790039,98.83000183105469,60.18016052246094,9748.5498046875,2131.419921875,79.2369613647461
2009-09-24,36.54732131958008,1050.780029296875,24.950000762939453,3.38100004196167,90.822998046875,97.55000305175781,60.3548469543457,9707.4404296875,2107.610107421875,78.36383819580078
2009-09-25,36.225868225097656,1044.3800048828125,25.610000610351562,3.3289999961853027,89.80999755859375,97.0,61.12213897705078,9665.1904296875,2090.919921875,77.9459228515625
2009-09-28,36.842689514160156,1062.97998046875,24.8799991607666,3.302000045776367,89.86199951171875,97.05000305175781,61.658634185791016,9789.3603515625,2130.739990234375,79.34140014648438
2009-09-29,36.677616119384766,1060.6099853515625,25.190000534057617,3.2920000553131104,90.22100067138672,97.43000030517578,61.60247802734375,9742.2001953125,2124.0400390625,79.10261535644531
2009-09-30,36.70368194580078,1057.0799560546875,25.610000610351562,3.306999921798706,89.87000274658203,98.8499984741211,61.54630661010742,9712.2802734375,2122.419921875,78.79668426513672
2009-10-01,35.6177978515625,1029.8499755859375,28.270000457763672,3.194000005722046,89.5469970703125,97.88999938964844,62.38929748535156,9509.2802734375,2057.47998046875,76.84148406982422
2009-10-02,35.51353454589844,1025.2099609375,28.68000030517578,3.2209999561309814,89.61000061035156,98.37000274658203,61.957496643066406,9487.669921875,2048.110107421875,76.4832534790039
2009-10-05,35.80021667480469,1040.4599609375,26.84000015258789,3.2239999771118164,89.62000274658203,99.81999969482422,61.96372604370117,9599.75,2068.14990234375,77.6250228881836
2009-10-06,36.43437957763672,1054.719970703125,25.700000762939453,3.247999906539917,88.80000305175781,102.27999877929688,61.35050582885742,9731.25,2103.570068359375,78.73698425292969
2009-10-07,36.53864669799805,1057.5799560546875,24.68000030517578,3.174999952316284,88.53800201416016,102.36000061035156,62.07010269165039,9725.580078125,2110.330078125,78.95338439941406
2009-10-08,36.69500732421875,1065.47998046875,24.18000030517578,3.255000114440918,88.76899719238281,103.63999938964844,61.4193000793457,9786.8701171875,2123.929931640625,79.55781555175781
2009-10-09,36.903507232666016,1071.489990234375,23.1200008392334,3.384000062942505,89.73999786376953,102.83999633789062,60.01140213012695,9864.9404296875,2139.280029296875,80.04290008544922
2009-10-12,36.981693267822266,1076.18994140625,23.010000228881836,3.380000114440918,89.70999908447266,103.55999755859375,60.10517883300781,9885.7998046875,2139.139892578125,80.3563003540039
2009-10-13,36.99036407470703,1073.18994140625,22.989999771118164,3.312000036239624,89.81999969482422,104.26000213623047,60.41808319091797,9871.0595703125,2139.889892578125,80.19213104248047
2009-10-14,37.494239807128906,1092.02001953125,22.860000610351562,3.4230000972747803,89.41000366210938,104.18000030517578,59.52323913574219,10015.8603515625,2172.22998046875,81.57270050048828
2009-10-15,37.4073600769043,1096.56005859375,21.719999313354492,3.4700000286102295,90.8270034790039,102.86000061035156,59.2479133605957,10062.9404296875,2173.2900390625,81.87120819091797
2009-10-16,37.16411590576172,1087.6800537109375,21.43000030517578,3.4170000553131104,90.91000366210938,103.18000030517578,59.72975158691406,9995.91015625,2156.800048828125,81.25926971435547
2009-10-19,37.53765106201172,1097.9100341796875,21.489999771118164,3.3949999809265137,90.77300262451172,104.2300033569336,60.19908142089844,10092.1904296875,2176.320068359375,81.93090057373047
2009-10-20,37.546348571777344,1091.06005859375,20.899999618530273,3.3369998931884766,90.7979965209961,103.41999816894531,60.524471282958984,10041.48046875,2163.469970703125,81.49807739257812
2009-10-21,37.47686004638672,1081.4000244140625,22.219999313354492,3.4110000133514404,90.87999725341797,103.75,60.16150665283203,9949.3603515625,2150.72998046875,80.76673889160156
2009-10-22,37.62453842163086,1092.9100341796875,20.690000534057617,3.4210000038146973,91.39600372314453,103.91999816894531,59.86743927001953,10081.3095703125,2165.2900390625,81.58765411376953
2009-10-23,37.46817398071289,1079.5999755859375,22.270000457763672,3.4749999046325684,92.05000305175781,103.48999786376953,59.41685485839844,9972.1796875,2154.469970703125,80.65478515625
2009-10-26,37.34653854370117,1066.949951171875,24.309999465942383,3.553999900817871,92.19999694824219,101.86000061035156,58.64714813232422,9867.9599609375,2141.85009765625,79.78167724609375
2009-10-27,36.781883239746094,1063.4100341796875,24.829999923706055,3.4619998931884766,91.6240005493164,101.8499984741211,59.44812774658203,9882.169921875,2116.090087890625,79.4160385131836
2009-10-28,35.956600189208984,1042.6300048828125,27.90999984741211,3.4110000133514404,90.56999969482422,100.7300033569336,59.72975158691406,9762.6904296875,2059.610107421875,77.91606140136719
2009-10-29,36.564693450927734,1066.1099853515625,24.760000228881836,3.500999927520752,91.48999786376953,102.69000244140625,59.07893371582031,9962.580078125,2097.550048828125,79.58768463134766
2009-10-30,35.58302307128906,1036.18994140625,30.690000534057617,3.3919999599456787,90.08999633789062,102.52999877929688,59.936222076416016,9712.73046875,2045.1099853515625,77.28177642822266
2009-11-02,35.73072814941406,1042.8800048828125,29.780000686645508,3.421999931335449,90.38999938964844,103.94999694824219,59.67130661010742,9789.4404296875,2049.199951171875,77.84894561767578
2009-11-03,35.8436393737793,1045.4100341796875,28.809999465942383,3.4730000495910645,90.38999938964844,106.45999908447266,59.07487487792969,9771.91015625,2057.320068359375,78.09521484375
2009-11-04,35.90447235107422,1046.5,27.719999313354492,3.5460000038146973,90.697998046875,107.0999984741211,58.53499221801758,9802.1396484375,2055.52001953125,78.29666900634766
2009-11-05,36.79056167602539,1066.6300048828125,25.43000030517578,3.5329999923706055,90.7699966430664,106.9800033569336,58.53499221801758,10005.9599609375,2105.320068359375,79.7369155883789
2009-11-06,37.007747650146484,1069.300048828125,24.190000534057617,3.503000020980835,89.87999725341797,107.43000030517578,58.591552734375,10023.419921875,2112.43994140625,79.94588470458984
2009-11-09,37.79827117919922,1093.0799560546875,23.149999618530273,3.4860000610351562,89.8290023803711,108.19000244140625,58.660579681396484,10226.9404296875,2154.06005859375,81.76673126220703
2009-11-10,37.89384841918945,1093.010009765625,22.84000015258789,3.4820001125335693,89.70999908447266,108.38999938964844,58.553810119628906,10246.9697265625,2151.080078125,81.78166198730469
2009-11-11,38.1370964050293,1098.510009765625,23.040000915527344,3.4739999771118164,89.91000366210938,109.5999984741211,58.79869079589844,10291.259765625,2166.89990234375,82.19955444335938
2009-11-12,37.91991424560547,1087.239990234375,24.239999771118164,3.446000099182129,90.27999877929688,108.20999908447266,58.69194030761719,10197.4697265625,2149.02001953125,81.36375427246094
2009-11-13,38.23265075683594,1093.47998046875,23.360000610351562,3.428999900817871,89.66000366210938,109.73999786376953,58.9619026184082,10270.4697265625,2167.8798828125,81.80404663085938
2009-11-16,38.623573303222656,1109.300048828125,22.889999389648438,3.3310000896453857,89.01000213623047,111.62999725341797,59.65248489379883,10406.9599609375,2197.85009765625,82.9905776977539
2009-11-17,38.745182037353516,1110.3199462890625,22.40999984741211,3.319000005722046,89.2300033569336,111.97000122070312,59.97265625,10437.419921875,2203.780029296875,83.08759307861328
2009-11-18,38.52800750732422,1109.800048828125,21.6299991607666,3.365999937057495,89.39800262451172,112.25,59.6210823059082,10426.3095703125,2193.139892578125,83.03535461425781
2009-11-19,37.92858123779297,1094.9000244140625,22.6299991607666,3.3489999771118164,88.9000015258789,112.30000305175781,59.72783660888672,10332.4404296875,2156.820068359375,81.95331573486328
2009-11-20,37.73746871948242,1091.3800048828125,22.190000534057617,3.3559999465942383,88.83000183105469,112.94000244140625,59.71526336669922,10318.16015625,2146.0400390625,81.6622543334961
2009-11-23,38.34556579589844,1106.239990234375,21.15999984741211,3.364000082015991,88.9000015258789,114.29000091552734,59.63993835449219,10450.9501953125,2176.010009765625,82.69953918457031
2009-11-24,38.21527862548828,1105.6500244140625,20.469999313354492,3.316999912261963,88.59300231933594,114.7300033569336,60.01658248901367,10433.7099609375,2169.179931640625,82.826416015625
2009-11-25,38.38033676147461,1110.6300048828125,20.479999542236328,3.2790000438690186,87.36000061035156,116.62000274658203,60.292842864990234,10464.400390625,2176.050048828125,83.11746215820312
2009-11-30,37.84172439575195,1095.6300048828125,24.510000228881836,3.2009999752044678,86.25,115.63999938964844,60.66326904296875,10344.83984375,2144.60009765625,82.04283905029297
2009-12-01,38.23265075683594,1108.8599853515625,21.920000076293945,3.2750000953674316,86.6500015258789,117.37999725341797,59.98748779296875,10471.580078125,2175.81005859375,83.05775451660156
2009-12-02,38.28477478027344,1109.239990234375,21.1200008392334,3.322999954223633,87.55999755859375,119.18000030517578,60.03784942626953,10452.6796875,2185.030029296875,83.02041625976562
2009-12-03,38.12839126586914,1099.9200439453125,22.459999084472656,3.380000114440918,88.25900268554688,118.69999694824219,59.41435241699219,10366.150390625,2173.139892578125,82.37118530273438
2009-12-04,38.328208923339844,1105.97998046875,21.25,3.4830000400543213,90.5199966430664,113.75,58.78453826904297,10388.900390625,2194.35009765625,82.84134674072266
2009-12-07,38.14576721191406,1103.25,22.100000381469727,3.447999954223633,89.29000091552734,113.11000061035156,58.86009979248047,10390.1103515625,2189.610107421875,82.71448516845703
2009-12-08,37.911216735839844,1091.93994140625,23.690000534057617,3.3919999599456787,88.37999725341797,110.94999694824219,58.94828414916992,10285.9697265625,2172.989990234375,81.79654693603516
2009-12-09,38.293460845947266,1095.949951171875,22.65999984741211,3.4230000972747803,88.08999633789062,110.83999633789062,58.677494049072266,10337.0498046875,2183.72998046875,82.1025161743164
2009-12-10,38.48459243774414,1102.3499755859375,22.31999969482422,3.4820001125335693,88.2300033569336,110.81999969482422,58.003597259521484,10405.830078125,2190.860107421875,82.56523132324219
2009-12-11,38.33688735961914,1106.4100341796875,21.59000015258789,3.5399999618530273,89.08999633789062,109.31999969482422,57.9973258972168,10471.5,2190.31005859375,82.91596984863281
2009-12-14,38.70175552368164,1114.1099853515625,21.149999618530273,3.5460000038146973,88.69000244140625,110.23999786376953,58.066593170166016,10501.0498046875,2212.10009765625,83.48309326171875
2009-12-15,38.48459243774414,1107.9300537109375,21.489999771118164,3.6029999256134033,89.51100158691406,110.20999908447266,57.80837631225586,10452.0,2201.050048828125,83.09505462646484
2009-12-16,38.53670883178711,1109.1800537109375,20.540000915527344,3.5959999561309814,89.8499984741211,111.58999633789062,57.739112854003906,10441.1201171875,2206.909912109375,83.221923828125
2009-12-17,38.06760787963867,1096.0799560546875,22.510000228881836,3.486999988555908,89.63999938964844,107.33999633789062,58.690086364746094,10308.259765625,2180.050048828125,82.22193908691406
2009-12-18,38.68802261352539,1102.469970703125,21.68000030517578,3.5460000038146973,90.44000244140625,108.94999694824219,58.43818283081055,10328.8896484375,2211.68994140625,82.68709564208984
2009-12-21,39.12312698364258,1114.050048828125,20.489999771118164,3.681999921798706,91.05699920654297,106.94999694824219,57.39903259277344,10414.1396484375,2237.659912109375,83.52742767333984
2009-12-22,39.358055114746094,1118.02001953125,19.540000915527344,3.74399995803833,91.80500030517578,106.16999816894531,57.07782745361328,10464.9296875,2252.669921875,83.82752227783203
2009-12-23,39.645225524902344,1120.5899658203125,19.709999084472656,3.747999906539917,91.63999938964844,106.55000305175781,57.09042739868164,10466.4404296875,2269.639892578125,83.99259185791016
2009-12-24,40.010684967041016,1126.47998046875,19.469999313354492,3.806999921798706,91.44400024414062,108.36000061035156,56.498451232910156,10520.08984375,2285.68994140625,84.39022064208984
2009-12-29,40.05419158935547,1126.199951171875,20.010000228881836,3.809000015258789,91.97000122070312,107.47000122070312,56.712623596191406,10545.41015625,2288.39990234375,84.45025634765625
2009-12-30,40.17601776123047,1126.4200439453125,19.959999084472656,3.7839999198913574,92.41999816894531,106.93000030517578,57.085479736328125,10548.509765625,2291.280029296875,84.42021942138672
2009-12-31,39.810550689697266,1115.0999755859375,21.68000030517578,3.8429999351501465,92.91000366210938,107.30999755859375,56.81373596191406,10428.0498046875,2269.14990234375,83.60993194580078
2010-01-05,40.393550872802734,1136.52001953125,19.350000381469727,3.755000114440918,91.58499908447266,109.69999694824219,57.12975311279297,10572.01953125,2308.7099609375,85.2530288696289
2010-01-06,40.149925231933594,1137.1400146484375,19.15999984741211,3.808000087738037,92.35600280761719,111.51000213623047,56.364990234375,10573.6796875,2301.090087890625,85.31306457519531
2010-01-07,40.17601776123047,1141.68994140625,19.059999465942383,3.822000026702881,93.38999938964844,110.81999969482422,56.459774017333984,10606.8603515625,2300.050048828125,85.67314910888672
2010-01-08,40.506690979003906,1144.97998046875,18.1299991607666,3.808000087738037,92.66000366210938,111.37000274658203,56.434505462646484,10618.1904296875,2317.169921875,85.958251953125
2010-01-11,40.341346740722656,1146.97998046875,17.549999237060547,3.818000078201294,92.09200286865234,112.8499984741211,56.12480545043945,10663.990234375,2312.409912109375,86.07833099365234
2010-01-12,39.836647033691406,1136.219970703125,18.25,3.7190001010894775,91.08000183105469,110.48999786376953,57.085479736328125,10627.259765625,2282.31005859375,85.27555847167969
2010-01-13,40.332664489746094,1145.6800537109375,17.850000381469727,3.7829999923706055,91.43299865722656,111.54000091552734,56.42189407348633,10680.76953125,2307.89990234375,85.99581909179688
2010-01-14,40.36747360229492,1148.4599609375,17.6299991607666,3.7339999675750732,91.26699829101562,112.02999877929688,57.21192932128906,10710.5498046875,2316.739990234375,86.22840118408203
2010-01-15,39.897560119628906,1136.030029296875,17.90999984741211,3.6760001182556152,90.75,110.86000061035156,57.56583023071289,10609.650390625,2287.989990234375,85.26054382324219
2010-01-20,39.958492279052734,1138.0400390625,18.68000030517578,3.6589999198913574,91.19200134277344,108.94000244140625,57.98302459716797,10603.150390625,2291.25,85.4481201171875
2010-01-21,39.58430099487305,1116.47998046875,22.270000457763672,3.6110000610351562,90.39299774169922,107.37000274658203,58.24851608276367,10389.8798828125,2265.699951171875,83.80502319335938
2010-01-22,38.42696762084961,1091.760009765625,27.309999465942383,3.5980000495910645,89.80999755859375,107.16999816894531,58.147315979003906,10172.98046875,2205.2900390625,81.93684387207031
2010-01-25,38.557498931884766,1096.780029296875,25.40999984741211,3.630000114440918,90.41500091552734,107.4800033569336,57.88188171386719,10196.8603515625,2210.800048828125,82.35697937011719
2010-01-26,38.59231948852539,1092.1700439453125,24.549999237060547,3.630000114440918,89.62999725341797,107.55999755859375,57.90082550048828,10194.2900390625,2203.72998046875,82.01187133789062
2010-01-27,38.896873474121094,1097.5,23.139999389648438,3.6440000534057617,89.94999694824219,106.52999877929688,57.869232177734375,10236.16015625,2221.409912109375,82.40201568603516
2010-01-28,37.89617156982422,1084.530029296875,23.729999542236328,3.6579999923706055,89.77799987792969,106.4800033569336,57.8376350402832,10120.4599609375,2179.0,81.4566650390625
2010-01-29,37.23484420776367,1073.8699951171875,24.6200008392334,3.6089999675750732,90.2699966430664,105.95999908447266,58.343238830566406,10067.330078125,2147.35009765625,80.57135009765625
2010-02-01,37.64380645751953,1089.18994140625,22.59000015258789,3.6540000438690186,90.76000213623047,108.3499984741211,57.81367111206055,10185.5302734375,2171.199951171875,81.82428741455078
2010-02-02,37.983184814453125,1103.3199462890625,21.479999542236328,3.634999990463257,90.4280014038086,109.12999725341797,57.978572845458984,10296.849609375,2190.06005859375,82.81464385986328
2010-02-03,38.19203186035156,1097.280029296875,21.600000381469727,3.703000068664551,90.83999633789062,108.69999694824219,57.30625534057617,10270.5498046875,2190.909912109375,82.40201568603516
2010-02-04,37.08688735961914,1063.1099853515625,26.079999923706055,3.609999895095825,89.41000366210938,104.37000274658203,58.213253021240234,10002.1796875,2125.429931640625,79.85862731933594
2010-02-05,37.40016555786133,1066.18994140625,26.110000610351562,3.5460000038146973,89.22000122070312,104.68000030517578,58.34008026123047,10012.23046875,2141.1201171875,80.02367401123047
2010-02-08,37.130409240722656,1056.739990234375,26.510000228881836,3.5920000076293945,89.22000122070312,104.04000091552734,58.416160583496094,9908.3896484375,2126.050048828125,79.44595336914062
2010-02-09,37.513282775878906,1070.52001953125,26.0,3.632999897003174,89.76799774169922,105.41000366210938,57.832679748535156,10058.6396484375,2150.8701171875,80.44380950927734
2010-02-10,37.43497085571289,1068.1300048828125,25.399999618530273,3.694000005722046,89.93000030517578,105.12000274658203,57.28084945678711,10038.3798828125,2147.8701171875,80.28626251220703
2010-02-11,38.000579833984375,1078.469970703125,23.959999084472656,3.7330000400543213,89.80999755859375,107.12999725341797,56.97004318237305,10144.1904296875,2177.409912109375,81.12653350830078
2010-02-12,38.07890319824219,1075.510009765625,22.729999542236328,3.693000078201294,89.94999694824219,107.04000091552734,57.20476150512695,10099.1396484375,2183.530029296875,81.05904388427734
2010-02-17,38.78375244140625,1099.510009765625,21.719999313354492,3.742000102996826,91.05000305175781,109.25,56.65925216674805,10309.240234375,2226.2900390625,82.7246322631836
2010-02-18,39.02738952636719,1106.75,20.6299991607666,3.802999973297119,91.97699737548828,109.9800033569336,56.430938720703125,10392.900390625,2241.7099609375,83.2123031616211
2010-02-19,39.00999450683594,1109.1700439453125,20.020000457763672,3.7820000648498535,91.54000091552734,109.47000122070312,56.73538589477539,10402.349609375,2243.8701171875,83.3848648071289
2010-02-22,38.931671142578125,1108.010009765625,19.940000534057617,3.7990000247955322,91.23500061035156,109.06999969482422,56.50063705444336,10383.3798828125,2242.030029296875,83.39986419677734
2010-02-23,38.42696762084961,1094.5999755859375,21.3700008392334,3.690999984741211,90.16000366210938,107.88999938964844,57.3823356628418,10282.41015625,2213.43994140625,82.38701629638672
2010-02-24,38.818546295166016,1105.239990234375,20.270000457763672,3.694999933242798,90.27899932861328,107.36000061035156,57.521881103515625,10374.16015625,2235.89990234375,83.1447525024414
2010-02-25,38.809844970703125,1102.93994140625,20.100000381469727,3.6419999599456787,89.2699966430664,108.30999755859375,57.84534454345703,10321.0302734375,2234.219970703125,83.0322265625
2010-02-26,38.949073791503906,1104.489990234375,19.5,3.5950000286102295,88.9209976196289,109.43000030517578,58.1434440612793,10325.259765625,2238.260009765625,83.08477783203125
2010-03-01,39.51469039916992,1115.7099609375,19.260000228881836,3.6059999465942383,89.1500015258789,109.43000030517578,58.11799240112305,10403.7900390625,2273.570068359375,83.94757843017578
2010-03-02,39.63650894165039,1118.31005859375,19.059999465942383,3.614000082015991,88.73999786376953,111.0199966430664,58.04166030883789,10405.98046875,2280.7900390625,84.18016052246094
2010-03-03,39.68003463745117,1118.7900390625,18.829999923706055,3.625,88.56999969482422,111.62999725341797,57.89533615112305,10396.759765625,2280.679931640625,84.25521087646484
2010-03-04,39.810550689697266,1122.969970703125,18.719999313354492,3.6059999465942383,89.16000366210938,110.83000183105469,58.200706481933594,10444.1396484375,2292.31005859375,84.51028442382812
2010-03-05,40.410972595214844,1138.699951171875,17.420000076293945,3.681999921798706,90.22000122070312,110.80999755859375,57.43717575073242,10566.2001953125,2326.35009765625,85.71820831298828
2010-03-08,40.489288330078125,1138.5,17.790000915527344,3.7079999446868896,90.28600311279297,109.87999725341797,57.138160705566406,10552.51953125,2332.2099609375,85.73323822021484
2010-03-09,40.71552276611328,1140.449951171875,17.920000076293945,3.7009999752044678,89.98899841308594,109.72000122070312,57.15085983276367,10564.3798828125,2340.679931640625,85.8757553100586
2010-03-10,41.04619216918945,1145.6099853515625,18.56999969482422,3.7200000286102295,90.47000122070312,108.47000122070312,57.00448989868164,10567.330078125,2358.949951171875,86.25843811035156
2010-03-11,41.20283508300781,1150.239990234375,18.059999465942383,3.7200000286102295,90.64800262451172,108.5999984741211,57.21451950073242,10611.83984375,2368.4599609375,86.61849975585938
2010-03-12,41.2115364074707,1149.989990234375,17.579999923706055,3.7100000381469727,90.54000091552734,107.94999694824219,57.5708122253418,10624.6904296875,2367.659912109375,86.62602233886719
2010-03-15,41.107120513916016,1150.510009765625,18.0,3.7039999961853027,90.31999969482422,108.36000061035156,57.49448776245117,10642.150390625,2362.2099609375,86.64854431152344
2010-03-16,41.3681755065918,1159.4599609375,17.690000534057617,3.6530001163482666,90.29000091552734,110.4000015258789,57.952613830566406,10685.98046875,2378.010009765625,87.3387680053711
2010-03-17,41.48127746582031,1166.2099609375,16.90999984741211,3.6419999599456787,90.40299987792969,109.58999633789062,58.200706481933594,10733.669921875,2389.090087890625,87.85649871826172
2010-03-18,41.62052536010742,1165.8299560546875,16.6200008392334,3.671999931335449,90.4800033569336,110.33999633789062,58.00984573364258,10779.169921875,2391.280029296875,87.8114242553711
2010-03-19,41.36876678466797,1159.9000244140625,16.969999313354492,3.687000036239624,90.5199966430664,108.27999877929688,58.067100524902344,10741.98046875,2374.409912109375,87.36697387695312
2010-03-22,41.74335479736328,1165.81005859375,16.8700008392334,3.6630001068115234,90.33999633789062,107.75,58.1307258605957,10785.8896484375,2395.39990234375,87.83403778076172
2010-03-23,42.030792236328125,1174.1700439453125,16.350000381469727,3.680000066757202,90.36599731445312,108.31999969482422,57.85715866088867,10888.830078125,2415.239990234375,88.45181274414062
2010-03-24,41.8304443359375,1167.719970703125,17.549999237060547,3.8289999961853027,92.01399993896484,106.30000305175781,56.80095291137695,10836.150390625,2398.760009765625,88.02239990234375
2010-03-25,41.76948165893555,1165.72998046875,18.399999618530273,3.9010000228881836,92.51300048828125,106.77999877929688,56.438228607177734,10841.2099609375,2397.409912109375,87.8792495727539
2010-03-26,41.813026428222656,1166.5899658203125,17.770000457763672,3.8550000190734863,92.50700378417969,108.58999633789062,56.59727096557617,10850.3603515625,2395.1298828125,87.82652282714844
2010-03-29,42.01338577270508,1173.219970703125,17.59000015258789,3.864000082015991,92.48999786376953,108.75,56.38096237182617,10895.8603515625,2404.360107421875,88.38399505615234
2010-03-30,42.15276336669922,1173.27001953125,17.1299991607666,3.868000030517578,92.81999969482422,107.97000122070312,56.55910873413086,10907.419921875,2410.68994140625,88.44427490234375
2010-03-31,41.952423095703125,1169.4300537109375,17.59000015258789,3.8329999446868896,93.5199966430664,108.94999694824219,56.94723892211914,10856.6298828125,2397.9599609375,88.1429443359375
2010-04-01,41.952423095703125,1178.0999755859375,17.469999313354492,3.8589999675750732,93.8499984741211,110.26000213623047,56.80802917480469,10927.0703125,2402.580078125,88.74562072753906
2010-04-06,42.466365814208984,1189.43994140625,16.229999542236328,3.9679999351501465,93.79399871826172,111.02999877929688,55.95220184326172,10969.990234375,2436.81005859375,89.67979431152344
2010-04-07,42.36182403564453,1182.449951171875,16.6200008392334,3.86299991607666,93.30899810791016,112.48999786376953,56.66753005981445,10897.51953125,2431.159912109375,89.16748046875
2010-04-08,42.457645416259766,1186.43994140625,16.479999542236328,3.8959999084472656,93.41999816894531,112.6500015258789,56.693092346191406,10927.0703125,2436.81005859375,89.47635650634766
2010-04-09,42.71025848388672,1194.3699951171875,16.139999389648438,3.888000011444092,93.16000366210938,113.63999938964844,56.82716751098633,10997.349609375,2454.050048828125,90.06401062011719
2010-04-12,42.74509811401367,1196.47998046875,15.579999923706055,3.8459999561309814,93.18299865722656,113.01000213623047,57.12733459472656,11005.9697265625,2457.8701171875,90.20713806152344
2010-04-13,42.962894439697266,1197.300048828125,16.200000762939453,3.811000108718872,93.18000030517578,112.69000244140625,57.31259536743164,11019.419921875,2465.989990234375,90.27493286132812
2010-04-14,43.476844787597656,1210.6500244140625,15.59000015258789,3.8550000190734863,93.31800079345703,113.02999877929688,56.910179138183594,11123.1103515625,2504.860107421875,91.29950714111328
2010-04-15,43.668479919433594,1211.6700439453125,15.890000343322754,3.8480000495910645,93.04000091552734,113.6500015258789,56.974056243896484,11144.5703125,2515.68994140625,91.37483215332031
2010-04-16,43.14581298828125,1192.1300048828125,18.360000610351562,3.7699999809265137,92.1500015258789,111.23999786376953,57.38917922973633,11018.66015625,2481.260009765625,89.92086791992188
2010-04-19,43.11968994140625,1197.52001953125,17.34000015258789,3.806999921798706,92.45999908447266,111.1500015258789,57.24868392944336,11092.0498046875,2480.110107421875,90.25987243652344
2010-04-20,43.33747100830078,1207.1700439453125,15.729999542236328,3.805000066757202,93.1709976196289,111.45999908447266,57.45309066772461,11117.0595703125,2500.31005859375,91.06597900390625
2010-04-21,43.58137130737305,1205.93994140625,16.31999969482422,3.73799991607666,93.05400085449219,112.30999755859375,57.92567443847656,11124.919921875,2504.610107421875,90.90021514892578
2010-04-22,43.825279235839844,1208.6700439453125,16.469999313354492,3.7720000743865967,93.39800262451172,111.83999633789062,57.753238677978516,11134.2900390625,2519.070068359375,91.17140197753906
2010-04-23,44.00821304321289,1217.280029296875,16.6200008392334,3.816999912261963,93.94999694824219,113.19000244140625,57.548866271972656,11204.2802734375,2530.14990234375,91.7666015625
2010-04-26,43.912391662597656,1212.050048828125,17.469999313354492,3.815000057220459,93.9000015258789,112.75,57.61274337768555,11205.0302734375,2522.949951171875,91.42003631591797
2010-04-27,42.980308532714844,1183.7099609375,22.809999465942383,3.690000057220459,93.14399719238281,114.62999725341797,58.42385482788086,10991.990234375,2471.469970703125,89.2579116821289
2010-04-28,43.00645065307617,1191.3599853515625,21.079999923706055,3.7730000019073486,93.95999908447266,114.30999755859375,57.92567443847656,11045.26953125,2471.72998046875,89.93592071533203
2010-04-29,43.75558090209961,1206.780029296875,18.440000534057617,3.7279999256134033,94.01300048828125,114.27999877929688,58.16835403442383,11167.3203125,2511.919921875,91.05089569091797
2010-04-30,42.89319610595703,1186.68994140625,22.049999237060547,3.6630001068115234,93.83000183105469,115.36000061035156,58.83897018432617,11008.6103515625,2461.18994140625,89.50651550292969
2010-05-03,43.49427032470703,1202.260009765625,20.190000534057617,3.7049999237060547,94.69200134277344,115.7300033569336,58.76203536987305,11151.830078125,2498.739990234375,90.66667938232422
2010-05-04,42.1876106262207,1173.5999755859375,23.84000015258789,3.61299991607666,94.70999908447266,114.87000274658203,59.81947326660156,10926.76953125,2424.25,88.53466796875
2010-05-05,41.96981430053711,1165.8699951171875,24.90999984741211,3.549999952316284,93.78099822998047,115.08999633789062,60.17197799682617,10866.830078125,2402.2900390625,88.00730895996094
2010-05-06,40.567359924316406,1128.1500244140625,32.79999923706055,3.3980000019073486,90.83000183105469,118.48999786376953,62.030494689941406,10520.3203125,2319.639892578125,85.08430480957031
2010-05-07,39.55686950683594,1110.8800048828125,40.95000076293945,3.428999900817871,91.58000183105469,118.2699966430664,61.25505447387695,10380.4296875,2265.639892578125,83.81866455078125
2010-05-10,41.6126823425293,1159.72998046875,28.84000015258789,3.5390000343322754,93.18000030517578,117.56999969482422,59.98609161376953,10785.1396484375,2374.669921875,87.51007843017578
2010-05-11,41.56911849975586,1155.7900390625,28.31999969482422,3.5350000858306885,92.48999786376953,120.66000366210938,59.8322639465332,10748.259765625,2375.31005859375,87.2614974975586
2010-05-12,42.35311508178711,1171.6700439453125,25.520000457763672,3.566999912261963,93.16899871826172,121.4000015258789,59.377288818359375,10896.91015625,2425.02001953125,88.48192596435547
2010-05-13,41.6823616027832,1157.43994140625,26.68000030517578,3.563999891281128,92.7770004272461,120.55999755859375,59.76820373535156,10782.9501953125,2394.360107421875,87.38204193115234
2010-05-14,40.88095474243164,1135.6800537109375,31.239999771118164,3.441999912261963,92.45999908447266,120.37000274658203,60.806400299072266,10620.16015625,2346.85009765625,85.79998016357422
2010-05-17,41.01163101196289,1136.93994140625,30.84000015258789,3.4719998836517334,92.55000305175781,119.36000061035156,60.58213424682617,10625.830078125,2354.22998046875,85.84516906738281
2010-05-18,40.44539260864258,1120.800048828125,33.54999923706055,3.375999927520752,91.9010009765625,119.48999786376953,61.51138687133789,10510.9501953125,2317.260009765625,84.6774673461914
2010-05-19,40.12309646606445,1115.050048828125,35.31999969482422,3.3589999675750732,91.54000091552734,116.62999725341797,61.716468811035156,10444.3701171875,2298.3701171875,84.1953353881836
2010-05-20,38.633506774902344,1071.5899658203125,45.790000915527344,3.2639999389648438,89.37000274658203,115.83999633789062,63.01743698120117,10068.009765625,2204.010009765625,81.01616668701172
2010-05-21,39.06035232543945,1087.68994140625,40.099998474121094,3.200000047683716,89.98600006103516,115.22000122070312,63.08158493041992,10193.3896484375,2229.0400390625,82.19892120361328
2010-05-24,38.90354537963867,1073.6500244140625,38.31999969482422,3.2269999980926514,90.19000244140625,116.83999633789062,62.86365509033203,10066.5703125,2213.550048828125,81.14420318603516
2010-05-25,38.93838119506836,1074.030029296875,34.61000061035156,3.1579999923706055,90.33200073242188,117.36000061035156,63.17129898071289,10043.75,2210.949951171875,81.22713470458984
2010-05-26,38.50282669067383,1067.949951171875,35.02000045776367,3.2179999351501465,89.97000122070312,118.47000122070312,62.99184799194336,9974.4501953125,2195.8798828125,80.73741912841797
2010-05-27,39.95757293701172,1103.06005859375,29.68000030517578,3.3380000591278076,90.87899780273438,118.69000244140625,61.562679290771484,10258.990234375,2277.679931640625,83.44200134277344
2010-05-28,39.72239303588867,1089.4100341796875,32.06999969482422,3.3010001182556152,91.052001953125,118.87999725341797,61.84465026855469,10136.6298828125,2257.0400390625,82.39481353759766
2010-06-02,40.2885856628418,1098.3800048828125,30.170000076293945,3.3340001106262207,92.19000244140625,119.77999877929688,61.6877326965332,10249.5400390625,2281.070068359375,83.11800384521484
2010-06-03,40.67189025878906,1102.8299560546875,29.459999084472656,3.378999948501587,92.62300109863281,117.95999908447266,61.23766326904297,10255.2802734375,2303.030029296875,83.40430450439453
2010-06-04,39.27810287475586,1064.8800048828125,35.47999954223633,3.194999933242798,91.87999725341797,119.19000244140625,62.88379669189453,9931.9697265625,2219.169921875,80.4737319946289
2010-06-07,38.563812255859375,1050.469970703125,36.56999969482422,3.184000015258789,91.51599884033203,121.48999786376953,63.366085052490234,9816.490234375,2173.89990234375,79.47178649902344
2010-06-08,38.4941291809082,1062.0,33.70000076293945,3.1679999828338623,91.41000366210938,121.0,63.05106735229492,9939.98046875,2170.570068359375,80.32306671142578
2010-06-09,38.171810150146484,1055.68994140625,33.72999954223633,3.187000036239624,91.36499786376953,120.55999755859375,62.98029327392578,9899.25,2158.85009765625,79.89366912841797
2010-06-10,39.260704040527344,1086.8399658203125,30.56999969482422,3.319000005722046,91.30899810791016,118.97000122070312,61.85490036010742,10172.5302734375,2218.7099609375,82.22906494140625
2010-06-11,39.63526153564453,1091.5999755859375,28.790000915527344,3.2160000801086426,91.62000274658203,120.01000213623047,62.63947677612305,10211.0703125,2243.60009765625,82.62834167480469
2010-06-14,39.62653732299805,1089.6300048828125,28.579999923706055,3.2750000953674316,91.62000274658203,119.5999984741211,62.31795883178711,10190.8896484375,2243.9599609375,82.50027465820312
2010-06-15,40.689292907714844,1115.22998046875,25.8700008392334,3.309999942779541,91.4739990234375,120.98999786376953,62.060733795166016,10404.76953125,2305.8798828125,84.37612915039062
2010-06-16,40.85481262207031,1114.6099853515625,25.920000076293945,3.2820000648498535,91.39600372314453,120.33000183105469,62.41441345214844,10409.4599609375,2305.929931640625,84.34599304199219
2010-06-17,40.9854850769043,1116.0400390625,25.049999237060547,3.190000057220459,90.83999633789062,121.9000015258789,62.92242431640625,10434.169921875,2307.159912109375,84.48162841796875
2010-06-18,41.01951599121094,1117.510009765625,23.950000762939453,3.2230000495910645,90.69999694824219,122.83000183105469,62.819541931152344,10450.6396484375,2309.800048828125,84.57319641113281
2010-06-21,40.6703987121582,1113.199951171875,24.8799991607666,3.243000030517578,90.99500274658203,120.38999938964844,62.63947677612305,10442.41015625,2289.090087890625,84.33097839355469
2010-06-22,40.356231689453125,1095.31005859375,27.049999237060547,3.1659998893737793,90.54000091552734,121.44999694824219,63.38543701171875,10293.51953125,2261.800048828125,82.93819427490234
2010-06-23,40.190391540527344,1092.0400390625,26.90999984741211,3.115000009536743,89.91000366210938,120.94999694824219,63.81620407104492,10298.4404296875,2254.22998046875,82.68087005615234
2010-06-24,39.57947540283203,1073.68994140625,29.739999771118164,3.122999906539917,89.62999725341797,121.30000305175781,63.43682098388672,10152.7998046875,2217.419921875,81.31073760986328
2010-06-25,39.58734130859375,1076.760009765625,28.530000686645508,3.11299991607666,89.1500015258789,122.76000213623047,63.694091796875,10143.8095703125,2223.47998046875,81.65142059326172
2010-06-28,39.44744110107422,1074.5699462890625,29.0,3.0320000648498535,89.31300354003906,121.08999633789062,64.2920913696289,10138.51953125,2220.64990234375,81.39403533935547
2010-06-29,37.925838470458984,1041.239990234375,34.130001068115234,2.9670000076293945,88.64900207519531,121.2699966430664,64.99303436279297,9870.2998046875,2135.179931640625,78.88099670410156
2010-06-30,37.34868621826172,1030.7099609375,34.540000915527344,2.9509999752044678,88.43000030517578,121.68000030517578,65.43029022216797,9774.01953125,2109.239990234375,78.13159942626953
2010-07-01,37.243751525878906,1027.3699951171875,32.86000061035156,2.927000045776367,87.5999984741211,117.04000091552734,65.53347778320312,9732.5302734375,2101.360107421875,77.78339385986328
2010-07-02,37.13882827758789,1022.5800170898438,30.1200008392334,2.9790000915527344,87.79000091552734,118.48999786376953,65.0110092163086,9686.48046875,2091.7900390625,77.35950469970703
2010-07-07,38.4417839050293,1060.27001953125,26.84000015258789,2.9800000190734863,87.68000030517578,117.7300033569336,64.77882385253906,10018.2802734375,2159.469970703125,80.3191909790039
2010-07-08,38.65166091918945,1070.25,25.709999084472656,3.0199999809265137,88.41000366210938,117.20999908447266,64.36605834960938,10138.990234375,2175.39990234375,81.1139907836914
2010-07-09,39.01892852783203,1077.9599609375,24.979999542236328,3.055999994277954,88.56999969482422,118.36000061035156,63.99839782714844,10198.0302734375,2196.449951171875,81.7195053100586
2010-07-12,39.13261795043945,1078.75,24.43000030517578,3.0460000038146973,88.63899993896484,117.33999633789062,63.97256851196289,10216.26953125,2198.360107421875,81.77250671386719
2010-07-13,39.63981628417969,1095.3399658203125,24.559999465942383,3.114000082015991,88.79299926757812,118.36000061035156,63.4243049621582,10363.01953125,2242.030029296875,83.00630950927734
2010-07-14,39.84096145629883,1095.1700439453125,24.889999389648438,3.049999952316284,88.2699966430664,118.30000305175781,64.06289672851562,10366.7197265625,2249.840087890625,82.99874114990234
2010-07-15,39.87593460083008,1096.47998046875,25.139999389648438,2.9779999256134033,87.33999633789062,118.2300033569336,64.7014389038086,10359.3095703125,2249.080078125,83.02147674560547
2010-07-16,38.774078369140625,1064.8800048828125,26.25,2.938999891281128,86.55999755859375,116.66999816894531,65.01748657226562,10097.900390625,2179.050048828125,80.7354965209961
2010-07-19,39.10639953613281,1071.25,25.969999313354492,2.9639999866485596,86.76000213623047,115.7300033569336,64.61759185791016,10154.4296875,2198.22998046875,81.21237182617188
2010-07-20,39.578609466552734,1083.47998046875,23.93000030517578,2.931999921798706,87.24199676513672,116.6500015258789,64.71431732177734,10229.9599609375,2222.489990234375,82.1131591796875
2010-07-21,39.03641891479492,1069.5899658203125,25.639999389648438,2.8919999599456787,86.86100006103516,115.8499984741211,65.81082916259766,10120.5302734375,2187.330078125,81.04585266113281
2010-07-22,40.02457809448242,1093.6700439453125,24.6299991607666,2.931999921798706,87.1240005493164,116.86000061035156,65.04974365234375,10322.2998046875,2245.889892578125,82.85493469238281
2010-07-23,40.27819061279297,1102.6600341796875,23.469999313354492,2.99399995803833,87.5199966430664,116.08999633789062,64.35953521728516,10424.6201171875,2269.469970703125,83.57402801513672
2010-07-26,40.6104850769043,1115.010009765625,22.729999542236328,2.99399995803833,86.99800109863281,115.5199966430664,64.24993133544922,10525.4296875,2296.429931640625,84.44451904296875
2010-07-27,40.59297180175781,1113.8399658203125,23.190000534057617,3.046999931335449,87.81600189208984,113.51000213623047,63.63072967529297,10537.6904296875,2288.25,84.43697357177734
2010-07-28,40.26942443847656,1106.1300048828125,24.25,3.000999927520752,87.4520034790039,113.77999877929688,63.837135314941406,10497.8798828125,2264.56005859375,83.8919448852539
2010-07-29,39.97210693359375,1101.530029296875,24.1299991607666,2.999000072479248,86.68299865722656,114.29000091552734,63.817779541015625,10467.16015625,2251.68994140625,83.48320770263672
2010-07-30,40.059547424316406,1101.5999755859375,23.5,2.9070000648498535,86.44000244140625,115.48999786376953,64.81111145019531,10465.9404296875,2254.699951171875,83.4680404663086
2010-08-02,40.811580657958984,1125.8599853515625,22.010000228881836,2.9630000591278076,86.5979995727539,115.54000091552734,63.90129470825195,10674.3798828125,2295.360107421875,85.35285949707031
2010-08-03,40.63671112060547,1120.4599609375,22.6299991607666,2.9140000343322754,85.77999877929688,115.98999786376953,64.2701416015625,10636.3798828125,2283.52001953125,84.94406127929688
2010-08-04,41.0477180480957,1127.239990234375,22.209999084472656,2.9519999027252197,85.77999877929688,116.72000122070312,63.7783088684082,10680.4296875,2303.570068359375,85.51181030273438
2010-08-05,40.95151138305664,1125.81005859375,22.100000381469727,2.9149999618530273,86.30000305175781,116.9800033569336,64.07594299316406,10674.98046875,2293.06005859375,85.4209976196289
2010-08-06,40.89030838012695,1121.6400146484375,21.739999771118164,2.8239998817443848,85.83300018310547,117.83999633789062,64.77482604980469,10653.5595703125,2288.469970703125,85.07279205322266
2010-08-09,41.17014694213867,1127.7900390625,22.139999389648438,2.822000026702881,85.34400177001953,117.4000015258789,64.53543853759766,10698.75,2305.68994140625,85.52696228027344
2010-08-10,40.811580657958984,1121.06005859375,22.3700008392334,2.7809998989105225,85.89700317382812,117.7300033569336,64.67131042480469,10644.25,2277.169921875,85.06521606445312
2010-08-11,39.70101547241211,1089.469970703125,25.389999389648438,2.684999942779541,85.36000061035156,117.33999633789062,65.53840637207031,10378.830078125,2208.6298828125,82.73381805419922
2010-08-12,39.38623046875,1083.6099853515625,25.729999542236328,2.734999895095825,85.1719970703125,118.7699966430664,65.37667083740234,10319.9501953125,2190.27001953125,82.22667694091797
2010-08-13,39.10639953613281,1079.25,26.239999771118164,2.687999963760376,86.0739974975586,118.73999786376953,66.19197082519531,10303.150390625,2173.47998046875,81.9844741821289
2010-08-16,39.17635726928711,1079.3800048828125,26.100000381469727,2.575000047683716,86.13999938964844,119.7300033569336,67.84860229492188,10302.009765625,2181.8701171875,81.9466323852539
2010-08-17,39.67478561401367,1092.5400390625,24.329999923706055,2.6449999809265137,85.30699920654297,119.75,67.46033477783203,10405.849609375,2209.43994140625,82.95333099365234
2010-08-18,39.832191467285156,1094.1600341796875,24.59000015258789,2.6410000324249268,85.59500122070312,120.22000122070312,67.64146423339844,10415.5400390625,2215.699951171875,83.10472869873047
2010-08-19,39.22880172729492,1075.6300048828125,26.440000534057617,2.5789999961853027,85.44000244140625,120.38999938964844,68.69629669189453,10271.2099609375,2178.949951171875,81.65897369384766
2010-08-20,39.28128433227539,1071.68994140625,25.489999771118164,2.611999988555908,85.34400177001953,119.97000122070312,68.61864471435547,10213.6201171875,2179.760009765625,81.39403533935547
2010-08-23,38.89651107788086,1067.3599853515625,25.65999984741211,2.6070001125335693,85.55999755859375,119.77999877929688,68.63156127929688,10174.41015625,2159.6298828125,81.0837173461914
2010-08-24,38.17070770263672,1051.8699951171875,27.459999084472656,2.499000072479248,85.14099884033203,120.36000061035156,69.7316665649414,10040.4501953125,2123.760009765625,79.88018035888672
2010-08-25,38.53798294067383,1055.3299560546875,26.700000762939453,2.5380001068115234,84.1780014038086,121.36000061035156,69.50516510009766,10060.0595703125,2141.5400390625,80.19050598144531
2010-08-26,38.07450485229492,1047.219970703125,27.3700008392334,2.499000072479248,84.68399810791016,120.95999908447266,70.15872955322266,9985.8095703125,2118.68994140625,79.65306091308594
2010-08-27,38.53798294067383,1064.5899658203125,24.450000762939453,2.6519999504089355,84.34600067138672,121.01000213623047,68.17214965820312,10150.650390625,2153.6298828125,80.88689422607422
2010-08-30,38.13571548461914,1048.9200439453125,27.209999084472656,2.5450000762939453,85.5009994506836,120.91000366210938,69.47927856445312,10009.73046875,2119.969970703125,79.71361541748047
2010-08-31,38.004547119140625,1049.3299560546875,26.049999237060547,2.4769999980926514,84.53199768066406,122.08000183105469,70.2493667602539,10014.7197265625,2114.030029296875,79.71361541748047
2010-09-01,39.141357421875,1080.2900390625,23.889999389648438,2.5820000171661377,84.13999938964844,121.69000244140625,68.7967758178711,10269.4697265625,2176.840087890625,82.09803771972656
2010-09-02,39.578609466552734,1090.0999755859375,23.190000534057617,2.628000020980835,84.40699768066406,122.29000091552734,68.06990814208984,10320.099609375,2200.010009765625,82.86251068115234
2010-09-03,40.23446273803711,1104.510009765625,21.309999465942383,2.7060000896453857,84.25,121.86000061035156,67.22614288330078,10447.9296875,2233.75,83.93736267089844
2010-09-08,40.44431686401367,1098.8699951171875,23.25,2.6540000438690186,83.73200225830078,122.70999908447266,68.05691528320312,10387.009765625,2228.8701171875,83.57402801513672
2010-09-09,40.60173034667969,1104.1800537109375,22.809999465942383,2.760999917984009,83.94999694824219,121.55999755859375,66.71340942382812,10415.240234375,2236.199951171875,83.9600601196289
2010-09-10,40.750370025634766,1109.550048828125,21.989999771118164,2.7950000762939453,83.93000030517578,121.7300033569336,66.40837097167969,10462.76953125,2242.47998046875,84.38396453857422
2010-09-13,41.318809509277344,1121.9000244140625,21.209999084472656,2.740999937057495,84.30699920654297,121.62000274658203,66.73287963867188,10544.1298828125,2285.7099609375,85.32254791259766
2010-09-14,41.49369430541992,1121.0999755859375,21.559999465942383,2.6659998893737793,83.68099975585938,124.0199966430664,67.37542724609375,10526.490234375,2289.77001953125,85.26959228515625
2010-09-15,41.75602340698242,1125.0699462890625,22.100000381469727,2.7230000495910645,83.0479965209961,123.94000244140625,66.37590789794922,10572.73046875,2301.320068359375,85.59510803222656
2010-09-16,41.92218780517578,1124.6600341796875,21.719999313354492,2.759000062942505,85.69999694824219,124.62999725341797,65.72041320800781,10594.830078125,2303.25,85.57238006591797
2010-09-17,42.064178466796875,1125.5899658203125,22.010000228881836,2.746000051498413,85.8479995727539,124.54000091552734,65.98651885986328,10607.849609375,2315.610107421875,85.60430145263672
2010-09-20,42.80045700073242,1142.7099609375,21.5,2.7060000896453857,85.69000244140625,124.87000274658203,66.36946105957031,10753.6201171875,2355.830078125,86.9132308959961
2010-09-21,42.791690826416016,1139.780029296875,22.350000381469727,2.5940001010894775,85.7020034790039,126.01000213623047,67.29109954833984,10761.0302734375,2349.35009765625,86.73821258544922
2010-09-22,42.67774200439453,1134.280029296875,22.510000228881836,2.5480000972747803,85.11299896240234,126.19999694824219,67.89463806152344,10739.3095703125,2334.550048828125,86.31202697753906
2010-09-23,42.66020584106445,1124.8299560546875,23.8700008392334,2.555000066757202,84.4800033569336,126.30000305175781,68.0893325805664,10662.419921875,2327.080078125,85.61192321777344
2010-09-24,43.5279655456543,1148.6700439453125,21.709999084472656,2.611999988555908,84.51000213623047,126.69000244140625,67.17424011230469,10860.259765625,2381.219970703125,87.37745666503906
2010-09-27,43.29129409790039,1142.1600341796875,22.540000915527344,2.5169999599456787,84.31600189208984,126.72000122070312,68.34247589111328,10812.0400390625,2369.77001953125,86.95892333984375
2010-09-28,43.27377700805664,1147.699951171875,22.600000381469727,2.4560000896453857,84.2750015258789,127.8499984741211,68.80976867675781,10858.1396484375,2379.590087890625,87.26329040527344
2010-09-29,43.203643798828125,1144.72998046875,23.25,2.50600004196167,83.89199829101562,127.94999694824219,68.52421569824219,10835.2802734375,2376.56005859375,87.111083984375
2010-09-30,43.01080322265625,1141.199951171875,23.700000762939453,2.5169999599456787,83.76599884033203,127.91000366210938,68.47872924804688,10788.0498046875,2368.6201171875,86.85237884521484
2010-10-01,42.958229064941406,1146.239990234375,22.5,2.5260000228881836,83.56999969482422,128.91000366210938,68.14788055419922,10829.6796875,2370.75,87.21765899658203
2010-10-04,42.493675231933594,1137.030029296875,23.530000686645508,2.4790000915527344,83.33300018310547,128.4600067138672,68.32376098632812,10751.26953125,2344.52001953125,86.56317138671875
2010-10-05,43.5279655456543,1160.75,21.760000228881836,2.4739999771118164,83.50299835205078,130.99000549316406,67.91338348388672,10944.7197265625,2399.830078125,88.30584716796875
2010-10-06,43.151065826416016,1159.969970703125,21.489999771118164,2.3989999294281006,83.19000244140625,131.80999755859375,68.76675415039062,10967.650390625,2380.659912109375,88.29824829101562
2010-10-07,43.30885314941406,1158.06005859375,21.559999465942383,2.3959999084472656,82.96700286865234,130.3699951171875,68.1934814453125,10948.580078125,2383.669921875,88.19171142578125
2010-10-08,43.606868743896484,1165.1500244140625,20.709999084472656,2.38100004196167,82.37999725341797,131.66000366210938,67.893798828125,11006.48046875,2401.909912109375,88.68635559082031
2010-10-11,43.62438201904297,1165.3199462890625,18.959999084472656,,81.81999969482422,132.2899932861328,67.90680694580078,11010.33984375,2402.330078125,88.77007293701172
2010-10-12,43.922401428222656,1169.77001953125,18.93000030517578,2.421999931335449,82.08899688720703,131.9600067138672,67.23579406738281,11020.400390625,2417.919921875,89.04402923583984
2010-10-13,44.281761169433594,1178.0999755859375,19.06999969482422,2.430999994277954,81.77999877929688,134.07000732421875,67.13162231445312,11096.080078125,2441.22998046875,89.7365493774414
2010-10-14,44.194122314453125,1173.81005859375,19.8799991607666,2.494999885559082,81.7979965209961,134.75,66.12837219238281,11094.5703125,2435.3798828125,89.386474609375
2010-10-15,45.131988525390625,1176.18994140625,19.030000686645508,2.5759999752044678,81.47000122070312,133.67999267578125,65.32056427001953,11062.7802734375,2468.77001953125,89.56908416748047
2010-10-18,44.96546173095703,1184.7099609375,19.09000015258789,2.490999937057495,81.37799835205078,134.27999877929688,65.84822845458984,11143.6904296875,2480.659912109375,90.01051330566406
2010-10-19,44.544734954833984,1165.9000244140625,20.6299991607666,2.4749999046325684,81.197998046875,130.11000061035156,66.24562072753906,10978.6201171875,2436.949951171875,88.83094024658203
2010-10-20,44.869049072265625,1178.1700439453125,19.790000915527344,2.4700000286102295,81.54199981689453,131.32000732421875,66.38890838623047,11107.9697265625,2457.389892578125,89.69849395751953
2010-10-21,44.956703186035156,1180.260009765625,19.270000457763672,2.5309998989105225,81.05500030517578,129.47000122070312,65.60069274902344,11146.5703125,2459.669921875,89.89634704589844
2010-10-22,45.26348114013672,1183.0799560546875,18.780000686645508,2.562999963760376,81.30000305175781,129.72999572753906,66.04367065429688,11132.5595703125,2479.389892578125,90.06375122070312
2010-10-25,45.482601165771484,1185.6199951171875,19.850000381469727,2.553999900817871,81.30899810791016,130.85000610351562,66.23257446289062,11164.0498046875,2490.85009765625,90.33011627197266
2010-10-26,45.605323791503906,1185.6400146484375,20.219999313354492,2.635999917984009,80.82499694824219,130.8800048828125,65.20983123779297,11169.4599609375,2497.2900390625,90.34532165527344
2010-10-27,45.74555587768555,1182.449951171875,20.709999084472656,2.7119998931884766,81.33699798583984,129.52000427246094,64.63655853271484,11126.2802734375,2503.260009765625,90.0865707397461
2010-10-28,45.841976165771484,1183.780029296875,20.8799991607666,2.6610000133514404,81.67900085449219,131.24000549316406,64.81243896484375,11113.9501953125,2507.3701171875,90.10182189941406
2010-10-29,45.73680877685547,1183.260009765625,21.200000762939453,2.611999988555908,81.67900085449219,132.6199951171875,65.41829681396484,11118.490234375,2507.409912109375,90.17030334472656
2010-11-01,45.771846771240234,1184.3800048828125,21.829999923706055,2.628000020980835,80.40599822998047,131.9199981689453,65.1366195678711,11124.6201171875,2504.840087890625,90.20074462890625
2010-11-02,46.262725830078125,1193.5699462890625,21.56999969482422,2.5940001010894775,80.55899810791016,132.49000549316406,65.99276733398438,11188.7197265625,2533.52001953125,90.91605377197266
2010-11-03,46.47308349609375,1197.9599609375,19.559999465942383,2.61899995803833,80.66799926757812,131.57000732421875,64.64642333984375,11215.1298828125,2540.27001953125,91.28134155273438
2010-11-04,47.04281234741211,1221.06005859375,18.520000457763672,2.4839999675750732,81.05000305175781,136.02999877929688,65.1496810913086,11434.83984375,2577.340087890625,93.03926086425781
2010-11-05,47.04281234741211,1225.8499755859375,18.260000228881836,2.5360000133514404,80.7760009765625,136.3800048828125,64.03218078613281,11444.080078125,2578.97998046875,93.3893051147461
2010-11-08,47.104164123535156,1223.25,18.290000915527344,2.562999963760376,81.13999938964844,137.77999877929688,64.31968688964844,11406.83984375,2580.050048828125,93.21428680419922
2010-11-09,46.849979400634766,1213.4000244140625,19.079999923706055,2.6589999198913574,81.08999633789062,135.58999633789062,62.90155792236328,11346.75,2562.97998046875,92.54459381103516
2010-11-10,47.08663558959961,1218.7099609375,18.469999313354492,2.6480000019073486,81.58300018310547,137.24000549316406,62.98653793334961,11357.0400390625,2578.780029296875,92.91749572753906
2010-11-11,46.78863525390625,1213.5400390625,18.639999389648438,2.6480000019073486,82.2040023803711,137.66000366210938,62.953819274902344,11283.099609375,2555.52001953125,92.56745910644531
2010-11-12,46.02605056762695,1199.2099609375,20.610000610351562,2.75600004196167,82.41000366210938,133.69000244140625,62.614013671875,11192.580078125,2518.2099609375,91.47161102294922
2010-11-15,45.85074996948242,1197.75,20.200000762939453,2.9110000133514404,82.47000122070312,132.4199981689453,61.306983947753906,11201.9697265625,2513.820068359375,91.34223175048828
2010-11-16,45.09693908691406,1178.3399658203125,22.579999923706055,2.8469998836517334,83.16200256347656,130.97000122070312,62.82966613769531,11023.5,2469.840087890625,89.91915893554688
2010-11-17,45.22841262817383,1178.5899658203125,21.760000228881836,2.864000082015991,83.37999725341797,130.3800048828125,62.483306884765625,11007.8798828125,2476.010009765625,89.96481323242188
2010-11-18,45.955936431884766,1196.68994140625,18.75,2.9019999504089355,83.0999984741211,132.08999633789062,62.73821258544922,11181.23046875,2514.39990234375,91.28894805908203
2010-11-19,45.99099349975586,1199.72998046875,18.040000915527344,2.875,83.54000091552734,132.1999969482422,63.123756408691406,11203.5498046875,2518.1201171875,91.54011535644531
2010-11-22,46.37665557861328,1197.8399658203125,18.3700008392334,2.812999963760376,83.48500061035156,133.47999572753906,63.3917350769043,11178.580078125,2532.02001953125,91.46399688720703
2010-11-23,45.64038848876953,1180.72998046875,20.6299991607666,2.76200008392334,83.29000091552734,134.41000366210938,63.70539093017578,11036.3701171875,2494.949951171875,90.13983154296875
2010-11-24,46.56071472167969,1198.3499755859375,19.559999465942383,2.9140000343322754,83.26899719238281,134.17999267578125,62.568294525146484,11187.2802734375,2543.1201171875,91.47161102294922
2010-11-29,46.2188720703125,1187.760009765625,21.530000686645508,2.822000026702881,84.15699768066406,133.50999450683594,63.9798698425293,11052.490234375,2525.219970703125,90.68018341064453
2010-11-30,45.65791702270508,1180.550048828125,23.540000915527344,2.796999931335449,84.25399780273438,135.4199981689453,64.31319427490234,11006.01953125,2498.22998046875,90.17030334472656
2010-12-01,46.62208557128906,1206.0699462890625,21.360000610351562,2.9639999866485596,83.6780014038086,135.3800048828125,62.883544921875,11255.7802734375,2549.429931640625,92.08802032470703
2010-12-02,47.09540557861328,1221.530029296875,19.389999389648438,3.0,84.12300109863281,135.1999969482422,62.71958541870117,11362.41015625,2579.35009765625,93.26752471923828
2010-12-03,47.2181282043457,1224.7099609375,18.010000228881836,3.0169999599456787,83.7490005493164,138.07000732421875,62.227752685546875,11382.08984375,2591.4599609375,93.5186767578125
2010-12-06,47.20058059692383,1223.1199951171875,18.020000457763672,2.940999984741211,82.77999877929688,139.11000061035156,63.10651779174805,11362.1904296875,2594.919921875,93.41976928710938
2010-12-07,47.22688674926758,1223.75,17.989999771118164,3.1649999618530273,82.66999816894531,136.5,61.755584716796875,11359.16015625,2598.489990234375,93.47300720214844
2010-12-08,47.40219497680664,1228.280029296875,17.739999771118164,3.2360000610351562,83.47899627685547,134.7899932861328,61.15879821777344,11372.48046875,2609.159912109375,93.81547546386719
2010-12-09,47.446014404296875,1233.0,17.25,3.2230000495910645,84.0999984741211,135.3699951171875,61.46047592163086,11370.0595703125,2616.669921875,94.18074798583984
2010-12-10,47.76153564453125,1240.4000244140625,17.610000610351562,3.2960000038146973,83.81600189208984,135.41000366210938,61.086700439453125,11410.3203125,2637.5400390625,94.72865295410156
2010-12-13,47.59501647949219,1240.4599609375,17.549999237060547,3.2829999923706055,83.9729995727539,136.0500030517578,61.316219329833984,11428.5595703125,2624.909912109375,94.78955841064453
2010-12-14,47.682674407958984,1241.5899658203125,17.610000610351562,3.4549999237060547,83.44000244140625,136.17999267578125,60.42436218261719,11476.5400390625,2627.719970703125,94.87325286865234
2010-12-15,47.472312927246094,1235.22998046875,17.940000534057617,3.5199999809265137,83.79000091552734,134.6999969482422,59.63740539550781,11457.4697265625,2617.219970703125,94.43946075439453
2010-12-16,47.8404426574707,1242.8699951171875,17.389999389648438,3.4769999980926514,84.26899719238281,133.80999755859375,60.050575256347656,11499.25,2637.31005859375,94.98739624023438
2010-12-17,47.882598876953125,1243.9100341796875,16.110000610351562,3.3299999237060547,84.05000305175781,134.1999969482422,61.14571762084961,11491.91015625,2642.969970703125,95.08915710449219
2010-12-20,47.91774368286133,1247.0799560546875,16.40999984741211,3.3489999771118164,84.01000213623047,135.11000061035156,61.08015441894531,11478.1298828125,2649.56005859375,95.31865692138672
2010-12-21,48.20756149291992,1254.5999755859375,16.489999771118164,3.3259999752044678,83.77100372314453,135.32000732421875,61.50644302368164,11533.16015625,2667.610107421875,95.92298889160156
2010-12-22,48.19876480102539,1258.8399658203125,15.449999809265137,3.3459999561309814,83.79000091552734,135.0500030517578,61.06700134277344,11559.490234375,2671.47998046875,96.2212905883789
2010-12-23,48.07583236694336,1256.77001953125,16.469999313354492,3.3929998874664307,83.55999755859375,134.66000366210938,60.94245147705078,11573.490234375,2665.60009765625,96.08363342285156
2010-12-28,48.01433563232422,1258.510009765625,17.520000457763672,3.4809999465942383,82.72000122070312,137.22000122070312,60.28256607055664,11575.5400390625,2662.8798828125,96.25956726074219
2010-12-29,48.119728088378906,1259.780029296875,17.280000686645508,3.3410000801086426,82.35600280761719,137.7100067138672,61.30247116088867,11585.3798828125,2666.929931640625,96.32843780517578
2010-12-30,48.00555419921875,1257.8800048828125,17.520000457763672,3.36899995803833,81.61799621582031,137.02999877929688,61.25638961791992,11569.7099609375,2662.97998046875,96.1754379272461
2010-12-31,47.829898834228516,1257.6400146484375,17.75,3.305000066757202,81.4800033569336,138.72000122070312,61.934207916259766,11577.509765625,2652.8701171875,96.19837951660156
2011-01-03,48.5764274597168,1271.8699951171875,17.610000610351562,3.3420000076293945,81.12300109863281,138.0,61.467002868652344,11670.75,2691.52001953125,97.19287872314453
2011-01-04,48.54130172729492,1270.199951171875,17.3799991607666,3.3459999561309814,81.66999816894531,134.75,61.53934860229492,11691.1796875,2681.25,97.13932800292969
2011-01-05,48.954071044921875,1276.56005859375,17.020000457763672,3.4830000400543213,82.03800201416016,134.3699951171875,60.18376541137695,11722.8896484375,2702.199951171875,97.64422607421875
2011-01-06,49.112159729003906,1273.8499755859375,17.399999618530273,3.4189999103546143,83.18900299072266,133.8300018310547,60.44700622558594,11697.3095703125,2709.889892578125,97.45298767089844
2011-01-07,49.06825637817383,1271.5,17.139999389648438,3.328000068664551,83.30000305175781,133.5800018310547,60.76945877075195,11674.759765625,2703.169921875,97.2617416381836
2011-01-10,49.2526969909668,1269.75,17.540000915527344,3.303999900817871,83.02999877929688,134.1199951171875,61.098426818847656,11637.4501953125,2707.800048828125,97.13932800292969
2011-01-11,49.322940826416016,1274.47998046875,16.889999389648438,3.3410000801086426,82.70999908447266,134.91000366210938,60.75627899169922,11671.8798828125,2716.830078125,97.48359680175781
2011-01-12,49.67424774169922,1285.9599609375,16.239999771118164,3.3550000190734863,83.33999633789062,135.4600067138672,60.28256607055664,11755.4404296875,2737.330078125,98.36333465576172
2011-01-13,49.69180679321289,1283.760009765625,16.389999389648438,3.3010001182556152,83.06999969482422,134.0500030517578,60.822139739990234,11731.900390625,2735.2900390625,98.20268249511719
2011-01-14,50.0606803894043,1293.239990234375,15.460000038146973,3.3329999446868896,82.76200103759766,132.69000244140625,60.43387985229492,11787.3798828125,2755.300048828125,98.91410827636719
2011-01-19,49.630313873291016,1281.9200439453125,17.309999465942383,3.3369998931884766,82.61199951171875,133.72000122070312,60.58524703979492,11825.2900390625,2725.360107421875,98.11087036132812
2011-01-20,49.2790412902832,1280.260009765625,17.989999771118164,3.4590001106262207,82.15499877929688,131.1999969482422,59.749488830566406,11822.7998046875,2704.2900390625,97.9808349609375
2011-01-21,48.9013786315918,1283.3499755859375,18.469999313354492,3.4159998893737793,82.91999816894531,131.02999877929688,60.22332000732422,11871.83984375,2689.5400390625,98.20268249511719
2011-01-24,49.5776481628418,1290.8399658203125,17.649999618530273,3.4079999923706055,82.58599853515625,130.36000061035156,60.24961853027344,11980.51953125,2717.550048828125,98.7611312866211
2011-01-25,49.647891998291016,1291.1800537109375,17.59000015258789,3.319000005722046,82.54199981689453,130.10000610351562,60.822139739990234,11977.1904296875,2719.25,98.814697265625
2011-01-26,49.911376953125,1296.6300048828125,16.639999389648438,3.427999973297119,82.26000213623047,131.16000366210938,59.900909423828125,11985.4404296875,2739.5,99.19715881347656
2011-01-27,50.21876525878906,1299.5400390625,16.149999618530273,3.384999990463257,82.16300201416016,127.93000030517578,60.17068862915039,11989.830078125,2755.280029296875,99.4419937133789
2011-01-28,48.9453010559082,1276.3399658203125,20.040000915527344,3.3289999961853027,82.88500213623047,130.27999877929688,60.486507415771484,11823.7001953125,2686.889892578125,97.70542907714844
2011-01-31,49.18242645263672,1286.1199951171875,19.530000686645508,3.378000020980835,82.08899688720703,129.8699951171875,60.025909423828125,11891.9296875,2700.080078125,98.43980407714844
2011-02-01,50.10459518432617,1307.5899658203125,17.6299991607666,3.443000078201294,82.06999969482422,130.8000030517578,59.72871780395508,12040.16015625,2751.18994140625,100.01573181152344
2011-02-02,50.02554702758789,1304.030029296875,17.299999237060547,3.489000082015991,81.39099884033203,130.4499969482422,59.74192810058594,12041.9697265625,2749.56005859375,99.824462890625
2011-02-03,50.11336898803711,1307.0999755859375,16.690000534057617,3.5409998893737793,81.49299621582031,132.1999969482422,59.246665954589844,12062.259765625,2753.8798828125,100.04631805419922
2011-02-04,50.39441680908203,1310.8699951171875,15.930000305175781,3.6519999504089355,81.6500015258789,131.66000366210938,58.64574432373047,12092.150390625,2769.300048828125,100.32935333251953
2011-02-07,50.63154983520508,1319.050048828125,16.280000686645508,3.6440000534057617,82.22000122070312,131.67999267578125,58.94954299926758,12161.6298828125,2783.989990234375,100.95663452148438
2011-02-08,50.96528244018555,1324.5699462890625,15.8100004196167,3.7249999046325684,82.28900146484375,133.13999938964844,58.40800476074219,12233.150390625,2797.050048828125,101.41568756103516
2011-02-09,50.877471923828125,1320.8800048828125,15.869999885559082,3.6419999599456787,82.3030014038086,133.07000732421875,58.91652297973633,12239.8896484375,2789.070068359375,101.18616485595703
2011-02-10,50.95650100708008,1321.8699951171875,16.09000015258789,3.7079999446868896,82.41899871826172,132.85000610351562,58.2363395690918,12229.2900390625,2790.449951171875,101.2243881225586
2011-02-11,51.32536697387695,1329.1500244140625,15.6899995803833,3.6459999084472656,83.33999633789062,132.32000732421875,59.07501983642578,12273.259765625,2809.43994140625,101.82877349853516
2011-02-14,51.448333740234375,1332.3199462890625,15.949999809265137,3.614000082015991,83.44400024414062,132.9499969482422,59.11458206176758,12268.1904296875,2817.179931640625,102.07357788085938
2011-02-15,51.37807846069336,1328.010009765625,16.3700008392334,3.615999937057495,83.41300201416016,133.97000122070312,59.378726959228516,12226.6396484375,2804.35009765625,101.75227355957031
2011-02-16,51.71180725097656,1336.3199462890625,16.719999313354492,3.621000051498413,83.71600341796875,134.10000610351562,59.18726348876953,12288.169921875,2825.56005859375,102.39484405517578
2011-02-17,51.69424057006836,1340.4300537109375,16.59000015258789,3.5739998817443848,83.61000061035156,135.0399932861328,59.279701232910156,12318.1396484375,2831.580078125,102.7008285522461
2011-02-18,51.58006286621094,1343.010009765625,16.43000030517578,3.5889999866485596,83.29000091552734,135.41000366210938,59.09476852416992,12391.25,2833.949951171875,102.91507720947266
2011-02-23,49.67424774169922,1307.4000244140625,22.1299991607666,3.486999988555908,82.76000213623047,137.50999450683594,60.19755935668945,12105.7802734375,2722.989990234375,100.22992706298828
2011-02-24,49.93772888183594,1306.0999755859375,21.31999969482422,3.437999963760376,82.43800354003906,136.47999572753906,60.58059310913086,12068.5,2737.89990234375,100.1610336303711
2011-02-25,50.63154983520508,1319.8800048828125,19.219999313354492,3.424999952316284,82.0469970703125,137.3800048828125,60.93717956542969,12130.4501953125,2781.050048828125,101.2320785522461
2011-02-28,50.7369499206543,1327.219970703125,18.350000381469727,3.4140000343322754,81.62200164794922,137.66000366210938,61.016414642333984,12226.33984375,2782.27001953125,101.85934448242188
2011-03-01,49.9201774597168,1306.3299560546875,21.010000228881836,3.4140000343322754,81.87300109863281,140.02999877929688,61.19331741333008,12058.01953125,2737.409912109375,100.1610336303711
2011-03-02,50.18362808227539,1308.43994140625,20.700000762939453,3.4639999866485596,81.89800262451172,139.9199981689453,60.252567291259766,12066.7998046875,2748.070068359375,100.37527465820312
2011-03-03,51.17607116699219,1330.969970703125,18.600000381469727,3.572000026702881,81.8280029296875,138.08999633789062,59.66299057006836,12258.2001953125,2798.739990234375,102.10419464111328
2011-03-04,50.91259765625,1321.1500244140625,19.059999465942383,3.492000102996826,82.36699676513672,139.35000610351562,60.1598014831543,12169.8798828125,2784.669921875,101.33917999267578
2011-03-07,50.22754669189453,1310.1300048828125,20.65999984741211,3.496999979019165,82.34300231933594,139.72000122070312,59.77560043334961,12090.0302734375,2745.6298828125,100.54357147216797
2011-03-08,50.42955780029297,1321.8199462890625,19.81999969482422,3.5439999103546143,82.29199981689453,139.36000061035156,59.4112434387207,12214.3798828125,2765.77001953125,101.42330169677734
2011-03-09,50.087032318115234,1320.02001953125,20.219999313354492,3.4690001010894775,82.80000305175781,139.41000366210938,59.987586975097656,12213.08984375,2751.719970703125,101.27798461914062
2011-03-10,49.305381774902344,1295.1099853515625,21.8799991607666,3.3929998874664307,82.83300018310547,137.77000427246094,60.99455642700195,11984.6103515625,2701.02001953125,99.40372467041016
2011-03-11,49.61277389526367,1304.280029296875,20.079999923706055,3.3929998874664307,82.91799926757812,138.22000122070312,60.650028228759766,12044.400390625,2715.610107421875,100.09222412109375
2011-03-14,49.437129974365234,1296.3900146484375,21.1299991607666,3.3469998836517334,81.28399658203125,138.86000061035156,60.623558044433594,11993.16015625,2700.969970703125,99.48786163330078
2011-03-15,48.734500885009766,1281.8699951171875,24.31999969482422,3.322999954223633,81.81999969482422,136.27000427246094,61.53116226196289,11855.419921875,2667.330078125,98.34803009033203
2011-03-16,47.55765151977539,1256.8800048828125,29.399999618530273,3.2119998931884766,81.05599975585938,136.24000549316406,62.22677993774414,11613.2998046875,2616.820068359375,96.52734375
2011-03-17,47.996768951416016,1273.719970703125,26.3700008392334,3.247999906539917,79.12799835205078,136.97000122070312,61.7497444152832,11774.58984375,2636.050048828125,97.80487823486328
2011-03-18,47.88859176635742,1279.2099609375,24.440000534057617,3.2769999504089355,79.5,138.3699951171875,61.91539001464844,11858.51953125,2643.669921875,98.1606216430664
2011-03-21,48.81206512451172,1298.3800048828125,20.610000610351562,3.322999954223633,81.01499938964844,139.13999938964844,61.55105972290039,12036.5302734375,2692.090087890625,99.68186950683594
2011-03-22,48.724117279052734,1293.77001953125,20.209999084472656,3.3320000171661377,81.20899963378906,139.0500030517578,61.75639343261719,12018.6298828125,2683.8701171875,99.33610534667969
2011-03-23,48.99675750732422,1297.5400390625,19.170000076293945,3.3480000495910645,81.03900146484375,140.33999633789062,61.67685317993164,12086.01953125,2698.300048828125,99.62041473388672
2011-03-24,49.867454528808594,1309.6600341796875,18.0,3.4040000438690186,80.86699676513672,139.22000122070312,61.213134765625,12170.5595703125,2736.419921875,100.57313537597656
2011-03-25,49.9905891418457,1313.800048828125,17.90999984741211,3.444000005722046,81.01399993896484,139.25999450683594,61.06078338623047,12220.58984375,2743.06005859375,100.88046264648438
2011-03-28,49.717960357666016,1310.18994140625,19.440000534057617,3.447999954223633,81.4489974975586,138.5399932861328,61.146915435791016,12197.8798828125,2730.679931640625,100.63460540771484
2011-03-29,50.20167541503906,1319.43994140625,18.15999984741211,3.490999937057495,81.76000213623047,138.2100067138672,60.67653274536133,12279.009765625,2756.889892578125,101.31070709228516
2011-03-30,50.439125061035156,1328.260009765625,17.709999084472656,3.4549999237060547,82.41100311279297,138.6699981689453,61.16012191772461,12350.6103515625,2776.7900390625,102.0098876953125
2011-03-31,50.50950241088867,1325.8299560546875,17.739999771118164,3.4539999961853027,83.1500015258789,139.86000061035156,61.034332275390625,12319.73046875,2781.070068359375,101.87161254882812
2011-04-01,50.53587341308594,1332.4100341796875,17.399999618530273,3.4509999752044678,83.36000061035156,139.1999969482422,61.33099365234375,12376.7197265625,2789.60009765625,102.3018569946289
2011-04-04,50.3687858581543,1332.8699951171875,17.5,3.430999994277954,84.22000122070312,139.83999633789062,61.39753723144531,12400.0302734375,2789.18994140625,102.38639068603516
2011-04-05,50.236854553222656,1332.6300048828125,17.25,3.486999988555908,84.12999725341797,142.0500030517578,61.151397705078125,12393.900390625,2791.18994140625,102.37102508544922
2011-04-06,50.3599853515625,1335.5400390625,16.899999618530273,3.5450000762939453,85.16000366210938,142.3800048828125,60.233367919921875,12426.75,2799.820068359375,102.69373321533203
2011-04-07,50.324790954589844,1333.510009765625,17.110000610351562,3.555000066757202,85.31999969482422,142.50999450683594,60.11353302001953,12409.490234375,2796.139892578125,102.43246459960938
2011-04-08,50.08734893798828,1328.1700439453125,17.8700008392334,3.569999933242798,84.95999908447266,143.66000366210938,59.79423904418945,12380.0498046875,2780.419921875,102.07905578613281
2011-04-11,49.92024612426758,1324.4599609375,16.59000015258789,3.569999933242798,85.04000091552734,142.63999938964844,59.847469329833984,12381.1103515625,2771.510009765625,101.77172088623047
2011-04-12,49.577232360839844,1314.1600341796875,17.09000015258789,3.5,84.62999725341797,141.61000061035156,60.49281692504883,12263.580078125,2744.7900390625,101.0110855102539
2011-04-13,49.9993896484375,1314.4100341796875,16.920000076293945,3.4660000801086426,83.5999984741211,141.89999389648438,60.87198257446289,12270.990234375,2761.52001953125,101.00337982177734
2011-04-14,49.91144561767578,1314.52001953125,16.270000457763672,3.484999895095825,83.78299713134766,143.80999755859375,60.8254508972168,12285.150390625,2760.219970703125,101.08025360107422
2011-04-15,49.823486328125,1319.6800537109375,15.319999694824219,3.4100000858306885,,145.0500030517578,61.650367736816406,12341.830078125,2764.64990234375,101.44903564453125
2011-04-18,49.47168731689453,1305.1400146484375,16.959999084472656,3.371000051498413,83.14700317382812,145.92999267578125,61.79003143310547,12201.58984375,2735.3798828125,100.31189727783203
2011-04-19,49.779510498046875,1312.6199951171875,15.829999923706055,3.3559999465942383,82.33399963378906,145.92999267578125,62.056182861328125,12266.75,2744.969970703125,100.88815307617188
2011-04-20,50.90525817871094,1330.3599853515625,15.069999694824219,3.4000000953674316,82.58000183105469,146.5,61.65701675415039,12453.5400390625,2802.510009765625,102.26345825195312
2011-04-21,51.309844970703125,1337.3800048828125,14.6899995803833,3.4000000953674316,82.44000244140625,146.74000549316406,61.60383987426758,12505.990234375,2820.159912109375,102.7859115600586
2011-04-26,51.73200225830078,1347.239990234375,15.619999885559082,3.319999933242798,81.83999633789062,146.3800048828125,62.43533706665039,12595.3701171875,2847.5400390625,103.56192016601562
2011-04-27,52.08380126953125,1355.6600341796875,15.350000381469727,3.368000030517578,81.51100158691406,149.1999969482422,61.79676818847656,12690.9599609375,2869.8798828125,104.23802185058594
2011-04-28,52.0046501159668,1360.47998046875,14.619999885559082,3.312000036239624,82.2040023803711,149.82000732421875,62.2690315246582,12763.3095703125,2872.530029296875,104.5760726928711
2011-04-29,51.960662841796875,1363.6099853515625,14.75,3.2960000038146973,81.52999877929688,152.3699951171875,62.46195602416992,12810.5400390625,2873.5400390625,104.8218994140625
2011-05-02,51.86392593383789,1361.219970703125,15.989999771118164,3.2860000133514404,81.22699737548828,150.41000366210938,62.562217712402344,12807.3603515625,2864.080078125,104.66059112548828
2011-05-03,51.61768341064453,1356.6199951171875,16.700000762939453,3.255000114440918,81.18000030517578,149.8800048828125,62.916343688964844,12807.509765625,2841.6201171875,104.28408813476562
2011-05-04,51.53850173950195,1347.3199462890625,17.079999923706055,3.2230000495910645,80.96900177001953,147.72999572753906,63.1969108581543,12723.580078125,2828.22998046875,103.5926513671875
2011-05-05,51.25706481933594,1335.0999755859375,18.200000762939453,3.1679999828338623,80.63999938964844,143.47000122070312,63.79822540283203,12584.169921875,2814.719970703125,102.65530395507812
2011-05-06,51.4241828918457,1340.199951171875,18.399999618530273,3.1570000648498535,80.41699981689453,145.3000030517578,63.517616271972656,12638.740234375,2827.56005859375,103.10855865478516
2011-05-09,51.61768341064453,1346.2900390625,17.15999984741211,3.1419999599456787,80.73400115966797,147.3800048828125,63.450767517089844,12684.6796875,2843.25,103.50811004638672
2011-05-10,52.05741500854492,1357.1600341796875,15.90999984741211,3.194999933242798,80.24199676513672,147.89999389648438,62.996437072753906,12760.3603515625,2871.889892578125,104.39171600341797
2011-05-11,51.67921447753906,1342.0799560546875,16.950000762939453,3.1570000648498535,81.01100158691406,146.5399932861328,63.35725402832031,12630.0302734375,2845.06005859375,103.2929916381836
2011-05-12,51.98707580566406,1348.6500244140625,16.030000686645508,3.2300000190734863,81.01000213623047,146.58999633789062,62.95635986328125,12695.919921875,2863.0400390625,103.78472137451172
2011-05-13,51.37139892578125,1337.77001953125,17.06999969482422,3.187000036239624,81.04000091552734,145.6300048828125,63.52427673339844,12595.75,2828.469970703125,102.98567962646484
2011-05-16,50.48311233520508,1329.469970703125,18.239999771118164,3.1489999294281006,80.81700134277344,145.3699951171875,63.87837600708008,12548.3701171875,2782.31005859375,102.33257293701172
2011-05-17,50.62382507324219,1328.97998046875,17.549999237060547,3.121000051498413,80.78199768066406,144.74000549316406,64.5331039428711,12479.580078125,2783.2099609375,102.31724548339844
2011-05-18,51.04599380493164,1340.6800537109375,16.229999542236328,3.1710000038146973,81.4209976196289,145.60000610351562,63.67796325683594,12560.1796875,2815.0,103.23149871826172
2011-05-19,51.19549560546875,1343.5999755859375,15.520000457763672,3.1710000038146973,81.66100311279297,145.64999389648438,63.65121078491211,12605.3203125,2823.31005859375,103.4773941040039
2011-05-20,50.808528900146484,1333.27001953125,17.43000030517578,3.1519999504089355,81.71399688720703,147.49000549316406,63.68461990356445,12512.0400390625,2803.320068359375,102.65530395507812
2011-05-23,50.060951232910156,1317.3699951171875,18.270000457763672,3.134000062942505,81.73999786376953,147.8300018310547,63.991943359375,12381.259765625,2758.89990234375,101.4643783569336
2011-05-24,49.753143310546875,1316.280029296875,17.81999969482422,3.122999906539917,81.95700073242188,148.58999633789062,64.23247528076172,12356.2099609375,2746.159912109375,101.37985229492188
2011-05-25,49.946624755859375,1320.469970703125,17.06999969482422,3.128999948501587,82.0479965209961,148.5800018310547,63.931785583496094,12394.66015625,2761.3798828125,101.71797180175781
2011-05-26,50.25443649291992,1325.68994140625,16.09000015258789,3.061000108718872,82.02200317382812,148.22000122070312,64.47966766357422,12402.759765625,2782.919921875,102.1866226196289
2011-05-27,50.50950241088867,1331.0999755859375,15.979999542236328,3.063999891281128,81.2699966430664,149.6999969482422,64.45296478271484,12441.580078125,2796.860107421875,102.57846069335938
2011-06-01,50.210487365722656,1314.550048828125,18.299999237060547,2.9660000801086426,81.4530029296875,149.91000366210938,65.47300720214844,12290.1396484375,2769.18994140625,101.3183822631836
2011-06-02,50.31602096557617,1312.93994140625,18.09000015258789,3.0299999713897705,80.89399719238281,149.5,64.22576141357422,12248.5498046875,2773.31005859375,101.2108383178711
2011-06-03,49.55963897705078,1300.1600341796875,17.950000762939453,2.996999979019165,80.97000122070312,150.22000122070312,64.59456634521484,12151.259765625,2732.780029296875,100.20435333251953
2011-06-06,49.15507125854492,1286.1700439453125,18.489999771118164,3.002000093460083,80.22000122070312,150.47999572753906,64.10507202148438,12089.9599609375,2702.56005859375,99.14408874511719
2011-06-07,49.06711959838867,1284.93994140625,18.06999969482422,3.010999917984009,80.12000274658203,150.4199981689453,64.40011596679688,12070.8095703125,2701.56005859375,99.0826187133789
2011-06-08,48.71533203125,1279.56005859375,18.790000915527344,2.9619998931884766,80.16999816894531,149.80999755859375,64.90300750732422,12048.9404296875,2675.3798828125,98.6677017211914
2011-06-09,48.80327606201172,1289.0,17.770000457763672,2.997999906539917,79.88999938964844,150.55999755859375,64.64153289794922,12124.3603515625,2684.8701171875,99.42064666748047
2011-06-10,48.05569839477539,1270.97998046875,18.860000610351562,2.9709999561309814,80.29000091552734,149.24000549316406,65.13771057128906,11951.91015625,2643.72998046875,98.0376968383789
2011-06-13,48.05569839477539,1271.8299560546875,19.610000610351562,2.990999937057495,80.33999633789062,147.77000427246094,64.80913543701172,11952.9697265625,2639.68994140625,98.11451721191406
2011-06-14,48.67135238647461,1287.8699951171875,18.260000228881836,3.0989999771118164,80.1760025024414,148.6699981689453,63.8302001953125,12076.1103515625,2678.719970703125,99.35918426513672
2011-06-15,47.74787139892578,1265.4200439453125,21.31999969482422,2.9730000495910645,80.54000091552734,149.1199951171875,64.99024200439453,11897.26953125,2631.4599609375,97.59205627441406
2011-06-16,47.56319046020508,1267.6400146484375,22.729999542236328,2.9089999198913574,80.87999725341797,148.97000122070312,65.28526306152344,11961.51953125,2623.699951171875,97.80720520019531
2011-06-17,47.414215087890625,1271.5,21.850000381469727,2.944000005722046,80.5770034790039,149.94000244140625,64.97681427001953,12004.3603515625,2616.47998046875,98.09905242919922
2011-06-20,47.66101837158203,1278.3599853515625,19.989999771118164,2.9630000591278076,80.07599639892578,150.02999877929688,65.0572509765625,12080.3798828125,2629.659912109375,98.60092163085938
2011-06-21,48.683528900146484,1295.52001953125,18.860000610351562,2.984999895095825,80.23400115966797,150.75999450683594,64.76889038085938,12190.009765625,2687.260009765625,99.95215606689453
2011-06-22,48.3309326171875,1287.1400146484375,18.520000457763672,2.993000030517578,80.22100067138672,150.99000549316406,64.80913543701172,12109.669921875,2669.18994140625,99.34992980957031
2011-06-23,48.780487060546875,1283.5,19.290000915527344,2.9089999198913574,80.38300323486328,148.33999633789062,65.30538177490234,12050.0,2686.75,99.064208984375
2011-06-24,47.93428421020508,1268.449951171875,21.100000381469727,2.871000051498413,80.44000244140625,146.25999450683594,65.03042602539062,11934.580078125,2652.889892578125,97.91372680664062
2011-06-27,48.701168060302734,1280.0999755859375,20.559999465942383,2.927000045776367,80.45999908447266,145.72999572753906,64.13858032226562,12043.5595703125,2688.280029296875,98.78627014160156
2011-06-28,49.42396545410156,1296.6700439453125,19.170000076293945,3.0450000762939453,80.8499984741211,146.24000549316406,63.62228775024414,12188.6904296875,2729.31005859375,100.07572174072266
2011-06-29,49.626708984375,1307.4100341796875,17.270000457763672,3.1080000400543213,81.08000183105469,147.17999267578125,63.19980239868164,12261.419921875,2740.489990234375,100.93277740478516
2011-06-30,50.287818908691406,1320.6400146484375,16.520000457763672,3.1579999923706055,80.70999908447266,146.0,63.099246978759766,12414.33984375,2773.52001953125,101.89790344238281
2011-07-01,51.04587173461914,1339.6700439453125,15.869999885559082,3.197000026702881,80.5999984741211,144.92999267578125,62.998294830322266,12582.76953125,2816.030029296875,103.4035873413086
2011-07-06,51.468994140625,1339.219970703125,16.34000015258789,3.0950000286102295,81.06999969482422,148.91000366210938,63.46257019042969,12626.01953125,2834.02001953125,103.44218444824219
2011-07-07,52.174156188964844,1353.219970703125,15.949999809265137,3.1489999294281006,80.93800354003906,149.14999389648438,63.274166107177734,12719.490234375,2872.659912109375,104.51545715332031
2011-07-08,52.03311538696289,1343.800048828125,15.949999809265137,3.0160000324249268,81.2300033569336,150.25,64.16903686523438,12657.2001953125,2859.81005859375,103.77418518066406
2011-07-11,51.08993148803711,1319.489990234375,18.389999389648438,2.9170000553131104,80.6500015258789,151.58999633789062,65.13124084472656,12505.759765625,2802.6201171875,101.89790344238281
2011-07-12,50.70210647583008,1313.6400146484375,19.8700008392334,2.9079999923706055,80.29000091552734,152.77000427246094,65.35323333740234,12446.8798828125,2781.909912109375,101.45782470703125
2011-07-13,50.91365051269531,1317.719970703125,19.90999984741211,2.8910000324249268,79.31800079345703,154.13999938964844,65.53495788574219,12491.6103515625,2796.919921875,101.79756927490234
2011-07-14,50.323055267333984,1308.8699951171875,20.799999237060547,2.944000005722046,78.91999816894531,154.5399932861328,64.59959411621094,12437.1201171875,2762.669921875,101.09488677978516
2011-07-15,50.99299240112305,1316.1400146484375,19.530000686645508,2.9079999923706055,79.18000030517578,155.1999969482422,64.70732879638672,12479.73046875,2789.800048828125,101.68172454833984
2011-07-18,50.7197265625,1305.43994140625,20.950000762939453,2.9089999198913574,79.11299896240234,156.57000732421875,64.08154296875,12385.16015625,2765.110107421875,100.84783172607422
2011-07-19,51.87446212768555,1326.72998046875,19.209999084472656,2.8910000324249268,79.05000305175781,154.66000366210938,65.41378784179688,12587.419921875,2826.52001953125,102.4847412109375
2011-07-20,51.654083251953125,1325.8399658203125,19.09000015258789,2.933000087738037,79.1259994506836,156.02000427246094,64.64005279541016,12571.91015625,2814.22998046875,102.42298126220703
2011-07-21,51.99786376953125,1343.800048828125,17.559999465942383,3.009999990463257,78.75399780273438,154.8300018310547,64.14214324951172,12724.41015625,2834.429931640625,103.84368896484375
2011-07-22,52.53554916381836,1345.02001953125,17.520000457763672,2.9639999866485596,78.58399963378906,156.1199951171875,64.62657928466797,12681.16015625,2858.830078125,103.9132080078125
2011-07-25,52.42976379394531,1337.4300537109375,19.350000381469727,3.003999948501587,78.37999725341797,157.33999633789062,63.92009353637695,12592.7998046875,2842.800048828125,103.3341064453125
2011-07-26,52.561988830566406,1331.93994140625,20.229999542236328,2.9509999752044678,78.30000305175781,157.77000427246094,64.35743713378906,12501.2998046875,2839.9599609375,102.94802856445312
2011-07-27,51.204532623291016,1304.8900146484375,22.979999542236328,2.9800000190734863,77.91400146484375,157.19000244140625,64.36418914794922,12302.5498046875,2764.7900390625,100.84013366699219
2011-07-28,51.29267883300781,1300.6700439453125,23.739999771118164,2.9509999752044678,77.93000030517578,157.32000732421875,64.60639953613281,12240.1103515625,2766.25,100.54672241210938
2011-07-29,51.12519836425781,1292.280029296875,25.25,2.805000066757202,77.7300033569336,158.2899932861328,65.88481903076172,12143.240234375,2756.3798828125,99.85951232910156
2011-08-01,50.88720703125,1286.93994140625,23.65999984741211,2.740000009536743,77.21299743652344,157.72000122070312,66.54975128173828,12132.490234375,2744.610107421875,99.43486022949219
2011-08-02,49.60026931762695,1254.050048828125,24.790000915527344,2.624000072479248,77.45999908447266,161.52000427246094,68.54803466796875,11866.6201171875,2669.239990234375,96.89453887939453
2011-08-03,50.07625961303711,1260.3399658203125,23.3799991607666,2.5989999771118164,77.33499908447266,161.49000549316406,68.68303680419922,11896.4404296875,2693.070068359375,97.41954040527344
2011-08-04,47.749183654785156,1200.0699462890625,31.65999984741211,2.4579999446868896,77.11199951171875,160.63999938964844,71.12683868408203,11383.6796875,2556.389892578125,92.85629272460938
2011-08-05,47.449485778808594,1199.3800048828125,32.0,2.558000087738037,79.29000091552734,161.75,69.0746078491211,11444.6103515625,2532.409912109375,92.71733093261719
2011-08-08,44.59352111816406,1119.4599609375,48.0,2.3389999866485596,78.25399780273438,167.1199951171875,71.25509643554688,10809.849609375,2357.68994140625,86.67925262451172
2011-08-09,46.74430465698242,1172.530029296875,35.060001373291016,2.181999921798706,77.58499908447266,168.61000061035156,71.47118377685547,11239.76953125,2482.52001953125,90.70974731445312
2011-08-10,44.831512451171875,1120.760009765625,42.9900016784668,2.13700008392334,77.05000305175781,174.5800018310547,73.59762573242188,10719.9404296875,2381.050048828125,86.70242309570312
2011-08-11,46.80600357055664,1172.6400146484375,39.0,2.3359999656677246,76.75900268554688,170.75,69.8846664428711,11143.3095703125,2492.679931640625,90.59396362304688
2011-08-12,47.220298767089844,1178.81005859375,36.36000061035156,2.236999988555908,76.86000061035156,169.97000122070312,71.26856994628906,11269.01953125,2507.97998046875,91.20393371582031
2011-08-15,47.916648864746094,1204.489990234375,31.8700008392334,2.2850000858306885,76.81999969482422,171.8000030517578,70.54625701904297,11482.900390625,2555.199951171875,93.13424682617188
2011-08-16,47.51118850708008,1192.760009765625,32.849998474121094,2.2139999866485596,76.83999633789062,173.9199981689453,71.71417236328125,11405.9296875,2523.449951171875,92.33895874023438
2011-08-17,47.22911071777344,1193.8900146484375,31.579999923706055,2.1649999618530273,76.75399780273438,174.4199981689453,72.96979522705078,11410.2099609375,2511.47998046875,92.40071868896484
2011-08-18,44.91085433959961,1140.6500244140625,42.66999816894531,2.0829999446868896,76.5469970703125,177.72000122070312,74.46845245361328,10990.580078125,2380.429931640625,88.41654205322266
2011-08-19,44.09989929199219,1123.530029296875,43.04999923706055,2.071000099182129,76.63700103759766,179.9499969482422,75.06927490234375,10817.650390625,2341.840087890625,86.97265625
2011-08-22,44.25857162475586,1123.8199462890625,42.439998626708984,2.0880000591278076,76.78600311279297,184.58999633789062,74.88030242919922,10854.650390625,2345.3798828125,87.0421371459961
2011-08-23,46.08320236206055,1162.3499755859375,36.27000045776367,2.13700008392334,76.83200073242188,177.6699981689453,73.84739685058594,11176.759765625,2446.06005859375,89.90678405761719
2011-08-24,46.44460678100586,1177.5999755859375,35.900001525878906,2.259999990463257,76.66000366210938,171.64999389648438,71.7479476928711,11320.7099609375,2467.68994140625,91.17306518554688
2011-08-25,45.68653869628906,1159.27001953125,39.7599983215332,2.2219998836517334,77.0530014038086,172.36000061035156,72.52422332763672,11149.8203125,2419.6298828125,89.78318786621094
2011-08-26,46.83245086669922,1176.800048828125,35.59000015258789,2.187999963760376,77.43499755859375,177.47000122070312,73.2398681640625,11284.5400390625,2479.85009765625,91.08809661865234
2011-08-29,48.13700866699219,1210.0799560546875,32.279998779296875,2.2709999084472656,76.68199920654297,173.88999938964844,72.22721862792969,11539.25,2562.110107421875,93.70565795898438
2011-08-30,48.454349517822266,1212.9200439453125,32.88999938964844,2.1760001182556152,76.93299865722656,179.10000610351562,73.38834381103516,11559.9501953125,2576.110107421875,93.95270538330078
2011-08-31,48.53367614746094,1218.8900146484375,31.6200008392334,2.2179999351501465,76.70099639892578,177.72000122070312,72.25418090820312,11613.5302734375,2579.4599609375,94.36965942382812
2011-09-01,48.09294509887695,1204.4200439453125,31.81999969482422,2.1459999084472656,76.7300033569336,177.8699951171875,73.78585815429688,11493.5703125,2546.0400390625,93.38134765625
2011-09-02,46.96466827392578,1173.969970703125,33.91999816894531,1.996000051498413,76.86000061035156,183.24000549316406,76.18289184570312,11240.259765625,2480.330078125,90.99545288085938
2011-09-07,48.163475036621094,1198.6199951171875,33.380001068115234,2.0360000133514404,77.61799621582031,177.0800018310547,75.50577545166016,11414.8603515625,2548.93994140625,92.87947082519531
2011-09-08,47.943111419677734,1185.9000244140625,34.31999969482422,1.9859999418258667,77.3010025024414,181.80999755859375,76.18289184570312,11295.8095703125,2529.139892578125,91.91429901123047
2011-09-09,46.87651062011719,1154.22998046875,38.52000045776367,1.9149999618530273,77.50800323486328,180.6999969482422,76.99540710449219,10992.1298828125,2467.989990234375,89.50524139404297
2011-09-12,47.475914001464844,1162.27001953125,38.59000015258789,1.9299999475479126,77.46299743652344,176.6699981689453,77.07667541503906,11061.1201171875,2495.090087890625,90.0843505859375
2011-09-13,48.11056137084961,1172.8699951171875,36.90999984741211,1.99399995803833,77.18000030517578,178.5399932861328,75.97978210449219,11105.849609375,2532.14990234375,90.91050720214844
2011-09-14,48.798118591308594,1188.6800537109375,34.599998474121094,2.010999917984009,76.93199920654297,177.2100067138672,76.62301635742188,11246.73046875,2572.550048828125,92.16910552978516
2011-09-15,49.52092361450195,1209.1099853515625,31.969999313354492,2.0850000381469727,76.677001953125,174.39999389648438,75.45160675048828,11433.1796875,2607.070068359375,93.75967407226562
2011-09-16,49.97483825683594,1216.010009765625,30.979999542236328,2.0759999752044678,76.73400115966797,176.02999877929688,76.00006866455078,11509.08984375,2622.31005859375,94.31463623046875
2011-09-19,49.992496490478516,1204.0899658203125,32.72999954223633,1.940000057220459,76.91000366210938,173.30999755859375,77.44908905029297,11401.009765625,2612.830078125,93.37548828125
2011-09-20,49.77173614501953,1202.0899658203125,32.86000061035156,1.9470000267028809,76.59600067138672,175.77999877929688,77.77410888671875,11408.66015625,2590.239990234375,93.26687622070312
2011-09-21,48.90628433227539,1166.760009765625,37.31999969482422,1.875,76.46299743652344,173.58999633789062,80.34712982177734,11124.83984375,2538.18994140625,90.51935577392578
2011-09-22,47.31671142578125,1129.56005859375,41.349998474121094,1.715000033378601,76.53800201416016,169.0500030517578,83.36711883544922,10733.830078125,2455.669921875,87.59336853027344
2011-09-23,47.820068359375,1136.4300537109375,41.25,1.8079999685287476,76.30599975585938,159.8000030517578,81.81651306152344,10771.48046875,2483.22998046875,88.12113189697266
2011-09-26,48.37641525268555,1162.949951171875,39.02000045776367,1.9040000438690186,76.54000091552734,157.5800018310547,80.50292205810547,11043.8603515625,2516.68994140625,90.21665954589844
2011-09-27,48.879791259765625,1175.3800048828125,37.709999084472656,2.0160000324249268,76.33599853515625,160.6300048828125,79.27050018310547,11190.6904296875,2546.830078125,91.22560119628906
2011-09-28,48.1556396484375,1151.06005859375,41.08000183105469,2.002000093460083,76.80799865722656,156.22000122070312,79.24342346191406,11010.900390625,2491.580078125,89.3629379272461
2011-09-29,47.58163833618164,1160.4000244140625,38.84000015258789,1.9570000171661377,76.54000091552734,157.6999969482422,79.79187774658203,11153.98046875,2480.760009765625,90.06922149658203
2011-09-30,46.35410690307617,1131.4200439453125,42.959999084472656,1.9240000247955322,76.76499938964844,158.05999755859375,81.79620361328125,10913.3798828125,2415.39990234375,87.81845092773438
2011-10-03,45.161922454833984,1099.22998046875,45.45000076293945,1.784999966621399,77.19000244140625,160.9600067138672,84.0472183227539,10655.2998046875,2335.830078125,85.31935119628906
2011-10-04,46.08918380737305,1123.949951171875,40.81999969482422,1.781000018119812,76.59200286865234,157.63999938964844,82.98149871826172,10808.7099609375,2404.820068359375,87.18978118896484
2011-10-05,47.272552490234375,1144.030029296875,37.810001373291016,1.9049999713897705,76.76000213623047,159.4600067138672,82.38408660888672,10939.9501953125,2460.510009765625,88.80415344238281
2011-10-06,48.067325592041016,1164.969970703125,36.27000045776367,1.9859999418258667,76.78199768066406,160.49000549316406,80.86346435546875,11123.330078125,2506.820068359375,90.41069030761719
2011-10-07,47.74941635131836,1155.4599609375,36.20000076293945,2.068000078201294,76.65799713134766,159.17999267578125,80.26609802246094,11103.1201171875,2479.35009765625,89.8053207397461
2011-10-10,49.400821685791016,1194.8900146484375,33.02000045776367,2.0759999752044678,76.7699966430664,163.27000427246094,79.13243865966797,11433.1796875,2566.050048828125,92.80889892578125
2011-10-11,49.73641586303711,1195.5400390625,32.86000061035156,2.1600000858306885,76.66000366210938,162.10000610351562,78.86770629882812,11416.2998046875,2583.030029296875,92.90204620361328
2011-10-12,49.98366928100586,1207.25,31.260000228881836,2.2260000705718994,76.66699981689453,163.25999450683594,77.72045135498047,11518.849609375,2604.72998046875,93.71695709228516
2011-10-13,50.44289016723633,1203.6600341796875,30.700000762939453,2.1689999103546143,77.18000030517578,162.3000030517578,78.49434661865234,11478.1298828125,2620.239990234375,93.53072357177734
2011-10-14,51.37898254394531,1224.5799560546875,28.239999771118164,2.2320001125335693,76.87999725341797,163.39999389648438,77.35387420654297,11644.490234375,2667.85009765625,95.12955474853516
2011-10-17,50.584190368652344,1200.8599853515625,33.38999938964844,2.1549999713897705,77.22000122070312,162.6199951171875,78.69116973876953,11397.0,2614.919921875,93.31341552734375
2011-10-18,51.21120071411133,1225.3800048828125,31.559999465942383,2.1510000228881836,76.83100128173828,161.83999633789062,78.2024154663086,11577.0498046875,2657.429931640625,95.13732147216797
2011-10-19,50.22210693359375,1209.8800048828125,34.439998626708984,2.1589999198913574,76.7770004272461,159.8699951171875,78.17525482177734,11504.6201171875,2604.0400390625,94.01190948486328
2011-10-20,49.97483825683594,1215.3900146484375,34.779998779296875,2.180000066757202,76.80000305175781,157.77000427246094,77.61860656738281,11541.7802734375,2598.6201171875,94.42327117919922
2011-10-21,50.60185241699219,1238.25,31.31999969482422,2.203000068664551,76.86000061035156,159.52000427246094,76.79723358154297,11808.7900390625,2637.4599609375,96.21611022949219
2011-10-24,51.65274429321289,1254.18994140625,29.260000228881836,2.2339999675750732,76.20999908447266,161.02000427246094,76.92621612548828,11913.6201171875,2699.43994140625,97.39583587646484
2011-10-25,50.63716506958008,1229.050048828125,32.220001220703125,2.128000020980835,76.13200378417969,165.58999633789062,78.88126373291016,11706.6201171875,2638.419921875,95.5020980834961
2011-10-26,50.575355529785156,1242.0,29.860000610351562,2.203000068664551,76.10900115966797,167.39999389648438,77.5031967163086,11869.0400390625,2650.669921875,96.47224426269531
2011-10-27,51.970645904541016,1284.5899658203125,25.459999084472656,2.3949999809265137,76.18399810791016,169.5500030517578,74.87610626220703,12208.5498046875,2738.6298828125,99.8328628540039
2011-10-28,52.05013656616211,1285.0899658203125,24.530000686645508,2.305999994277954,75.93000030517578,169.6199951171875,75.66356658935547,12231.1103515625,2737.14990234375,99.80958557128906
2011-10-31,51.17585754394531,1253.300048828125,29.959999084472656,2.174999952316284,75.73999786376953,167.33999633789062,78.66403198242188,11955.009765625,2684.409912109375,97.40360260009766
2011-11-01,49.84238052368164,1218.280029296875,34.77000045776367,2.000999927520752,78.30799865722656,167.3800048828125,81.2972640991211,11657.9599609375,2606.9599609375,94.68714141845703
2011-11-02,50.26628112792969,1237.9000244140625,32.7400016784668,2.00600004196167,78.30599975585938,169.05999755859375,80.28318786621094,11836.0400390625,2639.97998046875,96.23162078857422
2011-11-03,51.30833435058594,1261.1500244140625,30.5,2.065999984741211,78.13899993896484,171.72000122070312,79.18061828613281,12044.4697265625,2697.969970703125,97.98568725585938
2011-11-04,51.043392181396484,1253.22998046875,30.15999984741211,2.049999952316284,78.0530014038086,170.85000610351562,79.27591705322266,11983.240234375,2686.14990234375,97.3880615234375
2011-11-07,51.40547561645508,1261.1199951171875,29.850000381469727,1.99399995803833,78.12999725341797,174.97999572753906,79.77952575683594,12068.3896484375,2695.25,97.99343872070312
2011-11-08,51.99715805053711,1275.9200439453125,27.479999542236328,2.065000057220459,78.0770034790039,173.52999877929688,78.75862884521484,12170.1796875,2727.489990234375,99.25074768066406
2011-11-09,50.169132232666016,1229.0999755859375,36.15999984741211,1.9550000429153442,77.70800018310547,172.07000732421875,80.39205169677734,11780.9404296875,2621.64990234375,95.58744812011719
2011-11-10,50.14262390136719,1239.699951171875,32.810001373291016,2.055999994277954,77.75800323486328,171.13999938964844,79.19420623779297,11893.8603515625,2625.14990234375,96.48776245117188
2011-11-11,51.087554931640625,1263.8499755859375,30.040000915527344,2.055999994277954,77.6520004272461,173.9600067138672,78.71100616455078,12153.6796875,2678.75,98.30387878417969
2011-11-14,50.76964569091797,1251.780029296875,31.1299991607666,2.0429999828338623,77.15599822998047,173.1999969482422,79.9769287109375,12078.98046875,2657.219970703125,97.37254333496094
2011-11-15,51.3348274230957,1257.81005859375,31.219999313354492,2.056999921798706,77.0790023803711,173.36000061035156,79.86802673339844,12096.16015625,2686.199951171875,97.85372924804688
2011-11-16,50.48704147338867,1236.9100341796875,33.5099983215332,2.0239999294281006,77.05999755859375,171.50999450683594,80.59623718261719,11905.58984375,2639.610107421875,96.30149841308594
2011-11-17,49.303688049316406,1216.1300048828125,34.5099983215332,1.9579999446868896,77.06099700927734,167.10000610351562,81.24279022216797,11770.73046875,2587.989990234375,94.77251434326172
2011-11-18,48.9239501953125,1215.6500244140625,32.0,2.01200008392334,76.95800018310547,167.6199951171875,81.22237396240234,11796.16015625,2572.5,94.67162322998047
2011-11-21,47.98785400390625,1192.97998046875,32.90999984741211,1.9620000123977661,76.83899688720703,163.5,81.70562744140625,11547.3095703125,2523.139892578125,92.87103271484375
2011-11-22,48.146812438964844,1188.0400390625,31.969999313354492,1.9390000104904175,76.9000015258789,165.30999755859375,82.61766052246094,11493.7197265625,2521.280029296875,92.50625610351562
2011-11-23,47.06062316894531,1161.7900390625,33.97999954223633,1.878999948501587,76.97000122070312,164.8300018310547,83.42752838134766,11257.5498046875,2460.080078125,90.46505737304688
2011-11-28,48.32343673706055,1192.550048828125,32.130001068115234,1.9579999446868896,77.66699981689453,166.6300048828125,82.17522430419922,11523.009765625,2527.340087890625,92.90982055664062
2011-11-29,48.02318572998047,1195.18994140625,30.639999389648438,1.996000051498413,78.08100128173828,166.8800048828125,81.50151062011719,11555.6298828125,2515.510009765625,93.17372131347656
2011-11-30,49.7982177734375,1246.9599609375,27.799999237060547,2.068000078201294,77.95999908447266,170.1300048828125,80.22872161865234,12045.6796875,2620.340087890625,97.00775909423828
2011-12-01,50.14262390136719,1244.5799560546875,27.40999984741211,2.117000102996826,77.58300018310547,169.6300048828125,79.82618713378906,12020.0302734375,2626.199951171875,96.99224090576172
2011-12-02,50.001346588134766,1244.280029296875,27.520000457763672,2.0420000553131104,77.75,169.82000732421875,80.94511413574219,12019.419921875,2626.929931640625,96.90687561035156
2011-12-05,50.54886245727539,1257.0799560546875,27.84000015258789,2.053999900817871,78.08000183105469,167.32000732421875,80.7813720703125,12097.830078125,2655.760009765625,97.96238708496094
2011-12-06,50.40757369995117,1258.469970703125,28.1299991607666,2.0929999351501465,77.81199645996094,168.17999267578125,80.01036071777344,12150.1298828125,2649.56005859375,97.99343872070312
2011-12-07,50.40757369995117,1261.010009765625,28.670000076293945,2.0169999599456787,77.75,169.39999389648438,80.29696655273438,12196.3701171875,2649.2099609375,98.35820007324219
2011-12-08,49.559776306152344,1234.3499755859375,30.59000015258789,1.972000002861023,77.6729965209961,165.97999572753906,81.29991912841797,11997.7001953125,2596.3798828125,96.20060729980469
2011-12-09,50.354576110839844,1255.18994140625,26.3799991607666,2.052000045776367,77.68000030517578,166.39999389648438,79.62833404541016,12184.259765625,2646.85009765625,97.83045196533203
2011-12-12,49.789398193359375,1236.469970703125,25.670000076293945,2.009000062942505,77.61199951171875,161.99000549316406,80.5152816772461,12021.3896484375,2612.260009765625,96.40238952636719
2011-12-13,49.24187088012695,1225.72998046875,25.40999984741211,1.9620000123977661,77.93900299072266,158.4499969482422,81.2657699584961,11954.9404296875,2579.27001953125,95.5020980834961
2011-12-14,48.47356414794922,1211.8199462890625,26.040000915527344,1.9010000228881836,77.96099853515625,152.88999938964844,82.80088806152344,11823.48046875,2539.31005859375,94.48535919189453
2011-12-15,48.34111022949219,1215.75,25.110000610351562,1.9129999876022339,78.10800170898438,152.3300018310547,82.49384307861328,11868.8095703125,2541.010009765625,94.82685089111328
2011-12-16,48.58998489379883,1219.6600341796875,24.290000915527344,1.8539999723434448,77.83999633789062,155.22999572753906,83.45587158203125,11866.3896484375,2555.330078125,94.9674301147461
2011-12-19,48.1117057800293,1205.3499755859375,24.920000076293945,1.812999963760376,77.80999755859375,154.8699951171875,84.51335144042969,11766.259765625,2523.139892578125,93.95209503173828
2011-12-20,49.53769302368164,1241.300048828125,23.219999313354492,1.9249999523162842,78.01000213623047,156.97999572753906,82.40518951416016,12103.580078125,2603.72998046875,96.79507446289062
2011-12-21,48.82912826538086,1243.719970703125,21.43000030517578,1.9670000076293945,77.83999633789062,157.16000366210938,81.25892639160156,12107.740234375,2577.969970703125,96.98253631591797
2011-12-22,49.245399475097656,1254.0,21.15999984741211,1.9509999752044678,78.06999969482422,156.0399932861328,81.60010528564453,12169.650390625,2599.449951171875,97.84168243408203
2011-12-23,49.6705436706543,1265.3299560546875,20.729999542236328,2.0299999713897705,78.16000366210938,156.30999755859375,80.69268798828125,12294.0,2618.639892578125,98.71646881103516
2011-12-28,49.27961349487305,1249.6400146484375,23.520000457763672,1.9079999923706055,77.87000274658203,151.02999877929688,82.574951171875,12151.41015625,2589.97998046875,97.49803924560547
2011-12-29,49.63420104980469,1263.02001953125,22.649999618530273,1.8969999551773071,77.94599914550781,150.33999633789062,82.72559356689453,12287.0400390625,2613.739990234375,98.50557708740234
2011-12-30,49.492347717285156,1257.5999755859375,23.399999618530273,1.871000051498413,77.65899658203125,151.99000549316406,82.99250793457031,12217.5595703125,2605.14990234375,98.0213394165039
2012-01-04,50.653648376464844,1277.300048828125,22.219999313354492,1.9950000047683716,76.72200012207031,156.7100067138672,80.77483367919922,12418.419921875,2648.360107421875,99.73963165283203
2012-01-05,51.070308685302734,1281.06005859375,21.479999542236328,1.9930000305175781,76.70999908447266,157.77999877929688,80.6310806274414,12415.7001953125,2669.860107421875,100.00520324707031
2012-01-06,51.24761199951172,1277.81005859375,20.6299991607666,1.9609999656677246,77.1510009765625,157.1999969482422,81.26764678955078,12359.919921875,2674.219970703125,99.74744415283203
2012-01-09,51.07917785644531,1280.699951171875,21.06999969482422,1.9600000381469727,76.91000366210938,156.5,81.1239242553711,12392.6904296875,2676.56005859375,99.98956298828125
2012-01-10,51.45149230957031,1292.0799560546875,20.690000534057617,1.972000002861023,76.86000061035156,158.63999938964844,80.98698425292969,12462.4697265625,2702.5,100.85652160644531
2012-01-11,51.55788803100586,1292.47998046875,21.049999237060547,1.9040000438690186,76.8499984741211,159.6699981689453,82.04109191894531,12449.4501953125,2710.760009765625,100.91119384765625
2012-01-12,51.76176834106445,1295.5,20.469999313354492,1.9329999685287476,76.85800170898438,160.3800048828125,81.9247055053711,12471.01953125,2724.699951171875,101.15330505371094
2012-01-13,51.57560729980469,1289.0899658203125,20.90999984741211,1.8530000448226929,76.77899932861328,159.25999450683594,82.73918914794922,12422.0595703125,2710.669921875,100.63003540039062
2012-01-18,52.73691177368164,1308.0400390625,20.889999389648438,1.8969999551773071,76.81999969482422,161.60000610351562,82.11637115478516,12578.9501953125,2769.7099609375,102.13745880126953
2012-01-19,53.064903259277344,1314.5,19.8700008392334,1.972000002861023,76.76699829101562,161.22000122070312,80.98698425292969,12623.98046875,2788.330078125,102.67635345458984
2012-01-20,52.985107421875,1315.3800048828125,18.280000686645508,2.0280001163482666,77.08000183105469,162.07000732421875,80.06982421875,12720.48046875,2786.699951171875,103.05907440185547
2012-01-23,53.002845764160156,1316.0,18.670000076293945,2.066999912261963,76.95999908447266,163.16000366210938,79.56330871582031,12708.8203125,2784.169921875,102.79354095458984
2012-01-24,52.90534210205078,1314.6500244140625,18.90999984741211,2.063999891281128,77.0,162.00999450683594,79.70703887939453,12675.75,2786.639892578125,102.67635345458984
2012-01-25,53.5702018737793,1326.06005859375,18.309999465942383,2.006999969482422,77.68699645996094,166.4199981689453,79.51533508300781,12758.849609375,2818.31005859375,103.53550720214844
2012-01-26,53.384037017822266,1318.4300537109375,18.56999969482422,1.930999994277954,77.7699966430664,167.27000427246094,80.56949615478516,12734.6298828125,2805.280029296875,103.00444793701172
2012-01-27,53.543601989746094,1316.3299560546875,18.530000686645508,1.8980000019073486,77.45999908447266,168.97000122070312,80.82267761230469,12660.4599609375,2816.550048828125,102.95752716064453
2012-01-30,53.58793640136719,1313.010009765625,19.399999618530273,1.8370000123977661,76.73200225830078,168.02999877929688,81.77410888671875,12653.7197265625,2811.93994140625,102.60606384277344
2012-01-31,53.65884017944336,1312.4100341796875,19.440000534057617,1.7990000247955322,76.36000061035156,169.30999755859375,82.7187271118164,12632.91015625,2813.840087890625,102.56700897216797
2012-02-01,54.09321975708008,1324.0899658203125,18.549999237060547,1.8459999561309814,76.2699966430664,169.55999755859375,81.771240234375,12716.4599609375,2848.27001953125,103.46524047851562
2012-02-02,54.26164627075195,1325.5400390625,17.979999542236328,1.8250000476837158,76.18900299072266,171.0500030517578,81.7369155883789,12705.41015625,2859.679931640625,103.62921142578125
2012-02-03,55.00629806518555,1344.9000244140625,17.100000381469727,1.9490000009536743,76.18000030517578,167.63999938964844,79.9804458618164,12862.23046875,2905.659912109375,105.08196258544922
2012-02-06,54.96198272705078,1344.3299560546875,17.760000228881836,1.9010000228881836,76.5510025024414,167.17999267578125,80.77633666992188,12845.1298828125,2901.989990234375,105.0116958618164
2012-02-07,55.07722473144531,1347.050048828125,17.649999618530273,1.965999960899353,76.55000305175781,169.6999969482422,79.77459716796875,12878.2001953125,2904.080078125,105.27725982666016
2012-02-08,55.369754791259766,1349.9599609375,18.15999984741211,1.975000023841858,76.79000091552734,168.5,79.83634948730469,12883.9501953125,2915.860107421875,105.58965301513672
2012-02-09,55.76866149902344,1351.949951171875,18.6299991607666,2.046999931335449,77.05999755859375,168.02000427246094,79.23944091796875,12890.4599609375,2927.22998046875,105.72245025634766
2012-02-10,55.37861633300781,1342.6400146484375,20.790000915527344,1.968999981880188,77.63200378417969,167.13999938964844,80.2685546875,12801.23046875,2903.8798828125,104.94139862060547
2012-02-13,55.89277267456055,1351.77001953125,19.040000915527344,1.9900000095367432,77.69999694824219,167.50999450683594,80.37152862548828,12874.0400390625,2931.389892578125,105.72245025634766
2012-02-14,56.03459548950195,1350.5,19.540000915527344,1.9240000247955322,77.51000213623047,167.1199951171875,80.79692840576172,12878.2802734375,2931.830078125,105.58965301513672
2012-02-15,55.644569396972656,1343.22998046875,21.139999389648438,1.930999994277954,78.36000061035156,168.11000061035156,80.65283203125,12780.9501953125,2915.830078125,105.09760284423828
2012-02-16,56.406917572021484,1358.0400390625,19.219999313354492,1.9930000305175781,78.4800033569336,168.0,80.00787353515625,12904.080078125,2959.85009765625,106.2613754272461
2012-02-17,56.22962188720703,1361.22998046875,17.780000686645508,2.009999990463257,78.8239974975586,167.35000610351562,79.98731231689453,12949.8701171875,2951.780029296875,106.54253387451172
2012-02-22,56.13212203979492,1357.6600341796875,18.190000534057617,2.005000114440918,79.83000183105469,172.94000244140625,80.09707641601562,12938.669921875,2933.169921875,106.24571990966797
2012-02-23,56.50444793701172,1363.4599609375,16.799999237060547,1.9839999675750732,80.27999877929688,173.02000427246094,80.09707641601562,12984.6904296875,2956.97998046875,106.7143783569336
2012-02-24,56.69948196411133,1365.739990234375,17.309999465942383,1.9769999980926514,79.93000030517578,172.22999572753906,80.61852264404297,12982.9501953125,2963.75,106.94867706298828
2012-02-27,56.77927017211914,1367.5899658203125,18.190000534057617,1.9220000505447388,81.47100067138672,171.6999969482422,81.33206176757812,12981.509765625,2966.159912109375,107.1283187866211
2012-02-28,57.3554801940918,1372.1800537109375,17.959999084472656,1.9290000200271606,80.46399688720703,173.49000549316406,81.06449127197266,13005.1201171875,2986.760009765625,107.4407730102539
2012-02-29,57.09839630126953,1365.6800537109375,18.43000030517578,1.9769999980926514,80.4800033569336,164.2899932861328,80.57052612304688,12952.0703125,2966.889892578125,107.01899719238281
2012-03-01,57.55049514770508,1374.0899658203125,17.260000228881836,2.0369999408721924,81.2760009765625,166.61000061035156,79.81200408935547,12980.2998046875,2988.969970703125,107.57353973388672
2012-03-02,57.50617980957031,1369.6300048828125,17.290000915527344,1.9859999418258667,81.12000274658203,166.33999633789062,80.5615463256836,12977.5703125,2976.18994140625,107.2455062866211
2012-03-05,56.91222381591797,1364.3299560546875,18.049999237060547,2.005000114440918,81.62699890136719,165.64999389648438,79.92198181152344,12962.8095703125,2950.47998046875,106.80807495117188
2012-03-06,56.35375213623047,1343.3599853515625,20.8700008392334,1.944000005722046,81.51799774169922,162.6999969482422,80.89160919189453,12759.150390625,2910.320068359375,105.24600219726562
2012-03-07,56.78812789916992,1352.6300048828125,19.06999969482422,1.972000002861023,80.66000366210938,163.6300048828125,80.3965072631836,12837.330078125,2935.68994140625,105.98021697998047
2012-03-08,57.3997917175293,1365.9100341796875,17.950000762939453,2.0139999389648438,81.33799743652344,165.27999877929688,79.5918960571289,12907.9404296875,2970.419921875,107.03459930419922
2012-03-09,57.639156341552734,1370.8699951171875,17.110000610351562,2.0380001068115234,81.58000183105469,166.3800048828125,79.75008392333984,12922.01953125,2988.340087890625,107.4485855102539
2012-03-12,57.665748596191406,1371.0899658203125,15.640000343322754,2.0309998989105225,82.37300109863281,165.07000732421875,79.73631286621094,12959.7099609375,2983.659912109375,107.45633697509766
2012-03-13,58.73838806152344,1395.949951171875,14.800000190734863,2.1070001125335693,82.36299896240234,162.3000030517578,78.3335189819336,13177.6796875,3039.8798828125,109.39337921142578
2012-03-14,58.942264556884766,1394.280029296875,15.3100004196167,2.2739999294281006,82.95999908447266,159.57000732421875,76.3598861694336,13194.099609375,3040.72998046875,109.27623748779297
2012-03-15,59.11070251464844,1402.5999755859375,15.420000076293945,2.2809998989105225,83.83999633789062,161.0800018310547,76.47671508789062,13252.759765625,3056.3701171875,109.90882873535156
2012-03-16,59.068973541259766,1404.1700439453125,14.470000267028809,2.2980000972747803,83.49199676513672,161.3000030517578,76.6280746459961,13232.6201171875,3055.260009765625,110.06105041503906
2012-03-19,59.48634719848633,1409.75,15.039999961853027,2.378999948501587,83.44999694824219,161.58999633789062,75.71343231201172,13239.1298828125,3078.320068359375,110.4925308227539
2012-03-20,59.5929069519043,1405.52001953125,15.579999923706055,2.371999979019165,83.37000274658203,160.1300048828125,76.01599884033203,13170.1904296875,3074.14990234375,110.17086791992188
2012-03-21,59.601776123046875,1402.8900146484375,15.130000114440918,2.2939999103546143,83.6500015258789,160.2100067138672,76.87559509277344,13124.6201171875,3075.320068359375,109.990478515625
2012-03-22,59.47745132446289,1392.780029296875,15.569999694824219,2.2750000953674316,83.2030029296875,159.57000732421875,77.12317657470703,13046.1396484375,3063.320068359375,109.19815063476562
2012-03-23,59.441932678222656,1397.1099853515625,14.819999694824219,2.236999988555908,82.51000213623047,161.52999877929688,77.85209655761719,13080.73046875,3067.919921875,109.55113220214844
2012-03-26,60.480873107910156,1416.510009765625,14.260000228881836,2.24399995803833,82.58899688720703,164.39999389648438,77.45325469970703,13241.6298828125,3122.570068359375,111.08868408203125
2012-03-27,60.5696907043457,1412.52001953125,15.59000015258789,2.187000036239624,82.98699951171875,163.24000549316406,78.0102310180664,13197.73046875,3120.35009765625,110.7435302734375
2012-03-28,60.32990264892578,1405.5400390625,15.470000267028809,2.196000099182129,83.0479965209961,161.50999450683594,77.90023040771484,13126.2099609375,3104.9599609375,110.19441223144531
2012-03-29,60.099029541015625,1403.280029296875,15.479999542236328,2.1589999198913574,82.83200073242188,161.27999877929688,78.48471069335938,13145.8203125,3095.360107421875,110.00611877441406
2012-03-30,59.983612060546875,1408.469970703125,15.5,2.2160000801086426,82.27300262451172,162.1199951171875,77.1575698852539,13212.0400390625,3091.570068359375,110.46111297607422
2012-04-02,60.60520553588867,1419.0400390625,15.640000343322754,2.193000078201294,82.87000274658203,162.94000244140625,77.58502960205078,13264.490234375,3119.699951171875,111.26911926269531
2012-04-03,60.58740234375,1413.3800048828125,15.65999984741211,2.2839999198913574,81.54000091552734,159.88999938964844,76.24053192138672,13199.5498046875,3113.570068359375,110.81412506103516
2012-04-04,59.761600494384766,1398.9599609375,16.440000534057617,2.243000030517578,82.83000183105469,157.2100067138672,77.28856658935547,13074.75,3068.090087890625,109.71590423583984
2012-04-05,60.13459014892578,1398.0799560546875,16.700000762939453,2.174999952316284,82.44000244140625,158.30999755859375,77.84700012207031,13060.1396484375,3080.5,109.66097259521484
2012-04-10,58.72265625,1358.5899658203125,20.389999389648438,1.9880000352859497,81.64299774169922,161.10000610351562,80.57038879394531,12715.9296875,2991.219970703125,106.60938262939453
2012-04-11,59.006832122802734,1368.7099609375,20.020000457763672,2.0280001163482666,80.69400024414062,161.07000732421875,79.60511779785156,12805.3896484375,3016.4599609375,107.47230529785156
2012-04-12,59.681697845458984,1387.5699462890625,17.200000762939453,2.0490000247955322,81.00800323486328,162.6999969482422,79.27417755126953,12986.580078125,3055.550048828125,108.8764877319336
2012-04-13,58.77594757080078,1370.260009765625,19.549999237060547,1.9980000257492065,80.93000030517578,160.85000610351562,80.55659484863281,12849.58984375,3011.330078125,107.58212280273438
2012-04-16,58.118812561035156,1369.5699462890625,19.549999237060547,1.9739999771118164,80.9020004272461,160.4600067138672,80.43933868408203,12921.41015625,2988.39990234375,107.51152801513672
2012-04-17,59.299869537353516,1390.780029296875,18.459999084472656,2.009000062942505,80.38099670410156,160.25,80.39108276367188,13115.5400390625,3042.820068359375,109.1039810180664
2012-04-18,59.148895263671875,1385.1400146484375,18.639999389648438,1.9819999933242798,81.05999755859375,159.30999755859375,80.62551879882812,13032.75,3031.449951171875,108.73523712158203
2012-04-19,58.48290252685547,1376.9200439453125,18.360000610351562,1.9520000219345093,81.30000305175781,159.42999267578125,80.70135498046875,12964.099609375,3007.56005859375,108.03713989257812
2012-04-20,58.323062896728516,1378.530029296875,17.440000534057617,1.9700000286102295,81.60900115966797,159.5399932861328,80.71517181396484,13029.259765625,3000.449951171875,108.21755981445312
2012-04-23,57.79026794433594,1366.93994140625,18.969999313354492,1.9329999685287476,81.5999984741211,159.07000732421875,81.30115509033203,12927.169921875,2970.449951171875,107.3075180053711
2012-04-24,57.479488372802734,1371.969970703125,18.100000381469727,1.9609999656677246,81.08000183105469,159.3000030517578,80.72897338867188,13001.5595703125,2961.60009765625,107.71550750732422
2012-04-25,59.006832122802734,1390.68994140625,16.81999969482422,1.9839999675750732,81.38999938964844,159.6199951171875,80.31526947021484,13090.7197265625,3029.6298828125,109.19029998779297
2012-04-26,59.353118896484375,1399.97998046875,16.239999771118164,1.9589999914169312,81.30000305175781,161.02999877929688,80.79790496826172,13204.6201171875,3050.610107421875,109.95124053955078
2012-04-27,59.70834732055664,1403.3599853515625,16.31999969482422,1.9329999685287476,81.05799865722656,161.3800048828125,80.86685180664062,13228.3095703125,3069.199951171875,110.13167572021484
2012-04-30,59.282100677490234,1397.9100341796875,17.149999618530273,1.9149999618530273,80.3499984741211,161.8800048828125,80.8875503540039,13213.6298828125,3046.360107421875,109.72372436523438
2012-05-01,59.3797492980957,1405.8199462890625,16.600000381469727,1.9559999704360962,79.9209976196289,161.32000732421875,80.46803283691406,13279.3203125,3050.43994140625,110.4062271118164
2012-05-02,59.54849624633789,1402.31005859375,16.8799991607666,1.9220000505447388,80.20999908447266,160.58999633789062,81.03473663330078,13268.5703125,3059.85009765625,110.07673645019531
2012-05-03,58.91800308227539,1391.5699462890625,17.559999465942383,1.9240000247955322,80.12100219726562,158.97000122070312,81.01402282714844,13206.58984375,3024.300048828125,109.23735046386719
2012-05-04,57.45283508300781,1369.0999755859375,19.15999984741211,1.8799999952316284,80.20999908447266,159.47000122070312,81.64981842041016,13038.26953125,2956.340087890625,107.47230529785156
2012-05-07,57.50612258911133,1369.5799560546875,18.940000534057617,1.8769999742507935,79.81800079345703,159.0800018310547,81.66366577148438,13008.5302734375,2957.760009765625,107.55072784423828
2012-05-08,57.292999267578125,1363.719970703125,19.049999237060547,1.8370000123977661,79.91999816894531,156.0,82.09908294677734,12932.08984375,2946.27001953125,107.11930084228516
2012-05-09,57.11540985107422,1354.5799560546875,20.079999923706055,1.8350000381469727,79.86000061035156,154.47000122070312,82.15433502197266,12835.0595703125,2934.7099609375,106.4838638305664
2012-05-10,56.99995422363281,1357.989990234375,18.829999923706055,1.8839999437332153,79.70999908447266,154.77000427246094,81.9124526977539,12855.0400390625,2933.639892578125,106.70352172851562
2012-05-11,56.99107360839844,1353.3900146484375,19.889999389648438,1.840999960899353,79.86900329589844,153.55999755859375,82.58978271484375,12820.599609375,2933.820068359375,106.38192749023438
2012-05-14,56.45829391479492,1338.3499755859375,21.8700008392334,1.7879999876022339,80.02999877929688,151.3300018310547,83.74394989013672,12695.349609375,2902.580078125,105.2052001953125
2012-05-15,56.27180480957031,1330.6600341796875,21.969999313354492,1.7769999504089355,79.8499984741211,149.74000549316406,84.0826187133789,12632.0,2893.760009765625,104.60113525390625
2012-05-16,55.88996887207031,1324.800048828125,22.270000457763672,1.7649999856948853,80.32499694824219,149.4600067138672,84.3244857788086,12598.5498046875,2874.0400390625,104.20108032226562
2012-05-17,54.70895767211914,1304.8599853515625,24.489999771118164,1.7020000219345093,80.3499984741211,152.8000030517578,85.81732940673828,12442.490234375,2813.68994140625,102.6556396484375
2012-05-18,53.998565673828125,1295.219970703125,25.100000381469727,1.7020000219345093,79.40799713134766,154.5500030517578,85.83807373046875,12369.3798828125,2778.7900390625,101.77705383300781
2012-05-21,55.50815200805664,1315.989990234375,22.010000228881836,1.7350000143051147,79.16999816894531,154.64999389648438,85.65837860107422,12504.48046875,2847.2099609375,103.52641296386719
2012-05-22,55.44598388671875,1316.6300048828125,22.479999542236328,1.7929999828338623,79.41000366210938,152.0800018310547,84.70462799072266,12502.8095703125,2839.080078125,103.70687103271484
2012-05-23,55.55253601074219,1318.8599853515625,22.329999923706055,1.7209999561309814,80.00399780273438,151.6199951171875,85.29206848144531,12496.150390625,2850.1201171875,103.7617416381836
2012-05-24,55.188472747802734,1320.6800537109375,21.540000915527344,1.7589999437332153,79.41999816894531,151.41000366210938,84.9672622680664,12529.75,2839.3798828125,103.9657211303711
2012-05-25,55.11743927001953,1317.8199462890625,21.760000228881836,1.7450000047683716,79.66000366210938,152.67999267578125,85.2851791381836,12454.830078125,2837.530029296875,103.62840270996094
2012-05-30,55.34830093383789,1313.3199462890625,24.139999389648438,1.625,79.5,151.91000366210938,87.17886352539062,12419.8603515625,2837.360107421875,103.3616943359375
2012-05-31,55.10854721069336,1310.3299560546875,24.059999465942383,1.5809999704360962,78.98200225830078,151.6199951171875,88.18791198730469,12393.4501953125,2827.340087890625,103.13417053222656
2012-06-01,53.64337158203125,1278.0400390625,26.65999984741211,1.4670000076293945,78.52799987792969,157.5,90.28147888183594,12118.5703125,2747.47998046875,100.53759765625
2012-06-04,54.051841735839844,1278.1800537109375,26.1200008392334,1.5269999504089355,78.0999984741211,157.32000732421875,89.56822204589844,12101.4599609375,2760.010009765625,100.49053192138672
2012-06-05,54.273834228515625,1285.5,24.68000030517578,1.555999994277954,78.36100006103516,157.13999938964844,88.37006378173828,12127.9501953125,2778.110107421875,101.2514419555664
2012-06-06,55.517024993896484,1315.1300048828125,22.15999984741211,1.6510000228881836,78.7300033569336,157.2100067138672,86.60398864746094,12414.7900390625,2844.719970703125,103.52641296386719
2012-06-07,55.29503631591797,1314.989990234375,21.719999313354492,1.6540000438690186,79.2699966430664,154.5,86.73560333251953,12460.9599609375,2831.02001953125,103.58921813964844
2012-06-08,55.827816009521484,1325.6600341796875,21.229999542236328,1.6369999647140503,79.69000244140625,154.72999572753906,86.71484375,12554.2001953125,2858.419921875,104.41285705566406
2012-06-11,54.88655090332031,1308.9300537109375,23.559999465942383,1.600000023841858,79.55999755859375,155.36000061035156,87.1095962524414,12411.23046875,2809.72998046875,103.0871353149414
2012-06-12,55.55253601074219,1324.1800537109375,22.09000015258789,1.6610000133514404,79.30699920654297,156.4600067138672,86.31314086914062,12573.7998046875,2843.070068359375,104.27171325683594
2012-06-13,55.17071533203125,1314.8800048828125,24.270000457763672,1.5989999771118164,79.5270004272461,157.1199951171875,87.16500091552734,12496.3798828125,2818.610107421875,103.6048812866211
2012-06-14,55.37495040893555,1329.0999755859375,21.68000030517578,1.6109999418258667,79.37200164794922,157.75,87.05414581298828,12651.91015625,2836.330078125,104.703125
2012-06-15,56.06293869018555,1342.8399658203125,21.110000610351562,1.5870000123977661,79.4219970703125,157.83999633789062,87.53899383544922,12767.169921875,2872.800048828125,105.77394104003906
2012-06-18,56.58804702758789,1344.780029296875,18.31999969482422,1.5839999914169312,79.052001953125,157.92999267578125,88.00988006591797,12741.8203125,2895.330078125,105.97896575927734
2012-06-19,57.17546844482422,1357.97998046875,18.3799991607666,1.6200000047683716,79.0,157.16000366210938,86.8602066040039,12837.330078125,2929.760009765625,107.00406646728516
2012-06-20,57.21996307373047,1355.68994140625,17.239999771118164,1.6419999599456787,79.03399658203125,155.97000122070312,87.28968811035156,12824.3896484375,2930.449951171875,106.83058166503906
2012-06-21,55.79593276977539,1325.510009765625,20.079999923706055,1.6180000305175781,79.4209976196289,152.02000427246094,87.75367736816406,12573.5703125,2859.090087890625,104.43344116210938
2012-06-22,56.383358001708984,1335.02001953125,18.110000610351562,1.6720000505447388,80.0199966430664,152.63999938964844,86.583251953125,12640.7802734375,2892.419921875,105.23777770996094
2012-06-25,55.297515869140625,1313.719970703125,20.3799991607666,1.6080000400543213,80.55999755859375,153.75999450683594,87.84373474121094,12502.66015625,2836.159912109375,103.5502700805664
2012-06-26,55.64462661743164,1319.989990234375,19.719999313354492,1.628000020980835,79.6500015258789,152.6199951171875,87.49742889404297,12534.669921875,2854.06005859375,104.07071685791016
2012-06-27,55.98282241821289,1331.8499755859375,19.450000762939453,1.621000051498413,79.45999908447266,152.8300018310547,87.63594818115234,12627.009765625,2875.320068359375,105.00908660888672
2012-06-28,55.35981369018555,1329.0400390625,19.709999084472656,1.5770000219345093,79.68499755859375,151.0500030517578,87.8506088256836,12602.259765625,2849.489990234375,104.70941925048828
2012-06-29,57.10426712036133,1362.1600341796875,17.079999923706055,1.659000039100647,79.31300354003906,155.19000244140625,86.70795440673828,12880.08984375,2935.050048828125,107.31953430175781
2012-07-02,57.273380279541016,1365.510009765625,16.799999237060547,1.5800000429153442,79.83899688720703,155.08999633789062,87.60256958007812,12871.3896484375,2951.22998046875,107.64276885986328
2012-07-03,57.753990173339844,1374.02001953125,16.65999984741211,1.63100004196167,79.44000244140625,157.4600067138672,86.92932891845703,12943.66015625,2976.080078125,108.35246276855469
2012-07-06,57.068687438964844,1354.6800537109375,17.100000381469727,1.5440000295639038,79.86000061035156,153.7100067138672,88.18553161621094,12772.4697265625,2937.330078125,106.83851623535156
2012-07-09,56.961875915527344,1352.4599609375,17.979999542236328,1.5130000114440918,79.47799682617188,154.0399932861328,88.96282958984375,12736.2900390625,2931.77001953125,106.70442199707031
2012-07-10,56.401145935058594,1341.469970703125,18.719999313354492,1.4980000257492065,79.55799865722656,152.14999389648438,89.14327239990234,12653.1201171875,2902.330078125,105.77394104003906
2012-07-11,56.08963394165039,1341.449951171875,17.950000762939453,1.4980000257492065,79.3499984741211,152.99000549316406,89.25440979003906,12604.5302734375,2887.97998046875,105.78973388671875
2012-07-12,55.56451416015625,1334.760009765625,18.329999923706055,1.4789999723434448,79.61000061035156,152.58999633789062,89.88594818115234,12573.26953125,2866.18994140625,105.27715301513672
2012-07-13,56.41004943847656,1356.780029296875,16.739999771118164,1.4989999532699585,79.30999755859375,154.13999938964844,89.64995574951172,12777.08984375,2908.469970703125,107.04350280761719
2012-07-16,56.249839782714844,1353.6400146484375,17.110000610351562,1.4639999866485596,79.16999816894531,154.2100067138672,90.06639862060547,12727.2099609375,2896.93994140625,106.7911148071289
2012-07-17,56.543548583984375,1363.6700439453125,16.479999542236328,1.5010000467300415,78.81999969482422,153.47000122070312,89.3585205078125,12805.5400390625,2910.0400390625,107.52449035644531
2012-07-18,57.30897903442383,1372.780029296875,16.15999984741211,1.4789999723434448,79.09600067138672,153.0500030517578,89.40702819824219,12908.7001953125,2942.60009765625,108.32091522216797
2012-07-19,57.94091033935547,1376.510009765625,15.449999809265137,1.5149999856948853,78.79900360107422,153.3800048828125,89.17801666259766,12943.3603515625,2965.89990234375,108.60482025146484
2012-07-20,57.17546844482422,1362.6600341796875,16.270000457763672,1.4600000381469727,78.73999786376953,153.6699981689453,90.26766967773438,12822.5703125,2925.300048828125,107.61121368408203
2012-07-23,56.48124313354492,1350.52001953125,18.6200008392334,1.434999942779541,78.44999694824219,153.02999877929688,90.77428436279297,12721.4599609375,2890.14990234375,106.52305603027344
2012-07-24,56.03623580932617,1338.31005859375,20.469999313354492,1.4040000438690186,78.31099700927734,153.52000427246094,91.48915100097656,12617.3203125,2862.989990234375,105.60836029052734
2012-07-25,55.66242218017578,1337.8900146484375,19.34000015258789,1.406000018119812,78.10700225830078,155.6699981689453,91.72518920898438,12676.0498046875,2854.239990234375,105.63202667236328
2012-07-26,56.401145935058594,1360.02001953125,17.530000686645508,1.4279999732971191,78.10299682617188,156.77000427246094,90.88540649414062,12887.9296875,2893.25,107.37467956542969
2012-07-27,57.73619079589844,1385.969970703125,16.700000762939453,1.5549999475479126,78.3239974975586,157.5399932861328,89.17108154296875,13075.66015625,2958.090087890625,109.35391998291016
2012-07-30,57.691688537597656,1385.300048828125,18.030000686645508,1.503999948501587,78.5,157.42999267578125,89.83737182617188,13073.009765625,2945.840087890625,109.35391998291016
2012-07-31,57.67390060424805,1379.3199462890625,18.93000030517578,1.4919999837875366,78.10099792480469,156.49000549316406,90.017822265625,13008.6796875,2939.52001953125,108.58904266357422
2012-08-01,57.5047721862793,1375.3199462890625,18.959999084472656,1.5390000343322754,78.12000274658203,155.13999938964844,89.5678482055664,12976.1298828125,2920.2099609375,108.4943618774414
2012-08-02,57.30006408691406,1365.0,17.56999969482422,1.4780000448226929,78.37999725341797,154.1300048828125,90.0755386352539,12878.8798828125,2909.77001953125,107.74527740478516
2012-08-03,58.38591766357422,1390.989990234375,15.640000343322754,1.5770000219345093,78.22000122070312,155.5500030517578,88.62195587158203,13096.169921875,2967.89990234375,109.88227844238281
2012-08-06,58.830936431884766,1394.22998046875,15.949999809265137,1.5579999685287476,78.61000061035156,156.3000030517578,88.65667724609375,13117.509765625,2989.909912109375,110.0951156616211
2012-08-07,59.32045364379883,1401.3499755859375,15.989999771118164,1.628000020980835,78.19999694824219,156.27999877929688,87.51605987548828,13168.599609375,3015.860107421875,110.6470947265625
2012-08-08,59.29376983642578,1402.219970703125,15.319999694824219,1.6399999856948853,78.61000061035156,156.47999572753906,87.05012512207031,13175.6396484375,3011.25,110.78113555908203
2012-08-09,59.471763610839844,1402.800048828125,15.279999732971191,1.687999963760376,78.4000015258789,156.99000549316406,86.98748016357422,13165.1904296875,3018.639892578125,110.87578582763672
2012-08-10,59.507347106933594,1405.8699951171875,14.739999771118164,1.6490000486373901,78.61000061035156,157.17999267578125,87.42560577392578,13207.9501953125,3020.860107421875,111.0571060180664
2012-08-13,59.64975357055664,1404.1099853515625,13.699999809265137,1.6540000438690186,78.25,155.99000549316406,87.27958679199219,13169.4296875,3022.52001953125,111.0019760131836
2012-08-14,59.67646408081055,1403.9300537109375,14.850000381469727,1.7259999513626099,78.33000183105469,155.1300048828125,86.09721374511719,13172.1396484375,3016.97998046875,111.01769256591797
2012-08-15,59.8277702331543,1405.530029296875,14.630000114440918,1.8049999475479126,78.81500244140625,155.6300048828125,84.88703155517578,13164.7802734375,3030.929931640625,111.14385223388672
2012-08-16,60.539791107177734,1415.510009765625,14.289999961853027,1.8359999656677246,78.98999786376953,156.55999755859375,84.16375732421875,13250.1103515625,3062.389892578125,111.9639663696289
2012-08-17,60.80681228637695,1418.1600341796875,13.449999809265137,1.815999984741211,79.25,156.72000122070312,84.57404327392578,13275.2001953125,3076.590087890625,112.11376190185547
2012-08-20,60.89578628540039,1418.1300048828125,14.020000457763672,1.8140000104904175,79.51000213623047,157.25999450683594,84.7479476928711,13271.6396484375,3076.2099609375,112.12164306640625
2012-08-21,60.65549850463867,1413.1700439453125,15.020000457763672,1.8049999475479126,79.33000183105469,158.8300018310547,85.12349700927734,13203.580078125,3067.260009765625,111.78262329101562
2012-08-22,60.90471267700195,1413.489990234375,15.109999656677246,1.718999981880188,79.24199676513672,160.5399932861328,86.52848815917969,13172.759765625,3073.669921875,111.82989501953125
2012-08-23,60.40629196166992,1402.0799560546875,15.960000038146973,1.6660000085830688,78.53900146484375,161.88999938964844,86.89010620117188,13057.4599609375,3053.39990234375,110.91522979736328
2012-08-24,60.78007888793945,1411.1300048828125,15.180000305175781,1.6779999732971191,78.5999984741211,161.97000122070312,86.80667114257812,13157.9697265625,3069.7900390625,111.58547973632812
2012-08-27,60.877967834472656,1410.43994140625,16.350000381469727,1.6490000486373901,78.7300033569336,161.36000061035156,87.3144302368164,13124.669921875,3073.18994140625,111.6091079711914
2012-08-28,60.877967834472656,1409.300048828125,16.489999771118164,1.6299999952316284,78.75,161.63999938964844,87.52303314208984,13102.990234375,3077.139892578125,111.49871826171875
2012-08-29,60.877967834472656,1410.489990234375,17.059999465942383,1.6540000438690186,78.56999969482422,160.58999633789062,87.14046478271484,13107.48046875,3081.18994140625,111.58547973632812
2012-08-30,60.26388931274414,1399.47998046875,17.829999923706055,1.6200000047683716,78.72000122070312,160.52000427246094,87.59256744384766,13000.7099609375,3048.7099609375,110.78113555908203
2012-08-31,60.66438293457031,1406.5799560546875,17.469999313354492,1.562000036239624,78.52999877929688,164.22000122070312,88.83057403564453,13090.83984375,3066.9599609375,111.30950927734375
2012-09-05,60.539791107177734,1403.43994140625,17.739999771118164,1.593999981880188,78.47000122070312,164.30999755859375,88.32317352294922,13047.48046875,3069.27001953125,111.11231231689453
2012-09-06,61.883705139160156,1432.1199951171875,15.600000381469727,1.6729999780654907,78.41999816894531,164.88999938964844,86.85250091552734,13292.0,3135.81005859375,113.3675308227539
2012-09-07,61.79473876953125,1437.9200439453125,14.380000114440918,1.6610000133514404,78.88999938964844,168.44000244140625,86.44828033447266,13306.6396484375,3136.419921875,113.80915832519531
2012-09-10,61.00260925292969,1429.0799560546875,16.280000686645508,1.6829999685287476,78.21900177001953,167.2899932861328,86.65739440917969,13254.2900390625,3104.02001953125,113.16252136230469
2012-09-11,60.90471267700195,1433.56005859375,16.40999984741211,1.6950000524520874,78.22599792480469,167.89999389648438,86.11370086669922,13323.3603515625,3104.530029296875,113.47794342041016
2012-09-12,61.08268737792969,1436.56005859375,15.800000190734863,1.7649999856948853,77.75,167.9199981689453,85.04035186767578,13333.349609375,3114.31005859375,113.8564224243164
2012-09-13,61.91042709350586,1459.989990234375,14.050000190734863,1.75600004196167,77.83000183105469,171.30999755859375,84.70576477050781,13539.8603515625,3155.830078125,115.59120178222656
2012-09-14,62.46226119995117,1465.77001953125,14.510000228881836,1.8700000047683716,77.64800262451172,171.8000030517578,82.45445251464844,13593.3701171875,3183.949951171875,116.1037368774414
2012-09-17,62.48893737792969,1461.18994140625,14.59000015258789,1.8380000591278076,78.33300018310547,170.39999389648438,83.44416809082031,13553.099609375,3178.669921875,115.70948791503906
2012-09-18,62.54231643676758,1459.3199462890625,14.180000305175781,1.812000036239624,78.6729965209961,171.72000122070312,83.86241149902344,13564.6396484375,3177.800048828125,115.61485290527344
2012-09-19,62.65806579589844,1461.050048828125,13.880000114440918,1.781999945640564,78.7699966430664,171.74000549316406,84.41307067871094,13577.9599609375,3182.6201171875,115.6779556274414
2012-09-20,62.59577941894531,1460.260009765625,14.069999694824219,1.7769999504089355,78.39700317382812,171.47000122070312,84.62212371826172,13596.9296875,3175.9599609375,115.68585205078125
2012-09-21,62.61359786987305,1460.1500244140625,13.979999542236328,1.7599999904632568,78.19999694824219,171.9600067138672,84.71971893310547,13579.4697265625,3179.9599609375,115.637451171875
2012-09-24,62.24766159057617,1456.8900146484375,14.149999618530273,1.718000054359436,78.08000183105469,171.0500030517578,85.38184356689453,13558.919921875,3160.780029296875,115.46308898925781
2012-09-25,61.37295913696289,1441.5899658203125,15.430000305175781,1.6820000410079956,77.86399841308594,170.77000427246094,86.22522735595703,13457.5498046875,3117.72998046875,114.23429870605469
2012-09-26,60.87308883666992,1433.3199462890625,16.809999465942383,1.6180000305175781,77.72799682617188,169.80999755859375,87.15225219726562,13413.509765625,3093.699951171875,113.59220123291016
2012-09-27,61.71208572387695,1447.1500244140625,14.84000015258789,1.6399999856948853,77.697998046875,172.33999633789062,86.53190612792969,13485.9697265625,3136.60009765625,114.66244506835938
2012-09-28,61.20332717895508,1440.6700439453125,15.729999542236328,1.6369999647140503,77.61000061035156,171.88999938964844,86.58071899414062,13437.1298828125,3116.22998046875,114.13123321533203
2012-10-01,61.114105224609375,1444.489990234375,16.31999969482422,1.625,77.95899963378906,172.2899932861328,86.90199279785156,13515.1103515625,3113.530029296875,114.43251037597656
2012-10-02,61.2925910949707,1445.75,15.710000038146973,1.6150000095367432,78.04100036621094,172.10000610351562,86.78329467773438,13482.3603515625,3120.0400390625,114.55140686035156
2012-10-03,61.68531036376953,1450.989990234375,15.430000305175781,1.6230000257492065,78.21499633789062,172.41000366210938,86.81116485595703,13494.6103515625,3135.22998046875,115.01915740966797
2012-10-04,61.899532318115234,1461.4000244140625,14.550000190734863,1.6649999618530273,78.41500091552734,173.61000061035156,85.72856903076172,13575.3603515625,3149.4599609375,115.84358978271484
2012-10-05,61.56930923461914,1460.9300537109375,14.329999923706055,1.7319999933242798,78.48400115966797,172.6199951171875,84.61801147460938,13610.150390625,3136.18994140625,115.85150146484375
2012-10-08,61.006988525390625,1455.8800048828125,15.109999656677246,1.746000051498413,78.7020034790039,172.0500030517578,85.33043670654297,13583.650390625,3112.35009765625,115.45515441894531
2012-10-09,60.03409194946289,1441.47998046875,16.3700008392334,1.7200000286102295,78.28600311279297,170.99000549316406,85.17678833007812,13473.5302734375,3065.02001953125,114.31358337402344
2012-10-10,59.730628967285156,1432.56005859375,16.290000915527344,1.690999984741211,78.21900177001953,170.83999633789062,85.77745056152344,13344.9697265625,3051.780029296875,113.58424377441406
2012-10-11,59.543174743652344,1432.8399658203125,15.59000015258789,1.6749999523162842,78.07499694824219,171.32000732421875,86.3711929321289,13326.3896484375,3049.409912109375,113.64765930175781
2012-10-12,59.51639175415039,1428.5899658203125,16.139999389648438,1.6629999876022339,78.4020004272461,170.05999755859375,86.58769226074219,13328.849609375,3044.110107421875,113.27507019042969
2012-10-15,59.953765869140625,1440.1300048828125,15.270000457763672,1.6629999876022339,78.46800231933594,168.35000610351562,86.39208984375,13424.23046875,3064.179931640625,114.2184066772461
2012-10-16,60.80170440673828,1454.9200439453125,15.220000267028809,1.7200000286102295,78.78900146484375,169.4199981689453,85.19774627685547,13551.7802734375,3101.169921875,115.37584686279297
2012-10-17,60.765987396240234,1460.9100341796875,15.069999694824219,1.8109999895095825,78.82499694824219,169.5399932861328,84.40851593017578,13557.0,3104.1201171875,115.89913940429688
2012-10-18,60.06086349487305,1457.3399658203125,15.029999732971191,1.8259999752044678,79.05999755859375,168.7899932861328,83.89164733886719,13548.9404296875,3072.8701171875,115.59786987304688
2012-10-19,58.62382125854492,1433.18994140625,17.059999465942383,1.7680000066757202,79.30799865722656,166.97000122070312,85.03012084960938,13343.509765625,3005.6201171875,113.67147827148438
2012-10-22,58.92728042602539,1433.8199462890625,16.6200008392334,1.7979999780654907,79.25700378417969,167.5800018310547,84.48535919189453,13345.8896484375,3016.9599609375,113.68731689453125
2012-10-23,58.36497497558594,1413.1099853515625,18.829999923706055,1.7640000581741333,79.98999786376953,165.42999267578125,85.69361877441406,13102.5302734375,2990.4599609375,112.10975646972656
2012-10-24,58.159698486328125,1408.75,18.329999923706055,1.774999976158142,79.81999969482422,164.86000061035156,84.84855651855469,13077.33984375,2981.699951171875,111.7927017211914
2012-10-25,58.159698486328125,1412.969970703125,18.1200008392334,1.8279999494552612,79.83799743652344,166.02000427246094,84.41545867919922,13103.6796875,2986.1201171875,112.11764526367188
2012-10-26,58.32927703857422,1411.93994140625,17.809999465942383,1.75,80.23500061035156,165.92999267578125,85.65878295898438,13107.2099609375,2987.949951171875,112.0543212890625
2012-11-01,58.79340744018555,1427.5899658203125,16.690000534057617,1.715000033378601,79.86000061035156,166.07000732421875,85.4561538696289,13232.6201171875,3020.06005859375,113.2275161743164
2012-11-02,58.168617248535156,1414.199951171875,17.59000015258789,1.7259999513626099,80.22000122070312,162.60000610351562,85.39330291748047,13093.16015625,2982.1298828125,112.22074127197266
2012-11-05,58.552433013916016,1417.260009765625,18.420000076293945,1.684000015258789,80.5,163.22999572753906,85.87525939941406,13112.4404296875,2999.659912109375,112.45066833496094
2012-11-06,58.65953826904297,1428.3900146484375,17.579999923706055,1.7419999837875366,80.16000366210938,166.3000030517578,85.06502532958984,13245.6796875,3011.929931640625,113.33058166503906
2012-11-07,57.27604675292969,1394.530029296875,19.079999923706055,1.6319999694824219,80.29000091552734,166.49000549316406,86.60862731933594,12932.73046875,2937.2900390625,110.76211547851562
2012-11-08,56.37456512451172,1377.510009765625,18.489999771118164,1.6319999694824219,79.97000122070312,167.99000549316406,87.89378356933594,12811.3203125,2895.580078125,109.43032836914062
2012-11-09,56.61554718017578,1379.8499755859375,18.610000610351562,1.6130000352859497,79.47899627685547,167.82000732421875,87.99159240722656,12815.3896484375,2904.8701171875,109.52544403076172
2012-11-12,56.60661315917969,1380.030029296875,16.68000030517578,1.6109999418258667,79.45999908447266,167.4499969482422,88.1382827758789,12815.080078125,2904.25,109.61264038085938
2012-11-13,56.213897705078125,1374.530029296875,16.649999618530273,1.5889999866485596,79.5979995727539,167.10000610351562,88.43156433105469,12756.1796875,2883.889892578125,109.23209381103516
2012-11-14,55.55339813232422,1355.489990234375,17.920000076293945,1.5889999866485596,79.45999908447266,167.13999938964844,88.51548767089844,12570.9501953125,2846.81005859375,107.75761413574219
2012-11-15,55.3659553527832,1353.3299560546875,17.989999771118164,1.5889999866485596,80.19999694824219,166.08999633789062,88.3408203125,12542.3798828125,2836.93994140625,107.57524871826172
2012-11-16,55.60694885253906,1359.8800048828125,16.40999984741211,1.5740000009536743,81.12000274658203,165.8800048828125,88.26397705078125,12588.3095703125,2853.1298828125,108.10641479492188
2012-11-19,56.927940368652344,1386.8900146484375,15.239999771118164,1.6109999418258667,81.5260009765625,167.8699951171875,87.76808166503906,12795.9599609375,2916.070068359375,110.29435729980469
2012-11-20,56.94580078125,1387.81005859375,15.079999923706055,1.656000018119812,81.3499984741211,167.38999938964844,86.88803100585938,12788.509765625,2916.679931640625,110.34196472167969
2012-11-21,57.061832427978516,1391.030029296875,15.3100004196167,1.687000036239624,81.75499725341797,167.55999755859375,86.83916473388672,12836.8896484375,2926.550048828125,110.54806518554688
2012-11-26,58.177555084228516,1406.2900390625,15.5,1.6640000343322754,82.5459976196289,169.42999267578125,87.16739654541016,12967.3701171875,2976.780029296875,111.81645965576172
2012-11-27,57.98117446899414,1398.93994140625,15.920000076293945,1.6449999809265137,81.87300109863281,168.7100067138672,87.50963592529297,12878.1298828125,2967.7900390625,111.24566650390625
2012-11-28,58.481014251708984,1409.9300537109375,15.510000228881836,1.6169999837875366,82.08000183105469,166.5500030517578,87.38392639160156,12985.1103515625,2991.780029296875,112.14149475097656
2012-11-29,58.82912063598633,1415.949951171875,15.0600004196167,1.6200000047683716,82.1500015258789,167.17999267578125,87.39789581298828,13021.8203125,3012.030029296875,112.66466522216797
2012-11-30,58.73092269897461,1416.1800537109375,15.869999885559082,1.6059999465942383,82.1510009765625,166.0500030517578,87.16040802001953,13025.580078125,3010.239990234375,112.68848419189453
2012-12-03,58.61490249633789,1409.4599609375,16.639999389648438,1.628000020980835,82.45600128173828,166.1300048828125,87.24091339111328,12965.599609375,3002.199951171875,112.13355255126953
2012-12-04,58.57918167114258,1407.050048828125,17.1200008392334,1.6080000400543213,82.13300323486328,164.4199981689453,87.74476623535156,12951.7802734375,2996.68994140625,111.97501373291016
2012-12-05,57.927608489990234,1409.280029296875,16.459999084472656,1.590999960899353,81.81600189208984,164.1199951171875,87.70281219482422,13034.490234375,2973.699951171875,112.17318725585938
2012-12-06,58.302513122558594,1413.93994140625,16.579999923706055,1.5809999704360962,82.43599700927734,164.5,87.89173889160156,13074.0400390625,2989.27001953125,112.55369567871094
2012-12-07,57.95439147949219,1418.0699462890625,15.899999618530273,1.6269999742507935,82.43000030517578,165.16000366210938,87.0799560546875,13155.1298828125,2978.0400390625,112.89453887939453
2012-12-10,58.124000549316406,1418.550048828125,16.049999237060547,1.6160000562667847,82.55999755859375,165.8000030517578,87.46482849121094,13169.8798828125,2986.9599609375,112.94212341308594
2012-12-11,58.88268280029297,1427.8399658203125,15.569999694824219,1.6490000486373901,82.3499984741211,165.64999389648438,86.80005645751953,13248.4404296875,3022.300048828125,113.71107482910156
2012-12-12,58.75772476196289,1428.47998046875,15.949999809265137,1.6970000267028809,82.5199966430664,165.77000427246094,85.79226684570312,13245.4501953125,3013.81005859375,113.76660919189453
2012-12-13,58.293582916259766,1419.449951171875,16.559999465942383,1.7280000448226929,83.20999908447266,164.3699951171875,85.85525512695312,13170.7197265625,2992.159912109375,113.06900787353516
2012-12-14,57.74018859863281,1413.5799560546875,17.0,1.7079999446868896,83.66699981689453,164.1300048828125,86.49906921386719,13135.009765625,2971.330078125,112.64881134033203
2012-12-17,58.50779724121094,1430.3599853515625,16.34000015258789,1.7630000114440918,84.15799713134766,164.44000244140625,85.2043685913086,13235.3896484375,3010.60009765625,113.97270965576172
2012-12-18,59.40035629272461,1446.7900390625,15.569999694824219,1.8270000219345093,83.90299987792969,162.0800018310547,84.33661651611328,13350.9599609375,3054.530029296875,115.24112701416016
2012-12-19,59.141517639160156,1435.81005859375,17.360000610351562,1.7999999523162842,84.36100006103516,161.69000244140625,84.61648559570312,13251.9697265625,3044.360107421875,114.38496398925781
2012-12-20,59.141517639160156,1443.68994140625,17.670000076293945,1.7999999523162842,84.22599792480469,159.72999572753906,84.63050079345703,13311.7197265625,3050.389892578125,115.0429458618164
2012-12-21,58.51950454711914,1430.1500244140625,17.84000015258789,1.753999948501587,84.41999816894531,160.3300018310547,85.55428314208984,13190.83984375,3021.010009765625,113.9986801147461
2012-12-24,58.402835845947266,1426.6600341796875,17.84000015258789,1.7740000486373901,84.41000366210938,160.6199951171875,85.40032196044922,13138.9296875,3012.60009765625,113.64735412597656
2012-12-27,57.801475524902344,1418.0999755859375,19.469999313354492,1.715000033378601,85.66799926757812,161.16000366210938,85.9951171875,13096.3095703125,2985.909912109375,113.01667022705078
2012-12-28,57.24502944946289,1402.4300537109375,22.719999313354492,1.7109999656677246,86.50700378417969,160.5399932861328,86.48606872558594,12938.1103515625,2960.31005859375,111.795166015625
2012-12-31,58.45670700073242,1426.18994140625,18.020000457763672,1.75600004196167,85.95999908447266,162.02000427246094,84.99213409423828,13104.1396484375,3019.510009765625,113.69524383544922
2013-01-03,60.00046920776367,1459.3699951171875,14.5600004196167,1.8990000486373901,87.2750015258789,161.1999969482422,82.7197036743164,13391.3603515625,3100.570068359375,116.34587860107422
2013-01-04,59.80301284790039,1466.469970703125,13.829999923706055,1.9149999618530273,87.73999786376953,160.44000244140625,83.04235076904297,13435.2099609375,3101.659912109375,116.85677337646484
2013-01-07,59.82094955444336,1461.8900146484375,13.789999961853027,1.902999997138977,88.197998046875,159.42999267578125,83.07740783691406,13384.2900390625,3098.81005859375,116.53742980957031
2013-01-08,59.70427703857422,1457.1500244140625,13.619999885559082,1.871000051498413,87.25299835205078,160.55999755859375,83.62447357177734,13328.849609375,3091.81005859375,116.20213317871094
2013-01-09,59.92864227294922,1461.02001953125,13.8100004196167,1.8519999980926514,86.86799621582031,160.49000549316406,83.54732513427734,13390.509765625,3105.81005859375,116.49757385253906
2013-01-10,60.28764724731445,1472.1199951171875,13.489999771118164,1.8940000534057617,88.13300323486328,161.97999572753906,83.3158950805664,13471.2197265625,3121.760009765625,117.42366027832031
2013-01-11,60.368438720703125,1472.050048828125,13.359999656677246,1.875,89.24600219726562,161.05999755859375,84.05934143066406,13488.4296875,3125.6298828125,117.41566467285156
2013-01-14,60.09917068481445,1470.6800537109375,13.520000457763672,1.8569999933242798,89.52300262451172,161.5399932861328,83.827880859375,13507.3203125,3117.5,117.3358154296875
2013-01-15,59.80301284790039,1472.3399658203125,13.550000190734863,1.8309999704360962,89.45999908447266,162.55999755859375,84.21361541748047,13534.8896484375,3110.780029296875,117.41566467285156
2013-01-16,60.04533386230469,1472.6300048828125,13.420000076293945,1.8240000009536743,88.75,162.64999389648438,84.38898468017578,13511.23046875,3117.5400390625,117.39968872070312
2013-01-17,60.332557678222656,1480.93994140625,13.569999694824219,1.875,88.62999725341797,163.35000610351562,83.54732513427734,13596.01953125,3136.0,118.15813446044922
2013-01-18,60.197914123535156,1485.97998046875,12.460000038146973,1.843000054359436,89.82099914550781,163.08999633789062,84.19257354736328,13649.7001953125,3134.7099609375,118.42160034179688
2013-01-23,60.66462326049805,1494.81005859375,12.460000038146973,1.8329999446868896,88.52899932861328,163.2100067138672,84.22765350341797,13779.330078125,3153.669921875,119.25189208984375
2013-01-24,59.82993698120117,1494.8199462890625,12.6899995803833,1.843999981880188,88.58000183105469,161.4199981689453,83.93305969238281,13825.330078125,3130.3798828125,119.28382110595703
2013-01-25,60.13507843017578,1502.9599609375,12.890000343322754,1.9470000267028809,90.55799865722656,160.64999389648438,82.78282928466797,13895.98046875,3149.7099609375,119.95452117919922
2013-01-28,60.26972198486328,1500.1800537109375,13.569999694824219,1.9739999771118164,91.17900085449219,160.2899932861328,82.4812240600586,13881.9296875,3154.300048828125,119.81077575683594
2013-01-29,60.278690338134766,1507.8399658203125,13.3100004196167,1.9880000352859497,90.45999908447266,160.99000549316406,82.02532958984375,13954.419921875,3153.659912109375,120.28182220458984
2013-01-30,60.15302658081055,1501.9599609375,14.319999694824219,2.00600004196167,90.79000091552734,162.19000244140625,81.88504791259766,13910.419921875,3142.31005859375,119.81077575683594
2013-01-31,60.01841735839844,1498.1099853515625,14.279999732971191,1.9850000143051147,91.02100372314453,161.1999969482422,82.28484344482422,13860.580078125,3142.1298828125,119.51533508300781
2013-02-01,60.72745132446289,1513.1700439453125,12.899999618530273,2.009999990463257,91.70700073242188,161.4499969482422,81.2164077758789,14009.7900390625,3179.10009765625,120.74482727050781
2013-02-04,59.6683464050293,1495.7099609375,14.670000076293945,1.9730000495910645,92.7699966430664,162.0,82.25674438476562,13880.080078125,3131.169921875,119.38764953613281
2013-02-05,60.547943115234375,1511.2900390625,13.720000267028809,2.0160000324249268,92.15299987792969,161.9600067138672,81.52568054199219,13979.2998046875,3171.580078125,120.59312438964844
2013-02-06,60.35053253173828,1512.1199951171875,13.40999984741211,1.968000054359436,93.56999969482422,162.38999938964844,82.19342803955078,13986.51953125,3168.47998046875,120.68097686767578
2013-02-07,60.40436553955078,1509.3900146484375,13.5,1.9509999752044678,93.43499755859375,161.83999633789062,82.01072692871094,13944.0498046875,3165.1298828125,120.52132415771484
2013-02-08,61.02365493774414,1517.9300537109375,13.020000457763672,1.9539999961853027,93.63300323486328,161.57000732421875,82.32703399658203,13992.9697265625,3193.8701171875,121.19192504882812
2013-02-11,61.041595458984375,1517.010009765625,12.9399995803833,1.9459999799728394,92.53500366210938,159.6999969482422,82.26375579833984,13971.240234375,3192.0,121.16800689697266
2013-02-12,60.79029846191406,1519.4300537109375,12.640000343322754,1.9819999933242798,94.19100189208984,159.88999938964844,82.05992126464844,14018.7001953125,3186.489990234375,121.36759948730469
2013-02-13,61.00571823120117,1520.3299560546875,12.979999542236328,2.0190000534057617,93.30500030517578,159.0500030517578,81.39212799072266,13982.91015625,3196.8798828125,121.47139739990234
2013-02-14,60.98774337768555,1521.3800048828125,12.65999984741211,2.0,93.25599670410156,158.35000610351562,82.13020324707031,13973.3896484375,3198.659912109375,121.58316802978516
2013-02-15,60.8082389831543,1519.7900390625,12.460000038146973,2.006999969482422,92.95700073242188,155.75999450683594,81.89122772216797,13981.759765625,3192.030029296875,121.43944549560547
2013-02-20,60.30562210083008,1511.949951171875,14.680000305175781,2.0209999084472656,93.70800018310547,151.44000244140625,81.72949981689453,13927.5400390625,3164.409912109375,120.8247299194336
2013-02-21,59.659385681152344,1502.4200439453125,15.220000267028809,1.9759999513626099,93.66000366210938,152.6199951171875,82.20753479003906,13880.6201171875,3131.489990234375,120.0901870727539
2013-02-22,60.260738372802734,1515.5999755859375,14.170000076293945,1.9670000076293945,93.1500015258789,152.97000122070312,82.26375579833984,14000.5703125,3161.820068359375,121.26380157470703
2013-02-25,59.515785217285156,1487.8499755859375,18.989999771118164,1.8949999809265137,94.22000122070312,154.33999633789062,83.8805160522461,13784.169921875,3116.25,118.95648193359375
2013-02-26,59.74017333984375,1496.93994140625,16.8700008392334,1.878999948501587,92.39700317382812,156.22000122070312,83.39546966552734,13900.1298828125,3129.64990234375,119.7708740234375
2013-02-27,60.35053253173828,1515.989990234375,14.729999542236328,1.902999997138977,92.11000061035156,154.57000732421875,83.14940643310547,14075.3701171875,3162.260009765625,121.27978515625
2013-02-28,60.2248649597168,1514.6800537109375,15.510000228881836,1.8880000114440918,92.3030014038086,153.0,83.3040542602539,14054.490234375,3160.18994140625,121.04024505615234
2013-03-01,60.47614288330078,1518.199951171875,15.359999656677246,1.8530000448226929,92.58200073242188,152.44000244140625,83.75775909423828,14089.66015625,3169.739990234375,121.43944549560547
2013-03-04,60.745418548583984,1525.199951171875,14.010000228881836,1.8769999742507935,93.56400299072266,152.3000030517578,83.31393432617188,14127.8203125,3182.030029296875,122.08606719970703
2013-03-05,61.642974853515625,1539.7900390625,13.479999542236328,1.8940000534057617,93.4010009765625,152.3800048828125,83.0744400024414,14253.76953125,3224.1298828125,123.1798095703125
2013-03-06,61.490379333496094,1541.4599609375,13.529999732971191,1.937999963760376,93.28900146484375,153.22999572753906,82.32066345214844,14296.240234375,3222.3701171875,123.34747314453125
2013-03-07,61.651939392089844,1544.260009765625,13.0600004196167,1.9910000562667847,93.927001953125,152.69000244140625,81.68672180175781,14329.490234375,3232.090087890625,123.57111358642578
2013-03-08,61.723724365234375,1551.1800537109375,12.59000015258789,2.055999994277954,94.9280014038086,152.7100067138672,80.83431243896484,14397.0703125,3244.3701171875,124.09797668457031
2013-03-11,61.90324401855469,1556.219970703125,11.5600004196167,2.055999994277954,96.16999816894531,152.99000549316406,80.91184997558594,14447.2900390625,3252.8701171875,124.56900787353516
2013-03-12,61.678871154785156,1552.47998046875,12.270000457763672,2.0230000019073486,96.61900329589844,154.19000244140625,81.49651336669922,14450.0595703125,3242.320068359375,124.28961944580078
2013-03-13,61.59806442260742,1554.52001953125,11.829999923706055,2.0209999084472656,95.81999969482422,153.66000366210938,81.41202545166016,14455.2802734375,3245.1201171875,124.4652328491211
2013-03-14,61.80449295043945,1563.22998046875,11.300000190734863,2.0329999923706055,96.0199966430664,153.67999267578125,81.16543579101562,14539.1396484375,3258.929931640625,125.1279067993164
2013-03-15,61.6327018737793,1560.699951171875,11.300000190734863,1.996000051498413,95.96199798583984,154.0,81.5457992553711,14514.1103515625,3249.070068359375,124.96265411376953
2013-03-18,61.49773406982422,1552.0999755859375,13.359999656677246,1.9559999704360962,94.88899993896484,155.3800048828125,82.1657485961914,14452.0595703125,3237.590087890625,124.27302551269531
2013-03-19,61.380794525146484,1548.3399658203125,14.390000343322754,1.9079999923706055,95.34300231933594,156.0800018310547,82.72225952148438,14455.8203125,3229.10009765625,123.98429870605469
2013-03-20,61.812583923339844,1558.7099609375,12.670000076293945,1.937000036239624,95.05000305175781,155.3699951171875,81.79943084716797,14511.73046875,3254.18994140625,124.85039520263672
2013-03-21,61.110897064208984,1545.800048828125,13.989999771118164,1.9320000410079956,95.95500183105469,156.25,82.58836364746094,14421.490234375,3222.60009765625,123.78385162353516
2013-03-22,61.70461654663086,1556.8900146484375,13.569999694824219,1.9149999618530273,94.91000366210938,155.5500030517578,82.65177917480469,14512.0302734375,3245.0,124.77822875976562
2013-03-25,61.479766845703125,1551.68994140625,13.739999771118164,1.9149999618530273,94.8280029296875,155.24000549316406,82.57429504394531,14447.75,3235.300048828125,124.2569808959961
2013-03-26,61.812583923339844,1563.77001953125,12.770000457763672,1.906000018119812,93.96299743652344,154.72000122070312,82.67292022705078,14559.650390625,3252.47998046875,125.25132751464844
2013-03-27,61.89358139038086,1562.8499755859375,13.149999618530273,1.8509999513626099,94.63500213623047,155.36000061035156,83.37735748291016,14526.16015625,3256.52001953125,125.25132751464844
2013-03-28,62.0464973449707,1569.18994140625,12.699999809265137,1.8519999980926514,94.31600189208984,154.4499969482422,82.95470428466797,14578.5400390625,3267.52001953125,125.63629150390625
2013-04-02,62.10948944091797,1570.25,12.779999732971191,1.8609999418258667,93.18000030517578,152.42999267578125,83.2406234741211,14662.009765625,3254.860107421875,125.75658416748047
2013-04-03,61.542724609375,1553.68994140625,14.210000038146973,1.812000036239624,93.36199951171875,150.72999572753906,83.98896026611328,14550.349609375,3218.60009765625,124.48155212402344
2013-04-04,61.560726165771484,1559.97998046875,13.890000343322754,1.7589999437332153,92.88899993896484,150.2899932861328,84.99142456054688,14606.1103515625,3224.97998046875,124.98676300048828
2013-04-05,61.047908782958984,1553.280029296875,13.920000076293945,1.694000005722046,96.43699645996094,152.80999755859375,86.70690155029297,14565.25,3203.860107421875,124.4253921508789
2013-04-08,61.37179946899414,1563.0699462890625,13.1899995803833,1.7319999933242798,98.7509994506836,152.16000366210938,86.0433120727539,14613.48046875,3222.25,125.26741027832031
2013-04-09,61.78561019897461,1568.6099853515625,12.84000015258789,1.746999979019165,99.27999877929688,153.33999633789062,85.83153533935547,14673.4599609375,3237.860107421875,125.700439453125
2013-04-10,62.991111755371094,1587.72998046875,12.359999656677246,1.8049999475479126,98.94999694824219,150.75,84.65254211425781,14802.240234375,3297.25,127.24012756347656
2013-04-11,62.964111328125,1593.3699951171875,12.239999771118164,1.7910000085830688,99.66600036621094,151.0500030517578,84.81493377685547,14865.1396484375,3300.159912109375,127.6571273803711
2013-04-12,62.91915512084961,1588.8499755859375,12.0600004196167,1.7209999561309814,99.62100219726562,143.9499969482422,86.07858276367188,14865.0595703125,3294.949951171875,127.34437561035156
2013-04-15,61.67765808105469,1552.3599853515625,17.270000457763672,1.7020000219345093,98.40599822998047,131.30999755859375,86.82693481445312,14599.2001953125,3216.489990234375,124.393310546875
2013-04-16,62.49629211425781,1574.5699462890625,13.960000038146973,1.718999981880188,96.80000305175781,132.8000030517578,86.11393737792969,14756.7802734375,3264.6298828125,126.22975158691406
2013-04-17,61.27285385131836,1552.010009765625,16.510000228881836,1.7039999961853027,97.61000061035156,132.8699951171875,86.68571472167969,14618.58984375,3204.669921875,124.38529968261719
2013-04-18,60.42717742919922,1541.6099853515625,17.559999465942383,1.684999942779541,98.02899932861328,134.3000030517578,86.8975830078125,14537.1396484375,3166.360107421875,123.607421875
2013-04-19,61.254844665527344,1555.25,14.970000267028809,1.7029999494552612,98.2030029296875,135.47000122070312,86.71395874023438,14547.509765625,3206.06005859375,124.68201446533203
2013-04-22,61.88457489013672,1562.5,14.390000343322754,1.6979999542236328,99.7969970703125,137.89999389648438,86.7774887084961,14567.169921875,3233.550048828125,125.23535919189453
2013-04-23,62.478336334228516,1578.780029296875,13.479999542236328,1.6979999542236328,99.16000366210938,136.8800048828125,86.47393035888672,14719.4599609375,3269.330078125,126.5263900756836
2013-04-24,62.45133972167969,1578.7900390625,13.609999656677246,1.6979999542236328,99.677001953125,138.3699951171875,86.69274139404297,14676.2998046875,3269.64990234375,126.60663604736328
2013-04-25,62.784183502197266,1585.1600341796875,13.619999885559082,1.7109999656677246,99.41999816894531,141.6300048828125,86.3186264038086,14700.7998046875,3289.989990234375,127.1198501586914
2013-04-26,62.586299896240234,1582.239990234375,13.609999656677246,1.6629999876022339,99.34200286865234,140.91000366210938,87.10932922363281,14712.5498046875,3279.260009765625,126.89531707763672
2013-04-29,63.16203308105469,1593.6099853515625,13.710000038146973,1.6679999828338623,97.84200286865234,142.3000030517578,86.79161071777344,14818.75,3307.02001953125,127.74533081054688
2013-04-30,63.62083053588867,1597.5699462890625,13.520000457763672,1.6749999523162842,97.86399841308594,142.77000427246094,86.84102630615234,14839.7998046875,3328.7900390625,128.050048828125
2013-05-01,63.3239631652832,1582.699951171875,14.489999771118164,1.6390000581741333,97.26899719238281,141.11000061035156,87.73312377929688,14700.9501953125,3299.1298828125,126.92733001708984
2013-05-02,64.1246109008789,1597.5899658203125,13.59000015258789,1.63100004196167,97.13200378417969,141.9199981689453,87.61992645263672,14831.580078125,3340.6201171875,128.10617065429688
2013-05-03,64.88031005859375,1614.4200439453125,12.850000381469727,1.7519999742507935,97.94599914550781,142.08999633789062,85.55415344238281,14973.9599609375,3378.6298828125,129.4052734375
2013-05-06,65.1322250366211,1617.5,12.65999984741211,1.7710000276565552,99.0999984741211,142.14999389648438,85.34194946289062,14968.8896484375,3392.969970703125,129.73402404785156
2013-05-07,65.0961685180664,1625.9599609375,12.829999923706055,1.7829999923706055,99.34400177001953,140.3800048828125,85.0093994140625,15056.2001953125,3396.6298828125,130.3916473388672
2013-05-08,65.41107940673828,1632.68994140625,12.65999984741211,1.7599999904632568,98.7760009765625,142.4600067138672,85.14387512207031,15105.1201171875,3413.27001953125,130.98509216308594
2013-05-09,65.32111358642578,1626.6700439453125,13.130000114440918,1.812999963760376,98.87799835205078,140.80999755859375,84.92453002929688,15082.6201171875,3409.169921875,130.6162567138672
2013-05-10,65.7169418334961,1633.699951171875,12.59000015258789,1.899999976158142,100.76499938964844,139.60000610351562,84.01189422607422,15118.490234375,3436.580078125,131.04116821289062
2013-05-13,65.79791259765625,1633.77001953125,12.550000190734863,1.9229999780654907,101.9229965209961,138.42999267578125,83.36805725097656,15091.6796875,3438.7900390625,131.14547729492188
2013-05-14,66.1397705078125,1650.3399658203125,12.770000457763672,1.9520000219345093,101.66699981689453,137.80999755859375,82.46253967285156,15215.25,3462.610107421875,132.50067138671875
2013-05-15,66.27471160888672,1658.780029296875,12.8100004196167,1.9429999589920044,102.20999908447266,134.6300048828125,83.01435852050781,15275.6904296875,3471.6201171875,133.2144317626953
2013-05-16,66.20274353027344,1650.469970703125,13.069999694824219,1.8650000095367432,102.25800323486328,134.08999633789062,83.87747192382812,15233.2197265625,3465.239990234375,132.58888244628906
2013-05-17,66.84146118164062,1667.469970703125,12.449999809265137,1.9490000009536743,102.13500213623047,131.07000732421875,82.81625366210938,15354.400390625,3498.969970703125,133.87193298339844
2013-05-20,66.74248504638672,1666.2900390625,13.020000457763672,1.965000033378601,102.70099639892578,135.1199951171875,82.71726989746094,15335.2802734375,3496.429931640625,133.8639373779297
2013-05-21,66.8144760131836,1669.1600341796875,13.369999885559082,1.944000005722046,102.16600036621094,132.8800048828125,83.36805725097656,15387.580078125,3502.1201171875,134.0564727783203
2013-05-22,66.2297134399414,1655.3499755859375,13.819999694824219,2.0260000228881836,102.44200134277344,131.94000244140625,82.1300277709961,15307.169921875,3463.300048828125,133.06199645996094
2013-05-23,66.07677459716797,1650.510009765625,14.069999694824219,2.0230000019073486,103.1760025024414,134.61000061035156,82.51909637451172,15294.5,3459.419921875,132.67706298828125
2013-05-24,66.0407943725586,1649.5999755859375,13.989999771118164,2.010999917984009,102.41000366210938,133.75999450683594,82.63227844238281,15303.099609375,3459.139892578125,132.5648193359375
2013-05-29,66.15775299072266,1648.3599853515625,14.829999923706055,2.124000072479248,102.44599914550781,134.8300018310547,81.44378662109375,15302.7998046875,3467.52001953125,132.49264526367188
2013-05-30,66.50858306884766,1654.4100341796875,14.529999732971191,2.124000072479248,100.91600036621094,136.6999969482422,81.24565887451172,15324.5302734375,3491.300048828125,132.98184204101562
2013-05-31,65.89684295654297,1630.739990234375,16.299999237060547,2.1640000343322754,101.0999984741211,133.9199981689453,80.96977996826172,15115.5703125,3455.909912109375,131.0733642578125
2013-06-03,66.01382446289062,1640.4200439453125,16.280000686645508,2.134000062942505,100.47599792480469,136.50999450683594,81.39877319335938,15254.0302734375,3465.3701171875,131.7950439453125
2013-06-04,65.67195892333984,1631.3800048828125,16.270000457763672,2.13700008392334,99.73799896240234,135.22999572753906,80.64707946777344,15177.5400390625,3445.260009765625,131.16146850585938
2013-06-05,64.81732177734375,1608.9000244140625,17.5,2.0999999046325684,100.25,135.52000427246094,81.76048278808594,14960.58984375,3401.47998046875,129.32510375976562
2013-06-06,65.1322250366211,1622.56005859375,16.6299991607666,2.075000047683716,98.9520034790039,136.52999877929688,81.71086883544922,15040.6201171875,3424.050048828125,130.49594116210938
2013-06-07,66.0228042602539,1643.3800048828125,15.140000343322754,2.1610000133514404,97.3270034790039,133.27999877929688,80.24996185302734,15248.1201171875,3469.219970703125,132.1558837890625
2013-06-10,66.04979705810547,1642.81005859375,15.4399995803833,2.2149999141693115,98.23799896240234,133.94000244140625,79.86701202392578,15238.58984375,3473.77001953125,132.1558837890625
2013-06-11,65.39306640625,1626.1300048828125,17.06999969482422,2.194999933242798,98.8489990234375,133.25,80.81734466552734,15122.01953125,3436.949951171875,130.7926025390625
2013-06-12,64.63739013671875,1612.52001953125,18.59000015258789,2.2300000190734863,96.10199737548828,134.25,79.66132354736328,14995.23046875,3400.429931640625,129.71005249023438
2013-06-13,65.4560317993164,1636.3599853515625,16.40999984741211,2.1740000247955322,95.92900085449219,133.74000549316406,80.90948486328125,15176.080078125,3445.360107421875,131.6827392578125
2013-06-14,65.02421569824219,1626.72998046875,17.149999618530273,2.125999927520752,95.49400329589844,134.42999267578125,80.71797180175781,15070.1796875,3423.56005859375,130.85671997070312
2013-06-17,65.65397644042969,1639.0400390625,16.799999237060547,2.1710000038146973,94.24199676513672,133.77000427246094,80.29253387451172,15179.849609375,3452.1298828125,131.8671875
2013-06-18,66.19376373291016,1651.81005859375,16.610000610351562,2.181999921798706,94.68000030517578,132.1300048828125,80.33507537841797,15318.23046875,3482.179931640625,132.90969848632812
2013-06-19,65.4560317993164,1628.9300537109375,16.639999389648438,2.311000108718872,95.51699829101562,130.58999633789062,79.50533294677734,15112.1904296875,3443.199951171875,131.0733642578125
2013-06-20,63.89970016479492,1588.18994140625,20.489999771118164,2.4189999103546143,96.58999633789062,123.5999984741211,78.20047760009766,14758.3203125,3364.639892578125,127.82552337646484
2013-06-21,63.56040573120117,1592.4300537109375,18.899999618530273,2.5139999389648438,97.14099884033203,125.05000305175781,76.87425994873047,14799.400390625,3357.25,128.23583984375
2013-06-24,62.92865753173828,1573.0899658203125,20.110000610351562,2.5480000972747803,98.4229965209961,123.93000030517578,77.19342041015625,14659.5595703125,3320.760009765625,126.6155014038086
2013-06-25,63.388946533203125,1588.030029296875,18.469999313354492,2.5889999866485596,97.53099822998047,123.47000122070312,76.50553131103516,14760.3095703125,3347.889892578125,127.83272552490234
2013-06-26,63.95750427246094,1603.260009765625,17.209999084472656,2.5390000343322754,98.14700317382812,118.27999877929688,77.00196838378906,14910.1396484375,3376.219970703125,129.0984649658203
2013-06-27,64.22821044921875,1613.199951171875,16.860000610351562,2.4830000400543213,97.7699966430664,115.94000244140625,77.78911590576172,15024.490234375,3401.860107421875,129.85621643066406
2013-06-28,64.31844329833984,1606.280029296875,16.860000610351562,2.4779999256134033,98.47599792480469,119.11000061035156,78.32096862792969,14909.599609375,3403.25,129.32412719726562
2013-07-01,64.71553802490234,1614.9599609375,16.3700008392334,2.490000009536743,99.37999725341797,121.12999725341797,78.47880554199219,14974.9599609375,3434.489990234375,130.08192443847656
2013-07-02,64.74259185791016,1614.0799560546875,16.440000534057617,2.4690001010894775,99.65699768066406,120.05000305175781,78.42906951904297,14932.41015625,3433.39990234375,129.96104431152344
2013-07-03,65.00432586669922,1615.4100341796875,16.200000762939453,2.500999927520752,100.73300170898438,120.73999786376953,78.1944808959961,14988.3701171875,3443.669921875,130.0175018310547
2013-07-08,65.5638656616211,1640.4599609375,14.779999732971191,2.6449999809265137,101.38600158691406,119.51000213623047,76.2611083984375,15224.6904296875,3484.830078125,132.16990661621094
2013-07-09,65.96094512939453,1652.3199462890625,14.350000381469727,2.630000114440918,100.8499984741211,120.62000274658203,76.33930206298828,15300.33984375,3504.260009765625,133.12115478515625
2013-07-10,66.33998107910156,1652.6199951171875,14.210000038146973,2.680000066757202,101.15299987792969,120.94999694824219,75.74224853515625,15291.66015625,3520.760009765625,133.16954040527344
2013-07-11,67.65757751464844,1675.02001953125,14.010000228881836,2.5739998817443848,98.5510025024414,124.23999786376953,76.63072967529297,15460.919921875,3578.300048828125,134.98341369628906
2013-07-12,67.95538330078125,1680.18994140625,13.84000015258789,2.6010000705718994,99.04000091552734,124.12999725341797,76.56680297851562,15464.2998046875,3600.080078125,135.03988647460938
2013-07-15,68.10881042480469,1682.5,13.789999961853027,2.555999994277954,99.1969985961914,124.18000030517578,76.97193908691406,15484.259765625,3607.489990234375,135.5558319091797
2013-07-16,68.01856231689453,1676.260009765625,14.420000076293945,2.5320000648498535,99.94599914550781,124.88999938964844,77.23491668701172,15451.849609375,3598.5,135.0478973388672
2013-07-17,68.19005584716797,1680.9100341796875,13.779999732971191,2.490999937057495,99.16000366210938,123.31999969482422,77.37700653076172,15470.51953125,3610.0,135.39456176757812
2013-07-18,68.01856231689453,1689.3699951171875,13.770000457763672,2.5339999198913574,99.66000366210938,124.01000213623047,76.410400390625,15548.5400390625,3611.280029296875,136.13619995117188
2013-07-19,67.31462860107422,1692.0899658203125,12.539999961853027,2.490999937057495,100.52200317382812,125.11000061035156,77.61874389648438,15543.740234375,3587.610107421875,136.37808227539062
2013-07-22,67.51318359375,1695.530029296875,12.289999961853027,2.48799991607666,100.38899993896484,128.83999633789062,77.73246002197266,15545.5498046875,3600.389892578125,136.64413452148438
2013-07-23,67.01683044433594,1692.3900146484375,12.65999984741211,2.5160000324249268,99.3239974975586,129.7100067138672,77.405517578125,15567.740234375,3579.27001953125,136.35391235351562
2013-07-24,67.23343658447266,1685.93994140625,13.180000305175781,2.5880000591278076,99.49700164794922,127.4800033569336,76.42459106445312,15542.240234375,3579.60009765625,135.8540802001953
2013-07-25,67.65757751464844,1690.25,12.970000267028809,2.6070001125335693,100.4520034790039,128.6699981689453,76.39620971679688,15555.6103515625,3605.18994140625,136.18455505371094
2013-07-26,68.01856231689453,1691.6500244140625,12.720000267028809,2.561000108718872,99.2750015258789,128.77999877929688,76.86521911621094,15558.830078125,3613.159912109375,136.3296661376953
2013-07-29,67.89220428466797,1685.3299560546875,13.390000343322754,2.5850000381469727,97.95999908447266,128.47000122070312,76.3037338256836,15521.9697265625,3599.139892578125,135.9104766845703
2013-07-30,68.25318145751953,1685.9599609375,13.390000343322754,2.6029999256134033,98.04299926757812,128.1199951171875,76.2753677368164,15520.58984375,3616.469970703125,135.9104766845703
2013-07-31,68.37953186035156,1685.72998046875,13.449999809265137,2.5929999351501465,98.01599884033203,127.95999908447266,76.55257415771484,15499.5400390625,3626.3701171875,136.00721740722656
2013-08-01,69.07442474365234,1706.8699951171875,12.9399995803833,2.7230000495910645,97.83300018310547,126.61000061035156,75.0775146484375,15628.01953125,3675.739990234375,137.57925415039062
2013-08-02,69.46248626708984,1709.6700439453125,11.979999542236328,2.6019999980926514,99.41999816894531,126.36000061035156,75.90409088134766,15658.3603515625,3689.590087890625,137.8130645751953
2013-08-05,69.50762939453125,1707.1400146484375,11.84000015258789,2.640000104904175,98.93499755859375,125.69999694824219,75.31977081298828,15612.1298828125,3692.949951171875,137.6114959716797
2013-08-06,69.09248352050781,1697.3699951171875,12.720000267028809,2.6419999599456787,98.23200225830078,123.97000122070312,75.54069519042969,15518.740234375,3665.77001953125,136.82949829101562
2013-08-07,68.96614837646484,1690.9100341796875,12.979999542236328,2.5999999046325684,97.30799865722656,124.1500015258789,76.10363006591797,15470.669921875,3654.010009765625,136.38613891601562
2013-08-08,69.30905151367188,1697.47998046875,12.729999542236328,2.5869998931884766,96.56999969482422,126.86000061035156,76.3102798461914,15498.3203125,3669.1201171875,136.88595581054688
2013-08-09,69.029296875,1691.4200439453125,13.40999984741211,2.5799999237060547,96.73999786376953,126.86000061035156,76.4314193725586,15425.509765625,3660.110107421875,136.49090576171875
2013-08-12,69.1917495727539,1689.469970703125,12.8100004196167,2.6050000190734863,96.04399871826172,129.1300048828125,75.91123962402344,15419.6796875,3669.949951171875,136.3296661376953
2013-08-13,69.57980346679688,1694.1600341796875,12.3100004196167,2.7149999141693115,97.19999694824219,127.73999786376953,74.81382751464844,15451.009765625,3684.43994140625,136.73277282714844
2013-08-14,69.318115234375,1685.3900146484375,13.039999961853027,2.7119998931884766,98.15299987792969,129.0,74.92789459228516,15337.66015625,3669.27001953125,136.03143310546875
2013-08-15,68.1449203491211,1661.3199462890625,14.729999542236328,2.755000114440918,97.85299682617188,131.69000244140625,73.91597747802734,15112.1904296875,3606.1201171875,134.12890625
2013-08-16,68.11783599853516,1655.8299560546875,14.369999885559082,2.8289999961853027,97.05500030517578,132.5800018310547,73.65950012207031,15081.4697265625,3602.780029296875,133.68553161621094
2013-08-19,68.0005111694336,1646.06005859375,15.100000381469727,2.884000062942505,97.66699981689453,132.00999450683594,73.01815032958984,15010.740234375,3589.090087890625,132.8310089111328
2013-08-20,68.29830169677734,1652.3499755859375,14.90999984741211,2.813999891281128,97.5790023803711,132.4499969482422,73.5810546875,15002.990234375,3613.590087890625,133.48394775390625
2013-08-21,68.06367492675781,1642.800048828125,15.9399995803833,2.8550000190734863,97.30999755859375,132.07000732421875,72.77584838867188,14897.5498046875,3599.7900390625,132.66171264648438
2013-08-22,68.73149871826172,1656.9599609375,14.760000228881836,2.9010000228881836,97.80999755859375,132.80999755859375,73.51697540283203,14963.740234375,3638.7099609375,133.8708953857422
2013-08-23,69.1917495727539,1663.5,13.979999542236328,2.818000078201294,98.87899780273438,134.89999389648438,74.3150405883789,15010.509765625,3657.7900390625,134.32235717773438
2013-08-26,69.22785186767578,1656.780029296875,14.989999771118164,2.805000066757202,98.70500183105469,135.4499969482422,74.68560028076172,14946.4599609375,3657.570068359375,133.822509765625
2013-08-27,67.81098175048828,1630.47998046875,16.770000457763672,2.7209999561309814,98.25800323486328,136.75,75.6261978149414,14776.1298828125,3578.52001953125,131.6700897216797
2013-08-28,68.07270050048828,1634.9599609375,16.489999771118164,2.7820000648498535,96.89199829101562,136.7100067138672,75.01334381103516,14824.509765625,3593.35009765625,132.1376495361328
2013-08-29,68.55099487304688,1638.1700439453125,16.809999465942383,2.750999927520752,97.72799682617188,135.8699951171875,75.61199951171875,14840.9501953125,3620.300048828125,132.34725952148438
2013-08-30,68.10881042480469,1632.969970703125,17.010000228881836,2.749000072479248,98.29199981689453,134.6199951171875,75.52647399902344,14810.3095703125,3589.8701171875,131.92807006835938
2013-09-04,69.22785186767578,1653.0799560546875,15.880000114440918,2.8970000743865967,99.55400085449219,134.66000366210938,74.29685974121094,14930.8701171875,3649.0400390625,133.62100219726562
2013-09-05,69.34516143798828,1655.0799560546875,15.770000457763672,2.9790000915527344,99.72799682617188,132.1999969482422,73.2608642578125,14937.48046875,3658.780029296875,133.79031372070312
2013-09-06,69.42644500732422,1655.1700439453125,15.850000381469727,2.937999963760376,100.11599731445312,134.14999389648438,73.62525939941406,14922.5,3660.010009765625,133.85476684570312
2013-09-09,70.23861694335938,1671.7099609375,15.630000114440918,2.8970000743865967,99.97699737548828,133.91000366210938,73.66095733642578,15063.1201171875,3706.179931640625,135.13662719726562
2013-09-10,70.58155822753906,1683.989990234375,14.529999732971191,2.9590001106262207,99.71900177001953,131.74000549316406,73.14657592773438,15191.0595703125,3729.02001953125,136.13619995117188
2013-09-11,70.44618225097656,1689.1300048828125,13.819999694824219,2.9200000762939453,100.28500366210938,131.6999969482422,73.7967300415039,15326.599609375,3725.010009765625,136.56350708007812
2013-09-12,70.40105438232422,1683.4200439453125,14.289999961853027,2.9070000648498535,99.83000183105469,127.66999816894531,73.69670104980469,15300.6396484375,3715.969970703125,136.2007293701172
2013-09-13,70.44618225097656,1687.989990234375,14.15999984741211,2.8980000019073486,99.5780029296875,127.81999969482422,73.98250579833984,15376.0595703125,3722.179931640625,136.50706481933594
2013-09-16,70.25662994384766,1697.5999755859375,14.380000114440918,2.874000072479248,99.01499938964844,126.44999694824219,73.4895248413086,15494.7802734375,3717.85009765625,137.29713439941406
2013-09-17,70.72594451904297,1704.760009765625,14.529999732971191,2.8529999256134033,99.06999969482422,126.5,74.09677124023438,15529.73046875,3745.699951171875,137.9097442626953
2013-09-18,71.57425689697266,1725.52001953125,13.59000015258789,2.7079999446868896,99.12799835205078,132.00999450683594,75.01129913330078,15676.9404296875,3783.639892578125,139.50595092773438
2013-09-19,71.74571228027344,1722.3399658203125,13.15999984741211,2.747999906539917,98.20999908447266,131.75,74.56839752197266,15636.5498046875,3789.3798828125,139.27215576171875
2013-09-20,71.49951171875,1709.9100341796875,13.119999885559082,2.7320001125335693,99.38999938964844,127.95999908447266,74.96131134033203,15451.08984375,3774.72998046875,138.2984619140625
2013-09-23,71.35469818115234,1701.8399658203125,14.3100004196167,2.7139999866485596,99.2770004272461,127.55000305175781,75.51142120361328,15401.3798828125,3765.2900390625,137.6585235595703
2013-09-24,71.35469818115234,1697.4200439453125,14.079999923706055,2.6530001163482666,98.73999786376953,127.66000366210938,76.32593536376953,15334.58984375,3768.25,137.33444213867188
2013-09-25,71.11029815673828,1692.77001953125,14.010000228881836,2.614000082015991,98.74500274658203,128.7899932861328,76.48307037353516,15273.259765625,3761.10009765625,136.93751525878906
2013-09-26,71.66242980957031,1698.6700439453125,14.0600004196167,2.6429998874664307,98.43499755859375,127.79000091552734,75.947265625,15328.2998046875,3787.429931640625,137.4640350341797
2013-09-27,71.57193756103516,1691.75,15.460000038146973,2.61899995803833,98.90499877929688,128.97000122070312,76.13297271728516,15258.240234375,3781.590087890625,136.8321990966797
2013-09-30,71.39994049072266,1681.550048828125,16.600000381469727,2.615000009536743,97.8270034790039,128.17999267578125,76.01872253417969,15129.669921875,3771.47998046875,136.10313415527344
2013-10-01,72.12406158447266,1695.0,15.539999961853027,2.6459999084472656,98.4000015258789,124.58999633789062,75.78804016113281,15191.7001953125,3817.97998046875,137.1805419921875
2013-10-02,72.09693145751953,1693.8699951171875,16.600000381469727,2.625999927520752,97.9260025024414,127.05999755859375,75.90267944335938,15133.1396484375,3815.02001953125,137.05091857910156
2013-10-03,71.255126953125,1678.6600341796875,17.670000076293945,2.6059999465942383,97.30000305175781,127.18000030517578,75.78089141845703,14996.48046875,3774.340087890625,135.78720092773438
2013-10-04,71.87063598632812,1690.5,16.739999771118164,2.6519999504089355,97.25900268554688,126.52999877929688,75.72355651855469,15072.580078125,3807.75,136.8160400390625
2013-10-07,71.27323150634766,1676.1199951171875,19.40999984741211,2.634000062942505,97.29000091552734,127.63999938964844,76.0315933227539,14936.240234375,3770.3798828125,135.6332550048828
2013-10-08,69.8973617553711,1655.449951171875,20.34000015258789,2.635999917984009,,127.4000015258789,76.05309295654297,14776.5302734375,3694.830078125,134.05360412597656
2013-10-09,69.68011474609375,1656.4000244140625,19.600000381469727,2.6500000953674316,96.9010009765625,126.11000061035156,75.44417572021484,14802.98046875,3677.780029296875,134.1508026123047
2013-10-10,71.15554809570312,1692.56005859375,16.479999542236328,2.684999942779541,97.47899627685547,124.2699966430664,75.56598663330078,15126.0703125,3760.75,137.0428009033203
2013-10-11,71.71678161621094,1703.199951171875,15.720000267028809,2.681999921798706,98.18499755859375,122.5999984741211,75.54449462890625,15237.1103515625,3791.8701171875,137.92584228515625
2013-10-14,72.22366333007812,1710.1400146484375,16.06999969482422,2.690999984741211,98.31400299072266,122.83000183105469,74.93561553955078,15301.259765625,3815.280029296875,138.47666931152344
2013-10-15,71.94306182861328,1698.06005859375,18.65999984741211,2.7200000286102295,98.6500015258789,123.7300033569336,74.88548278808594,15168.009765625,3794.010009765625,137.47216796875
2013-10-16,72.75770568847656,1721.5400390625,14.710000038146973,2.6710000038146973,98.54399871826172,123.54000091552734,75.82384490966797,15373.830078125,3839.429931640625,139.39208984375
2013-10-17,73.17407989501953,1733.1500244140625,13.479999542236328,2.5869998931884766,98.94000244140625,127.41999816894531,76.5115737915039,15371.650390625,3863.14990234375,140.32371520996094
2013-10-18,74.35984802246094,1744.5,13.039999961853027,2.5889999866485596,97.98999786376953,126.8499984741211,76.67627716064453,15399.650390625,3914.280029296875,141.271484375
2013-10-21,74.52278900146484,1744.6600341796875,13.15999984741211,2.6089999675750732,97.927001953125,126.9800033569336,76.43275451660156,15392.2001953125,3920.050048828125,141.27960205078125
2013-10-22,74.63139343261719,1754.6700439453125,13.329999923706055,2.51200008392334,98.19400024414062,129.33999633789062,77.28519439697266,15467.66015625,3929.570068359375,142.09774780273438
2013-10-23,74.17882537841797,1746.3800048828125,13.420000076293945,2.484999895095825,98.13300323486328,128.69000244140625,77.58602905273438,15413.330078125,3907.070068359375,141.4172821044922
2013-10-24,74.50467681884766,1752.0699462890625,13.199999809265137,2.5220000743865967,97.41999816894531,129.89999389648438,77.28519439697266,15509.2099609375,3928.9599609375,141.88719177246094
2013-10-25,75.03873443603516,1759.77001953125,13.09000015258789,2.503000020980835,97.38500213623047,130.4600067138672,77.57170867919922,15570.2802734375,3943.360107421875,142.53521728515625
2013-10-28,75.0568618774414,1762.1099853515625,13.3100004196167,2.51200008392334,97.56999969482422,130.55999755859375,77.30664825439453,15568.9296875,3940.1298828125,142.7620086669922
2013-10-29,75.18355560302734,1771.949951171875,13.40999984741211,2.506999969482422,97.62000274658203,129.77000427246094,77.40696716308594,15680.349609375,3952.340087890625,143.5235137939453
2013-10-30,75.11114501953125,1763.31005859375,13.649999618530273,2.5269999504089355,98.19400024414062,129.60000610351562,76.94133758544922,15618.759765625,3930.6201171875,142.81063842773438
2013-10-31,74.9391860961914,1756.5400390625,13.75,2.5420000553131104,98.50700378417969,127.73999786376953,77.10606384277344,15545.75,3919.7099609375,142.40554809570312
2013-11-01,74.95726776123047,1761.6400146484375,13.279999732971191,2.619999885559082,98.32099914550781,126.94999694824219,76.27145385742188,15615.5498046875,3922.0400390625,142.74583435058594
2013-11-04,75.06588745117188,1767.9300537109375,12.930000305175781,2.6019999980926514,98.69200134277344,126.80999755859375,76.34329986572266,15639.1201171875,3936.590087890625,143.24813842773438
2013-11-05,75.1473617553711,1762.969970703125,13.270000457763672,2.6619999408721924,98.62699890136719,126.55999755859375,75.43109130859375,15618.2197265625,3939.860107421875,142.79444885253906
2013-11-06,75.12926483154297,1770.489990234375,12.670000076293945,2.640000104904175,98.45600128173828,127.19999694824219,75.46702575683594,15746.8798828125,3931.949951171875,143.5235137939453
2013-11-07,73.71719360351562,1747.1500244140625,13.90999984741211,2.61299991607666,98.6500015258789,126.16000366210938,76.10628509521484,15593.98046875,3857.330078125,141.70896911621094
2013-11-08,74.71289825439453,1770.6099853515625,12.899999618530273,2.746000051498413,98.1709976196289,124.27999877929688,74.2747573852539,15761.7802734375,3919.22998046875,143.62075805664062
2013-11-11,74.59521484375,1771.8900146484375,12.529999732971191,2.750999927520752,99.1989974975586,123.87000274658203,73.99459075927734,15783.099609375,3919.7900390625,143.64501953125
2013-11-12,74.71289825439453,1767.68994140625,12.819999694824219,2.7679998874664307,99.13800048828125,122.44999694824219,74.33938598632812,15750.669921875,3919.919921875,143.35345458984375
2013-11-13,75.6180419921875,1782.0,12.520000457763672,2.7249999046325684,99.61699676513672,122.8499984741211,74.61231231689453,15821.6298828125,3965.580078125,144.50369262695312
2013-11-14,75.85340881347656,1790.6199951171875,12.369999885559082,2.7019999027252197,99.21800231933594,124.2699966430664,75.07197570800781,15876.2197265625,3972.739990234375,145.22470092773438
2013-11-15,75.99822998046875,1798.1800537109375,12.1899995803833,2.7090001106262207,100.23999786376953,124.31999969482422,75.22283172607422,15961.7001953125,3985.969970703125,145.85662841796875
2013-11-18,75.25598907470703,1791.530029296875,13.100000381469727,2.677999973297119,100.35399627685547,122.9000015258789,75.67532348632812,15976.01953125,3949.070068359375,145.34619140625
2013-11-19,75.03873443603516,1787.8699951171875,13.390000343322754,2.7119998931884766,99.86299896240234,122.94999694824219,75.10074615478516,15967.0302734375,3931.550048828125,145.03033447265625
2013-11-20,74.85768127441406,1781.3699951171875,13.399999618530273,2.7920000553131104,100.18099975585938,120.12000274658203,73.82222747802734,15900.8203125,3921.27001953125,144.57669067382812
2013-11-21,75.6180419921875,1795.8499755859375,12.65999984741211,2.7839999198913574,100.20700073242188,119.94000244140625,73.9443130493164,16009.990234375,3969.159912109375,145.74317932128906
2013-11-22,76.02542114257812,1804.760009765625,12.260000228881836,2.752000093460083,101.31900024414062,119.91999816894531,74.6338882446289,16064.76953125,3991.64990234375,146.47230529785156
2013-11-25,76.2063980102539,1802.47998046875,12.789999961853027,2.740999937057495,101.29000091552734,120.45999908447266,74.84931182861328,16072.5400390625,3994.570068359375,146.32647705078125
2013-11-26,76.60469055175781,1802.75,12.8100004196167,2.696000099182129,101.3499984741211,119.81999969482422,75.12946319580078,16072.7998046875,4017.75,146.36697387695312
2013-11-27,77.13874816894531,1807.22998046875,12.979999542236328,2.7360000610351562,101.23400115966797,119.45999908447266,75.00012969970703,16097.330078125,4044.75,146.72335815429688
2013-12-02,77.37409973144531,1800.9000244140625,14.229999542236328,2.8010001182556152,102.47100067138672,117.58000183105469,74.43821716308594,16008.76953125,4045.260009765625,146.2454376220703
2013-12-03,77.31070709228516,1795.1500244140625,14.550000190734863,2.7750000953674316,102.93299865722656,117.95999908447266,74.71194458007812,15914.6201171875,4037.199951171875,145.61358642578125
2013-12-04,77.38313293457031,1792.81005859375,14.699999809265137,2.8410000801086426,102.35099792480469,119.95999908447266,73.99876403808594,15889.76953125,4038.0,145.59738159179688
2013-12-05,77.28355407714844,1785.030029296875,15.079999923706055,2.861999988555908,102.40399932861328,118.30000305175781,73.78984069824219,15821.509765625,4033.169921875,144.95738220214844
2013-12-06,77.84477996826172,1805.0899658203125,13.789999961853027,2.882999897003174,101.74199676513672,118.55000305175781,74.14283752441406,16020.2001953125,4062.52001953125,146.57757568359375
2013-12-09,78.16155242919922,1808.3699951171875,13.489999771118164,2.8570001125335693,103.13099670410156,119.72000122070312,74.31575012207031,16025.5302734375,4068.75,146.9502410888672
2013-12-10,78.10726928710938,1802.6199951171875,13.90999984741211,2.796999931335449,103.26599884033203,121.81999969482422,74.84882354736328,15973.1298828125,4060.489990234375,146.42364501953125
2013-12-11,77.10252380371094,1782.219970703125,15.420000076293945,2.8440001010894775,102.7979965209961,120.86000061035156,74.27253723144531,15843.5302734375,4003.81005859375,144.7791748046875
2013-12-12,76.90338134765625,1775.5,15.539999961853027,2.877000093460083,102.50800323486328,118.29000091552734,73.99156188964844,15739.4296875,3998.39990234375,144.3011932373047
2013-12-13,76.80384063720703,1775.3199462890625,15.760000228881836,2.868000030517578,103.54000091552734,119.37999725341797,74.35173797607422,15755.3603515625,4000.97998046875,144.28500366210938
2013-12-16,77.2292709350586,1786.5400390625,16.030000686645508,2.877000093460083,103.2699966430664,119.69000244140625,74.07798767089844,15884.5703125,4029.52001953125,145.18421936035156
2013-12-17,77.07535552978516,1781.0,16.209999084472656,2.8429999351501465,103.0270004272461,118.6500015258789,74.40939331054688,15875.259765625,4023.679931640625,144.72247314453125
2013-12-18,77.97148132324219,1810.6500244140625,13.800000190734863,2.884999990463257,102.6240005493164,117.61000061035156,74.03479766845703,16167.9697265625,4070.06005859375,147.19322204589844
2013-12-19,77.75424194335938,1809.5999755859375,14.149999618530273,2.924999952316284,104.21299743652344,114.81999969482422,73.96271514892578,16179.080078125,4058.139892578125,147.0231475830078
2013-12-20,78.54606628417969,1818.3199462890625,13.789999961853027,2.88700008392334,104.2760009765625,115.94000244140625,75.1009750366211,16221.1396484375,4104.740234375,147.87835693359375
2013-12-23,79.37239074707031,1827.989990234375,13.039999961853027,2.928999900817871,104.02999877929688,115.56999969482422,74.67591857910156,16294.6103515625,4148.89990234375,148.66835021972656
2013-12-24,79.40870666503906,1833.3199462890625,12.479999542236328,2.9830000400543213,104.1760025024414,116.0999984741211,74.07798767089844,16357.5498046875,4155.419921875,148.99417114257812
2013-12-27,79.47227478027344,1841.4000244140625,12.460000038146973,3.00600004196167,104.87899780273438,117.12000274658203,73.58292388916016,16478.41015625,4156.58984375,149.74359130859375
2013-12-30,79.35424041748047,1841.0699462890625,13.5600004196167,2.9760000705718994,105.31999969482422,115.38999938964844,74.08881378173828,16504.2890625,4154.2001953125,149.7190704345703
2013-12-31,79.87181854248047,1848.3599853515625,13.720000267028809,3.0260000228881836,104.93399810791016,116.12000274658203,73.61909484863281,16576.66015625,4176.58984375,150.4276580810547
2014-01-03,78.67320251464844,1831.3699951171875,13.760000228881836,2.994999885559082,104.83300018310547,119.29000091552734,73.84310913085938,16469.990234375,4131.91015625,148.96160888671875
2014-01-06,78.38261413574219,1826.77001953125,13.550000190734863,2.9609999656677246,104.91200256347656,119.5,74.15386199951172,16425.099609375,4113.68017578125,148.52989196777344
2014-01-07,79.10906982421875,1837.8800048828125,12.920000076293945,2.937000036239624,104.20999908447266,118.81999969482422,74.34183502197266,16530.939453125,4153.18017578125,149.4421844482422
2014-01-08,79.2815933227539,1837.489990234375,12.869999885559082,2.993000030517578,104.71199798583984,118.12000274658203,74.13945007324219,16462.740234375,4165.60986328125,149.4747314453125
2014-01-09,79.01824951171875,1838.1300048828125,12.890000343322754,2.9630000591278076,104.84400177001953,118.45999908447266,74.57305908203125,16444.759765625,4156.18994140625,149.57247924804688
2014-01-10,79.27252197265625,1842.3699951171875,12.140000343322754,2.859999895095825,104.83000183105469,120.26000213623047,75.46207427978516,16437.05078125,4174.669921875,149.979736328125
2014-01-13,78.10114288330078,1819.199951171875,13.279999732971191,2.8269999027252197,103.9489974975586,121.0199966430664,75.83787536621094,16257.9404296875,4113.2998046875,147.9842071533203
2014-01-14,79.59031677246094,1838.8800048828125,12.279999732971191,2.86899995803833,103.11599731445312,119.88999938964844,75.49098205566406,16373.8603515625,4183.02001953125,149.59693908691406
2014-01-15,80.24413299560547,1848.3800048828125,12.279999732971191,2.884000062942505,104.17900085449219,119.66000366210938,75.41149139404297,16481.939453125,4214.8798828125,150.40325927734375
2014-01-16,80.2531967163086,1845.8900146484375,12.529999732971191,2.8429999351501465,104.57099914550781,119.79000091552734,75.91741180419922,16417.009765625,4218.68994140625,150.207763671875
2014-01-17,79.7991714477539,1838.699951171875,12.4399995803833,2.8269999027252197,104.29499816894531,120.93000030517578,76.2354507446289,16458.560546875,4197.580078125,149.57247924804688
2014-01-22,80.61642456054688,1844.8599853515625,12.84000015258789,2.859999895095825,104.2229995727539,119.19000244140625,76.10530853271484,16373.33984375,4243.0,150.1100616455078
2014-01-23,80.34400939941406,1828.4599609375,13.770000457763672,2.7730000019073486,104.63500213623047,121.79000091552734,77.18223571777344,16197.349609375,4218.8798828125,148.88014221191406
2014-01-24,78.76399993896484,1790.2900390625,18.139999389648438,2.734999895095825,103.37000274658203,122.29000091552734,77.68090057373047,15879.1103515625,4128.169921875,145.70364379882812
2014-01-27,78.00122833251953,1781.56005859375,17.420000076293945,2.7660000324249268,102.05000305175781,120.95999908447266,77.13886260986328,15837.8798828125,4083.610107421875,144.98692321777344
2014-01-28,77.95584106445312,1792.5,15.800000190734863,2.746000051498413,102.66100311279297,120.94999694824219,77.3267822265625,15928.5595703125,4097.9599609375,145.85028076171875
2014-01-29,77.12042999267578,1774.199951171875,17.350000381469727,2.674999952316284,103.23100280761719,122.47000122070312,77.96276092529297,15738.7900390625,4051.429931640625,144.4493865966797
2014-01-30,78.54606628417969,1794.18994140625,17.290000915527344,2.693000078201294,102.30000305175781,119.7699966430664,77.73870086669922,15848.6103515625,4123.1298828125,145.98060607910156
2014-01-31,78.33721160888672,1782.5899658203125,18.40999984741211,2.6679999828338623,102.75800323486328,120.08999633789062,78.25910186767578,15698.849609375,4103.8798828125,145.12535095214844
2014-02-03,76.53929138183594,1741.8900146484375,21.440000534057617,2.5810000896453857,102.19200134277344,121.31999969482422,79.21266174316406,15372.7998046875,3996.9599609375,141.8592529296875
2014-02-04,77.10227966308594,1755.199951171875,19.110000610351562,2.624000072479248,101.14199829101562,120.98999786376953,78.37212371826172,15445.240234375,4031.52001953125,142.85293579101562
2014-02-05,76.90249633789062,1751.6400146484375,19.950000762939453,2.6670000553131104,101.68900299072266,121.29000091552734,77.64755249023438,15440.23046875,4011.550048828125,142.6737823486328
2014-02-06,77.8831787109375,1773.4300537109375,17.229999542236328,2.7019999027252197,101.46600341796875,121.23999786376953,77.31421661376953,15628.5302734375,4057.1201171875,144.55528259277344
2014-02-07,79.27252197265625,1797.02001953125,15.289999961853027,2.674999952316284,102.03900146484375,122.16999816894531,77.37945556640625,15794.080078125,4125.85986328125,146.3470916748047
2014-02-10,79.72652435302734,1799.8399658203125,15.260000228881836,2.677999973297119,102.52400207519531,122.91999816894531,77.59686279296875,15801.7900390625,4148.169921875,146.61587524414062
2014-02-11,80.63461303710938,1819.75,14.510000228881836,2.7190001010894775,102.13300323486328,124.36000061035156,77.14754486083984,15994.76953125,4191.0498046875,148.22042846679688
2014-02-12,80.78897094726562,1819.260009765625,14.300000190734863,2.763000011444092,102.5199966430664,124.43000030517578,76.7490463256836,15963.9404296875,4201.2900390625,148.2937469482422
2014-02-13,81.38825225830078,1829.8299560546875,14.140000343322754,2.7360000610351562,102.46900177001953,125.48999786376953,77.18380737304688,16027.58984375,4240.669921875,149.05934143066406
2014-02-14,81.55170440673828,1838.6300048828125,13.569999694824219,2.746000051498413,102.18800354003906,127.1500015258789,77.2273178100586,16154.3896484375,4244.02001953125,149.88201904296875
2014-02-19,81.38825225830078,1828.75,15.5,2.7339999675750732,102.33200073242188,126.2699966430664,77.07508087158203,16040.5595703125,4237.9501953125,149.06748962402344
2014-02-20,81.7696533203125,1839.780029296875,14.789999961853027,2.753999948501587,102.31099700927734,127.5999984741211,76.88673400878906,16133.23046875,4267.5498046875,149.94715881347656
2014-02-21,81.66068267822266,1836.25,14.680000305175781,2.7339999675750732,102.31199645996094,127.58000183105469,77.2925033569336,16103.2998046875,4263.41015625,149.77613830566406
2014-02-24,82.09656524658203,1847.6099853515625,14.229999542236328,2.75,102.51300048828125,128.99000549316406,77.09683990478516,16207.1396484375,4292.97021484375,150.60690307617188
2014-02-25,82.00574493408203,1845.1199951171875,13.670000076293945,2.7009999752044678,102.48200225830078,129.2100067138672,77.78519439697266,16179.66015625,4287.58984375,150.54983520507812
2014-02-26,81.93307495117188,1845.1600341796875,14.350000381469727,2.6730000972747803,102.1500015258789,128.11000061035156,78.19822692871094,16198.41015625,4292.06005859375,150.55804443359375
2014-02-27,82.46469116210938,1854.2900390625,14.039999961853027,2.6419999599456787,102.29900360107422,128.1999969482422,78.62576293945312,16272.650390625,4318.93017578125,151.3480224609375
2014-02-28,82.37349700927734,1859.449951171875,14.0,2.6579999923706055,102.11000061035156,127.62000274658203,78.66925811767578,16321.7099609375,4308.1201171875,151.73086547851562
2014-03-03,81.7625732421875,1845.72998046875,16.0,2.6070001125335693,101.30500030517578,130.2899932861328,79.19440460205078,16168.0302734375,4277.2998046875,150.66387939453125
2014-03-04,82.80203247070312,1873.9100341796875,14.100000381469727,2.690999984741211,101.41200256347656,128.67999267578125,78.0031509399414,16395.880859375,4351.97021484375,152.78152465820312
2014-03-05,83.03001403808594,1873.81005859375,13.890000343322754,2.697999954223633,102.1780014038086,128.88999938964844,78.17021179199219,16360.1796875,4357.97021484375,152.9200439453125
2014-03-06,82.95707702636719,1877.030029296875,14.210000038146973,2.736999988555908,102.36699676513672,130.1699981689453,77.4002456665039,16421.890625,4352.1298828125,153.27024841308594
2014-03-07,82.54673767089844,1878.0400390625,14.109999656677246,2.7899999618530273,103.03199768066406,129.08999633789062,76.91361236572266,16452.720703125,4336.22021484375,153.3353729248047
2014-03-10,82.61967468261719,1877.1700439453125,14.199999809265137,2.7839999198913574,103.19000244140625,129.1300048828125,77.02255249023438,16418.6796875,4334.4501953125,153.2539520263672
2014-03-11,82.26406860351562,1867.6300048828125,14.800000190734863,2.7660000324249268,103.23600006103516,129.86000061035156,77.22595977783203,16351.25,4307.18994140625,152.4965057373047
2014-03-12,82.57408905029297,1868.199951171875,14.470000267028809,2.7260000705718994,102.83999633789062,131.75999450683594,77.76345825195312,16340.080078125,4323.330078125,152.5372772216797
2014-03-13,81.406982421875,1846.3399658203125,16.219999313354492,2.6530001163482666,102.78299713134766,132.2100067138672,78.8093490600586,16108.8896484375,4260.419921875,150.82676696777344
2014-03-14,80.85076141357422,1841.1300048828125,17.81999969482422,2.6449999809265137,101.77999877929688,133.10000610351562,78.82394409179688,16065.669921875,4245.39990234375,150.40325927734375
2014-03-17,81.56196594238281,1858.8299560546875,15.640000343322754,2.6989998817443848,101.33000183105469,131.63999938964844,78.23558044433594,16247.2197265625,4279.9501953125,151.76345825195312
2014-03-18,82.54673767089844,1872.25,14.520000457763672,2.680999994277954,101.85900115966797,130.6199951171875,78.51885986328125,16336.1904296875,4333.31005859375,152.8467254638672
2014-03-19,82.09998321533203,1860.77001953125,15.119999885559082,2.7720000743865967,101.44000244140625,128.08999633789062,77.90876007080078,16222.169921875,4307.60009765625,152.0322265625
2014-03-20,82.3279037475586,1872.010009765625,14.520000457763672,2.7750000953674316,102.46800231933594,127.86000061035156,77.77072143554688,16331.0498046875,4319.2900390625,152.9200439453125
2014-03-21,81.33721923828125,1866.52001953125,15.0,2.75,102.40699768066406,128.47000122070312,78.6132583618164,16302.76953125,4276.7900390625,152.32691955566406
2014-03-24,80.62440490722656,1857.43994140625,15.09000015258789,2.7330000400543213,102.24099731445312,126.18000030517578,79.17256927490234,16276.6904296875,4226.39013671875,151.69692993164062
2014-03-25,80.8894271850586,1865.6199951171875,14.020000457763672,2.734999895095825,102.20700073242188,126.41000366210938,78.87476348876953,16367.8798828125,4234.27001953125,152.4169158935547
2014-03-26,79.84759521484375,1852.56005859375,14.930000305175781,2.7009999752044678,102.28500366210938,125.41000366210938,79.49220275878906,16268.990234375,4173.580078125,151.32069396972656
2014-03-27,79.39976501464844,1849.0400390625,14.619999885559082,2.671999931335449,101.90299987792969,124.58999633789062,79.89166259765625,16264.23046875,4151.22998046875,151.00157165527344
2014-03-28,79.55512237548828,1857.6199951171875,14.40999984741211,2.7119998931884766,102.14700317382812,124.55999755859375,79.44139099121094,16323.0595703125,4155.759765625,151.74607849121094
2014-03-31,80.1217269897461,1872.3399658203125,13.880000114440918,2.7230000495910645,102.88899993896484,123.61000061035156,79.24519348144531,16457.66015625,4198.990234375,152.9895477294922
2014-04-01,81.52914428710938,1885.52001953125,13.100000381469727,2.759000062942505,103.21399688720703,123.38999938964844,78.56795501708984,16532.609375,4268.0400390625,154.0039520263672
2014-04-02,81.7393569946289,1890.9000244140625,13.09000015258789,2.802999973297119,103.63300323486328,124.31999969482422,78.11647033691406,16573.0,4276.4599609375,154.51930236816406
2014-04-03,81.0904769897461,1888.77001953125,13.369999885559082,2.7899999618530273,103.86699676513672,123.91999816894531,78.45870971679688,16572.55078125,4237.740234375,154.31484985351562
2014-04-04,78.93367767333984,1865.0899658203125,13.960000038146973,2.7260000705718994,103.89600372314453,125.56999969482422,78.98307037353516,16412.7109375,4127.72998046875,152.49049377441406
2014-04-07,78.18428802490234,1845.0400390625,15.569999694824219,2.694999933242798,103.31999969482422,124.91000366210938,79.4563980102539,16245.8701171875,4079.75,150.8052520751953
2014-04-08,78.90625,1851.9599609375,14.890000343322754,2.680999994277954,103.06900024414062,126.08999633789062,79.6457290649414,16256.1396484375,4112.990234375,151.42698669433594
2014-04-09,80.25887298583984,1872.1800537109375,13.819999694824219,2.684000015258789,101.95500183105469,126.31999969482422,79.25251770019531,16437.1796875,4183.89990234375,153.0550079345703
2014-04-10,77.77301788330078,1833.0799560546875,15.890000343322754,2.628000020980835,102.10700225830078,127.01000213623047,79.98802947998047,16170.2197265625,4054.110107421875,149.8399200439453
2014-04-11,76.86827850341797,1815.68994140625,17.030000686645508,2.61899995803833,101.37999725341797,126.93000030517578,80.6361083984375,16026.75,3999.72998046875,148.49005126953125
2014-04-14,77.47144317626953,1830.6099853515625,16.110000610351562,2.6389999389648438,101.44200134277344,127.8499984741211,80.4249496459961,16173.240234375,4022.68994140625,149.65992736816406
2014-04-15,77.72734832763672,1842.97998046875,15.609999656677246,2.628000020980835,101.90399932861328,125.48999786376953,80.9273910522461,16262.5595703125,4034.159912109375,150.6907196044922
2014-04-16,78.75999450683594,1862.31005859375,14.180000305175781,2.63700008392334,101.87699890136719,125.54000091552734,81.02935791015625,16424.849609375,4086.22998046875,152.26963806152344
2014-04-17,78.77827453613281,1864.8499755859375,13.359999656677246,2.7209999561309814,102.20099639892578,124.75,80.14089965820312,16408.5390625,4095.52001953125,152.48233032226562
2014-04-22,79.99380493164062,1879.550048828125,13.1899995803833,2.7260000705718994,102.66999816894531,123.77999877929688,80.34485626220703,16514.369140625,4161.4599609375,153.70947265625
2014-04-23,79.29008483886719,1875.3900146484375,13.270000457763672,2.686000108718872,102.62100219726562,123.76000213623047,80.80361938476562,16501.650390625,4126.97021484375,153.34947204589844
2014-04-24,80.04862976074219,1878.6099853515625,13.319999694824219,2.687999963760376,102.4800033569336,124.55999755859375,80.95653533935547,16501.650390625,4148.33984375,153.66036987304688
2014-04-25,78.76919555664062,1863.4000244140625,14.0600004196167,2.6659998893737793,102.302001953125,125.43000030517578,81.07307434082031,16361.4599609375,4075.56005859375,152.4005126953125
2014-04-28,79.0250473022461,1869.4300537109375,13.970000267028809,2.677000045776367,102.1050033569336,124.87999725341797,80.6798324584961,16448.740234375,4074.39990234375,152.88320922851562
2014-04-29,79.6556396484375,1878.3299560546875,13.710000038146973,2.694999933242798,102.51599884033203,124.86000061035156,80.57056427001953,16535.369140625,4103.5400390625,153.5949249267578
2014-04-30,79.8658447265625,1883.949951171875,13.40999984741211,2.6480000019073486,102.56400299072266,124.22000122070312,80.90560150146484,16580.83984375,4114.56005859375,154.05303955078125
2014-05-01,80.10343933105469,1883.6800537109375,13.25,2.6059999465942383,102.22000122070312,123.80000305175781,81.7735595703125,16558.869140625,4127.4501953125,154.06944274902344
2014-05-02,79.9572525024414,1881.1400146484375,12.90999984741211,2.5910000801086426,102.26599884033203,125.05999755859375,82.27718353271484,16512.890625,4123.89990234375,153.84854125976562
2014-05-05,80.37763214111328,1884.6600341796875,13.289999961853027,2.6110000610351562,102.19999694824219,126.22000122070312,81.7808609008789,16530.55078125,4138.06005859375,154.1430206298828
2014-05-06,79.33580780029297,1867.719970703125,13.800000190734863,2.5950000286102295,102.13999938964844,125.9800033569336,82.10932922363281,16401.01953125,4080.760009765625,152.8013916015625
2014-05-07,79.10730743408203,1878.2099609375,13.399999618530273,2.5899999141693115,101.69300079345703,124.16999816894531,81.81730651855469,16518.5390625,4067.669921875,153.7012481689453
2014-05-08,79.03419494628906,1875.6300048828125,13.430000305175781,2.6019999980926514,101.87200164794922,124.16999816894531,81.46692657470703,16550.970703125,4051.5,153.53762817382812
2014-05-09,79.32664489746094,1878.47998046875,12.920000076293945,2.622999906539917,101.59300231933594,124.0999984741211,81.20413970947266,16583.33984375,4071.8701171875,153.76673889160156
2014-05-12,80.63353729248047,1896.6500244140625,12.229999542236328,2.6559998989105225,101.9000015258789,124.94000244140625,80.87564849853516,16695.470703125,4143.85986328125,155.26382446289062
2014-05-13,80.68833923339844,1897.449951171875,12.130000114440918,2.618000030517578,102.18499755859375,124.5999984741211,81.57643127441406,16715.439453125,4130.169921875,155.40292358398438
2014-05-14,80.26795959472656,1888.530029296875,12.170000076293945,2.5429999828338623,102.23200225830078,125.80999755859375,82.45967102050781,16613.970703125,4100.6298828125,154.6665802001953
2014-05-15,79.63738250732422,1870.8499755859375,13.170000076293945,2.502000093460083,101.81500244140625,124.7699966430664,83.11674499511719,16446.810546875,4069.2900390625,153.30862426757812
2014-05-16,80.15828704833984,1877.8599853515625,12.4399995803833,2.5179998874664307,101.4990005493164,124.5,82.88311004638672,16491.310546875,4090.590087890625,153.84033203125
2014-05-19,80.71578979492188,1885.0799560546875,12.420000076293945,2.5360000133514404,101.54199981689453,124.58000183105469,82.2698974609375,16511.859375,4125.81005859375,154.40480041503906
2014-05-20,80.42332458496094,1872.8299560546875,12.960000038146973,2.509000062942505,101.5,124.69000244140625,82.45242309570312,16374.3095703125,4096.89013671875,153.4313507080078
2014-05-21,81.19100952148438,1888.030029296875,11.90999984741211,2.5369999408721924,101.26200103759766,124.38999938964844,81.94876861572266,16533.060546875,4131.5400390625,154.72389221191406
2014-05-22,81.54743194580078,1892.489990234375,12.029999732971191,2.555000066757202,101.41999816894531,124.66999816894531,81.83192443847656,16543.080078125,4154.33984375,155.10020446777344
2014-05-23,82.14144897460938,1900.530029296875,11.359999656677246,2.5360000133514404,101.76499938964844,124.51000213623047,82.2698974609375,16606.26953125,4185.81005859375,155.72193908691406
2014-05-28,82.90917205810547,1909.780029296875,11.680000305175781,2.437999963760376,101.97699737548828,121.19999694824219,83.77368927001953,16633.1796875,4225.080078125,156.56455993652344
2014-05-29,83.4391860961914,1920.030029296875,11.569999694824219,2.447000026702881,101.7300033569336,120.94000244140625,83.32841491699219,16698.740234375,4247.9501953125,157.37445068359375
2014-05-30,83.4483642578125,1923.5699462890625,11.399999618530273,2.4570000171661377,101.72000122070312,120.43000030517578,83.29190826416016,16717.169921875,4242.6201171875,157.62808227539062
2014-06-02,83.36609649658203,1924.969970703125,11.579999923706055,2.5339999198913574,101.8759994506836,119.69999694824219,82.67268371582031,16743.630859375,4237.2001953125,157.8080291748047
2014-06-03,83.32955169677734,1924.239990234375,11.869999885559082,2.5929999351501465,102.41999816894531,120.01000213623047,81.65545654296875,16722.33984375,4234.080078125,157.7262420654297
2014-06-04,83.64025115966797,1927.8800048828125,12.079999923706055,2.6059999465942383,102.54000091552734,119.76000213623047,81.63349151611328,16737.529296875,4251.64013671875,158.0452880859375
2014-06-05,84.34396362304688,1940.4599609375,11.680000305175781,2.5840001106262207,102.68099975585938,120.66000366210938,81.6700668334961,16836.109375,4296.22998046875,159.0760955810547
2014-06-06,84.82835388183594,1949.43994140625,10.729999542236328,2.5969998836517334,102.4229965209961,120.61000061035156,81.6700668334961,16924.279296875,4321.39990234375,159.83692932128906
2014-06-09,84.76435852050781,1951.27001953125,11.149999618530273,2.61299991607666,102.4800033569336,120.6500015258789,81.55298614501953,16943.099609375,4336.240234375,160.00048828125
2014-06-10,84.91057586669922,1950.7900390625,10.989999771118164,2.634999990463257,102.4800033569336,121.38999938964844,81.25289916992188,16945.919921875,4338.0,160.0169219970703
2014-06-11,84.89231872558594,1943.8900146484375,11.600000381469727,2.640000104904175,102.31400299072266,121.41000366210938,81.39928436279297,16843.880859375,4331.93017578125,159.46054077148438
2014-06-12,84.12462615966797,1930.1099853515625,12.5600004196167,2.5859999656677246,102.0,122.63999938964844,82.12383270263672,16734.189453125,4297.6298828125,158.3315887451172
2014-06-13,84.37139892578125,1936.1600341796875,12.180000305175781,2.6040000915527344,101.69999694824219,122.95999908447266,82.07991027832031,16775.740234375,4310.64990234375,158.81430053710938
2014-06-16,84.4444808959961,1937.780029296875,12.649999618530273,2.5969998836517334,101.96700286865234,122.41999816894531,82.2848129272461,16781.009765625,4321.10009765625,158.9451446533203
2014-06-17,84.49018096923828,1941.989990234375,12.0600004196167,2.6549999713897705,101.87000274658203,122.27999877929688,81.63349151611328,16808.490234375,4337.22998046875,159.38697814941406
2014-06-18,84.9654541015625,1956.97998046875,10.609999656677246,2.61299991607666,102.17400360107422,122.66999816894531,82.26287841796875,16906.619140625,4362.83984375,160.55682373046875
2014-06-19,84.91057586669922,1959.47998046875,10.619999885559082,2.621999979019165,101.88999938964844,126.94000244140625,81.20901489257812,16921.4609375,4359.330078125,160.73675537109375
2014-06-20,85.01046752929688,1962.8699951171875,10.850000381469727,2.624000072479248,101.93000030517578,126.5,81.8237533569336,16947.080078125,4368.0400390625,161.0631561279297
2014-06-23,85.02880096435547,1962.6099853515625,10.979999542236328,2.622999906539917,102.06600189208984,126.8499984741211,81.56765747070312,16937.259765625,4368.68017578125,161.0137939453125
2014-06-24,84.94634246826172,1949.97998046875,12.130000114440918,2.5859999656677246,101.87000274658203,126.9800033569336,82.3946533203125,16818.130859375,4350.35009765625,160.0438232421875
2014-06-25,85.48696899414062,1959.530029296875,11.59000015258789,2.559000015258789,101.91000366210938,126.98999786376953,82.60690307617188,16867.509765625,4379.759765625,160.76724243164062
2014-06-26,85.5328140258789,1957.219970703125,11.630000114440918,2.5250000953674316,101.80000305175781,126.7300033569336,83.00210571289062,16846.130859375,4379.0498046875,160.65208435058594
2014-06-27,85.90850830078125,1960.9599609375,11.260000228881836,2.5320000648498535,101.63700103759766,126.66000366210938,82.87767791748047,16851.83984375,4397.93017578125,160.96450805664062
2014-06-30,86.05512237548828,1960.22998046875,11.569999694824219,2.5160000324249268,101.44300079345703,128.0399932861328,83.08261108398438,16826.599609375,4408.18017578125,160.8822784423828
2014-07-01,86.99897003173828,1973.3199462890625,11.149999618530273,2.562999963760376,101.29000091552734,127.69999694824219,82.38700103759766,16956.0703125,4458.64990234375,161.95916748046875
2014-07-02,87.14556884765625,1974.6199951171875,10.819999694824219,2.628000020980835,101.54000091552734,127.69999694824219,81.5064697265625,16976.240234375,4457.72998046875,162.12351989746094
2014-07-03,87.69539642333984,1985.43994140625,10.319999694824219,2.6480000019073486,101.83000183105469,127.16000366210938,81.21298217773438,17068.259765625,4485.93017578125,162.92086791992188
2014-07-08,86.37586212158203,1963.7099609375,11.979999542236328,2.565000057220459,101.80000305175781,127.06999969482422,82.72447967529297,16906.619140625,4391.4599609375,161.30972290039062
2014-07-09,87.01728057861328,1972.8299560546875,11.649999618530273,2.546999931335449,101.45999908447266,127.83999633789062,82.7905502319336,16985.609375,4419.02978515625,162.0331268310547
2014-07-10,86.74235534667969,1964.6800537109375,12.59000015258789,2.5320000648498535,101.53500366210938,128.5399932861328,82.8125228881836,16915.0703125,4396.2001953125,161.39190673828125
2014-07-11,87.30137634277344,1967.5699462890625,12.079999923706055,2.5199999809265137,101.28299713134766,128.77999877929688,83.3409194946289,16943.810546875,4415.490234375,161.6138458251953
2014-07-14,87.82369232177734,1977.0999755859375,11.819999694824219,2.5490000247955322,101.37000274658203,125.72000122070312,82.9813461303711,17055.419921875,4440.419921875,162.4276123046875
2014-07-15,87.52132415771484,1973.280029296875,11.960000038146973,2.5490000247955322,101.5199966430664,124.52999877929688,82.8125228881836,17060.6796875,4416.39013671875,162.12351989746094
2014-07-16,87.86949157714844,1981.5699462890625,11.0,2.5380001068115234,101.66000366210938,124.97000122070312,83.25282287597656,17138.19921875,4425.97021484375,162.7235870361328
2014-07-17,86.70573425292969,1958.1199951171875,14.539999961853027,2.4749999046325684,101.62999725341797,127.08999633789062,84.30210876464844,16976.810546875,4363.4501953125,160.87405395507812
2014-07-18,88.08026123046875,1978.219970703125,12.0600004196167,2.4839999675750732,101.2300033569336,126.12999725341797,84.03062438964844,17100.1796875,4432.14990234375,162.51806640625
2014-07-21,87.97029113769531,1973.6300048828125,12.8100004196167,2.4739999771118164,101.33999633789062,126.33999633789062,84.4488296508789,17051.73046875,4424.7001953125,162.2138671875
2014-07-22,88.52928161621094,1983.530029296875,12.239999771118164,2.4660000801086426,101.4000015258789,125.73999786376953,84.62500762939453,17113.5390625,4456.02001953125,162.92086791992188
2014-07-23,89.09744262695312,1987.010009765625,11.520000457763672,2.4639999866485596,101.47000122070312,125.62000274658203,84.51490783691406,17086.630859375,4473.7001953125,163.28250122070312
2014-07-24,88.99662780761719,1987.97998046875,11.84000015258789,2.509000062942505,101.5199966430664,124.3499984741211,83.88385772705078,17083.80078125,4472.10986328125,163.29074096679688
2014-07-25,88.64842224121094,1978.3399658203125,12.6899995803833,2.4690001010894775,101.76000213623047,125.79000091552734,84.87446594238281,16960.5703125,4449.56005859375,162.5262908935547
2014-07-28,88.67593383789062,1978.9100341796875,12.5600004196167,2.490999937057495,101.7490005493164,125.58000183105469,84.75704193115234,16982.58984375,4444.91015625,162.59202575683594
2014-07-29,88.52009582519531,1969.949951171875,13.279999732971191,2.4619998931884766,101.80999755859375,125.19999694824219,85.06524658203125,16912.109375,4442.7001953125,161.89334106445312
2014-07-30,88.86833190917969,1970.0699462890625,13.329999923706055,2.553999900817871,102.07599639892578,124.83000183105469,83.88385772705078,16880.359375,4462.89990234375,161.91795349121094
2014-07-31,87.072265625,1930.6700439453125,16.950000762939453,2.555999994277954,102.83999633789062,123.38999938964844,83.63439178466797,16563.30078125,4369.77001953125,158.7203826904297
2014-08-01,86.75154876708984,1925.1500244140625,17.030000686645508,2.505000114440918,102.77300262451172,124.37999725341797,84.2818374633789,16493.369140625,4352.64013671875,158.23544311523438
2014-08-04,87.34718322753906,1938.989990234375,15.119999885559082,2.490999937057495,102.56300354003906,123.98999786376953,84.06111145019531,16569.279296875,4383.89013671875,159.37803649902344
2014-08-05,86.67823791503906,1920.2099609375,16.8700008392334,2.4830000400543213,102.54199981689453,123.87000274658203,84.33330535888672,16429.470703125,4352.83984375,157.8326416015625
2014-08-06,86.61410522460938,1920.239990234375,16.3700008392334,2.4739999771118164,102.58899688720703,125.66999816894531,84.38477325439453,16443.33984375,4355.0498046875,157.8820037841797
2014-08-07,86.33918762207031,1909.5699462890625,16.65999984741211,2.4240000247955322,102.11299896240234,126.18000030517578,85.1719741821289,16368.26953125,4334.97021484375,157.02708435058594
2014-08-08,86.96232604980469,1931.5899658203125,15.770000457763672,2.4149999618530273,102.12899780273438,126.19000244140625,84.98810577392578,16553.9296875,4370.89990234375,158.84371948242188
2014-08-11,87.47545623779297,1936.9200439453125,14.229999542236328,2.4200000762939453,102.15499877929688,125.95999908447266,84.98069763183594,16569.98046875,4401.330078125,159.3040008544922
2014-08-12,87.4388198852539,1933.75,14.130000114440918,2.441999912261963,102.20500183105469,125.98999786376953,84.42894744873047,16560.5390625,4389.25,159.08212280273438
2014-08-13,88.36431884765625,1946.719970703125,12.899999618530273,2.4130001068115234,102.28199768066406,126.19999694824219,84.98069763183594,16651.80078125,4434.1298828125,160.15892028808594
2014-08-14,88.82250213623047,1955.1800537109375,12.420000076293945,2.4000000953674316,102.40799713134766,126.30999755859375,85.66492462158203,16713.580078125,4453.0,160.91513061523438
2014-08-15,89.25320434570312,1955.06005859375,13.149999618530273,2.3450000286102295,102.49600219726562,125.4800033569336,86.5992431640625,16662.91015625,4464.93017578125,160.8822784423828
2014-08-18,89.94047546386719,1971.739990234375,12.319999694824219,2.38700008392334,102.41000366210938,124.95999908447266,85.73847198486328,16838.740234375,4508.31005859375,162.23037719726562
2014-08-19,90.4444808959961,1981.5999755859375,12.210000038146973,2.4049999713897705,102.61000061035156,124.68000030517578,85.47366333007812,16919.58984375,4527.509765625,163.07701110839844
2014-08-20,90.4444808959961,1986.510009765625,11.779999732971191,2.4260001182556152,102.91000366210938,124.22000122070312,85.33383178710938,16979.130859375,4526.47998046875,163.51268005371094
2014-08-21,90.62775421142578,1992.3699951171875,11.760000228881836,2.4070000648498535,103.70099639892578,122.87999725341797,85.81204223632812,17039.490234375,4532.10009765625,163.989501953125
2014-08-22,90.76521301269531,1988.4000244140625,11.470000267028809,2.4030001163482666,103.8489990234375,123.19000244140625,86.2903060913086,17001.220703125,4538.5498046875,163.7346649169922
2014-08-25,91.08590698242188,1997.9200439453125,11.699999809265137,2.38700008392334,104.20099639892578,122.73999786376953,86.61396789550781,17076.869140625,4557.35009765625,164.56484985351562
2014-08-26,91.17757415771484,2000.02001953125,11.630000114440918,2.3910000324249268,104.06999969482422,123.3499984741211,86.33442687988281,17106.69921875,4570.64013671875,164.67172241210938
2014-08-27,91.19589233398438,2000.1199951171875,11.779999732971191,2.3610000610351562,104.08999633789062,123.31999969482422,87.07012176513672,17122.009765625,4569.6201171875,164.60592651367188
2014-08-28,91.0950698852539,1996.739990234375,12.050000190734863,2.3340001106262207,103.87799835205078,124.0,87.52623748779297,17079.5703125,4557.7001953125,164.5155487060547
2014-08-29,91.43413543701172,2003.3699951171875,12.09000015258789,2.3429999351501465,103.69599914550781,123.86000061035156,87.58509826660156,17098.44921875,4580.27001953125,164.98406982421875
2014-09-03,91.15921783447266,2000.719970703125,12.359999656677246,2.4100000858306885,105.23699951171875,122.1500015258789,86.5534896850586,17078.279296875,4572.56005859375,164.8114776611328
2014-09-04,91.0767593383789,1997.6500244140625,12.640000343322754,2.447999954223633,104.87100219726562,121.4800033569336,85.4990463256836,17069.580078125,4562.2900390625,164.5731201171875
2014-09-05,91.5349349975586,2007.7099609375,12.09000015258789,2.4609999656677246,105.58200073242188,122.05999755859375,85.33682250976562,17137.359375,4582.89990234375,165.31289672851562
2014-09-08,91.70906066894531,2001.5400390625,12.65999984741211,2.4690001010894775,105.18000030517578,120.7300033569336,85.37369537353516,17111.419921875,4592.2900390625,164.88546752929688
2014-09-09,90.94849395751953,1988.43994140625,13.5,2.5,106.16000366210938,120.87000274658203,85.30735778808594,17013.869140625,4552.2900390625,163.8415069580078
2014-09-10,91.69989013671875,1995.68994140625,12.880000114440918,2.5339999198913574,106.12300109863281,120.26000213623047,84.76902770996094,17068.7109375,4586.52001953125,164.45802307128906
2014-09-11,91.62657928466797,1997.449951171875,12.800000190734863,2.5309998989105225,106.82599639892578,119.47000122070312,84.48886108398438,17049.0,4591.81005859375,164.64712524414062
2014-09-12,91.15921783447266,1985.5400390625,13.3100004196167,2.614000082015991,107.1050033569336,118.37999725341797,83.60399627685547,16987.509765625,4567.60009765625,163.685302734375
2014-09-15,90.279541015625,1984.1300048828125,14.119999885559082,2.5910000801086426,107.33000183105469,118.63999938964844,83.7293472290039,17031.140625,4518.89990234375,163.56199645996094
2014-09-16,91.06758880615234,1998.97998046875,12.729999542236328,2.5889999866485596,107.13800048828125,118.83000183105469,83.39012908935547,17131.970703125,4552.759765625,164.79498291015625
2014-09-17,91.20506286621094,2001.5699462890625,12.649999618530273,2.5999999046325684,107.1500015258789,117.54000091552734,83.17630767822266,17156.849609375,4562.18994140625,165.0169219970703
2014-09-18,91.89232635498047,2011.3599853515625,12.029999732971191,2.628999948501587,108.51599884033203,117.77999877929688,83.4417495727539,17265.990234375,4593.43017578125,165.8965301513672
2014-09-19,91.83538055419922,2010.4000244140625,12.109999656677246,2.5869998931884766,108.80000305175781,117.08999633789062,84.50360107421875,17279.740234375,4579.7900390625,165.7469940185547
2014-09-22,90.98112487792969,1994.2900390625,13.6899995803833,2.565999984741211,108.94000244140625,116.8499984741211,84.60682678222656,17172.6796875,4527.68994140625,164.46702575683594
2014-09-23,90.73310852050781,1982.77001953125,14.930000305175781,2.5350000858306885,108.75,117.5999984741211,85.1303482055664,17055.869140625,4508.68994140625,163.5255126953125
2014-09-24,91.70677947998047,1998.300048828125,13.270000457763672,2.569000005722046,108.54199981689453,117.05000305175781,84.65843963623047,17210.060546875,4555.22021484375,164.80557250976562
2014-09-25,89.77781677246094,1965.989990234375,15.640000343322754,2.510999917984009,109.31600189208984,117.38999938964844,85.66128540039062,16945.80078125,4466.75,162.14634704589844
2014-09-26,90.73310852050781,1982.8499755859375,14.850000381469727,2.5350000858306885,108.61000061035156,117.05999755859375,85.53592681884766,17113.150390625,4512.18994140625,163.43467712402344
2014-09-29,90.61372375488281,1977.800048828125,15.979999542236328,2.490999937057495,109.41100311279297,117.02999877929688,86.22166442871094,17071.220703125,4505.85009765625,163.13734436035156
2014-09-30,90.74227905273438,1972.2900390625,16.309999465942383,2.507999897003174,109.38999938964844,116.20999908447266,85.7349853515625,17042.900390625,4493.39013671875,162.7079315185547
2014-10-01,89.291015625,1946.1600341796875,16.709999084472656,2.4030001163482666,109.66000366210938,116.7699966430664,87.39751434326172,16804.7109375,4422.08984375,160.50291442871094
2014-10-02,89.291015625,1946.1700439453125,16.15999984741211,2.437999963760376,109.0199966430664,116.73999786376953,86.63611602783203,16801.05078125,4430.2001953125,160.52769470214844
2014-10-03,90.17279815673828,1967.9000244140625,14.550000190734863,2.447000026702881,108.52300262451172,114.61000061035156,87.00572967529297,17009.689453125,4475.6201171875,162.2950439453125
2014-10-06,89.97989654541016,1964.8199462890625,15.460000038146973,2.424999952316284,109.802001953125,116.02999877929688,87.0574722290039,16991.91015625,4454.7998046875,162.1050262451172
2014-10-07,88.70317077636719,1935.0999755859375,17.200000762939453,2.3499999046325684,108.86799621582031,116.36000061035156,88.23284149169922,16719.390625,4385.2001953125,159.60272216796875
2014-10-08,90.43001556396484,1968.8900146484375,15.109999656677246,2.3299999237060547,108.0719985961914,117.47000122070312,88.25503540039062,16994.220703125,4468.58984375,162.3940887451172
2014-10-09,88.96952056884766,1928.2099609375,18.760000228881836,2.3269999027252197,108.12699890136719,117.63999938964844,87.8705825805664,16659.25,4378.33984375,159.17324829101562
2014-10-10,86.74665069580078,1906.1300048828125,21.239999771118164,2.306999921798706,107.83000183105469,117.58999633789062,88.74287414550781,16544.099609375,4276.240234375,157.35643005371094
2014-10-13,85.3872299194336,1874.739990234375,24.639999389648438,2.2860000133514404,107.33799743652344,118.5199966430664,89.2824935913086,16321.0703125,4213.66015625,154.7715606689453
2014-10-14,85.39641571044922,1877.699951171875,22.790000915527344,2.2060000896453857,107.06300354003906,118.58999633789062,89.86649322509766,16315.1904296875,4227.169921875,155.01104736328125
2014-10-15,84.84530639648438,1862.489990234375,25.270000457763672,2.0899999141693115,107.31400299072266,118.98999786376953,90.57615661621094,16141.740234375,4215.31982421875,153.9622039794922
2014-10-16,84.31253051757812,1862.760009765625,25.200000762939453,2.1530001163482666,105.9800033569336,119.22000122070312,89.99954986572266,16117.240234375,4217.39013671875,153.830078125
2014-10-17,85.42399597167969,1886.760009765625,21.989999771118164,2.1989998817443848,106.40499877929688,118.98999786376953,89.49688720703125,16380.41015625,4258.43994140625,155.64695739746094
2014-10-20,86.70072174072266,1904.010009765625,18.56999969482422,2.180999994277954,107.14399719238281,119.80000305175781,89.8221206665039,16399.669921875,4316.06982421875,157.1582794189453
2014-10-21,88.9787368774414,1941.280029296875,16.079999923706055,2.2079999446868896,106.91000366210938,120.0199966430664,89.10513305664062,16614.810546875,4419.47998046875,160.27163696289062
2014-10-22,88.51945495605469,1927.1099853515625,17.8700008392334,2.2290000915527344,107.02100372314453,119.33999633789062,89.2011947631836,16461.3203125,4382.85009765625,159.13198852539062
2014-10-23,89.85133361816406,1950.8199462890625,16.530000686645508,2.2750000953674316,107.14800262451172,118.5199966430664,88.41018676757812,16677.900390625,4452.7900390625,160.98193359375
2014-10-24,90.58617401123047,1964.5799560546875,16.110000610351562,2.2730000019073486,108.16100311279297,118.3499984741211,88.49889373779297,16805.41015625,4483.72021484375,162.220703125
2014-10-27,90.65046691894531,1961.6300048828125,16.040000915527344,2.256999969482422,108.2020034790039,118.05999755859375,88.66162109375,16817.939453125,4485.93017578125,161.99769592285156
2014-10-28,92.0190658569336,1985.050048828125,14.390000343322754,2.2839999198913574,107.84300231933594,118.0999984741211,88.10713195800781,17005.75,4564.2900390625,163.8558349609375
2014-10-29,91.6792221069336,1982.300048828125,15.149999618530273,2.322999954223633,108.11199951171875,116.41000366210938,88.30673217773438,16974.310546875,4549.22998046875,163.60800170898438
2014-10-30,91.87210083007812,1994.6500244140625,14.520000457763672,2.305000066757202,108.84600067138672,115.19000244140625,88.38066101074219,17195.419921875,4566.14013671875,164.65687561035156
2014-10-31,93.13968658447266,2018.050048828125,14.029999732971191,2.3350000381469727,109.21299743652344,112.66000366210938,88.15151977539062,17390.51953125,4630.740234375,166.5398712158203
2014-11-03,93.41522979736328,2017.81005859375,14.729999542236328,2.3480000495910645,112.84100341796875,112.1500015258789,88.1515121459961,17366.240234375,4638.91015625,166.6306610107422
2014-11-04,93.1029281616211,2012.0999755859375,14.890000343322754,2.3420000076293945,113.64800262451172,112.22000122070312,88.42566680908203,17383.83984375,4623.64013671875,166.05258178710938
2014-11-05,93.11214447021484,2023.5699462890625,14.170000076293945,2.3499999046325684,113.4800033569336,109.79000091552734,88.29969024658203,17484.529296875,4620.72021484375,167.1014404296875
2014-11-06,93.40606689453125,2031.2099609375,13.670000076293945,2.375,114.65499877929688,109.87999725341797,87.72916412353516,17554.470703125,4638.47021484375,167.7703857421875
2014-11-07,93.32339477539062,2031.9200439453125,13.119999885559082,2.312000036239624,115.1760025024414,112.97000122070312,88.73690795898438,17573.9296875,4632.52978515625,167.92723083496094
2014-11-10,93.65406036376953,2038.260009765625,12.670000076293945,2.3589999675750732,114.53299713134766,110.45999908447266,87.92180633544922,17613.740234375,4651.6201171875,168.45578002929688
2014-11-11,93.94803619384766,2039.6800537109375,12.920000076293945,2.359999895095825,114.75299835205078,112.04000091552734,87.98108673095703,17614.900390625,4660.56005859375,168.62094116210938
2014-11-12,94.11331939697266,2038.25,13.020000457763672,2.3589999675750732,115.72100067138672,111.5,87.90695190429688,17612.19921875,4675.14013671875,168.4392852783203
2014-11-13,94.51748657226562,2039.3299560546875,13.789999961853027,2.3469998836517334,115.56999969482422,111.66999816894531,88.11447143554688,17652.7890625,4680.14013671875,168.62916564941406
2014-11-14,94.81143188476562,2039.8199462890625,13.3100004196167,2.319999933242798,115.8239974975586,114.47000122070312,88.54426574707031,17634.740234375,4688.5400390625,168.67047119140625
2014-11-17,94.52667999267578,2041.3199462890625,13.989999771118164,2.3399999141693115,116.89600372314453,114.05000305175781,88.32191467285156,17647.75,4671.0,168.77783203125
2014-11-18,95.23393249511719,2051.800048828125,13.859999656677246,2.322000026702881,116.64600372314453,115.05000305175781,88.56644439697266,17687.8203125,4702.43994140625,169.7523651123047
2014-11-19,94.80223083496094,2048.719970703125,13.960000038146973,2.3510000705718994,116.86900329589844,113.68000030517578,88.0033187866211,17685.73046875,4675.7099609375,169.4798583984375
2014-11-20,95.22476196289062,2052.75,13.579999923706055,2.3350000381469727,118.14800262451172,114.86000061035156,88.46277618408203,17719.0,4701.8701171875,169.777099609375
2014-11-21,95.40847778320312,2063.5,12.899999618530273,2.315000057220459,118.23600006103516,115.38999938964844,88.9962387084961,17810.060546875,4712.97021484375,170.68557739257812
2014-11-24,96.15248107910156,2069.409912109375,12.619999885559082,2.309999942779541,117.74400329589844,115.11000061035156,89.0703353881836,17817.900390625,4754.89013671875,171.16458129882812
2014-11-25,96.29945373535156,2067.030029296875,12.25,2.259999990463257,118.4540023803711,115.37999725341797,89.81139373779297,17814.939453125,4758.25,171.04067993164062
2014-11-26,96.92407989501953,2072.830078125,12.069999694824219,2.2339999675750732,117.8010025024414,115.16000366210938,90.05596160888672,17827.75,4787.31982421875,171.47840881347656
2014-12-01,96.27188110351562,2053.43994140625,14.15999984741211,2.2179999351501465,118.86399841308594,116.58000183105469,90.23773956298828,17776.80078125,4727.35009765625,169.92578125
2014-12-02,96.65768432617188,2066.550048828125,12.850000381469727,2.2850000858306885,118.30799865722656,115.13999938964844,89.36137390136719,17879.55078125,4755.81005859375,171.0242156982422
2014-12-03,96.83219909667969,2074.330078125,12.5,2.2869999408721924,119.19400024414062,116.33000183105469,89.71044158935547,17912.619140625,4774.47021484375,171.68487548828125
2014-12-04,96.78630065917969,2071.919921875,12.380000114440918,2.256999969482422,119.86100006103516,115.87999725341797,90.4605484008789,17900.099609375,4769.43994140625,171.494873046875
2014-12-05,96.79547882080078,2075.3701171875,11.890000343322754,2.306999921798706,119.81199645996094,114.43000030517578,89.93321990966797,17958.7890625,4780.759765625,171.77572631835938
2014-12-08,96.10658264160156,2060.31005859375,14.210000038146973,2.256999969482422,121.56099700927734,115.77999877929688,91.03248596191406,17852.48046875,4740.68994140625,170.62779235839844
2014-12-09,96.40968322753906,2059.820068359375,15.350000381469727,2.2200000286102295,120.6500015258789,118.19000244140625,91.50031280517578,17801.19921875,4766.47021484375,170.51210021972656
2014-12-10,94.89408111572266,2026.1400146484375,18.530000686645508,2.1689999103546143,119.34200286865234,117.95999908447266,92.1687240600586,17533.150390625,4684.02001953125,167.7786407470703
2014-12-11,95.34416961669922,2035.3299560546875,20.079999923706055,2.177999973297119,117.70899963378906,117.69000244140625,92.54754638671875,17596.33984375,4708.16015625,168.62916564941406
2014-12-12,94.30624389648438,2002.3299560546875,21.079999923706055,2.1029999256134033,119.00700378417969,117.41000366210938,93.802734375,17280.830078125,4653.60009765625,165.90390014648438
2014-12-15,93.33259582519531,1989.6300048828125,20.420000076293945,2.115999937057495,118.16500091552734,114.38999938964844,93.60960388183594,17180.83984375,4605.16015625,164.7642822265625
2014-12-16,91.83538055419922,1972.739990234375,23.56999969482422,2.071000099182129,117.74099731445312,114.94999694824219,94.76820373535156,17068.869140625,4547.830078125,163.44293212890625
2014-12-17,93.5071029663086,2012.8900146484375,19.440000534057617,2.1480000019073486,116.61299896240234,114.2699966430664,93.91407012939453,17356.869140625,4644.31005859375,166.64723205566406
2014-12-18,95.75753021240234,2061.22998046875,16.809999465942383,2.2039999961853027,118.7959976196289,115.1500015258789,92.24300384521484,17778.150390625,4748.39990234375,170.76815795898438
2014-12-19,96.1788558959961,2070.64990234375,16.489999771118164,2.1760001182556152,118.93800354003906,114.7699966430664,93.48335266113281,17804.80078125,4765.3798828125,171.4947052001953
2014-12-22,96.4185562133789,2078.5400390625,15.25,2.1619999408721924,119.49700164794922,112.55000305175781,93.60960388183594,17959.439453125,4781.419921875,172.2836456298828
2014-12-23,96.07744598388672,2082.169921875,14.800000190734863,2.256999969482422,120.1500015258789,112.73999786376953,91.75283813476562,18024.169921875,4765.419921875,172.51609802246094
2014-12-24,96.16041564941406,2081.8798828125,14.369999885559082,2.2639999389648438,120.69000244140625,112.7699966430664,92.25225830078125,18030.2109375,4773.47021484375,172.53277587890625
2014-12-29,96.82421875,2090.570068359375,15.0600004196167,2.2070000171661377,120.42400360107422,113.66999816894531,93.28677368164062,18038.23046875,4806.91015625,173.32168579101562
2014-12-30,96.1788558959961,2080.35009765625,15.920000076293945,2.190000057220459,120.63200378417969,115.19999694824219,93.53981018066406,17983.0703125,4777.43994140625,172.39163208007812
2014-12-31,95.19236755371094,2058.89990234375,19.200000762939453,2.1700000762939453,119.45800018310547,113.58000183105469,93.71847534179688,17823.0703125,4736.0498046875,170.68096923828125
2015-01-05,93.51437377929688,2020.5799560546875,19.920000076293945,2.0390000343322754,120.43399810791016,115.80000305175781,96.24903869628906,17501.650390625,4652.56982421875,167.50885009765625
2015-01-06,92.26053619384766,2002.6099853515625,21.1200008392334,1.9630000591278076,119.42500305175781,117.12000274658203,97.98316192626953,17371.640625,4592.740234375,165.93106079101562
2015-01-07,93.44982147216797,2025.9000244140625,19.309999465942383,1.9539999961853027,118.6729965209961,116.43000030517578,97.7896499633789,17584.51953125,4650.47021484375,167.99876403808594
2015-01-08,95.23847961425781,2062.139892578125,17.010000228881836,2.0160000324249268,119.28900146484375,115.94000244140625,96.49458312988281,17907.869140625,4736.18994140625,170.9799041748047
2015-01-09,94.61152648925781,2044.81005859375,17.549999237060547,1.9709999561309814,119.79199981689453,117.26000213623047,97.55148315429688,17737.369140625,4704.06982421875,169.60975646972656
2015-01-12,93.62501525878906,2028.260009765625,19.600000381469727,1.9119999408721924,118.21199798583984,118.55999755859375,98.10967254638672,17640.83984375,4664.7099609375,168.28109741210938
2015-01-13,93.59736633300781,2023.030029296875,20.559999465942383,1.8899999856948853,118.3280029296875,118.16000366210938,98.10967254638672,17613.6796875,4661.5,167.80776977539062
2015-01-14,93.0810546875,2011.27001953125,21.479999542236328,1.8370000123977661,117.79499816894531,117.97000122070312,98.85396575927734,17427.08984375,4639.31982421875,166.794677734375
2015-01-15,91.87330627441406,1992.6700439453125,22.389999389648438,1.774999976158142,117.38999938964844,120.94000244140625,100.40947723388672,17320.7109375,4570.81982421875,165.2667694091797
2015-01-16,92.95198822021484,2019.4200439453125,20.950000762939453,1.815000057220459,116.12999725341797,122.5199966430664,99.12930297851562,17511.5703125,4634.3798828125,167.43409729003906
2015-01-21,94.16899108886719,2032.1199951171875,18.850000381469727,1.8530000448226929,118.64900207519531,124.2300033569336,99.28562927246094,17554.279296875,4667.419921875,168.63818359375
2015-01-22,95.9114761352539,2063.14990234375,16.399999618530273,1.8960000276565552,117.86000061035156,125.2300033569336,98.92835998535156,17813.98046875,4750.39990234375,171.14593505859375
2015-01-23,96.1235580444336,2051.820068359375,16.65999984741211,1.8170000314712524,118.7509994506836,124.2300033569336,100.3052978515625,17672.599609375,4757.8798828125,170.2076416015625
2015-01-26,96.01290130615234,2057.090087890625,15.520000457763672,1.8279999494552612,117.36100006103516,122.98999786376953,100.00010681152344,17678.69921875,4771.759765625,170.606201171875
2015-01-27,93.52362823486328,2029.550048828125,17.219999313354492,1.8250000476837158,118.5199966430664,124.4000015258789,100.15641784667969,17387.2109375,4681.5,168.35586547851562
2015-01-28,93.044189453125,2002.1600341796875,20.440000534057617,1.7239999771118164,117.7750015258789,123.41999816894531,101.7938003540039,17191.369140625,4637.990234375,166.19679260253906
2015-01-29,93.9384765625,2021.25,18.760000228881836,1.7510000467300415,117.59200286865234,120.76000213623047,101.12397003173828,17416.849609375,4683.41015625,167.73309326171875
2015-01-30,93.21012878417969,1994.989990234375,20.969999313354492,1.6749999523162842,118.24800109863281,123.44999694824219,102.91764068603516,17164.94921875,4635.240234375,165.6238250732422
2015-02-02,94.02149200439453,2020.8499755859375,19.43000030517578,1.6729999780654907,117.18399810791016,122.41999816894531,102.52906799316406,17361.0390625,4676.68994140625,167.67494201660156
2015-02-03,94.92499542236328,2050.030029296875,17.329999923706055,1.7799999713897705,117.57499694824219,121.05000305175781,100.35893249511719,17666.400390625,4727.740234375,170.09962463378906
2015-02-04,94.84202575683594,2041.510009765625,18.329999923706055,1.7970000505447388,117.64600372314453,121.58000183105469,100.5304183959961,17673.01953125,4716.7001953125,169.4519805908203
2015-02-05,95.6625747680664,2062.52001953125,16.850000381469727,1.815000057220459,117.28800201416016,121.79000091552734,99.42665100097656,17884.880859375,4765.10009765625,171.16256713867188
2015-02-06,95.08171844482422,2055.469970703125,17.290000915527344,1.937999963760376,117.53500366210938,118.63999938964844,97.66659545898438,17824.2890625,4744.39990234375,170.68927001953125
2015-02-09,94.77748107910156,2046.739990234375,18.549999237060547,1.9479999542236328,118.97000122070312,119.16999816894531,97.51005554199219,17729.2109375,4726.009765625,169.92530822753906
2015-02-10,96.25260925292969,2068.590087890625,17.229999542236328,1.9910000562667847,118.56300354003906,118.47000122070312,96.73445892333984,17868.759765625,4787.64013671875,171.735595703125
2015-02-11,96.60295867919922,2068.530029296875,16.959999084472656,1.9880000352859497,119.35800170898438,117.06999969482422,96.91340637207031,17862.140625,4801.18017578125,171.835205078125
2015-02-12,97.72772216796875,2088.47998046875,15.34000015258789,1.9859999418258667,120.16999816894531,117.33999633789062,96.59270477294922,17972.380859375,4857.60986328125,173.48773193359375
2015-02-13,98.56674194335938,2096.989990234375,14.6899995803833,2.0209999084472656,118.91600036621094,117.9800033569336,95.60088348388672,18019.349609375,4893.83984375,174.2018280029297
2015-02-18,98.79720306396484,2099.679931640625,15.449999809265137,2.065999984741211,119.20800018310547,116.33999633789062,94.72083282470703,18029.849609375,4906.35986328125,174.49252319335938
2015-02-19,99.28587341308594,2097.449951171875,15.289999961853027,2.11299991607666,118.68900299072266,115.94000244140625,94.09436798095703,17985.76953125,4924.7001953125,174.36793518066406
2015-02-20,99.9496841430664,2110.300048828125,14.300000190734863,2.132999897003174,118.98799896240234,115.27999877929688,94.370361328125,18140.439453125,4955.97021484375,175.41427612304688
2015-02-23,100.05108642578125,2109.659912109375,14.5600004196167,2.059000015258789,119.07599639892578,115.43000030517578,95.45172119140625,18116.83984375,4960.97021484375,175.3893585205078
2015-02-24,100.12486267089844,2115.47998046875,13.6899995803833,1.9880000352859497,118.90299987792969,115.26000213623047,96.7046127319336,18209.189453125,4968.1201171875,175.88760375976562
2015-02-25,99.87590789794922,2113.860107421875,13.84000015258789,1.968999981880188,118.89199829101562,115.69999694824219,97.1222152709961,18224.5703125,4967.14013671875,175.7381591796875
2015-02-26,100.38300323486328,2110.739990234375,13.90999984741211,2.0160000324249268,118.8219985961914,116.06999969482422,95.79471588134766,18214.419921875,4987.89013671875,175.53053283691406
2015-02-27,99.94044494628906,2104.5,13.34000015258789,2.002000093460083,119.37699890136719,116.16000366210938,96.60021209716797,18132.69921875,4963.52978515625,174.9326171875
2015-03-02,100.84396362304688,2117.389892578125,13.039999961853027,2.0840001106262207,119.82599639892578,115.68000030517578,94.80085754394531,18288.630859375,5008.10009765625,176.03709411621094
2015-03-03,100.373779296875,2107.780029296875,13.859999656677246,2.121999979019165,120.2040023803711,115.47000122070312,94.45713806152344,18203.369140625,4979.89990234375,175.31463623046875
2015-03-04,99.98655700683594,2098.530029296875,14.229999542236328,2.122999906539917,119.63700103759766,115.11000061035156,94.48698425292969,18096.900390625,4967.14013671875,174.57550048828125
2015-03-05,100.16171264648438,2101.0400390625,14.039999961853027,2.111999988555908,119.6510009765625,115.0,94.36746215820312,18135.720703125,4982.81005859375,174.7665252685547
2015-03-06,99.0277328491211,2071.260009765625,15.199999809265137,2.240000009536743,120.04499816894531,111.86000061035156,92.28271484375,17856.779296875,4927.3701171875,172.3085174560547
2015-03-09,99.31351470947266,2079.429931640625,15.0600004196167,2.194999933242798,120.73899841308594,111.97000122070312,93.13457489013672,17995.720703125,4942.43994140625,173.02268981933594
2015-03-10,97.46959686279297,2044.1600341796875,16.690000534057617,2.125999927520752,121.40799713134766,111.41999816894531,94.3600082397461,17662.939453125,4859.7900390625,170.21592712402344
2015-03-11,96.90721893310547,2040.239990234375,16.8700008392334,2.1089999675750732,121.03800201416016,110.75,95.04742431640625,17635.390625,4849.93994140625,169.8173370361328
2015-03-12,97.54334259033203,2065.949951171875,15.420000076293945,2.0959999561309814,121.41100311279297,110.72000122070312,94.9802017211914,17895.220703125,4893.2900390625,171.97640991210938
2015-03-13,97.11927032470703,2053.39990234375,16.0,2.111999988555908,121.31800079345703,110.87999725341797,94.68880462646484,17749.310546875,4871.759765625,170.92176818847656
2015-03-16,98.37310028076172,2081.18994140625,15.609999656677246,2.0980000495910645,121.34300231933594,110.80999755859375,95.60041046142578,17977.419921875,4929.509765625,173.20541381835938
2015-03-17,98.52986145019531,2074.280029296875,15.65999984741211,2.058000087738037,121.36699676513672,110.20999908447266,96.39244842529297,17849.080078125,4937.43017578125,172.6905059814453
2015-03-18,99.49790954589844,2099.5,13.970000267028809,1.9509999752044678,121.27999877929688,112.37000274658203,98.25304412841797,18076.189453125,4982.830078125,174.7665252685547
2015-03-19,99.64543914794922,2089.27001953125,14.069999694824219,1.9769999980926514,120.06400299072266,112.29000091552734,97.75242614746094,17959.029296875,4992.3798828125,173.9693603515625
2015-03-20,100.2904281616211,2108.10009765625,13.020000457763672,1.9299999475479126,120.76200103759766,113.56999969482422,98.26802062988281,18127.650390625,5026.419921875,175.5049285888672
2015-03-23,100.09638214111328,2104.419921875,13.40999984741211,1.9149999618530273,120.0270004272461,114.29000091552734,98.14845275878906,18116.0390625,5010.97021484375,175.1629638671875
2015-03-24,99.7359848022461,2091.5,13.619999885559082,1.878000020980835,119.75,114.56999969482422,99.09740447998047,18011.140625,4994.72998046875,174.1787109375
2015-03-25,97.45352172851562,2061.050048828125,15.4399995803833,1.9199999570846558,119.79100036621094,114.7300033569336,98.26057434082031,17718.5390625,4876.52001953125,171.62632751464844
2015-03-26,97.1208267211914,2056.14990234375,15.800000190734863,2.006999969482422,119.51799774169922,115.4800033569336,96.72872161865234,17678.23046875,4863.35986328125,171.2176513671875
2015-03-27,97.5089340209961,2061.02001953125,15.069999694824219,1.9479999542236328,119.18299865722656,115.05999755859375,97.9317398071289,17712.66015625,4891.22021484375,171.60963439941406
2015-03-30,98.6270980834961,2086.239990234375,14.510000228881836,1.9630000591278076,119.25,113.75,97.44608306884766,17976.310546875,4947.43994140625,173.70327758789062
2015-03-31,97.58287811279297,2067.889892578125,15.289999961853027,1.934000015258789,120.01300048828125,113.66000366210938,97.65528106689453,17776.119140625,4900.8798828125,172.1852264404297
2015-04-01,97.07462310791016,2059.68994140625,15.109999656677246,1.8680000305175781,120.02200317382812,115.5999984741211,98.93793487548828,17698.1796875,4880.22998046875,171.5763397216797
2015-04-02,97.13932037353516,2066.9599609375,14.670000076293945,1.9040000438690186,119.5739974975586,115.27999877929688,97.88966369628906,17763.240234375,4886.93994140625,172.19357299804688
2015-04-07,97.7676773071289,2076.330078125,14.779999732971191,1.8930000066757202,119.47699737548828,116.11000061035156,98.15921783447266,17875.419921875,4910.22998046875,172.8941650390625
2015-04-08,98.5439453125,2081.89990234375,13.979999542236328,1.8949999809265137,120.29000091552734,115.47000122070312,98.18917083740234,17902.509765625,4950.81982421875,173.47811889648438
2015-04-09,99.16307067871094,2091.179931640625,13.09000015258789,1.9579999446868896,120.09400177001953,114.66999816894531,96.91621398925781,17958.73046875,4974.56005859375,174.2454376220703
2015-04-10,99.56964874267578,2102.06005859375,12.579999923706055,1.9509999752044678,120.55000305175781,115.97000122070312,97.05852508544922,18057.650390625,4995.97998046875,175.19631958007812
2015-04-13,99.32015991210938,2092.429931640625,13.9399995803833,1.9390000104904175,120.20899963378906,115.13999938964844,97.19332122802734,17977.0390625,4988.25,174.40390014648438
2015-04-14,99.0336685180664,2095.840087890625,13.670000076293945,1.9040000438690186,120.05899810791016,114.44000244140625,97.88217163085938,18036.69921875,4977.2900390625,174.737548828125
2015-04-15,99.65280151367188,2106.6298828125,12.84000015258789,1.899999976158142,119.45700073242188,115.43000030517578,97.79976654052734,18112.609375,5011.02001953125,175.52162170410156
2015-04-16,99.51421356201172,2104.989990234375,12.600000381469727,1.878000020980835,119.14299774169922,115.02999877929688,97.31307220458984,18105.76953125,5007.7900390625,175.4716033935547
2015-04-17,97.96173858642578,2081.179931640625,13.890000343322754,1.850000023841858,119.04399871826172,115.5999984741211,98.42878723144531,17826.30078125,4931.81005859375,173.4530487060547
2015-04-20,99.4310302734375,2100.39990234375,13.300000190734863,1.8949999809265137,118.81800079345703,114.72000122070312,97.56018829345703,18034.9296875,4994.60009765625,175.03785705566406
2015-04-21,99.8561019897461,2097.2900390625,13.25,1.9160000085830688,119.19499969482422,115.37999725341797,97.11840057373047,17949.58984375,5014.10009765625,174.82933044433594
2015-04-22,100.40132141113281,2107.9599609375,12.710000038146973,1.972000002861023,119.63300323486328,113.83000183105469,95.63581848144531,18038.26953125,5035.169921875,175.6884765625
2015-04-23,100.78018951416016,2112.929931640625,12.479999542236328,1.9470000267028809,119.94999694824219,114.66000366210938,96.04764556884766,18058.689453125,5056.06005859375,176.13052368164062
2015-04-24,102.14783477783203,2117.68994140625,12.289999961853027,1.9170000553131104,119.57099914550781,113.05000305175781,96.64665985107422,18080.140625,5092.080078125,176.53929138183594
2015-04-27,101.88908386230469,2108.919921875,13.119999885559082,1.9240000247955322,118.927001953125,115.33000183105469,96.64665985107422,18037.970703125,5060.25,175.80520629882812
2015-04-28,101.68577575683594,2114.760009765625,12.40999984741211,1.9730000495910645,119.1259994506836,116.33000183105469,95.31378936767578,18110.140625,5055.419921875,176.36410522460938
2015-04-29,101.04816436767578,2106.85009765625,13.390000343322754,2.0350000858306885,118.822998046875,115.51000213623047,94.14571380615234,18035.529296875,5023.64013671875,175.638427734375
2015-04-30,99.45874786376953,2085.510009765625,14.550000190734863,2.0460000038146973,118.97000122070312,113.47000122070312,94.3104019165039,17840.51953125,4941.419921875,173.87843322753906
2015-05-01,100.77095794677734,2108.2900390625,12.699999809265137,2.117000102996826,119.4520034790039,113.08000183105469,93.0408706665039,18024.060546875,5005.39013671875,175.76356506347656
2015-05-04,100.93729400634766,2114.489990234375,12.850000381469727,2.134999990463257,120.13600158691406,114.0999984741211,92.1629409790039,18070.400390625,5016.93017578125,176.26397705078125
2015-05-05,99.29242706298828,2089.4599609375,14.3100004196167,2.1760001182556152,120.0999984741211,114.41999816894531,92.03543853759766,17928.19921875,4939.330078125,174.2454376220703
2015-05-06,98.60860443115234,2080.14990234375,15.149999618530273,2.240000009536743,119.9219970703125,114.36000061035156,90.45970153808594,17841.98046875,4919.64013671875,173.52810668945312
2015-05-07,99.20000457763672,2088.0,15.130000114440918,2.184000015258789,119.39700317382812,113.41999816894531,91.67529296875,17924.060546875,4945.5400390625,174.22042846679688
2015-05-08,100.43827056884766,2116.10009765625,12.859999656677246,2.1500000953674316,119.70899963378906,113.97000122070312,91.92286682128906,18191.109375,5003.5498046875,176.51422119140625
2015-05-11,100.05015563964844,2105.330078125,13.850000381469727,2.2739999294281006,119.77999877929688,113.52999877929688,89.6868896484375,18105.169921875,4993.56982421875,175.67176818847656
2015-05-12,99.59737396240234,2099.1201171875,13.859999656677246,2.259999990463257,120.13099670410156,114.5,89.91950988769531,18068.23046875,4976.18994140625,175.14627075195312
2015-05-13,99.8006820678711,2098.47998046875,13.760000228881836,2.2820000648498535,119.83499908447266,116.55000305175781,89.19918823242188,18060.490234375,4981.68994140625,175.17965698242188
2015-05-14,101.26071166992188,2121.10009765625,12.739999771118164,2.239000082015991,119.16000366210938,117.18000030517578,89.43924713134766,18252.240234375,5050.7998046875,177.0063018798828
2015-05-15,101.26071166992188,2122.72998046875,12.380000114440918,2.1410000324249268,119.19100189208984,117.52999877929688,91.2325668334961,18272.560546875,5048.2900390625,177.1981964111328
2015-05-18,101.70428466796875,2129.199951171875,12.729999542236328,2.2279999256134033,119.33000183105469,117.5199966430664,89.70189666748047,18298.880859375,5078.43994140625,177.74868774414062
2015-05-19,101.5933837890625,2127.830078125,12.850000381469727,2.26200008392334,119.9000015258789,115.88999938964844,88.90657806396484,18312.390625,5070.02978515625,177.69032287597656
2015-05-20,101.65806579589844,2125.85009765625,12.880000114440918,2.250999927520752,120.6520004272461,116.08000183105469,89.05667877197266,18285.400390625,5071.740234375,177.56520080566406
2015-05-21,102.184814453125,2130.820068359375,12.109999656677246,2.184999942779541,121.21199798583984,115.69000244140625,90.30213928222656,18285.740234375,5090.7900390625,178.08236694335938
2015-05-22,102.0831527709961,2126.06005859375,12.130000114440918,2.2149999141693115,121.03900146484375,115.5999984741211,90.33967590332031,18232.01953125,5089.35986328125,177.65701293945312
2015-05-27,102.53592681884766,2123.47998046875,13.270000457763672,2.134999990463257,122.98600006103516,113.88999938964844,92.09544372558594,18162.990234375,5106.58984375,177.4150848388672
2015-05-28,102.30493927001953,2120.7900390625,13.3100004196167,2.130000114440918,123.73999786376953,114.0199966430664,91.87031555175781,18126.119140625,5097.97998046875,177.2148895263672
2015-05-29,101.69503784179688,2107.389892578125,13.84000015258789,2.0950000286102295,123.81999969482422,114.0999984741211,92.07295227050781,18010.6796875,5070.02978515625,176.11383056640625
2015-06-01,102.03693389892578,2111.72998046875,13.970000267028809,2.191999912261963,124.19300079345703,114.0,91.08335876464844,18040.369140625,5082.93017578125,176.47254943847656
2015-06-02,101.71353149414062,2109.60009765625,14.239999771118164,2.2660000324249268,124.84700012207031,114.45999908447266,89.81261444091797,18011.939453125,5076.52001953125,176.29739379882812
2015-06-03,102.01847076416016,2114.070068359375,13.65999984741211,2.365999937057495,124.03600311279297,113.63999938964844,88.36888885498047,18076.26953125,5099.22998046875,176.7644805908203
2015-06-04,101.24221801757812,2095.840087890625,14.710000038146973,2.306999921798706,124.30400085449219,112.83999633789062,89.51933288574219,17905.580078125,5059.1201171875,175.2714080810547
2015-06-05,101.0019760131836,2092.830078125,14.210000038146973,2.4019999504089355,124.37999725341797,112.23999786376953,88.42902374267578,17849.4609375,5068.4599609375,174.9710693359375
2015-06-08,99.97626495361328,2079.280029296875,15.289999961853027,2.38100004196167,125.62899780273438,112.56999969482422,88.33124542236328,17766.55078125,5021.6298828125,173.8950958251953
2015-06-09,99.80989837646484,2080.14990234375,14.470000267028809,2.4170000553131104,124.56300354003906,112.81999969482422,87.6319351196289,17764.0390625,5013.8701171875,173.87010192871094
2015-06-10,101.17753601074219,2105.199951171875,13.220000267028809,2.4779999256134033,124.33899688720703,113.77999877929688,86.86495971679688,18000.400390625,5076.68994140625,175.95538330078125
2015-06-11,101.32539367675781,2108.860107421875,12.850000381469727,2.382999897003174,122.86599731445312,113.26000213623047,88.69218444824219,18039.369140625,5082.509765625,176.52261352539062
2015-06-12,100.49374389648438,2094.110107421875,13.779999732971191,2.384999990463257,123.58100128173828,113.2300033569336,88.69218444824219,17898.83984375,5051.10009765625,175.17132568359375
2015-06-15,99.99473571777344,2084.429931640625,15.390000343322754,2.3580000400543213,123.29000091552734,113.7300033569336,88.83506774902344,17791.169921875,5029.97021484375,174.4206085205078
2015-06-16,100.53993225097656,2096.2900390625,14.8100004196167,2.318000078201294,123.41999816894531,113.31999969482422,89.53433990478516,17904.48046875,5055.5498046875,175.37155151367188
2015-06-17,100.817138671875,2100.43994140625,14.5,2.305999994277954,123.43900299072266,113.8499984741211,88.84254455566406,17935.740234375,5064.8798828125,175.65509033203125
2015-06-18,102.28643798828125,2121.239990234375,13.1899995803833,2.3510000705718994,123.52999877929688,115.31999969482422,88.40644073486328,18115.83984375,5132.9501953125,177.48175048828125
2015-06-19,101.78072357177734,2109.989990234375,13.960000038146973,2.2669999599456787,123.00199890136719,115.12000274658203,89.54188537597656,18015.94921875,5117.0,176.69393920898438
2015-06-22,102.5309829711914,2122.85009765625,12.739999771118164,2.359999895095825,122.7509994506836,113.63999938964844,87.71466827392578,18119.779296875,5153.97021484375,177.59915161132812
2015-06-23,102.61430358886719,2124.199951171875,12.109999656677246,2.4089999198913574,123.37899780273438,112.88999938964844,87.18827056884766,18144.0703125,5160.08984375,177.724853515625
2015-06-24,102.08639526367188,2108.580078125,13.260000228881836,2.371000051498413,123.86000061035156,112.58999633789062,87.94025421142578,17966.0703125,5122.41015625,176.43409729003906
2015-06-25,101.88262176513672,2102.31005859375,14.010000228881836,2.3929998874664307,123.85099792480469,112.44000244140625,87.6319351196289,17890.359375,5112.18994140625,175.89767456054688
2015-06-26,101.20648193359375,2101.489990234375,14.020000457763672,2.4760000705718994,123.5979995727539,112.55999755859375,86.64689636230469,17946.6796875,5080.509765625,175.86415100097656
2015-06-29,98.81688690185547,2057.639892578125,18.850000381469727,2.3310000896453857,122.61199951171875,113.06999969482422,88.94034576416016,17596.349609375,4958.47021484375,172.1762237548828
2015-06-30,99.16885375976562,2063.110107421875,18.229999542236328,2.3350000381469727,122.66999816894531,112.37000274658203,88.32369995117188,17619.509765625,4986.8701171875,172.53660583496094
2015-07-01,99.95610046386719,2077.419921875,16.09000015258789,2.4179999828338623,122.38600158691406,111.9800033569336,87.13151550292969,17757.91015625,5013.1201171875,173.9195556640625
2015-07-02,99.98391723632812,2076.780029296875,16.790000915527344,2.3929998874664307,123.31999969482422,111.76000213623047,87.41789245605469,17730.109375,5009.2099609375,173.7603302001953
2015-07-07,100.00241088867188,2081.340087890625,16.09000015258789,2.2309999465942383,122.61100006103516,110.76000213623047,89.8746337890625,17776.91015625,4997.4599609375,174.35545349121094
2015-07-08,98.26113891601562,2046.6800537109375,19.65999984741211,2.2060000896453857,122.48999786376953,111.08999633789062,90.65084838867188,17515.419921875,4909.759765625,171.43023681640625
2015-07-09,98.20555877685547,2051.31005859375,19.969999313354492,2.3010001182556152,120.86199951171875,111.36000061035156,88.86483001708984,17548.619140625,4922.39990234375,171.74032592773438
2015-07-10,99.70603942871094,2076.6201171875,16.829999923706055,2.4170000553131104,121.69999694824219,111.48999786376953,87.45555114746094,17760.41015625,4997.7001953125,173.9027862548828
2015-07-13,101.45658111572266,2099.60009765625,13.899999618530273,2.430000066757202,122.49600219726562,110.98999786376953,87.18426513671875,17977.6796875,5071.509765625,175.8222198486328
2015-07-14,102.12342834472656,2108.949951171875,13.369999885559082,2.3989999294281006,123.56999969482422,110.73999786376953,87.47068786621094,18053.580078125,5104.89013671875,176.58494567871094
2015-07-15,102.23458862304688,2107.39990234375,13.229999542236328,2.3499999046325684,123.31999969482422,110.16000366210938,88.3975830078125,18050.169921875,5098.93994140625,176.5262908935547
2015-07-16,103.67948913574219,2124.2900390625,12.109999656677246,2.3519999980926514,123.87000274658203,109.76000213623047,89.00801849365234,18120.25,5163.18017578125,177.9428253173828
2015-07-17,105.20769500732422,2126.639892578125,11.949999809265137,2.3489999771118164,124.14900207519531,108.6500015258789,89.4676742553711,18086.44921875,5210.14013671875,178.09365844726562
2015-07-20,105.56893157958984,2128.280029296875,12.25,2.371999979019165,124.14199829101562,105.69999694824219,89.09089660644531,18100.41015625,5218.85986328125,178.18582153320312
2015-07-21,105.50407409667969,2119.2099609375,12.220000267028809,2.3399999141693115,124.29399871826172,105.37000274658203,89.5732192993164,17919.2890625,5208.1201171875,177.4817657470703
2015-07-22,104.30928039550781,2114.14990234375,12.119999885559082,2.322000026702881,123.86000061035156,104.80000305175781,90.13085174560547,17851.0390625,5171.77001953125,177.1633758544922
2015-07-23,103.92025756835938,2102.14990234375,12.640000343322754,2.2769999504089355,124.06800079345703,104.33000183105469,91.25371551513672,17731.919921875,5146.41015625,176.1658477783203
2015-07-24,102.90145874023438,2079.64990234375,13.739999771118164,2.2709999084472656,123.8759994506836,105.3499984741211,91.4798355102539,17568.529296875,5088.6298828125,174.33865356445312
2015-07-27,102.04932403564453,2067.639892578125,15.600000381469727,2.2279999256134033,123.76300048828125,104.86000061035156,91.96968841552734,17440.58984375,5039.77978515625,173.32449340820312
2015-07-28,102.92922973632812,2093.25,13.4399995803833,2.25,123.23999786376953,105.0199966430664,91.29896545410156,17630.26953125,5089.2099609375,175.45338439941406
2015-07-29,103.3182601928711,2108.570068359375,12.5,2.2790000438690186,123.57599639892578,105.16999816894531,90.9598388671875,17751.390625,5111.72998046875,176.660400390625
2015-07-30,103.80911254882812,2108.6298828125,12.130000114440918,2.2679998874664307,123.94000244140625,104.2699966430664,91.66064453125,17745.98046875,5128.77978515625,176.70228576660156
2015-07-31,103.6886978149414,2103.840087890625,12.119999885559082,2.2049999237060547,124.07099914550781,104.93000030517578,92.33893585205078,17689.859375,5128.27978515625,176.43409729003906
2015-08-03,103.36455535888672,2098.0400390625,12.5600004196167,2.1500000953674316,124.04000091552734,104.0999984741211,93.31092071533203,17598.19921875,5115.3798828125,175.83900451660156
2015-08-04,103.1700668334961,2093.320068359375,13.0,2.2109999656677246,123.94499969482422,104.30999755859375,92.57078552246094,17550.689453125,5105.5498046875,175.49537658691406
2015-08-05,103.96659851074219,2099.840087890625,12.510000228881836,2.2679998874664307,124.27400207519531,103.93000030517578,91.87594604492188,17540.470703125,5139.93994140625,176.07366943359375
2015-08-06,102.2994155883789,2083.56005859375,13.770000457763672,2.2339999675750732,124.7300033569336,104.38999938964844,92.69163513183594,17419.75,5056.43994140625,174.63206481933594
2015-08-07,102.16976165771484,2077.570068359375,13.390000343322754,2.174999952316284,124.73400115966797,104.6500015258789,93.90757751464844,17373.380859375,5043.5400390625,174.2967987060547
2015-08-10,103.3367919921875,2104.179931640625,12.229999542236328,2.23799991607666,124.30000305175781,105.72000122070312,92.74451446533203,17615.169921875,5101.7998046875,176.49276733398438
2015-08-11,102.0123062133789,2084.070068359375,13.710000038146973,2.13700008392334,124.61299896240234,106.26000213623047,94.21724700927734,17402.83984375,5036.7900390625,174.90028381347656
2015-08-12,102.36424255371094,2086.050048828125,13.609999656677246,2.130000114440918,125.06999969482422,107.75,93.70365142822266,17402.509765625,5044.39013671875,175.10980224609375
2015-08-13,102.19752502441406,2083.389892578125,13.489999771118164,2.188999891281128,124.25499725341797,106.86000061035156,93.40155792236328,17408.25,5033.56005859375,174.8918914794922
2015-08-14,102.35498809814453,2091.5400390625,12.829999923706055,2.196000099182129,124.36299896240234,106.8499984741211,93.62062072753906,17477.400390625,5048.240234375,175.5288848876953
2015-08-17,103.20706939697266,2102.43994140625,13.020000457763672,2.1500000953674316,124.3499984741211,107.12999725341797,94.04352569580078,17545.1796875,5091.7001953125,176.50949096679688
2015-08-18,102.67916107177734,2096.919921875,13.789999961853027,2.196000099182129,124.43800354003906,107.11000061035156,93.30337524414062,17511.33984375,5059.35009765625,175.99822998046875
2015-08-19,102.0030288696289,2079.610107421875,15.25,2.128999948501587,124.37100219726562,108.55000305175781,94.22480010986328,17348.73046875,5019.0498046875,174.60687255859375
2015-08-20,99.1781234741211,2035.72998046875,19.139999389648438,2.0840001106262207,123.89700317382812,110.44000244140625,95.17642974853516,16990.689453125,4877.490234375,170.9608612060547
2015-08-21,94.84345245361328,1970.8900146484375,28.030000686645508,2.053999900817871,123.41999816894531,111.12999725341797,95.4634017944336,16459.75,4706.0400390625,165.8145751953125
2015-08-24,91.1942138671875,1893.2099609375,40.7400016784668,1.996999979019165,121.73200225830078,110.52999877929688,95.43318939208984,15871.349609375,4526.25,158.83262634277344
2015-08-25,90.85151672363281,1867.6099853515625,36.02000045776367,2.132999897003174,118.88400268554688,109.16000366210938,93.9000473022461,15666.4404296875,4506.490234375,156.96348571777344
2015-08-26,95.42695617675781,1940.510009765625,30.31999969482422,2.171999931335449,118.54000091552734,107.66999816894531,92.0874252319336,16285.509765625,4697.5400390625,162.98989868164062
2015-08-27,97.84436798095703,1987.6600341796875,26.100000381469727,2.1679999828338623,120.05799865722656,107.7300033569336,92.14027404785156,16654.76953125,4812.7099609375,167.02145385742188
2015-08-28,97.82584381103516,1988.8699951171875,26.049999237060547,2.186000108718872,121.00299835205078,108.69999694824219,92.41221618652344,16643.009765625,4828.31982421875,167.02984619140625
2015-08-31,96.61253356933594,1972.1800537109375,28.43000030517578,2.200000047683716,121.28900146484375,108.81999969482422,91.70221710205078,16528.029296875,4776.509765625,165.68040466308594
2015-09-01,93.59308624267578,1913.8499755859375,31.399999618530273,2.171999931335449,121.08899688720703,109.19999694824219,92.36298370361328,16058.349609375,4636.10009765625,160.73526000976562
2015-09-02,96.23274993896484,1948.8599853515625,26.09000015258789,2.193000078201294,119.71499633789062,108.62000274658203,91.56826782226562,16351.3798828125,4749.97998046875,163.78610229492188
2015-09-03,95.76042938232422,1951.1300048828125,25.610000610351562,2.1679999828338623,120.58000183105469,107.83999633789062,92.01487731933594,16374.759765625,4733.5,163.9035186767578
2015-09-04,94.62116241455078,1921.219970703125,27.799999237060547,2.128000020980835,120.05599975585938,107.48999786376953,92.85498046875,16102.3798828125,4683.919921875,161.4224853515625
2015-09-09,96.19571685791016,1942.0400390625,26.229999542236328,2.180999994277954,120.08899688720703,106.12999725341797,91.92402648925781,16253.5703125,4756.52978515625,163.26646423339844
2015-09-10,97.24234008789062,1952.2900390625,24.3700008392334,2.2219998836517334,120.27799987792969,106.37999725341797,91.30339050292969,16330.400390625,4796.25,164.15493774414062
2015-09-11,97.779541015625,1961.050048828125,23.200000762939453,2.183000087738037,120.61900329589844,106.16000366210938,91.87862396240234,16433.08984375,4822.33984375,164.90090942382812
2015-09-14,97.48313903808594,1953.030029296875,24.25,2.180000066757202,120.7959976196289,106.22000122070312,92.02237701416016,16370.9599609375,4805.759765625,164.28904724121094
2015-09-15,98.63162231445312,1978.0899658203125,22.540000915527344,2.2809998989105225,120.36000061035156,105.9000015258789,90.25880432128906,16599.849609375,4860.52001953125,166.34254455566406
2015-09-16,99.18733215332031,1995.31005859375,21.350000381469727,2.302999973297119,120.43399810791016,107.30999755859375,89.91829681396484,16739.94921875,4889.240234375,167.78421020507812
2015-09-17,99.22441864013672,1990.199951171875,21.139999389648438,2.2170000076293945,120.52300262451172,108.41000366210938,91.01577758789062,16674.740234375,4893.9501953125,167.40704345703125
2015-09-18,97.81317138671875,1958.030029296875,22.280000686645508,2.130000114440918,120.0459976196289,109.20999908447266,92.41598510742188,16384.580078125,4827.22998046875,164.6713409423828
2015-09-21,98.11953735351562,1966.969970703125,20.139999389648438,2.2139999866485596,120.0009994506836,108.52999877929688,90.90978240966797,16510.189453125,4828.9501953125,165.5222930908203
2015-09-22,96.65257263183594,1942.739990234375,22.440000534057617,2.125,120.49800109863281,107.79000091552734,92.17378997802734,16330.4697265625,4756.72021484375,163.3738555908203
2015-09-23,96.72686767578125,1938.760009765625,22.1299991607666,2.1440000534057617,120.08000183105469,108.22000122070312,92.16624450683594,16279.8896484375,4752.740234375,163.1127166748047
2015-09-24,96.37406158447266,1932.239990234375,23.469999313354492,2.119999885559082,120.19999694824219,110.48999786376953,92.79444885253906,16201.3203125,4734.47998046875,162.5228729248047
2015-09-25,95.5570068359375,1931.3399658203125,23.6200008392334,2.1679999828338623,120.23999786376953,109.80999755859375,91.99213409423828,16314.669921875,4686.5,162.4807891845703
2015-09-28,92.83663940429688,1881.77001953125,27.6299991607666,2.0950000286102295,120.36799621582031,108.41999816894531,93.56643676757812,16001.8896484375,4543.97021484375,158.40298461914062
2015-09-29,92.35380554199219,1884.0899658203125,26.829999923706055,2.053999900817871,119.83999633789062,107.9800033569336,93.83137512207031,16049.1298828125,4517.31982421875,158.49560546875
2015-09-30,94.47998809814453,1920.030029296875,24.5,2.059999942779541,119.86000061035156,106.86000061035156,93.50589752197266,16284.7001953125,4620.16015625,161.45289611816406
2015-10-01,94.90705871582031,1923.8199462890625,22.549999237060547,2.0420000553131104,119.85900115966797,106.7300033569336,93.9048843383789,16272.009765625,4627.080078125,161.87416076660156
2015-10-02,96.56903076171875,1951.3599853515625,20.940000534057617,1.9889999628067017,119.80999755859375,108.98999786376953,94.47369384765625,16472.369140625,4707.77978515625,164.29222106933594
2015-10-05,97.9524154663086,1987.050048828125,19.540000915527344,2.055999994277954,119.99500274658203,108.7699966430664,93.1919174194336,16776.4296875,4781.259765625,167.21575927734375
2015-10-06,97.48817443847656,1979.9200439453125,19.399999618530273,2.0350000858306885,120.46099853515625,109.86000061035156,93.59391021728516,16790.189453125,4748.35986328125,166.64288330078125
2015-10-07,98.0731201171875,1995.8299560546875,18.399999618530273,2.062000036239624,120.23999786376953,109.69999694824219,93.28292846679688,16912.2890625,4791.14990234375,168.00770568847656
2015-10-08,98.46308898925781,2013.4300537109375,17.420000076293945,2.1080000400543213,119.91500091552734,109.13999938964844,92.50169372558594,17050.75,4810.7900390625,169.52435302734375
2015-10-09,98.90875244140625,2014.8900146484375,17.079999923706055,2.0989999771118164,119.92900085449219,110.87000274658203,92.7444076538086,17084.490234375,4830.47021484375,169.6254119873047
2015-10-12,99.15013122558594,2017.4599609375,16.170000076293945,2.0899999141693115,120.17900085449219,111.30999755859375,93.44979858398438,17131.859375,4838.64013671875,169.7854766845703
2015-10-13,98.50947570800781,2003.68994140625,17.670000076293945,2.055000066757202,120.01100158691406,111.86000061035156,93.60907745361328,17081.890625,4796.60986328125,168.71546936035156
2015-10-14,98.35167694091797,1994.239990234375,18.030000686645508,1.9809999465942383,119.72000122070312,113.80999755859375,94.4281997680664,16924.75,4782.85009765625,167.9066619873047
2015-10-15,99.96717834472656,2023.8599853515625,16.049999237060547,2.0230000019073486,118.83000183105469,113.29000091552734,93.96554565429688,17141.75,4870.10009765625,170.48475646972656
2015-10-16,100.38496398925781,2033.1099853515625,15.050000190734863,2.0230000019073486,119.05000305175781,112.48999786376953,93.99588775634766,17215.970703125,4886.68994140625,171.2598876953125
2015-10-19,100.96063995361328,2033.6600341796875,14.979999542236328,2.0280001163482666,119.2699966430664,112.0199966430664,93.73799896240234,17230.5390625,4905.47021484375,171.3441619873047
2015-10-20,100.44070434570312,2030.77001953125,15.75,2.071000099182129,119.50299835205078,112.7300033569336,93.16158294677734,17217.109375,4880.97021484375,171.1250762939453
2015-10-21,99.8279037475586,2018.93994140625,16.700000762939453,2.0299999713897705,119.77999877929688,111.7300033569336,94.08690643310547,17168.609375,4840.1201171875,170.06350708007812
2015-10-22,101.8612289428711,2052.510009765625,14.449999809265137,2.0250000953674316,119.84200286865234,111.69000244140625,94.24622344970703,17489.16015625,4920.0498046875,172.9365234375
2015-10-23,104.71161651611328,2075.14990234375,14.460000038146973,2.0829999446868896,120.86000061035156,111.5,93.44217681884766,17646.69921875,5031.85986328125,174.83218383789062
2015-10-26,104.77659606933594,2071.179931640625,15.289999961853027,2.058000087738037,121.2959976196289,111.43000030517578,94.06414794921875,17623.05078125,5034.7001953125,174.40255737304688
2015-10-27,104.99015808105469,2065.889892578125,15.430000305175781,2.0280001163482666,120.9489974975586,111.68000030517578,94.29928588867188,17581.4296875,5030.14990234375,174.0655517578125
2015-10-28,105.86288452148438,2090.35009765625,14.329999923706055,2.0920000076293945,120.47699737548828,110.77999877929688,93.9200210571289,17779.51953125,5095.68994140625,176.04544067382812
2015-10-29,105.69577026367188,2089.409912109375,14.609999656677246,2.1730000972747803,120.86000061035156,109.72000122070312,92.42582702636719,17755.80078125,5074.27001953125,175.94430541992188
2015-10-30,105.22225189208984,2079.360107421875,15.069999694824219,2.1510000228881836,121.0,109.30000305175781,93.12366485595703,17663.5390625,5053.75,175.18606567382812
2015-11-02,106.41069030761719,2104.050048828125,14.149999618530273,2.187000036239624,120.49500274658203,108.58999633789062,92.69567108154297,17828.759765625,5127.14990234375,177.2586669921875
2015-11-03,106.78207397460938,2109.7900390625,14.539999961853027,2.2200000286102295,120.78800201416016,106.9800033569336,91.93559265136719,17918.150390625,5145.1298828125,177.7726287841797
2015-11-04,106.79135131835938,2102.31005859375,15.510000228881836,2.2300000190734863,121.09500122070312,105.97000122070312,92.04196166992188,17867.580078125,5142.47998046875,177.23338317871094
2015-11-05,106.50352478027344,2099.929931640625,15.050000190734863,2.244999885559082,121.48999786376953,105.63999938964844,91.79878234863281,17863.4296875,5127.740234375,177.05645751953125
2015-11-06,106.57781982421875,2099.199951171875,14.329999923706055,2.3329999446868896,121.66999816894531,104.0999984741211,90.4533920288086,17910.330078125,5147.1201171875,176.9637908935547
2015-11-09,105.445068359375,2078.580078125,16.520000457763672,2.3420000076293945,123.19999694824219,104.4000015258789,89.94413757324219,17730.48046875,5095.2998046875,175.3124237060547
2015-11-10,105.17584228515625,2081.719970703125,15.289999961853027,2.322000026702881,123.0770034790039,104.18000030517578,90.21015167236328,17758.2109375,5083.240234375,175.71682739257812
2015-11-11,105.04586029052734,2075.0,16.059999465942383,2.3380000591278076,123.08399963378906,103.83000183105469,90.02011108398438,17702.220703125,5067.02001953125,175.02601623535156
2015-11-12,104.0245361328125,2045.969970703125,18.3700008392334,2.319000005722046,122.75700378417969,103.8499984741211,90.4533920288086,17448.0703125,5005.080078125,172.58265686035156
2015-11-13,101.98191833496094,2023.0400390625,20.079999923706055,2.2799999713897705,122.55999755859375,103.55999755859375,90.97024536132812,17245.240234375,4927.8798828125,170.6448516845703
2015-11-16,103.44890594482422,2053.18994140625,18.15999984741211,2.2730000019073486,122.36399841308594,103.70999908447266,90.88667297363281,17483.009765625,4984.6201171875,173.23980712890625
2015-11-17,103.5138931274414,2050.43994140625,18.84000015258789,2.260999917984009,123.26599884033203,102.33999633789062,91.03863525390625,17489.5,4986.02001953125,173.11343383789062
2015-11-18,105.50080108642578,2083.580078125,16.850000381469727,2.2690000534057617,123.44499969482422,102.43000030517578,91.22870635986328,17737.16015625,5075.2001953125,175.860107421875
2015-11-19,105.5750732421875,2081.239990234375,16.989999771118164,2.247999906539917,123.5250015258789,103.55999755859375,91.83677673339844,17732.75,5073.64013671875,175.7084503173828
2015-11-20,106.2900161743164,2089.169921875,15.470000267028809,2.26200008392334,122.91200256347656,103.08999633789062,91.55555725097656,17823.810546875,5104.919921875,176.3487548828125
2015-11-23,105.98358917236328,2086.590087890625,15.619999885559082,2.25,122.9229965209961,102.26000213623047,91.83677673339844,17792.6796875,5102.47998046875,176.1465301513672
2015-11-24,105.89073181152344,2089.139892578125,15.930000305175781,2.243000030517578,122.91500091552734,102.94000244140625,91.82917785644531,17812.189453125,5102.81005859375,176.38238525390625
2015-11-25,105.98358917236328,2088.8701171875,15.1899995803833,2.2320001125335693,122.50499725341797,102.45999908447266,92.04196166992188,17813.390625,5116.14013671875,176.35714721679688
2015-11-30,105.86288452148438,2080.409912109375,16.1299991607666,2.2179999351501465,122.83000183105469,101.91999816894531,92.31564331054688,17719.919921875,5108.669921875,175.82632446289062
2015-12-01,106.92131805419922,2102.6298828125,14.670000076293945,2.1549999713897705,123.20999908447266,102.27999877929688,93.56258392333984,17888.349609375,5156.31005859375,177.50296020507812
2015-12-02,106.26213073730469,2079.510009765625,15.90999984741211,2.177999973297119,122.91500091552734,100.69000244140625,93.59304809570312,17729.6796875,5123.22021484375,175.69155883789062
2015-12-03,104.46094512939453,2049.6201171875,18.110000610351562,2.3299999237060547,123.22599792480469,101.76000213623047,91.04888916015625,17477.669921875,5037.52978515625,173.2313995361328
2015-12-04,106.90278625488281,2091.68994140625,14.8100004196167,2.2750000953674316,122.65299987792969,104.0199966430664,91.84870910644531,17847.630859375,5142.27001953125,176.60987854003906
2015-12-07,106.41999053955078,2077.070068359375,15.84000015258789,2.2249999046325684,123.19000244140625,102.66999816894531,92.73993682861328,17730.509765625,5101.81005859375,175.53988647460938
2015-12-08,106.42924499511719,2063.590087890625,17.600000381469727,2.23799991607666,123.27999877929688,102.83999633789062,92.78558349609375,17568.0,5098.240234375,174.3603973388672
2015-12-09,104.81370544433594,2047.6199951171875,19.610000610351562,2.2079999446868896,122.91200256347656,102.63999938964844,92.68657684326172,17492.30078125,5022.8701171875,173.00396728515625
2015-12-10,105.28724670410156,2052.22998046875,19.34000015258789,2.239000082015991,121.69999694824219,102.55000305175781,92.8084487915039,17574.75,5045.169921875,173.45046997070312
2015-12-11,102.86396026611328,2012.3699951171875,24.389999389648438,2.1389999389648438,121.70999908447266,103.11000061035156,94.27101135253906,17265.2109375,4933.47021484375,170.0887908935547
2015-12-14,103.64388275146484,2021.93994140625,22.729999542236328,2.2249999046325684,120.89299774169922,101.79000091552734,93.05220031738281,17368.5,4952.22998046875,170.9481658935547
2015-12-15,104.27522277832031,2043.4100341796875,20.950000762939453,2.2679998874664307,121.08999633789062,101.5199966430664,92.50379180908203,17524.91015625,4995.35986328125,172.74273681640625
2015-12-16,105.82576751708984,2073.070068359375,17.860000610351562,2.2869999408721924,121.67500305175781,102.75,92.30572509765625,17749.08984375,5071.1298828125,175.2703399658203
2015-12-17,104.28451538085938,2041.8900146484375,18.940000534057617,2.23799991607666,122.46299743652344,100.5,93.34930419921875,17495.83984375,5002.5498046875,172.59947204589844
2015-12-18,102.28410339355469,2005.550048828125,20.700000762939453,2.1989998817443848,122.44999694824219,102.04000091552734,93.8672866821289,17128.55078125,4923.080078125,169.52468872070312
2015-12-21,103.42027282714844,2021.1500244140625,18.700000762939453,2.197000026702881,121.30000305175781,103.1500015258789,93.84441375732422,17251.619140625,4968.919921875,170.92308044433594
2015-12-22,104.1001205444336,2038.969970703125,16.600000381469727,2.239000082015991,121.20600128173828,102.61000061035156,93.16654968261719,17417.26953125,5001.10986328125,172.4740753173828
2015-12-23,104.87310028076172,2064.2900390625,15.569999694824219,2.2639999389648438,121.02999877929688,102.30999755859375,92.46573638916016,17602.609375,5045.93017578125,174.60987854003906
2015-12-24,104.85447692871094,2060.989990234375,15.739999771118164,2.243000030517578,120.93499755859375,103.05000305175781,92.99542999267578,17552.169921875,5048.490234375,174.3216552734375
2015-12-29,106.44694519042969,2078.360107421875,16.079999923706055,2.306999921798706,120.3499984741211,102.19999694824219,91.72069549560547,17720.98046875,5107.93994140625,175.77952575683594
2015-12-30,105.48773193359375,2063.360107421875,17.290000915527344,2.302999973297119,120.52899932861328,101.41999816894531,91.62911987304688,17603.869140625,5065.85009765625,174.5335693359375
2015-12-31,104.17462158203125,2043.93994140625,18.209999084472656,2.2690000534057617,120.44999694824219,101.45999908447266,92.0412826538086,17425.029296875,5007.41015625,172.7876434326172
2016-01-05,101.79981231689453,2016.7099609375,19.34000015258789,2.247999906539917,119.46700286865234,103.18000030517578,92.33135223388672,17158.66015625,4891.43017578125,170.66033935546875
2016-01-06,100.82193756103516,1990.260009765625,20.59000015258789,2.177000045776367,119.10199737548828,104.66999816894531,93.5755615234375,16906.509765625,4835.759765625,168.50759887695312
2016-01-07,97.66485595703125,1943.0899658203125,24.989999771118164,2.1530001163482666,118.61000061035156,106.1500015258789,93.7435302734375,16514.099609375,4689.43017578125,164.46481323242188
2016-01-08,96.86397552490234,1922.030029296875,27.010000228881836,2.130000114440918,117.54000091552734,105.68000030517578,94.16336059570312,16346.4501953125,4643.6298828125,162.65957641601562
2016-01-11,97.16197204589844,1923.6700439453125,24.299999237060547,2.1579999923706055,117.08000183105469,104.73999786376953,93.13285827636719,16398.5703125,4637.990234375,162.82064819335938
2016-01-12,98.288818359375,1938.6800537109375,22.469999313354492,2.1019999980926514,117.6500015258789,104.20999908447266,94.47628021240234,16516.220703125,4685.919921875,164.13430786132812
2016-01-13,94.89892578125,1890.280029296875,25.219999313354492,2.065999984741211,117.83000183105469,104.72000122070312,95.4075698852539,16151.41015625,4526.06005859375,160.04071044921875
2016-01-14,96.91980743408203,1921.8399658203125,23.950000762939453,2.0980000495910645,117.42500305175781,103.0199966430664,94.51445007324219,16379.0498046875,4615.0,162.66807556152344
2016-01-15,93.91175079345703,1880.3299560546875,27.020000457763672,2.0329999923706055,118.2030029296875,104.08000183105469,95.9876480102539,15988.080078125,4488.419921875,159.17617797851562
2016-01-20,93.82794189453125,1859.3299560546875,27.59000015258789,1.9839999675750732,117.56500244140625,105.37000274658203,96.69754791259766,15766.740234375,4471.68994140625,157.34552001953125
2016-01-21,93.92108154296875,1868.989990234375,26.690000534057617,2.0190000534057617,117.13400268554688,105.48999786376953,96.04108428955078,15882.6796875,4472.06005859375,158.22695922851562
2016-01-22,96.64045715332031,1906.9000244140625,22.34000015258789,2.0480000972747803,117.92400360107422,105.0,95.67473602294922,16093.509765625,4591.18017578125,161.47303771972656
2016-01-25,95.20626831054688,1877.0799560546875,24.149999618530273,2.0220000743865967,118.5719985961914,106.08000183105469,96.19380950927734,15885.2197265625,4518.490234375,159.03213500976562
2016-01-26,96.06302642822266,1903.6300048828125,22.5,1.99399995803833,118.22799682617188,107.29000091552734,96.23958587646484,16167.23046875,4567.669921875,161.20179748535156
2016-01-27,93.66962432861328,1882.949951171875,23.110000610351562,2.000999927520752,118.37999725341797,107.69000244140625,96.21663665771484,15944.4599609375,4468.169921875,159.4474334716797
2016-01-28,94.99205017089844,1893.3599853515625,22.420000076293945,1.9850000143051147,118.46700286865234,106.54000091552734,96.35406494140625,16069.6396484375,4506.68017578125,160.27796936035156
2016-01-29,96.97572326660156,1940.239990234375,20.200000762939453,1.930999994277954,118.93000030517578,106.94999694824219,97.17086029052734,16466.30078125,4613.9501953125,164.18515014648438
2016-02-01,97.23648071289062,1939.3800048828125,19.979999542236328,1.965999960899353,121.33999633789062,108.05000305175781,96.8733139038086,16449.1796875,4620.3701171875,164.1257781982422
2016-02-02,95.13174438476562,1903.030029296875,21.979999542236328,1.8639999628067017,120.83999633789062,108.08999633789062,98.6705093383789,16153.5400390625,4516.9501953125,161.16790771484375
2016-02-03,94.6753921508789,1912.530029296875,21.649999618530273,1.88100004196167,119.85600280761719,109.25,97.85221862792969,16336.66015625,4504.240234375,162.13414001464844
2016-02-04,94.6661148071289,1915.449951171875,21.84000015258789,1.8639999628067017,118.12000274658203,110.56999969482422,98.326416015625,16416.580078125,4509.56005859375,162.3883514404297
2016-02-05,91.37861633300781,1880.050048828125,23.3799991607666,1.8480000495910645,116.86599731445312,112.31999969482422,98.44112396240234,16204.9697265625,4363.14013671875,159.29481506347656
2016-02-08,89.98169708251953,1853.43994140625,26.0,1.7350000143051147,116.94999694824219,113.83000183105469,100.55950927734375,16027.0498046875,4283.75,157.15057373046875
2016-02-09,89.7022933959961,1852.2099609375,26.540000915527344,1.7289999723434448,115.66799926757812,113.58000183105469,100.66661834716797,16014.3798828125,4268.759765625,157.1590118408203
2016-02-10,90.046875,1851.8599853515625,26.290000915527344,1.7050000429153442,115.19100189208984,114.45999908447266,101.55374145507812,15914.740234375,4283.58984375,157.0234375
2016-02-11,89.91651916503906,1829.0799560546875,28.139999389648438,1.6440000534057617,113.25199890136719,119.05999755859375,102.26494598388672,15660.1796875,4266.83984375,154.98086547851562
2016-02-12,91.2854995727539,1864.780029296875,25.399999618530273,1.7480000257492065,112.49700164794922,118.36000061035156,100.5671615600586,15973.83984375,4337.509765625,158.17608642578125
2016-02-17,95.45772552490234,1926.8199462890625,22.309999465942383,1.819000005722046,114.08000183105469,115.4800033569336,98.89232635498047,16453.830078125,4534.06005859375,163.4732208251953
2016-02-18,94.36809539794922,1917.8299560546875,21.639999389648438,1.7589999437332153,114.27999877929688,118.29000091552734,100.1082992553711,16413.4296875,4487.5400390625,162.80368041992188
2016-02-19,94.64746856689453,1917.780029296875,20.530000686645508,1.7480000257492065,113.25,117.58000183105469,100.1924057006836,16391.990234375,4504.43017578125,162.72735595703125
2016-02-22,96.18408966064453,1945.5,19.3799991607666,1.7660000324249268,112.48899841308594,115.48999786376953,100.1388931274414,16620.66015625,4570.60986328125,165.08355712890625
2016-02-23,94.6009292602539,1921.27001953125,20.979999542236328,1.7450000047683716,112.97100067138672,117.22000122070312,100.54421997070312,16431.779296875,4503.580078125,162.9985809326172
2016-02-24,95.50428009033203,1929.800048828125,20.719999313354492,1.7419999837875366,111.87999725341797,117.61000061035156,100.34536743164062,16484.990234375,4542.60986328125,163.74440002441406
2016-02-25,96.44487762451172,1951.699951171875,19.110000610351562,1.6970000267028809,112.10099792480469,117.91999816894531,100.70482635498047,16697.2890625,4582.2001953125,165.72764587402344
2016-02-26,96.32381439208984,1948.050048828125,19.809999465942383,1.7619999647140503,113.11799621582031,117.11000061035156,99.73358154296875,16639.970703125,4590.47021484375,165.34628295898438
2016-02-29,95.45772552490234,1932.22998046875,20.549999237060547,1.7400000095367432,113.66000366210938,118.63999938964844,100.16944885253906,16516.5,4557.9501953125,164.0495147705078
2016-03-01,98.52167510986328,1978.3499755859375,17.700000762939453,1.8339999914169312,112.43000030517578,117.7699966430664,98.40563201904297,16865.080078125,4689.60009765625,167.90582275390625
2016-03-02,98.55892181396484,1986.449951171875,17.09000015258789,1.8480000495910645,113.93000030517578,118.68000030517578,98.8117446899414,16899.3203125,4703.419921875,168.66017150878906
2016-03-03,98.37265014648438,1993.4000244140625,16.700000762939453,1.8300000429153442,113.46600341796875,120.7300033569336,99.17183685302734,16943.900390625,4707.419921875,169.32119750976562
2016-03-04,98.40989685058594,1999.989990234375,16.860000610351562,1.8830000162124634,113.66999816894531,120.54000091552734,98.53595733642578,17006.76953125,4717.02001953125,169.87213134765625
2016-03-07,97.80455780029297,2001.760009765625,17.350000381469727,1.9019999504089355,113.8030014038086,121.13999938964844,98.50526428222656,17073.94921875,4708.25,170.0077667236328
2016-03-08,96.99433898925781,1979.260009765625,18.670000076293945,1.8320000171661377,113.4520034790039,120.58000183105469,99.59329223632812,16964.099609375,4648.81982421875,168.151611328125
2016-03-09,97.61830139160156,1989.260009765625,18.34000015258789,1.8919999599456787,112.66000366210938,119.58000183105469,98.98796844482422,17000.359375,4674.3798828125,168.98219299316406
2016-03-10,97.46930694580078,1989.5699462890625,18.049999237060547,1.9290000200271606,113.25299835205078,121.5,98.58190155029297,16995.130859375,4662.16015625,169.1178436279297
2016-03-11,99.17356872558594,2022.18994140625,16.5,1.9769999980926514,112.86000061035156,119.41000366210938,97.58577728271484,17213.310546875,4748.47021484375,171.84689331054688
2016-03-14,99.3412094116211,2019.6400146484375,16.920000076293945,1.9630000591278076,113.77799987792969,117.87000274658203,97.89228057861328,17229.130859375,4750.27978515625,171.6265106201172
2016-03-15,99.3039321899414,2015.9300537109375,16.84000015258789,1.9589999914169312,113.83000183105469,117.95999908447266,97.98421478271484,17251.529296875,4728.669921875,171.3468017578125
2016-03-16,100.18865966796875,2027.219970703125,14.989999771118164,1.937999963760376,113.1050033569336,120.58999633789062,98.27540588378906,17325.759765625,4763.97021484375,172.33847045898438
2016-03-17,100.13279724121094,2040.5899658203125,14.4399995803833,1.902999997138977,112.75199890136719,120.12999725341797,98.68145751953125,17481.490234375,4774.990234375,173.43177795410156
2016-03-18,100.28974151611328,2049.580078125,14.020000457763672,1.871000051498413,111.3499984741211,119.80000305175781,98.88835906982422,17602.30078125,4795.64990234375,174.11328125
2016-03-21,100.68203735351562,2051.60009765625,13.789999961853027,1.9229999780654907,111.44499969482422,118.95999908447266,98.12979888916016,17623.869140625,4808.8701171875,174.36038208007812
2016-03-22,100.99024200439453,2049.800048828125,14.170000076293945,1.934999942779541,112.13899993896484,119.30999755859375,98.1068344116211,17582.5703125,4821.66015625,174.26666259765625
2016-03-23,100.1589584350586,2036.7099609375,14.9399995803833,1.875,112.25199890136719,116.61000061035156,99.21782684326172,17502.58984375,4768.85986328125,173.1165771484375
2016-03-24,100.18698120117188,2035.93994140625,14.739999771118164,1.899999976158142,112.4000015258789,116.33000183105469,99.25613403320312,17515.73046875,4773.5,173.03993225097656
2016-03-29,101.6534423828125,2055.010009765625,13.819999694824219,1.8140000104904175,113.36399841308594,118.76000213623047,100.4284896850586,17633.109375,4846.6201171875,174.74374389648438
2016-03-30,102.14849853515625,2063.949951171875,13.5600004196167,1.8300000429153442,112.68000030517578,117.0999984741211,99.3710708618164,17716.66015625,4869.2900390625,175.51040649414062
2016-03-31,101.9990463256836,2059.739990234375,13.949999809265137,1.7860000133514404,112.36599731445312,117.63999938964844,100.07600402832031,17685.08984375,4869.85009765625,175.08447265625
2016-04-01,103.08256530761719,2072.780029296875,13.100000381469727,1.7920000553131104,112.4800033569336,116.93000030517578,100.33706665039062,17792.75,4914.5400390625,176.27711486816406
2016-04-04,102.69025421142578,2066.1298828125,14.119999885559082,1.7790000438690186,111.72200012207031,116.1500015258789,100.39850616455078,17737.0,4891.7998046875,175.70640563964844
2016-04-05,101.70013427734375,2045.1700439453125,15.420000076293945,1.7269999980926514,111.25,117.66000366210938,101.49645233154297,17603.3203125,4843.93017578125,173.951416015625
2016-04-06,103.37210083007812,2066.659912109375,14.09000015258789,1.7549999952316284,110.37799835205078,116.94000244140625,100.7593765258789,17716.05078125,4920.72021484375,175.8512420654297
2016-04-07,101.886962890625,2041.9100341796875,16.15999984741211,1.690999984741211,109.6989974975586,118.61000061035156,102.00325012207031,17541.9609375,4848.3701171875,173.74697875976562
2016-04-08,101.81224822998047,2047.5999755859375,15.359999656677246,1.7200000286102295,108.427001953125,118.43000030517578,101.35818481445312,17576.9609375,4850.68994140625,174.21551513671875
2016-04-11,101.43861389160156,2041.989990234375,16.260000228881836,1.7239999771118164,108.31099700927734,120.02999877929688,101.22769165039062,17556.41015625,4833.39990234375,173.80662536621094
2016-04-12,102.28861999511719,2061.719970703125,14.850000381469727,1.781000018119812,107.93000030517578,120.05000305175781,100.52902221679688,17721.25,4872.08984375,175.42526245117188
2016-04-13,103.5962905883789,2082.419921875,13.84000015258789,1.7619999647140503,108.63999938964844,118.7699966430664,100.88219451904297,17908.279296875,4947.419921875,177.19720458984375
2016-04-14,103.60560607910156,2082.780029296875,13.720000267028809,1.781000018119812,109.41999816894531,117.11000061035156,100.39850616455078,17926.4296875,4945.89013671875,177.2057342529297
2016-04-15,103.3440933227539,2080.72998046875,13.619999885559082,1.7519999742507935,109.31600189208984,117.91999816894531,101.25847625732422,17897.4609375,4938.22021484375,177.00979614257812
2016-04-18,103.89520263671875,2094.340087890625,13.350000381469727,1.7730000019073486,108.01699829101562,117.73999786376953,100.82080078125,18004.16015625,4960.02001953125,178.25357055664062
2016-04-19,103.26002502441406,2100.800048828125,13.239999771118164,1.7829999923706055,109.072998046875,119.58000183105469,100.50599670410156,18053.599609375,4940.330078125,178.81585693359375
2016-04-20,103.3440933227539,2102.39990234375,13.279999732971191,1.8539999723434448,109.23999786376953,118.97000122070312,99.40034484863281,18096.26953125,4948.1298828125,178.98626708984375
2016-04-21,103.3534164428711,2091.47998046875,13.949999809265137,1.8700000047683716,109.83799743652344,119.41999816894531,98.80911254882812,17982.51953125,4945.89013671875,178.02354431152344
2016-04-22,101.79356384277344,2091.580078125,13.220000267028809,1.8880000114440918,109.43699645996094,117.88999938964844,98.5557861328125,18003.75,4906.22998046875,178.02354431152344
2016-04-25,101.79356384277344,2087.7900390625,14.079999923706055,1.9019999504089355,111.43599700927734,118.2300033569336,98.14881134033203,17977.240234375,4895.7900390625,177.7168426513672
2016-04-26,101.29850769042969,2091.699951171875,13.960000038146973,1.930999994277954,111.13600158691406,118.69999694824219,97.70346069335938,17990.3203125,4888.27978515625,177.98097229003906
2016-04-27,100.48587799072266,2095.14990234375,13.770000457763672,1.8600000143051147,111.2300033569336,119.04000091552734,98.6786117553711,18041.55078125,4863.14013671875,178.34730529785156
2016-04-28,99.2716064453125,2075.81005859375,15.220000267028809,1.8380000591278076,111.5199966430664,121.29000091552734,99.08552551269531,17830.759765625,4805.2900390625,176.72866821289062
2016-04-29,98.74851989746094,2065.300048828125,15.699999809265137,1.819000005722046,108.07599639892578,123.6500015258789,99.33892822265625,17773.640625,4775.35986328125,175.77455139160156
2016-05-02,99.6825942993164,2081.429931640625,14.680000305175781,1.8650000095367432,106.4530029296875,123.23999786376953,98.3387451171875,17891.16015625,4817.58984375,177.17169189453125
2016-05-03,98.75788879394531,2063.3701171875,15.600000381469727,1.7999999523162842,106.39600372314453,122.95999908447266,99.57736206054688,17750.91015625,4763.22021484375,175.62969970703125
2016-05-04,98.12271118164062,2051.1201171875,16.049999237060547,1.784000039100647,106.68000030517578,122.20999908447266,100.1236343383789,17651.259765625,4725.64013671875,174.6500244140625
2016-05-05,98.09467315673828,2050.6298828125,15.90999984741211,1.746999979019165,106.91999816894531,122.06999969482422,100.79298400878906,17660.7109375,4717.08984375,174.6158905029297
2016-05-06,98.61775970458984,2057.139892578125,14.720000267028809,1.7790000438690186,107.2750015258789,123.18000030517578,100.3621597290039,17740.630859375,4736.16015625,175.25486755371094
2016-05-09,98.89796447753906,2058.68994140625,14.569999694824219,1.7599999904632568,107.36000061035156,120.6500015258789,100.67755889892578,17705.91015625,4750.2099609375,175.39971923828125
2016-05-10,100.25234985351562,2084.389892578125,13.630000114440918,1.7599999904632568,108.33100128173828,120.9800033569336,100.68531799316406,17928.349609375,4809.8798828125,177.58058166503906
2016-05-11,99.34629821777344,2064.4599609375,14.6899995803833,1.7369999885559082,109.19400024414062,122.12000274658203,101.25457763671875,17711.119140625,4760.68994140625,175.91941833496094
2016-05-12,98.90731048583984,2064.110107421875,14.40999984741211,1.7569999694824219,108.41500091552734,121.16000366210938,100.79298400878906,17720.5,4737.330078125,175.97047424316406
2016-05-13,98.54304504394531,2046.6099853515625,15.039999961853027,1.7050000429153442,109.0999984741211,121.70999908447266,101.77005767822266,17535.3203125,4717.68017578125,174.43707275390625
2016-05-16,99.77598571777344,2066.659912109375,14.680000305175781,1.753000020980835,108.66100311279297,121.80000305175781,100.89300537109375,17710.7109375,4775.4599609375,176.1578826904297
2016-05-17,98.52438354492188,2047.2099609375,15.569999694824219,1.7589999437332153,109.08000183105469,122.22000122070312,101.06224060058594,17529.98046875,4715.72998046875,174.51370239257812
2016-05-18,98.87931060791016,2047.6300048828125,15.949999809265137,1.8799999952316284,108.94999694824219,120.0999984741211,99.6235580444336,17526.619140625,4739.1201171875,174.56480407714844
2016-05-19,98.36554718017578,2040.0400390625,16.329999923706055,1.8450000286102295,110.13999938964844,119.87000274658203,100.05440521240234,17435.400390625,4712.52978515625,173.95994567871094
2016-05-20,99.4490737915039,2052.320068359375,15.199999809265137,1.8489999771118164,109.88099670410156,119.70999908447266,100.13135528564453,17500.939453125,4769.56005859375,175.05894470214844
2016-05-23,99.31829071044922,2048.0400390625,15.819999694824219,1.8380000591278076,110.05000305175781,119.37000274658203,100.3544921875,17492.9296875,4765.77978515625,174.82041931152344
2016-05-24,101.30786895751953,2076.06005859375,14.420000076293945,1.8589999675750732,109.3740005493164,117.30000305175781,99.90823364257812,17706.05078125,4861.06005859375,177.08642578125
2016-05-25,102.03642272949219,2090.5400390625,13.899999618530273,1.8700000047683716,110.16999816894531,116.9800033569336,99.53125,17851.509765625,4894.89013671875,178.2876434326172
2016-05-26,102.33531188964844,2090.10009765625,13.430000305175781,1.8229999542236328,110.11100006103516,116.58000183105469,100.04666900634766,17828.2890625,4901.77001953125,178.3387908935547
2016-05-27,102.86771392822266,2099.06005859375,13.119999885559082,1.8509999513626099,109.71299743652344,115.62000274658203,99.9005355834961,17873.220703125,4933.5,179.10557556152344
2016-06-01,103.07322692871094,2099.330078125,14.199999809265137,1.8459999561309814,110.66999816894531,115.94000244140625,100.5453109741211,17789.669921875,4952.25,179.13107299804688
2016-06-02,103.28805541992188,2105.260009765625,13.630000114440918,1.8109999895095825,109.47699737548828,115.66999816894531,101.26996612548828,17838.560546875,4971.35986328125,179.6763458251953
2016-06-03,102.80233764648438,2099.1298828125,13.470000267028809,1.7039999961853027,108.86000061035156,118.87999725341797,102.7116470336914,17807.060546875,4942.52001953125,179.1396026611328
2016-06-06,103.17596435546875,2109.409912109375,13.649999618530273,1.7230000495910645,106.72100067138672,118.91999816894531,101.94834899902344,17920.330078125,4968.7099609375,180.05111694335938
2016-06-07,102.91442108154297,2112.1298828125,14.050000190734863,1.7130000591278076,107.43800354003906,118.81999969482422,102.19511413574219,17938.279296875,4961.75,180.33226013183594
2016-06-08,103.09193420410156,2119.1201171875,14.079999923706055,1.7059999704360962,107.25399780273438,120.58000183105469,102.74250030517578,18005.05078125,4974.64013671875,180.9200439453125
2016-06-09,102.92376708984375,2115.47998046875,14.640000343322754,1.6799999475479126,106.77999877929688,121.25,103.40550994873047,17985.189453125,4958.6201171875,180.6730194091797
2016-06-10,101.75619506835938,2096.070068359375,17.030000686645508,1.6390000581741333,107.08999633789062,121.73999786376953,103.9065933227539,17865.33984375,4894.5498046875,178.960693359375
2016-06-13,100.90618896484375,2079.06005859375,20.969999313354492,1.6160000562667847,106.50399780273438,122.63999938964844,104.36915588378906,17732.48046875,4848.43994140625,177.58058166503906
2016-06-14,100.90618896484375,2075.320068359375,20.5,1.6109999418258667,106.22599792480469,122.7699966430664,104.29203796386719,17674.8203125,4843.5498046875,177.23133850097656
2016-06-15,100.61662292480469,2071.5,20.139999389648438,1.5959999561309814,106.08699798583984,123.68000030517578,104.69291687011719,17640.169921875,4834.93017578125,176.98423767089844
2016-06-16,100.91553497314453,2077.989990234375,19.3700008392334,1.5640000104904175,105.8499984741211,122.37999725341797,105.20178985595703,17733.099609375,4844.919921875,177.51235961914062
2016-06-17,99.73267364501953,2071.219970703125,19.40999984741211,1.6180000305175781,104.74299621582031,123.94999694824219,104.54647064208984,17675.16015625,4800.33984375,176.85134887695312
2016-06-20,100.36017608642578,2083.25,18.3700008392334,1.6699999570846558,104.64800262451172,123.20999908447266,103.42860412597656,17804.869140625,4837.2099609375,177.9902801513672
2016-06-21,100.67862701416016,2088.89990234375,18.479999542236328,1.6970000267028809,103.8239974975586,120.83999633789062,102.95062255859375,17829.73046875,4843.759765625,178.49546813964844
2016-06-22,100.43509674072266,2085.449951171875,21.170000076293945,1.684999942779541,104.66999816894531,120.9000015258789,103.1202392578125,17780.830078125,4833.31982421875,178.20431518554688
2016-06-23,101.86799621582031,2113.320068359375,17.25,1.7389999628067017,104.6500015258789,120.11000061035156,101.94070434570312,18011.0703125,4910.0400390625,180.5250701904297
2016-06-24,97.67228698730469,2037.4100341796875,25.760000228881836,1.5789999961853027,104.89600372314453,126.0,104.67750549316406,17400.75,4707.97998046875,174.04254150390625
2016-06-27,95.733642578125,2000.5400390625,23.850000381469727,1.4600000381469727,102.12699890136719,126.68000030517578,107.291015625,17140.240234375,4594.43994140625,170.92544555664062
2016-06-28,97.83148956298828,2036.0899658203125,18.75,1.4609999656677246,101.81199645996094,125.31999969482422,107.51457977294922,17409.720703125,4691.8701171875,174.0082550048828
2016-06-29,99.56411743164062,2070.77001953125,16.639999389648438,1.4769999980926514,102.70099639892578,125.83999633789062,106.68965148925781,17694.6796875,4779.25,176.97119140625
2016-06-30,100.71607208251953,2098.860107421875,15.630000114440918,1.4880000352859497,102.77799987792969,126.47000122070312,107.08281707763672,17929.990234375,4842.669921875,179.3860626220703
2016-07-01,101.2217788696289,2102.949951171875,14.770000457763672,1.4559999704360962,103.072998046875,128.41000366210938,108.569580078125,17949.369140625,4862.56982421875,179.76290893554688
2016-07-06,101.42782592773438,2099.72998046875,14.960000038146973,1.3849999904632568,101.14099884033203,130.22999572753906,110.1065902709961,17918.619140625,4859.16015625,179.54025268554688
2016-07-07,101.72753143310547,2097.89990234375,14.760000228881836,1.3869999647140503,101.1500015258789,129.74000549316406,110.09893035888672,17895.880859375,4876.81005859375,179.42893981933594
2016-07-08,103.30091857910156,2129.89990234375,13.199999809265137,1.3660000562667847,100.79000091552734,130.52000427246094,110.90985107421875,18146.740234375,4956.759765625,182.10072326660156
2016-07-11,103.89094543457031,2137.159912109375,13.539999961853027,1.434000015258789,100.69200134277344,129.2899932861328,109.93671417236328,18226.9296875,4988.64013671875,182.74293518066406
2016-07-12,104.41541290283203,2152.139892578125,13.550000190734863,1.5130000114440918,102.52400207519531,127.1500015258789,108.12943267822266,18347.669921875,5022.81982421875,184.07025146484375
2016-07-13,104.16254425048828,2152.429931640625,13.039999961853027,1.468000054359436,104.75599670410156,128.32000732421875,109.40380096435547,18372.119140625,5005.72998046875,184.04458618164062
2016-07-14,104.87432861328125,2163.75,12.819999694824219,1.531000018119812,104.07599639892578,127.33000183105469,107.8127212524414,18506.41015625,5034.06005859375,185.0721893310547
2016-07-15,104.70571899414062,2161.739990234375,12.670000076293945,1.593999981880188,105.19100189208984,126.83999633789062,106.88585662841797,18516.55078125,5029.58984375,184.82383728027344
2016-07-18,105.3988037109375,2166.889892578125,12.4399995803833,1.5870000123977661,105.45899963378906,127.04000091552734,106.7854995727539,18533.05078125,5055.77978515625,185.3205108642578
2016-07-19,105.0147933959961,2163.780029296875,11.970000267028809,1.5579999685287476,106.14600372314453,127.20999908447266,107.38790893554688,18559.009765625,5036.3701171875,185.13214111328125
2016-07-20,106.24169921875,2173.02001953125,11.770000457763672,1.5800000429153442,106.13700103759766,125.38999938964844,106.80091094970703,18595.029296875,5089.93017578125,185.90283203125
2016-07-21,105.99818420410156,2165.169921875,12.739999771118164,1.565000057220459,107.2040023803711,127.30000305175781,107.0172119140625,18517.23046875,5073.89990234375,185.20069885253906
2016-07-22,106.4383316040039,2175.030029296875,12.020000457763672,1.5700000524520874,105.81099700927734,126.3499984741211,107.20259857177734,18570.849609375,5100.16015625,186.03131103515625
2016-07-25,106.44769287109375,2168.47998046875,12.869999885559082,1.5709999799728394,106.32599639892578,125.47000122070312,107.12533569335938,18493.060546875,5097.6298828125,185.5260467529297
2016-07-26,106.56950378417969,2169.179931640625,13.050000190734863,1.562999963760376,105.5780029296875,126.0,107.29524993896484,18473.75,5110.0498046875,185.61167907714844
2016-07-27,107.30934143066406,2166.580078125,12.829999923706055,1.5149999856948853,104.8489990234375,128.02999877929688,108.63140106201172,18472.169921875,5139.81005859375,185.41470336914062
2016-07-28,107.68394470214844,2170.06005859375,12.720000267028809,1.5110000371932983,104.95099639892578,127.66000366210938,108.43052673339844,18456.349609375,5154.97998046875,185.62884521484375
2016-07-29,107.91807556152344,2173.60009765625,11.869999885559082,1.4579999446868896,104.74500274658203,128.97999572753906,109.33424377441406,18432.240234375,5162.1298828125,185.9285430908203
2016-08-01,108.48937225341797,2170.840087890625,12.4399995803833,1.496000051498413,102.33200073242188,129.22000122070312,108.1488265991211,18404.509765625,5184.2001953125,185.7744140625
2016-08-02,107.66523742675781,2157.030029296875,13.369999885559082,1.5369999408721924,102.35900115966797,130.27000427246094,107.03466033935547,18313.76953125,5137.72998046875,184.5841064453125
2016-08-03,108.02111053466797,2163.7900390625,12.859999656677246,1.5420000553131104,101.06800079345703,129.64999389648438,107.09654998779297,18355.0,5159.740234375,185.12356567382812
2016-08-04,108.33016967773438,2164.25,12.420000076293945,1.503000020980835,101.33699798583984,129.8699951171875,107.9012222290039,18352.05078125,5166.25,185.3205108642578
2016-08-05,109.36973571777344,2182.8701171875,11.390000343322754,1.5820000171661377,101.1989974975586,127.55000305175781,106.77928161621094,18543.529296875,5221.1201171875,186.83624267578125
2016-08-08,109.24797058105469,2180.889892578125,11.5,1.5829999446868896,102.1449966430664,127.44000244140625,106.98043823242188,18529.2890625,5213.14013671875,186.72494506835938
2016-08-09,109.5008544921875,2181.739990234375,11.65999984741211,1.5449999570846558,102.28800201416016,127.95999908447266,108.03276062011719,18533.05078125,5225.47998046875,186.83624267578125
2016-08-10,109.21988677978516,2175.489990234375,12.050000190734863,1.5089999437332153,101.91500091552734,128.55999755859375,108.45063018798828,18495.66015625,5204.580078125,186.37380981445312
2016-08-11,109.68815612792969,2185.7900390625,11.680000305175781,1.5729999542236328,101.13300323486328,127.66999816894531,107.48345184326172,18613.51953125,5228.39990234375,187.23878479003906
2016-08-12,109.76306915283203,2184.050048828125,11.550000190734863,1.5149999856948853,101.80799865722656,127.4000015258789,108.38872528076172,18576.470703125,5232.89013671875,187.07601928710938
2016-08-15,110.23136138916016,2190.14990234375,11.8100004196167,1.5529999732971191,101.28299713134766,127.83999633789062,107.36731719970703,18636.05078125,5262.02001953125,187.61553955078125
2016-08-16,109.6225814819336,2178.14990234375,12.640000343322754,1.5759999752044678,101.23999786376953,128.47000122070312,107.08100891113281,18552.01953125,5227.10986328125,186.64785766601562
2016-08-17,109.81926727294922,2182.219970703125,12.1899995803833,1.5609999895095825,100.19999694824219,128.5,107.72330474853516,18573.939453125,5228.66015625,186.9989013671875
2016-08-18,109.84735107421875,2187.02001953125,11.430000305175781,1.5360000133514404,99.90599822998047,129.11000061035156,107.89352416992188,18597.69921875,5240.14990234375,187.41854858398438
2016-08-19,109.81926727294922,2183.8701171875,11.34000015258789,1.5779999494552612,100.11199951171875,127.97000122070312,107.32869720458984,18552.5703125,5238.3798828125,187.14454650878906
2016-08-22,109.90357208251953,2182.639892578125,12.270000457763672,1.5390000343322754,100.55400085449219,127.77999877929688,108.2339859008789,18529.419921875,5244.60009765625,187.135986328125
2016-08-23,110.1002197265625,2186.89990234375,12.380000114440918,1.5529999732971191,100.2509994506836,127.76000213623047,108.34994506835938,18547.30078125,5260.080078125,187.51275634765625
2016-08-24,109.38845825195312,2175.43994140625,13.449999809265137,1.559000015258789,100.31099700927734,126.33999633789062,108.09467315673828,18481.48046875,5217.68994140625,186.55364990234375
2016-08-25,109.21051788330078,2172.469970703125,13.630000114440918,1.5770000219345093,100.552001953125,126.2300033569336,107.68460083007812,18448.41015625,5212.2001953125,186.4252166748047
2016-08-26,109.36973571777344,2169.0400390625,13.649999618530273,1.6349999904632568,100.55500030517578,126.05000305175781,107.05781555175781,18395.400390625,5218.919921875,186.0741424560547
2016-08-29,109.51956939697266,2180.3798828125,12.9399995803833,1.565999984741211,101.91999816894531,126.30000305175781,108.48928833007812,18502.990234375,5232.330078125,186.99038696289062
2016-08-30,109.16368103027344,2176.1201171875,13.119999885559082,1.5700000524520874,101.80899810791016,125.02999877929688,108.07149505615234,18454.30078125,5222.990234375,186.68214416503906
2016-08-31,109.05133056640625,2170.949951171875,13.420000076293945,1.5679999589920044,102.86799621582031,124.77999877929688,108.2261734008789,18400.880859375,5213.22021484375,186.15118408203125
2016-09-01,109.3322525024414,2170.860107421875,13.479999542236328,1.5700000524520874,103.302001953125,125.29000091552734,108.3455581665039,18419.30078125,5227.2099609375,186.1597900390625
2016-09-02,109.68815612792969,2179.97998046875,11.979999542236328,1.5959999561309814,103.25800323486328,126.56999969482422,107.46187591552734,18491.9609375,5249.89990234375,186.9989013671875
2016-09-07,110.4373779296875,2186.159912109375,11.9399995803833,1.5410000085830688,101.5250015258789,128.27000427246094,108.16730499267578,18526.140625,5283.93017578125,187.54701232910156
2016-09-08,109.79119110107422,2181.300048828125,12.510000228881836,1.6160000562667847,101.8290023803711,127.58999633789062,106.8107681274414,18479.91015625,5259.47998046875,187.11883544921875
2016-09-09,107.02838134765625,2127.81005859375,17.5,1.6720000505447388,102.30599975585938,126.75,105.05113220214844,18085.44921875,5125.91015625,182.6402130126953
2016-09-12,108.9482650756836,2159.0400390625,15.15999984741211,1.6720000505447388,102.43800354003906,126.58999633789062,105.10535430908203,18325.0703125,5211.89013671875,185.2606201171875
2016-09-13,107.97428131103516,2127.02001953125,17.850000381469727,1.7339999675750732,101.7509994506836,125.75,103.91160583496094,18066.75,5155.25,182.59738159179688
2016-09-14,108.48937225341797,2125.77001953125,18.139999389648438,1.6890000104904175,102.50399780273438,126.18000030517578,104.06668090820312,18034.76953125,5173.77001953125,182.5288543701172
2016-09-15,110.17517852783203,2147.260009765625,16.299999237060547,1.7029999494552612,102.5479965209961,125.37000274658203,103.61702728271484,18212.48046875,5249.68994140625,184.3528289794922
2016-09-16,110.12257385253906,2139.159912109375,15.369999885559082,1.7009999752044678,102.00800323486328,125.05999755859375,104.45423126220703,18123.80078125,5244.56982421875,183.6402130126953
2016-09-19,109.64374542236328,2139.1201171875,15.529999732971191,1.6959999799728394,102.30699920654297,125.31999969482422,104.11315155029297,18120.169921875,5235.02978515625,183.6746368408203
2016-09-20,109.85029602050781,2139.760009765625,15.920000076293945,1.687999963760376,101.84600067138672,125.44000244140625,104.4775161743164,18129.9609375,5241.35009765625,183.6832733154297
2016-09-21,110.93004608154297,2163.1201171875,13.300000190734863,1.6679999828338623,101.5469970703125,127.2699966430664,105.32241821289062,18293.69921875,5295.18017578125,185.74887084960938
2016-09-22,111.81256866455078,2177.179931640625,12.020000457763672,1.6319999694824219,100.39299774169922,127.56999969482422,106.15961456298828,18392.4609375,5339.52001953125,186.9193572998047
2016-09-23,111.09903717041016,2164.68994140625,12.289999961853027,1.6150000095367432,100.83100128173828,127.6500015258789,106.05882263183594,18261.44921875,5305.75,185.89515686035156
2016-09-26,110.16952514648438,2146.10009765625,14.5,1.5889999866485596,100.88899993896484,127.55000305175781,106.7332534790039,18094.830078125,5257.490234375,184.38900756835938
2016-09-27,111.2586441040039,2159.929931640625,13.100000381469727,1.555999994277954,100.35900115966797,126.62000274658203,107.51617431640625,18228.30078125,5305.7099609375,185.5337371826172
2016-09-28,111.44641876220703,2171.3701171875,12.390000343322754,1.5670000314712524,100.46800231933594,126.22000122070312,107.2836685180664,18339.240234375,5318.5498046875,186.45458984375
2016-09-29,110.63897705078125,2151.1298828125,14.020000457763672,1.5570000410079956,100.93499755859375,126.06999969482422,107.55493927001953,18143.44921875,5269.14990234375,184.76768493652344
2016-09-30,111.4652099609375,2168.27001953125,13.289999961853027,1.6080000400543213,101.1989974975586,125.63999938964844,106.59368896484375,18308.150390625,5312.0,186.16197204589844
2016-10-03,111.30558013916016,2161.199951171875,13.569999694824219,1.621999979019165,101.56300354003906,125.31999969482422,106.2419204711914,18253.849609375,5300.8701171875,185.7144317626953
2016-10-04,111.1365966796875,2150.489990234375,13.630000114440918,1.6829999685287476,101.81700134277344,120.97000122070312,104.99939727783203,18168.44921875,5289.66015625,184.76768493652344
2016-10-05,111.53092956542969,2159.72998046875,12.989999771118164,1.715999960899353,102.87999725341797,120.77999877929688,104.51020050048828,18281.029296875,5316.02001953125,185.5853729248047
2016-10-06,111.47457885742188,2160.77001953125,12.84000015258789,1.7419999837875366,103.45999908447266,119.66000366210938,103.92779541015625,18268.5,5306.85009765625,185.7144317626953
2016-10-07,111.2304916381836,2153.739990234375,13.479999542236328,1.7359999418258667,103.76499938964844,119.73999786376953,103.9976806640625,18240.490234375,5292.39990234375,185.07752990722656
2016-10-10,111.93465423583984,2163.659912109375,13.380000114440918,1.7230000495910645,103.01799774169922,120.16000366210938,103.38420104980469,18329.0390625,5328.669921875,186.04147338867188
2016-10-11,110.33851623535156,2136.72998046875,15.359999656677246,1.7589999437332153,103.6969985961914,119.55000305175781,103.15116119384766,18128.66015625,5246.7900390625,183.6918487548828
2016-10-12,110.24461364746094,2139.179931640625,15.90999984741211,1.777999997138977,103.34200286865234,119.73999786376953,103.25215911865234,18144.19921875,5239.02001953125,183.932861328125
2016-10-13,109.85029602050781,2132.550048828125,16.690000534057617,1.7380000352859497,104.30400085449219,120.02999877929688,103.64045715332031,18098.939453125,5213.330078125,183.3303680419922
2016-10-14,109.98176574707031,2132.97998046875,16.1200008392334,1.7940000295639038,103.72200012207031,119.36000061035156,102.18827056884766,18138.380859375,5214.16015625,183.425048828125
2016-10-17,109.68131256103516,2126.5,16.209999084472656,1.7660000324249268,104.03900146484375,119.68000030517578,102.84053802490234,18086.400390625,5199.81982421875,182.78822326660156
2016-10-18,110.65773010253906,2139.60009765625,15.279999732971191,1.7489999532699585,103.85099792480469,120.41999816894531,103.17452239990234,18161.939453125,5243.83984375,183.932861328125
2016-10-19,110.64836883544922,2144.2900390625,14.40999984741211,1.7519999742507935,103.86499786376953,121.11000061035156,103.25991821289062,18202.619140625,5246.41015625,184.42347717285156
2016-10-20,110.51691436767578,2141.340087890625,13.75,1.746999979019165,103.39099884033203,120.73999786376953,103.36861419677734,18162.349609375,5241.830078125,184.07916259765625
2016-10-21,110.93004608154297,2141.159912109375,13.34000015258789,1.7400000095367432,104.10900115966797,120.83000183105469,103.52392578125,18145.7109375,5257.39990234375,184.16529846191406
2016-10-24,112.26326751708984,2151.330078125,13.020000457763672,1.7630000114440918,103.91699981689453,120.55999755859375,103.07352447509766,18223.029296875,5309.830078125,184.94842529296875
2016-10-25,111.90650177001953,2143.159912109375,13.460000038146973,1.7580000162124634,104.32099914550781,121.47000122070312,103.3453598022461,18169.26953125,5283.39990234375,184.3287811279297
2016-10-26,111.14596557617188,2139.429931640625,14.239999771118164,1.7899999618530273,104.15399932861328,120.79000091552734,102.64643096923828,18199.330078125,5250.27001953125,183.9586944580078
2016-10-27,110.63897705078125,2133.0400390625,15.359999656677246,1.843000054359436,104.56300354003906,121.01000213623047,101.5281753540039,18169.6796875,5215.97021484375,183.46815490722656
2016-10-28,109.9441909790039,2126.409912109375,16.190000534057617,1.8450000286102295,105.20899963378906,121.58000183105469,101.30299377441406,18161.189453125,5190.10009765625,182.92587280273438
2016-10-31,109.84091186523438,2126.14990234375,17.059999465942383,1.8339999914169312,104.56500244140625,121.94000244140625,101.92424011230469,18142.419921875,5189.14013671875,182.93453979492188
2016-11-01,109.01470184326172,2111.719970703125,18.559999465942383,1.8200000524520874,104.81999969482422,122.7300033569336,101.9320297241211,18037.099609375,5153.580078125,181.60906982421875
2016-11-02,108.14151000976562,2097.93994140625,19.31999969482422,1.7990000247955322,104.09200286865234,123.63999938964844,102.37549591064453,17959.640625,5105.56982421875,180.51605224609375
2016-11-03,107.08056640625,2088.659912109375,22.079999923706055,1.812000036239624,103.37799835205078,124.30000305175781,101.58968353271484,17930.669921875,5058.41015625,179.6897735595703
2016-11-04,106.70500946044922,2085.179931640625,22.510000228881836,1.7829999923706055,103.052001953125,124.38999938964844,102.49999237060547,17888.279296875,5046.3701171875,179.49180603027344
2016-11-07,109.24004364013672,2131.52001953125,18.709999084472656,1.8279999494552612,104.19499969482422,122.1500015258789,101.62854766845703,18259.599609375,5166.169921875,183.4508819580078
2016-11-08,109.95360565185547,2139.56005859375,18.739999771118164,1.8619999885559082,104.43800354003906,121.63999938964844,101.21622467041016,18332.740234375,5193.490234375,184.27713012695312
2016-11-09,110.4605712890625,2163.260009765625,14.380000114440918,2.072000026702881,105.02999877929688,121.55999755859375,96.92138671875,18589.689453125,5251.06982421875,186.23086547851562
2016-11-10,108.67671203613281,2167.47998046875,14.739999771118164,2.117000102996826,105.85299682617188,119.75,95.48977661132812,18807.880859375,5208.7998046875,186.69561767578125
2016-11-11,108.72362518310547,2164.449951171875,14.170000076293945,,106.85600280761719,117.0999984741211,94.95292663574219,18847.66015625,5237.10986328125,186.26524353027344
2016-11-14,107.62510681152344,2164.199951171875,14.479999542236328,2.2219998836517334,106.87100219726562,116.11000061035156,94.38494110107422,18868.689453125,5218.39990234375,186.4115753173828
2016-11-15,109.11797332763672,2180.389892578125,13.369999885559082,2.23799991607666,108.2020034790039,117.12000274658203,94.85173797607422,18923.060546875,5275.6201171875,187.8660888671875
2016-11-16,109.76580810546875,2176.93994140625,13.720000267028809,2.2230000495910645,109.03800201416016,116.7699966430664,95.70767211914062,18868.140625,5294.580078125,187.5132598876953
2016-11-17,110.56385803222656,2187.1201171875,13.350000381469727,2.2760000228881836,108.78500366210938,116.16999816894531,94.29934692382812,18903.8203125,5333.97021484375,188.47715759277344
2016-11-18,110.1507568359375,2181.89990234375,12.850000381469727,2.3350000381469727,110.25599670410156,115.1500015258789,94.02706146240234,18867.9296875,5321.509765625,188.05545043945312
2016-11-21,111.29619598388672,2198.179931640625,12.420000076293945,2.3389999866485596,110.9729995727539,115.58000183105469,94.26048278808594,18956.689453125,5368.85986328125,189.47555541992188
2016-11-22,111.63417053222656,2202.93994140625,12.40999984741211,2.321000099182129,110.6500015258789,115.54000091552734,94.22931671142578,19023.869140625,5386.35009765625,189.84567260742188
2016-11-23,111.18353271484375,2204.719970703125,12.430000305175781,2.3570001125335693,111.00599670410156,113.25,93.8636245727539,19083.1796875,5380.68017578125,189.94891357421875
2016-11-28,111.28681182861328,2201.719970703125,13.149999618530273,2.319999933242798,112.6520004272461,113.80000305175781,94.69617462158203,19097.900390625,5368.81005859375,189.75958251953125
2016-11-29,111.67176818847656,2204.659912109375,12.899999618530273,2.302000045776367,111.69000244140625,113.2699966430664,95.0930404663086,19121.599609375,5379.919921875,190.12969970703125
2016-11-30,110.31974792480469,2198.81005859375,13.329999923706055,2.368000030517578,112.47000122070312,111.75,93.55242919921875,19123.580078125,5323.68017578125,189.67349243164062
2016-12-01,108.41378784179688,2191.080078125,14.069999694824219,2.440999984741211,114.69400024414062,111.54000091552734,92.56465148925781,19191.9296875,5251.10986328125,188.9763641357422
2016-12-02,108.62973022460938,2191.949951171875,14.119999885559082,2.390000104904175,113.90899658203125,112.13999938964844,93.24293518066406,19170.419921875,5255.64990234375,189.07101440429688
2016-12-05,109.47474670410156,2204.7099609375,12.140000343322754,2.38700008392334,113.50499725341797,111.54000091552734,93.14156341552734,19216.240234375,5308.89013671875,190.20712280273438
2016-12-06,109.73762512207031,2212.22998046875,11.789999961853027,2.3959999084472656,113.86299896240234,111.43000030517578,93.07140350341797,19251.779296875,5333.0,190.80960083007812
2016-12-07,111.12720489501953,2241.35009765625,12.220000267028809,2.3469998836517334,114.052001953125,111.83000183105469,93.86662292480469,19549.619140625,5393.759765625,193.30551147460938
2016-12-08,111.32437896728516,2246.18994140625,12.640000343322754,2.38700008392334,113.71299743652344,111.56999969482422,92.75955963134766,19614.810546875,5417.35986328125,193.77886962890625
2016-12-09,112.19752502441406,2259.530029296875,11.75,2.4639999866485596,114.07499694824219,110.4000015258789,91.605712890625,19756.849609375,5444.5,194.9493865966797
2016-12-12,111.69052124023438,2256.9599609375,12.640000343322754,2.4790000915527344,115.41200256347656,110.81999969482422,91.77720642089844,19796.4296875,5412.5400390625,194.7256317138672
2016-12-13,113.098876953125,2271.719970703125,12.720000267028809,2.4809999465942383,115.00199890136719,110.44999694824219,92.10469055175781,19911.2109375,5463.830078125,196.0251922607422
2016-12-14,112.86414337158203,2253.280029296875,13.1899995803833,2.5250000953674316,115.2239990234375,108.83000183105469,91.0755844116211,19792.529296875,5436.669921875,194.4071502685547
2016-12-15,113.04252624511719,2262.030029296875,12.789999961853027,2.5799999237060547,117.21099853515625,107.33999633789062,91.53553771972656,19852.240234375,5456.85009765625,195.20762634277344
2016-12-16,112.62351989746094,2258.070068359375,12.199999809265137,2.5969998836517334,118.24099731445312,108.05000305175781,91.32502746582031,19843.41015625,5437.16015625,194.8258056640625
2016-12-19,113.08489227294922,2262.530029296875,11.710000038146973,2.5420000553131104,117.79100036621094,108.58999633789062,92.3073959350586,19883.060546875,5457.43994140625,195.24998474121094
2016-12-20,113.51808166503906,2270.760009765625,11.449999809265137,2.568000078201294,117.03700256347656,107.79000091552734,91.84735870361328,19974.619140625,5483.93994140625,196.00314331054688
2016-12-21,113.43334197998047,2265.179931640625,11.270000457763672,2.5460000038146973,117.875,107.8499984741211,92.25279235839844,19941.9609375,5471.43017578125,195.4578094482422
2016-12-22,113.11316680908203,2260.9599609375,11.430000305175781,2.552999973297119,117.60399627685547,107.58999633789062,92.08786010742188,19918.880859375,5447.419921875,195.1201171875
2016-12-23,113.18849182128906,2263.7900390625,11.4399995803833,2.5429999828338623,117.54199981689453,107.93000030517578,92.2754898071289,19933.810546875,5462.68994140625,195.40586853027344
2016-12-28,112.88714599609375,2249.919921875,12.949999809265137,2.50600004196167,117.4800033569336,108.86000061035156,92.65066528320312,19833.6796875,5438.56005859375,194.27175903320312
2016-12-29,112.72708892822266,2249.260009765625,13.369999885559082,2.4769999980926514,117.08699798583984,110.29000091552734,92.97900390625,19819.779296875,5432.08984375,194.22845458984375
2016-12-30,111.56884765625,2238.830078125,14.039999961853027,2.446000099182129,116.26699829101562,109.61000061035156,93.11966705322266,19762.599609375,5383.1201171875,193.5185546875
2017-01-04,113.17909240722656,2270.75,11.850000381469727,2.4519999027252197,117.65899658203125,110.86000061035156,93.87789916992188,19942.16015625,5477.0,196.15902709960938
2017-01-05,113.8194351196289,2269.0,11.670000076293945,2.368000030517578,117.11299896240234,112.58000183105469,95.347412109375,19899.2890625,5487.93994140625,196.00314331054688
2017-01-06,114.81757354736328,2276.97998046875,11.319999694824219,2.4179999828338623,115.26499938964844,111.75,94.4719467163086,19963.80078125,5521.06005859375,196.70443725585938
2017-01-09,115.19422912597656,2268.89990234375,11.5600004196167,2.375999927520752,117.1500015258789,112.66999816894531,95.23013305664062,19887.380859375,5531.81982421875,196.05519104003906
2017-01-10,115.44851684570312,2268.89990234375,11.489999771118164,2.378999948501587,115.98500061035156,113.1500015258789,95.1676254272461,19855.529296875,5551.81982421875,196.05519104003906
2017-01-11,115.75923156738281,2275.320068359375,11.260000228881836,2.369999885559082,115.87200164794922,113.5,95.48809051513672,19954.279296875,5563.64990234375,196.60922241210938
2017-01-12,115.58036041259766,2270.43994140625,11.539999961853027,2.3610000610351562,115.0979995727539,113.91000366210938,95.27706146240234,19891.0,5547.490234375,196.11572265625
2017-01-13,115.97581481933594,2274.639892578125,11.229999542236328,2.380000114440918,114.66400146484375,114.20999908447266,94.82367706298828,19885.73046875,5574.1201171875,196.56594848632812
2017-01-18,115.86282348632812,2271.889892578125,12.479999542236328,2.3889999389648438,112.87799835205078,114.87000274658203,94.5892105102539,19804.720703125,5555.64990234375,196.30616760253906
2017-01-19,115.80635070800781,2263.68994140625,12.779999732971191,2.4590001106262207,114.76200103759766,114.7699966430664,93.94041442871094,19732.400390625,5540.080078125,195.57899475097656
2017-01-20,116.06058502197266,2271.31005859375,11.539999961853027,2.4670000076293945,114.9800033569336,115.05000305175781,93.75279235839844,19827.25,5555.330078125,196.29754638671875
2017-01-23,116.15476989746094,2265.199951171875,11.770000457763672,2.4030001163482666,113.80999755859375,115.79000091552734,94.6907958984375,19799.849609375,5552.93994140625,195.78680419921875
2017-01-24,116.93631744384766,2280.070068359375,11.069999694824219,2.4709999561309814,112.77999877929688,115.2699966430664,94.04203033447266,19912.7109375,5600.9599609375,197.04209899902344
2017-01-25,118.11344146728516,2298.3701171875,10.8100004196167,2.5230000019073486,113.83999633789062,114.31999969482422,92.86173248291016,20068.509765625,5656.33984375,198.7476348876953
2017-01-26,118.23583221435547,2296.679931640625,10.630000114440918,2.507999897003174,113.29299926757812,113.26000213623047,93.17439270019531,20100.91015625,5655.18017578125,198.53981018066406
2017-01-27,118.46185302734375,2294.68994140625,10.579999923706055,2.4809999465942383,114.45500183105469,113.48999786376953,93.510498046875,20093.779296875,5660.77978515625,198.2281494140625
2017-01-30,117.53901672363281,2280.89990234375,11.880000114440918,2.4830000400543213,114.66799926757812,113.97000122070312,93.22908020019531,19971.130859375,5613.7099609375,196.9988250732422
2017-01-31,117.30360412597656,2278.8701171875,11.989999771118164,2.4509999752044678,113.6500015258789,115.55000305175781,93.87789916992188,19864.08984375,5614.7900390625,196.9814453125
2017-02-01,118.11344146728516,2279.550048828125,11.8100004196167,2.4739999771118164,112.74299621582031,115.19999694824219,93.29741668701172,19890.939453125,5642.64990234375,197.05941772460938
2017-02-02,118.00984954833984,2280.85009765625,11.930000305175781,2.4700000286102295,113.31099700927734,115.83999633789062,93.25828552246094,19884.91015625,5636.2001953125,197.18927001953125
2017-02-03,118.34881591796875,2297.419921875,10.970000267028809,2.490999937057495,112.78900146484375,116.12999725341797,93.21910858154297,20071.4609375,5666.77001953125,198.5484619140625
2017-02-06,118.49011993408203,2292.56005859375,11.369999885559082,2.4130001068115234,112.63899993896484,117.69999694824219,93.7830581665039,20052.419921875,5663.5498046875,198.1935272216797
2017-02-07,118.92326354980469,2293.080078125,11.289999961853027,2.3889999389648438,111.8270034790039,117.45999908447266,94.47244262695312,20090.2890625,5674.22021484375,198.20217895507812
2017-02-08,119.12103271484375,2294.669921875,11.449999809265137,2.3510000705718994,112.38700103759766,118.19000244140625,95.75715637207031,20054.33984375,5682.4501953125,198.46192932128906
2017-02-09,119.55416870117188,2307.8701171875,10.880000114440918,2.3949999809265137,111.9520034790039,117.29000091552734,94.6526107788086,20172.400390625,5715.18017578125,199.6393280029297
2017-02-10,119.94965362548828,2316.10009765625,10.850000381469727,2.4089999198913574,113.43399810791016,117.5999984741211,94.59777069091797,20269.369140625,5734.1298828125,200.42715454101562
2017-02-13,120.6276626586914,2328.25,11.069999694824219,2.434000015258789,113.91400146484375,116.80000305175781,94.30013275146484,20412.16015625,5763.9599609375,201.51797485351562
2017-02-14,121.03260803222656,2337.580078125,10.739999771118164,2.4700000286102295,113.70500183105469,116.93000030517578,93.61857604980469,20504.41015625,5782.56982421875,202.3231201171875
2017-02-15,121.74828338623047,2349.25,11.970000267028809,2.502000093460083,114.3010025024414,117.44999694824219,93.18772888183594,20611.859375,5819.43994140625,203.37933349609375
2017-02-16,121.7105941772461,2347.219970703125,11.760000228881836,2.450000047683716,114.11199951171875,118.08000183105469,93.69689178466797,20619.76953125,5814.89990234375,203.2061767578125
2017-02-17,122.23789978027344,2351.159912109375,11.489999771118164,2.424999952316284,113.30500030517578,117.68000030517578,94.25311279296875,20624.05078125,5838.580078125,203.52647399902344
2017-02-22,122.88768005371094,2362.820068359375,11.739999771118164,2.4179999828338623,113.66899871826172,117.91000366210938,94.24528503417969,20775.599609375,5860.6298828125,204.55670166015625
2017-02-23,122.42626953125,2363.81005859375,11.710000038146973,2.388000011444092,113.41699981689453,118.94000244140625,94.52727508544922,20810.3203125,5835.509765625,204.6952362060547
2017-02-24,122.66165924072266,2367.340087890625,11.470000267028809,2.316999912261963,112.68199920654297,119.69999694824219,95.5770263671875,20821.759765625,5845.31005859375,204.9549560546875
2017-02-27,122.8123550415039,2369.75,12.09000015258789,2.36899995803833,112.18800354003906,119.12000274658203,95.01296997070312,20837.439453125,5861.89990234375,205.27528381347656
2017-02-28,122.4356689453125,2363.639892578125,12.920000076293945,2.3580000400543213,112.74500274658203,119.2300033569336,95.365478515625,20812.240234375,5825.43994140625,204.72122192382812
2017-03-01,123.77286529541016,2395.9599609375,12.539999961853027,2.4630000591278076,113.0770034790039,119.05999755859375,93.76749420166016,21115.55078125,5904.02978515625,207.58677673339844
2017-03-02,123.15135955810547,2381.919921875,11.8100004196167,2.489000082015991,114.12100219726562,117.58000183105469,93.42998504638672,21002.970703125,5861.22021484375,206.27955627441406
2017-03-03,123.3773422241211,2383.1201171875,10.960000038146973,2.492000102996826,114.34200286865234,117.51000213623047,93.67330932617188,21005.7109375,5870.75,206.4093780517578
2017-03-06,123.104248046875,2375.31005859375,11.239999771118164,2.49399995803833,113.84700012207031,116.72000122070312,93.2259521484375,20954.33984375,5849.18017578125,205.79466247558594
2017-03-07,122.89707946777344,2368.389892578125,11.449999809265137,2.510999917984009,113.91699981689453,115.77999877929688,92.94338989257812,20924.759765625,5833.93017578125,205.1800537109375
2017-03-08,123.11367797851562,2362.97998046875,11.859999656677246,2.552000045776367,113.9260025024414,115.05999755859375,92.44109344482422,20855.73046875,5837.5498046875,204.7991180419922
2017-03-09,123.20782470703125,2364.8701171875,12.300000190734863,2.5980000495910645,114.41100311279297,114.47000122070312,91.70330810546875,20858.189453125,5838.81005859375,205.05882263183594
2017-03-10,123.72576904296875,2372.60009765625,11.65999984741211,2.5820000171661377,115.14900207519531,114.72000122070312,92.02510833740234,20902.98046875,5861.72998046875,205.7774200439453
2017-03-13,123.93290710449219,2373.469970703125,11.350000381469727,2.6080000400543213,114.73200225830078,114.73999786376953,91.44428253173828,20881.48046875,5875.77978515625,205.88128662109375
2017-03-14,123.63158416748047,2365.449951171875,12.300000190734863,2.5950000286102295,114.91500091552734,114.12000274658203,91.8838119506836,20837.369140625,5856.81982421875,205.09347534179688
2017-03-15,124.39437103271484,2385.260009765625,11.630000114440918,2.507999897003174,114.65899658203125,116.25,93.0062255859375,20950.099609375,5900.0498046875,206.8682403564453
2017-03-16,124.3095703125,2381.3798828125,11.210000038146973,2.5220000743865967,113.4020004272461,116.7300033569336,92.5352783203125,20934.55078125,5900.759765625,206.46128845214844
2017-03-17,124.26620483398438,2378.25,11.279999732971191,2.500999927520752,113.33999633789062,116.98999786376953,93.11608123779297,20914.619140625,5901.0,206.09873962402344
2017-03-20,124.37940216064453,2373.469970703125,11.34000015258789,2.4730000495910645,112.67400360107422,117.51000213623047,93.5163345336914,20905.859375,5901.52978515625,205.87274169921875
2017-03-21,122.4921875,2344.02001953125,12.470000267028809,2.436000108718872,112.572998046875,118.54000091552734,94.29334259033203,20668.009765625,5793.830078125,203.22935485839844
2017-03-22,123.32255554199219,2348.449951171875,12.8100004196167,2.3959999084472656,111.53199768066406,118.83000183105469,94.67005920410156,20661.30078125,5821.64013671875,203.70758056640625
2017-03-23,123.01118469238281,2345.9599609375,13.119999885559082,2.4179999828338623,111.36900329589844,118.66999816894531,94.53666687011719,20656.580078125,5817.68994140625,203.49020385742188
2017-03-24,123.26594543457031,2343.97998046875,12.960000038146973,2.4000000953674316,111.00399780273438,118.86000061035156,94.87413787841797,20596.720703125,5828.740234375,203.3424072265625
2017-03-27,123.4640884399414,2341.590087890625,12.5,2.372999906539917,110.552001953125,119.52999877929688,95.30580139160156,20550.98046875,5840.3701171875,203.13372802734375
2017-03-28,124.21896362304688,2358.570068359375,11.529999732971191,2.4089999198913574,110.77100372314453,119.04000091552734,94.67005920410156,20701.5,5875.14013671875,204.61184692382812
2017-03-29,124.79460906982422,2361.1298828125,11.420000076293945,2.385999917984009,111.22599792480469,119.33000183105469,95.23517608642578,20659.3203125,5897.5498046875,204.8031463623047
2017-03-30,125.00223541259766,2368.06005859375,11.539999961853027,2.4159998893737793,111.15399932861328,118.47000122070312,94.46603393554688,20728.490234375,5914.33984375,205.45533752441406
2017-03-31,124.91731262207031,2362.719970703125,12.369999885559082,2.3959999084472656,111.7760009765625,118.72000122070312,94.74070739746094,20663.220703125,5911.740234375,204.9770965576172
2017-04-03,124.84182739257812,2358.840087890625,12.380000114440918,2.3499999046325684,111.26499938964844,119.3499984741211,95.69635772705078,20650.2109375,5894.68017578125,204.62059020996094
2017-04-04,125.03992462158203,2360.159912109375,11.789999961853027,2.3499999046325684,110.70899963378906,119.62000274658203,95.17725372314453,20689.240234375,5898.60986328125,204.75100708007812
2017-04-05,124.53038787841797,2352.949951171875,12.890000343322754,2.3570001125335693,110.85399627685547,119.62000274658203,95.46819305419922,20648.150390625,5864.47998046875,204.142333984375
2017-04-06,124.59645080566406,2357.489990234375,12.390000343322754,2.3429999351501465,110.38099670410156,119.18000030517578,95.32665252685547,20662.94921875,5878.9501953125,204.7161865234375
2017-04-07,124.53038787841797,2355.5400390625,12.869999885559082,2.372999906539917,110.89700317382812,119.45999908447266,94.94129180908203,20656.099609375,5877.81005859375,204.50755310058594
2017-04-10,124.5776138305664,2357.159912109375,14.050000190734863,2.3610000610351562,111.2249984741211,119.45999908447266,95.38172149658203,20658.01953125,5880.93017578125,204.62925720214844
2017-04-11,124.03971862792969,2353.780029296875,15.069999694824219,2.2980000972747803,110.71700286865234,121.19000244140625,96.2862319946289,20651.30078125,5866.77001953125,204.3858642578125
2017-04-12,123.53961181640625,2344.929931640625,15.770000457763672,2.2960000038146973,109.58699798583984,122.0199966430664,96.81317901611328,20591.859375,5836.16015625,203.49020385742188
2017-04-13,123.04891204833984,2328.949951171875,15.960000038146973,2.2320001125335693,108.9020004272461,122.5999984741211,97.11211395263672,20453.25,5805.14990234375,202.16854858398438
2017-04-18,123.87934112548828,2342.18994140625,14.420000076293945,2.178999900817871,109.11199951171875,122.81999969482422,98.07950592041016,20523.279296875,5849.47021484375,203.35110473632812
2017-04-19,124.07749938964844,2338.169921875,14.930000305175781,2.2019999027252197,108.53500366210938,121.7300033569336,97.5447006225586,20404.490234375,5863.02978515625,202.97720336914062
2017-04-20,125.11544036865234,2355.840087890625,14.149999618530273,2.240999937057495,108.83399963378906,121.95999908447266,97.16715240478516,20578.7109375,5916.77978515625,204.62925720214844
2017-04-21,125.08711242675781,2348.68994140625,14.630000114440918,2.236999988555908,109.375,122.30999755859375,97.16715240478516,20547.759765625,5910.52001953125,203.97711181640625
2017-04-24,126.59696197509766,2374.14990234375,10.84000015258789,2.2730000019073486,109.97799682617188,121.4800033569336,96.68738555908203,20763.890625,5983.81982421875,206.22044372558594
2017-04-25,127.51223754882812,2388.610107421875,10.760000228881836,2.3269999027252197,109.64099884033203,120.25,95.5233154296875,20996.119140625,6025.490234375,207.42042541503906
2017-04-26,127.33296203613281,2387.449951171875,10.850000381469727,2.311000108718872,111.0459976196289,120.83999633789062,96.05026245117188,20975.08984375,6025.22998046875,207.2899932861328
2017-04-27,128.0973358154297,2388.77001953125,10.359999656677246,2.2960000038146973,111.19100189208984,120.38999938964844,96.01884460449219,20981.330078125,6048.93994140625,207.46385192871094
2017-04-28,128.32379150390625,2384.199951171875,10.819999694824219,2.2820000648498535,111.22599792480469,120.7699966430664,96.23116302490234,20940.509765625,6047.60986328125,207.01173400878906
2017-05-01,129.465576171875,2388.330078125,10.109999656677246,2.325000047683716,111.302001953125,119.66999816894531,95.43121337890625,20913.4609375,6091.60009765625,207.53338623046875
2017-05-02,129.68263244628906,2391.169921875,10.59000015258789,2.2960000038146973,111.81199645996094,119.6500015258789,95.91984558105469,20949.890625,6095.3701171875,207.6116943359375
2017-05-03,129.26739501953125,2388.1298828125,10.680000305175781,2.309000015258789,111.96900177001953,117.9800033569336,95.98290252685547,20957.900390625,6072.5498046875,207.35948181152344
2017-05-04,129.31454467773438,2389.52001953125,10.460000038146973,2.3559999465942383,112.78299713134766,116.79000091552734,95.51000213623047,20951.470703125,6075.33984375,207.60301208496094
2017-05-05,129.786376953125,2399.2900390625,10.569999694824219,2.3519999980926514,112.53700256347656,117.01000213623047,95.59675598144531,21006.939453125,6100.759765625,208.4202880859375
2017-05-08,130.06948852539062,2399.3798828125,9.770000457763672,2.375999927520752,112.68399810791016,116.75,95.07652282714844,21012.279296875,6102.66015625,208.38555908203125
2017-05-09,130.52247619628906,2396.919921875,9.960000038146973,2.4070000648498535,113.2300033569336,116.05000305175781,95.06864166259766,20975.779296875,6120.58984375,208.1942596435547
2017-05-10,130.5979461669922,2399.6298828125,10.210000038146973,2.4140000343322754,113.697998046875,116.04000091552734,94.95831298828125,20943.109375,6129.14013671875,208.56808471679688
2017-05-11,130.494140625,2394.43994140625,10.600000381469727,2.4000000953674316,114.3280029296875,116.5,94.95831298828125,20919.419921875,6115.9599609375,208.1420440673828
2017-05-12,130.7866668701172,2390.89990234375,10.399999618530273,2.3350000381469727,113.80899810791016,116.83000183105469,95.67550659179688,20896.609375,6121.22998046875,207.79428100585938
2017-05-15,131.20179748535156,2402.320068359375,10.420000076293945,2.3380000591278076,113.27100372314453,117.13999938964844,95.41543579101562,20981.939453125,6149.669921875,208.9420166015625
2017-05-16,131.74911499023438,2400.669921875,10.649999618530273,2.3289999961853027,113.64199829101562,117.6500015258789,95.77011108398438,20979.75,6169.8701171875,208.750732421875
2017-05-17,128.39927673339844,2357.030029296875,15.59000015258789,2.2160000801086426,112.64600372314453,119.79000091552734,97.16515350341797,20606.9296875,6011.240234375,205.04664611816406
2017-05-18,129.5221405029297,2365.719970703125,14.65999984741211,2.2330000400543213,111.1259994506836,118.80999755859375,97.27552032470703,20663.01953125,6055.1298828125,205.87274169921875
2017-05-19,130.06948852539062,2381.72998046875,12.039999961853027,2.244999885559082,111.4010009765625,119.4000015258789,97.50410461425781,20804.83984375,6083.7001953125,207.211669921875
2017-05-22,131.16407775878906,2394.02001953125,10.930000305175781,2.253999948501587,111.28399658203125,119.9000015258789,97.23609924316406,20894.830078125,6133.6201171875,208.26382446289062
2017-05-23,131.29620361328125,2398.419921875,10.720000267028809,2.2850000858306885,110.89099884033203,119.13999938964844,96.5819091796875,20937.91015625,6138.7099609375,208.72467041015625
2017-05-24,131.90016174316406,2404.389892578125,10.020000457763672,2.2660000324249268,111.95700073242188,119.61000061035156,97.12574005126953,21012.419921875,6163.02001953125,209.21156311035156
2017-05-25,133.0230255126953,2415.070068359375,9.989999771118164,2.255000114440918,111.52400207519531,119.4800033569336,97.15731048583984,21082.94921875,6205.259765625,210.21151733398438
2017-05-26,133.2589874267578,2415.820068359375,9.8100004196167,2.25,111.7300033569336,120.54000091552734,97.32279968261719,21080.279296875,6210.18994140625,210.1680145263672
2017-05-31,133.32496643066406,2411.800048828125,10.40999984741211,2.196000099182129,110.83899688720703,120.62000274658203,98.04792022705078,21008.650390625,6198.52001953125,209.93325805664062
2017-06-01,133.84400939941406,2430.06005859375,9.890000343322754,2.2170000076293945,110.7959976196289,120.72000122070312,98.05818939208984,21144.1796875,6246.830078125,211.60269165039062
2017-06-02,135.37266540527344,2439.070068359375,9.75,2.1589999198913574,111.43699645996094,121.61000061035156,99.21926879882812,21206.2890625,6305.7998046875,212.3070068359375
2017-06-05,135.34437561035156,2436.10009765625,10.069999694824219,2.181999921798706,110.46299743652344,121.7300033569336,98.60316467285156,21184.0390625,6295.68017578125,212.15049743652344
2017-06-06,134.80654907226562,2429.330078125,10.449999809265137,2.1470000743865967,110.38099670410156,123.0999984741211,99.1402359008789,21136.23046875,6275.06005859375,211.47222900390625
2017-06-07,135.33494567871094,2433.139892578125,10.390000343322754,2.177999973297119,109.50900268554688,122.44999694824219,98.66636657714844,21173.689453125,6297.3798828125,211.86354064941406
2017-06-08,135.4764404296875,2433.7900390625,10.15999984741211,2.194000005722046,109.9000015258789,121.6500015258789,98.40570068359375,21182.529296875,6321.759765625,211.9678955078125
2017-06-09,132.0888214111328,2431.77001953125,10.699999809265137,2.1989998817443848,109.85900115966797,120.54000091552734,98.25563049316406,21271.970703125,6207.919921875,211.64620971679688
2017-06-12,131.38108825683594,2429.389892578125,11.460000038146973,2.2130000591278076,110.28800201416016,120.36000061035156,98.22406768798828,21235.669921875,6175.4599609375,211.60269165039062
2017-06-13,132.44744873046875,2440.35009765625,10.420000076293945,2.2070000171661377,109.9209976196289,120.4800033569336,98.23985290527344,21328.470703125,6220.3701171875,212.63739013671875
2017-06-14,131.87181091308594,2437.919921875,10.640000343322754,2.138000011444092,110.05500030517578,119.81999969482422,99.75634765625,21374.560546875,6194.89013671875,212.36781311035156
2017-06-15,131.28677368164062,2432.4599609375,10.899999618530273,2.1619999408721924,109.44599914550781,119.31999969482422,99.59835052490234,21359.900390625,6165.5,211.9591827392578
2017-06-16,130.71714782714844,2433.14990234375,10.380000114440918,2.1570000648498535,110.9520034790039,119.33999633789062,99.79580688476562,21384.279296875,6151.759765625,212.0054931640625
2017-06-19,132.90289306640625,2453.4599609375,10.369999885559082,2.190000057220459,110.9540023803711,118.43000030517578,99.65363311767578,21528.990234375,6239.009765625,213.77053833007812
2017-06-20,131.86204528808594,2437.030029296875,10.859999656677246,2.1530001163482666,111.6729965209961,118.18000030517578,100.546142578125,21467.140625,6188.02978515625,212.32882690429688
2017-06-21,133.1678466796875,2435.610107421875,10.75,2.1549999713897705,111.33399963378906,118.5199966430664,100.75154113769531,21410.029296875,6233.9501953125,212.27633666992188
2017-06-22,133.12994384765625,2434.5,10.479999542236328,2.1530001163482666,111.30999755859375,118.91999816894531,100.9726791381836,21397.2890625,6236.68994140625,212.18023681640625
2017-06-23,133.6409149169922,2438.300048828125,10.020000457763672,2.1440000534057617,111.29000091552734,119.43000030517578,100.92528533935547,21394.759765625,6265.25,212.43365478515625
2017-06-26,133.0164337158203,2439.070068359375,9.899999618530273,2.13700008392334,111.23899841308594,118.36000061035156,101.3044204711914,21409.55078125,6247.14990234375,212.57342529296875
2017-06-27,130.6036376953125,2419.3798828125,11.0600004196167,2.197999954223633,111.85800170898438,118.80999755859375,100.22232055664062,21310.66015625,6146.6201171875,210.86093139648438
2017-06-28,132.48655700683594,2440.68994140625,10.029999732971191,2.2209999561309814,112.18800354003906,118.9000015258789,99.89060974121094,21454.609375,6234.41015625,212.74826049804688
2017-06-29,130.1873016357422,2419.699951171875,11.4399995803833,2.2669999599456787,112.35399627685547,118.31999969482422,99.05342102050781,21287.029296875,6144.35009765625,210.87835693359375
2017-06-30,130.23458862304688,2423.409912109375,11.180000305175781,2.302000045776367,112.00900268554688,118.0199966430664,98.82432556152344,21349.630859375,6140.419921875,211.2716064453125
2017-07-03,128.8626251220703,2429.010009765625,11.220000267028809,2.3459999561309814,112.26200103759766,116.08999633789062,98.50614166259766,21479.26953125,6110.06005859375,211.62985229492188
2017-07-06,128.95721435546875,2409.75,12.539999961853027,2.369999885559082,113.18699645996094,116.47000122070312,97.71468353271484,21320.0390625,6089.4599609375,210.17935180664062
2017-07-07,130.3480987548828,2425.179931640625,11.1899995803833,2.3929998874664307,113.14900207519531,115.27999877929688,97.12899017333984,21414.33984375,6153.080078125,211.5424041748047
2017-07-10,131.19969177246094,2427.429931640625,11.109999656677246,2.371000051498413,113.98500061035156,115.47000122070312,97.27146911621094,21408.51953125,6176.39013671875,211.7696075439453
2017-07-11,131.5687255859375,2425.530029296875,10.890000343322754,2.361999988555908,,115.62000274658203,97.43766021728516,21409.0703125,6193.2998046875,211.61228942871094
2017-07-12,133.12994384765625,2443.25,10.300000190734863,2.3269999027252197,113.74800109863281,116.02999877929688,98.11041259765625,21532.140625,6261.169921875,213.2025604248047
2017-07-13,133.42324829101562,2447.830078125,9.899999618530273,2.3480000495910645,113.33499908447266,115.81999969482422,97.4930648803711,21553.08984375,6274.43994140625,213.56077575683594
2017-07-14,134.4735565185547,2459.27001953125,9.510000228881836,2.319000005722046,113.41799926757812,116.7699966430664,97.6117935180664,21637.740234375,6312.47021484375,214.5568389892578
2017-07-17,134.53981018066406,2459.139892578125,9.819999694824219,2.309000015258789,112.39700317382812,117.29000091552734,97.8808822631836,21629.720703125,6314.43017578125,214.5306396484375
2017-07-18,135.4386749267578,2460.610107421875,9.890000343322754,2.263000011444092,112.58100128173828,118.11000061035156,98.73567962646484,21574.73046875,6344.31005859375,214.6442108154297
2017-07-19,136.23345947265625,2473.830078125,9.789999961853027,2.2679998874664307,111.99500274658203,118.08000183105469,98.77526092529297,21640.75,6385.0400390625,215.8062744140625
2017-07-20,136.41326904296875,2473.449951171875,9.579999923706055,2.2660000324249268,111.87699890136719,118.23999786376953,99.06018829345703,21611.779296875,6390.0,215.90243530273438
2017-07-21,136.35650634765625,2472.5400390625,9.359999656677246,2.2320001125335693,111.88500213623047,119.26000213623047,99.47969055175781,21580.0703125,6387.75,215.71018981933594
2017-07-24,136.98101806640625,2469.909912109375,9.430000305175781,2.253999948501587,110.94499969482422,119.30999755859375,99.09184265136719,21513.169921875,6410.81005859375,215.65780639648438
2017-07-25,136.6309051513672,2477.1298828125,9.430000305175781,2.3259999752044678,111.23200225830078,118.91999816894531,97.80174255371094,21613.4296875,6412.169921875,216.1820068359375
2017-07-26,137.07557678222656,2477.830078125,9.600000381469727,2.2820000648498535,112.00299835205078,119.87999725341797,97.96003723144531,21711.009765625,6422.75,216.19078063964844
2017-07-27,136.21456909179688,2475.419921875,10.109999656677246,2.309999942779541,111.12799835205078,119.79000091552734,97.4772720336914,21796.55078125,6382.18994140625,215.9897918701172
2017-07-28,136.10104370117188,2472.10009765625,10.289999961853027,2.2890000343322754,111.09700012207031,120.69000244140625,98.05502319335938,21830.310546875,6374.68017578125,215.73641967773438
2017-07-31,135.5238037109375,2470.300048828125,10.260000228881836,2.2920000553131104,110.51000213623047,120.75,98.17373657226562,21891.119140625,6348.1201171875,215.6140899658203
2017-08-01,135.8361053466797,2476.35009765625,10.09000015258789,2.250999927520752,110.35900115966797,120.6500015258789,98.8630142211914,21963.919921875,6362.93994140625,216.09471130371094
2017-08-02,136.20510864257812,2477.570068359375,10.279999732971191,2.26200008392334,110.43199920654297,120.4000015258789,98.9185791015625,22016.240234375,6362.64990234375,216.19952392578125
2017-08-03,135.67527770996094,2472.159912109375,10.4399995803833,2.2279999256134033,110.75700378417969,120.58999633789062,99.9417724609375,22026.099609375,6340.33984375,215.7801055908203
2017-08-04,135.9212188720703,2476.830078125,10.029999732971191,2.2669999599456787,109.9000015258789,119.6500015258789,99.09305572509766,22092.810546875,6351.56005859375,216.17324829101562
2017-08-07,136.7822723388672,2480.909912109375,9.930000305175781,2.256999969482422,110.78600311279297,119.51000213623047,99.2040786743164,22118.419921875,6383.77001953125,216.5751953125
2017-08-08,136.54576110839844,2474.919921875,10.960000038146973,2.2829999923706055,110.75,119.86000061035156,98.84712219238281,22085.33984375,6370.4599609375,216.04220581054688
2017-08-09,136.36595153808594,2474.02001953125,11.109999656677246,2.240999937057495,110.10199737548828,121.30999755859375,99.38652801513672,22048.69921875,6352.330078125,216.03347778320312
2017-08-10,133.4421844482422,2438.2099609375,16.040000915527344,2.2119998931884766,110.04900360107422,122.20999908447266,100.2352523803711,21844.009765625,6216.8701171875,212.98411560058594
2017-08-11,134.45458984375,2441.320068359375,15.510000228881836,2.188999891281128,109.10600280761719,122.79000091552734,100.2828140258789,21858.3203125,6256.56005859375,213.29861450195312
2017-08-14,136.18618774414062,2465.840087890625,12.329999923706055,2.2190001010894775,109.2300033569336,121.91999816894531,99.76727294921875,21993.7109375,6340.22998046875,215.4131317138672
2017-08-15,136.2808380126953,2464.610107421875,12.039999961853027,2.2660000324249268,109.93199920654297,120.9800033569336,99.34687042236328,21998.990234375,6333.009765625,215.38690185546875
2017-08-16,136.51736450195312,2468.110107421875,11.739999771118164,2.2260000705718994,110.59600067138672,121.87000274658203,99.71176147460938,22024.869140625,6345.10986328125,215.7626190185547
2017-08-17,133.72604370117188,2430.010009765625,15.550000190734863,2.1989998817443848,109.9990005493164,122.48999786376953,100.45730590820312,21750.73046875,6221.91015625,212.39871215820312
2017-08-18,133.63145446777344,2425.550048828125,14.260000228881836,2.194000005722046,109.3280029296875,122.30000305175781,100.43356323242188,21674.509765625,6216.52978515625,212.0666961669922
2017-08-21,133.46109008789062,2428.3701171875,13.1899995803833,2.180000066757202,109.31999969482422,122.76000213623047,100.6794204711914,21703.75,6213.1298828125,212.23269653320312
2017-08-22,135.49545288085938,2452.510009765625,11.350000381469727,2.2149999141693115,108.94400024414062,122.20999908447266,100.290771484375,21899.890625,6297.47998046875,214.45199584960938
2017-08-23,135.01292419433594,2444.0400390625,12.25,2.1710000038146973,109.73100280761719,122.66999816894531,100.97290802001953,21812.08984375,6278.41015625,213.68307495117188
2017-08-24,134.61549377441406,2438.969970703125,12.229999542236328,2.194000005722046,108.91000366210938,122.29000091552734,100.60009765625,21783.400390625,6271.330078125,213.18505859375
2017-08-25,134.33164978027344,2443.050048828125,11.279999732971191,2.1689999103546143,109.51399993896484,122.73999786376953,100.9887466430664,21813.669921875,6265.64013671875,213.68307495117188
2017-08-28,134.7480010986328,2444.239990234375,11.319999694824219,2.1589999198913574,109.34600067138672,124.69000244140625,100.92530822753906,21808.400390625,6283.02001953125,213.69187927246094
2017-08-29,135.27784729003906,2446.300048828125,11.699999809265137,2.135999917984009,108.73699951171875,124.41999816894531,101.25052642822266,21865.369140625,6301.89013671875,213.93646240234375
2017-08-30,136.86746215820312,2457.590087890625,11.220000267028809,2.1429998874664307,109.79000091552734,124.36000061035156,101.21881866455078,21892.4296875,6368.31005859375,214.94998168945312
2017-08-31,138.33404541015625,2471.64990234375,10.59000015258789,2.121000051498413,110.45999908447266,125.81999969482422,101.52018737792969,21948.099609375,6428.66015625,216.2431640625
2017-09-01,138.1448516845703,2476.550048828125,10.130000114440918,2.1570000648498535,110.12899780273438,126.05999755859375,100.7436294555664,21987.560546875,6435.330078125,216.54904174804688
2017-09-06,137.3216552734375,2465.5400390625,11.630000114440918,2.1080000400543213,108.60199737548828,126.80999755859375,101.7133560180664,21807.640625,6393.31005859375,215.72769165039062
2017-09-07,137.64332580566406,2465.10009765625,11.550000190734863,2.061000108718872,109.13400268554688,128.1300048828125,102.75456237792969,21784.779296875,6397.8701171875,215.7014617919922
2017-09-08,136.451171875,2461.429931640625,12.119999885559082,2.061000108718872,108.2699966430664,127.97000122070312,102.531982421875,21797.7890625,6360.18994140625,215.44805908203125
2017-09-11,138.0218048095703,2488.110107421875,10.729999542236328,2.125,108.23100280761719,126.19000244140625,101.3079605102539,22057.369140625,6432.259765625,217.7460174560547
2017-09-12,138.35299682617188,2496.47998046875,10.579999923706055,2.1710000038146973,109.3949966430664,126.55999755859375,100.77546691894531,22118.859375,6454.27978515625,218.47998046875
2017-09-13,138.54225158691406,2498.3701171875,10.5,2.194999933242798,110.22599792480469,125.61000061035156,100.37806701660156,22158.1796875,6460.18994140625,218.58482360839844
2017-09-14,137.72853088378906,2495.6201171875,10.4399995803833,2.197000026702881,110.51499938964844,126.16000366210938,100.7913589477539,22203.48046875,6429.080078125,218.51492309570312
2017-09-15,138.20156860351562,2500.22998046875,10.170000076293945,2.2019999027252197,109.91899871826172,125.52999877929688,100.8310775756836,22268.33984375,6448.47021484375,218.80906677246094
2017-09-18,138.02044677734375,2503.8701171875,10.149999618530273,2.2290000915527344,111.1969985961914,124.36000061035156,100.25089263916016,22331.349609375,6454.64013671875,219.2744598388672
2017-09-19,138.25753784179688,2506.64990234375,10.180000305175781,2.243000030517578,111.49600219726562,124.62000274658203,100.00444793701172,22370.80078125,6461.31982421875,219.49398803710938
2017-09-20,137.830810546875,2508.239990234375,9.779999732971191,2.2769999504089355,111.5780029296875,123.62000274658203,100.07599639892578,22412.58984375,6456.0400390625,219.57301330566406
2017-09-21,136.9868621826172,2500.60009765625,9.670000076293945,2.2780001163482666,112.5459976196289,122.68000030517578,100.0203857421875,22359.23046875,6422.68994140625,218.9846649169922
2017-09-22,136.8541259765625,2502.219970703125,9.59000015258789,2.26200008392334,112.4520034790039,123.23999786376953,100.30651092529297,22349.58984375,6426.919921875,219.0286102294922
2017-09-25,135.4127197265625,2496.659912109375,10.210000038146973,2.2200000286102295,112.44400024414062,124.52999877929688,100.93441772460938,22296.08984375,6370.58984375,218.58078002929688
2017-09-26,135.76358032226562,2496.840087890625,10.170000076293945,2.2290000915527344,111.76100158691406,123.13999938964844,100.75163269042969,22284.3203125,6380.16015625,218.71250915527344
2017-09-27,136.9868621826172,2507.0400390625,9.869999885559082,2.309000015258789,112.37699890136719,121.9800033569336,99.2335205078125,22340.7109375,6453.259765625,219.5642547607422
2017-09-28,136.93946838378906,2510.06005859375,9.550000190734863,2.309000015258789,112.86000061035156,122.20999908447266,98.93941497802734,22381.19921875,6453.4501953125,219.82766723632812
2017-09-29,137.92562866210938,2519.360107421875,9.510000228881836,2.3259999752044678,112.46700286865234,121.58000183105469,99.16193389892578,22405.08984375,6495.9599609375,220.6003875732422
2017-10-02,138.0489044189453,2529.1201171875,9.449999809265137,2.3369998931884766,112.63800048828125,120.7699966430664,98.98038482666016,22557.599609375,6516.72021484375,221.55747985839844
2017-10-03,138.3428497314453,2534.580078125,9.510000228881836,2.3340001106262207,112.7699966430664,120.83000183105469,99.075927734375,22641.669921875,6531.7099609375,222.0316162109375
2017-10-04,138.47561645507812,2537.739990234375,9.630000114440918,2.3299999237060547,112.8479995727539,121.16999816894531,99.08390045166016,22661.640625,6534.6298828125,222.29510498046875
2017-10-05,139.83168029785156,2552.070068359375,9.1899995803833,2.3499999046325684,112.822998046875,120.5199966430664,98.7095947265625,22775.390625,6585.35986328125,223.61219787597656
2017-10-06,140.02130126953125,2549.330078125,9.649999618530273,2.369999885559082,112.77400207519531,121.08999633789062,98.43082427978516,22773.669921875,6590.18017578125,223.35751342773438
2017-10-09,139.860107421875,2544.72998046875,10.329999923706055,2.3610000610351562,112.5510025024414,122.08000183105469,98.741455078125,22761.0703125,6579.72998046875,222.98873901367188
2017-10-10,139.9644012451172,2550.639892578125,10.079999923706055,2.3450000286102295,112.65799713134766,122.4000015258789,98.90074920654297,22830.6796875,6587.25,223.57708740234375
2017-10-11,140.38162231445312,2555.239990234375,9.850000381469727,2.3450000286102295,112.34500122070312,122.79000091552734,99.09184265136719,22872.890625,6603.5498046875,223.9282684326172
2017-10-12,140.1256103515625,2550.929931640625,9.90999984741211,2.322999954223633,112.43399810791016,122.88999938964844,99.51397705078125,22841.009765625,6591.509765625,223.59463500976562
2017-10-13,140.6661376953125,2553.169921875,9.609999656677246,2.2799999713897705,112.23899841308594,123.81999969482422,100.23078155517578,22871.720703125,6605.7998046875,223.8668212890625
2017-10-16,141.1497344970703,2557.639892578125,9.90999984741211,2.306999921798706,111.88200378417969,122.97000122070312,100.15909576416016,22956.9609375,6624.0,224.1654052734375
2017-10-17,141.32992553710938,2559.360107421875,10.3100004196167,2.2980000972747803,112.19499969482422,122.12999725341797,100.28654479980469,22997.439453125,6623.66015625,224.32342529296875
2017-10-18,141.1592254638672,2561.260009765625,10.069999694824219,2.3389999866485596,112.21299743652344,121.66999816894531,99.62545776367188,23157.599609375,6624.22021484375,224.54295349121094
2017-10-19,140.63768005371094,2562.10009765625,10.050000190734863,2.321000099182129,113.01300048828125,122.38999938964844,99.80068969726562,23163.0390625,6605.06982421875,224.60440063476562
2017-10-20,141.0170440673828,2575.2099609375,9.970000267028809,2.38100004196167,112.68000030517578,121.61000061035156,98.741455078125,23328.630859375,6629.0498046875,225.7635040283203
2017-10-23,140.09719848632812,2564.97998046875,11.069999694824219,2.375999927520752,114.0479965209961,121.80000305175781,98.91667938232422,23273.9609375,6586.830078125,224.88539123535156
2017-10-24,140.3342742919922,2569.1298828125,11.15999984741211,2.4059998989105225,113.33999633789062,121.33000183105469,98.30339813232422,23441.759765625,6598.43017578125,225.28057861328125
2017-10-25,139.80320739746094,2557.14990234375,11.229999542236328,2.444000005722046,113.94599914550781,121.3499984741211,97.83348846435547,23329.4609375,6563.89013671875,224.1654052734375
2017-10-26,139.35752868652344,2560.39990234375,11.300000190734863,2.4519999027252197,113.55799865722656,120.33000183105469,97.5069808959961,23400.859375,6556.77001953125,224.45509338378906
2017-10-27,143.41610717773438,2581.070068359375,9.800000190734863,2.427999973297119,114.1240005493164,120.9000015258789,98.1520767211914,23434.189453125,6701.259765625,226.2903289794922
2017-10-30,143.73851013183594,2572.830078125,10.5,2.369999885559082,113.73899841308594,121.12999725341797,99.09184265136719,23348.740234375,6698.9599609375,225.4473876953125
2017-10-31,144.27902221679688,2575.260009765625,10.180000305175781,2.375999927520752,112.99600219726562,120.66999816894531,99.12373352050781,23377.240234375,6727.669921875,225.79856872558594
2017-11-01,144.23165893554688,2579.360107421875,10.199999809265137,2.375999927520752,113.6500015258789,121.11000061035156,99.56507873535156,23435.009765625,6716.52978515625,226.09710693359375
2017-11-02,143.95660400390625,2579.85009765625,9.930000305175781,2.3469998836517334,114.1520004272461,121.19000244140625,100.00405883789062,23516.259765625,6714.93994140625,226.18492126464844
2017-11-03,145.3411407470703,2587.840087890625,9.140000343322754,2.3429999351501465,114.01599884033203,120.62000274658203,100.2754135131836,23539.189453125,6764.43994140625,226.9401397705078
2017-11-06,145.83421325683594,2591.1298828125,9.399999618530273,2.319999933242798,114.1780014038086,121.6500015258789,100.65052795410156,23548.419921875,6786.43994140625,227.29132080078125
2017-11-07,145.91952514648438,2590.639892578125,9.890000343322754,2.306999921798706,113.77100372314453,121.20999908447266,101.07353973388672,23557.23046875,6767.77978515625,227.13331604003906
2017-11-08,146.50746154785156,2594.3798828125,9.779999732971191,2.325000047683716,113.76100158691406,121.62999725341797,100.8500747680664,23563.359375,6789.1201171875,227.5196533203125
2017-11-09,145.7393341064453,2584.6201171875,10.5,2.3310000896453857,113.927001953125,122.12999725341797,100.5627212524414,23461.939453125,6750.0498046875,226.69424438476562
2017-11-10,145.72987365722656,2582.300048828125,11.289999961853027,2.4000000953674316,113.375,121.12999725341797,99.04633331298828,23422.2109375,6750.93994140625,226.62400817871094
2017-11-13,145.91004943847656,2584.840087890625,11.5,2.4000000953674316,113.68599700927734,121.30999755859375,99.25382995605469,23439.69921875,6757.60009765625,226.83473205566406
2017-11-14,145.37904357910156,2578.8701171875,11.59000015258789,2.38100004196167,113.58499908447266,121.55999755859375,99.92423248291016,23409.470703125,6737.8701171875,226.30789184570312
2017-11-15,144.6962890625,2564.6201171875,13.130000114440918,2.3350000381469727,113.4020004272461,121.41000366210938,101.00970458984375,23271.279296875,6706.2099609375,225.17518615722656
2017-11-16,146.54541015625,2585.639892578125,11.760000228881836,2.3610000610351562,,121.4000015258789,100.13170623779297,23458.359375,6793.2900390625,227.0893096923828
2017-11-17,145.98594665527344,2578.85009765625,11.430000305175781,2.3540000915527344,113.02799987792969,122.86000061035156,100.8740234375,23358.240234375,6782.7900390625,226.4220428466797
2017-11-20,145.87213134765625,2582.139892578125,10.649999618530273,2.371999979019165,112.03800201416016,121.30999755859375,100.83409881591797,23430.330078125,6790.7099609375,226.80838012695312
2017-11-21,147.45574951171875,2599.030029296875,9.729999542236328,2.36299991607666,112.5510025024414,121.51000213623047,101.15335083007812,23590.830078125,6862.47998046875,228.29238891601562
2017-11-22,147.6358642578125,2597.080078125,9.880000114440918,2.322000026702881,112.34100341796875,122.62999725341797,101.4805679321289,23526.1796875,6867.35986328125,228.09043884277344
2017-11-27,148.10997009277344,2601.419921875,9.869999885559082,2.328000068664551,111.6709976196289,122.83000183105469,101.05758666992188,23580.779296875,6878.52001953125,228.50311279296875
2017-11-28,148.48936462402344,2627.0400390625,10.029999732971191,2.3380000591278076,111.16999816894531,122.80999755859375,101.19324493408203,23836.7109375,6912.35986328125,230.82125854492188
2017-11-29,145.90054321289062,2626.070068359375,10.699999809265137,2.375999927520752,111.64800262451172,122.04000091552734,100.19566345214844,23940.6796875,6824.39013671875,230.68067932128906
2017-11-30,147.1238250732422,2647.580078125,11.279999732971191,2.4170000553131104,112.00199890136719,121.0999984741211,99.86042785644531,24272.349609375,6873.97021484375,232.70030212402344
2017-12-01,146.49803161621094,2642.219970703125,11.430000305175781,2.361999988555908,112.55599975585938,121.58999633789062,101.20796966552734,24231.58984375,6847.58984375,232.21739196777344
2017-12-04,144.81008911132812,2639.43994140625,11.680000305175781,2.378999948501587,112.86399841308594,121.18000030517578,101.25597381591797,24290.05078125,6775.3701171875,231.93638610839844
2017-12-05,144.90487670898438,2629.570068359375,11.329999923706055,2.3559999465942383,112.4990005493164,120.31999969482422,101.75979614257812,24180.640625,6762.2099609375,231.10223388671875
2017-12-06,145.55918884277344,2629.27001953125,11.020000457763672,2.3299999237060547,112.46399688720703,120.06999969482422,102.1116943359375,24140.91015625,6776.3798828125,231.14613342285156
2017-12-07,146.05230712890625,2636.97998046875,10.15999984741211,2.375999927520752,112.29100036621094,118.48999786376953,101.31192779541016,24211.48046875,6812.83984375,231.87490844726562
2017-12-08,146.69711303710938,2651.5,9.579999923706055,2.382999897003174,113.1729965209961,118.4800033569336,101.3199234008789,24329.16015625,6840.080078125,233.13934326171875
2017-12-11,147.83505249023438,2659.989990234375,9.34000015258789,2.384999990463257,113.54299926757812,118.01000213623047,101.11198425292969,24386.029296875,6875.080078125,233.84181213378906
2017-12-12,147.6358642578125,2664.110107421875,9.920000076293945,2.4030001163482666,113.54000091552734,118.1500015258789,101.07201385498047,24504.80078125,6862.31982421875,234.25460815429688
2017-12-13,147.9203643798828,2662.85009765625,10.180000305175781,2.3489999771118164,113.54499816894531,119.16999816894531,101.8317642211914,24585.4296875,6875.7998046875,234.2281494140625
2017-12-14,147.81610107421875,2652.010009765625,10.489999771118164,2.3459999561309814,112.78199768066406,118.93000030517578,102.26363372802734,24508.66015625,6856.52978515625,233.27110290527344
2017-12-15,149.49453735351562,2675.81005859375,9.420000076293945,2.3550000190734863,112.39600372314453,119.18000030517578,102.64752960205078,24651.740234375,6936.580078125,235.21360778808594
2017-12-18,150.74790954589844,2690.159912109375,9.529999732971191,2.3919999599456787,112.71600341796875,119.7300033569336,101.7118148803711,24792.19921875,6994.759765625,236.70516967773438
2017-12-19,149.85462951660156,2681.469970703125,10.029999732971191,2.4630000591278076,112.56800079345703,119.81999969482422,100.39221954345703,24754.75,6963.85009765625,235.79611206054688
2017-12-20,149.693115234375,2679.25,9.720000267028809,2.496999979019165,112.98300170898438,120.13999938964844,99.28057861328125,24726.650390625,6960.9599609375,235.67251586914062
2017-12-21,149.7121124267578,2684.570068359375,9.619999885559082,2.4809999465942383,113.24099731445312,120.30999755859375,99.85923767089844,24782.2890625,6965.35986328125,236.157958984375
2017-12-22,149.54107666015625,2683.340087890625,9.899999618530273,2.484999895095825,113.322998046875,120.94000244140625,99.9954605102539,24754.060546875,6959.9599609375,236.09619140625
2017-12-27,148.75238037109375,2682.6201171875,10.470000267028809,2.4140000343322754,113.2030029296875,122.2300033569336,101.59833526611328,24774.30078125,6939.33984375,235.9285125732422
2017-12-28,148.9329071044922,2687.5400390625,10.180000305175781,2.431999921798706,113.21700286865234,122.8499984741211,101.51020050048828,24837.509765625,6950.16015625,236.4138946533203
2017-12-29,148.01113891601562,2673.610107421875,11.039999961853027,2.4049999713897705,112.875,123.6500015258789,101.67047119140625,24719.220703125,6903.39013671875,235.52255249023438
2018-01-03,152.06871032714844,2713.06005859375,9.149999618530273,2.447000026702881,112.24400329589844,124.81999969482422,101.05332946777344,24922.6796875,7065.52978515625,238.70852661132812
2018-01-04,152.3347930908203,2723.989990234375,9.220000267028809,2.453000068664551,112.60700225830078,125.45999908447266,101.0373764038086,25075.130859375,7077.91015625,239.71470642089844
2018-01-05,153.86473083496094,2743.14990234375,9.220000267028809,2.4760000705718994,112.78299713134766,125.33000183105469,100.74882507324219,25295.869140625,7136.56005859375,241.31216430664062
2018-01-08,154.46339416503906,2747.7099609375,9.520000457763672,2.4800000190734863,113.15399932861328,125.30999755859375,100.6847152709961,25283.0,7157.39013671875,241.75341796875
2018-01-09,154.47288513183594,2751.2900390625,10.079999923706055,2.5460000038146973,113.14099884033203,124.7300033569336,99.33831024169922,25385.80078125,7163.580078125,242.3007049560547
2018-01-10,154.11183166503906,2748.22998046875,9.819999694824219,2.549999952316284,112.75499725341797,125.02999877929688,99.21806335449219,25369.130859375,7153.56982421875,241.93002319335938
2018-01-11,155.16653442382812,2767.56005859375,9.880000114440918,2.5309998989105225,111.44400024414062,125.44000244140625,99.62678527832031,25574.73046875,7211.77978515625,243.69508361816406
2018-01-12,156.30686950683594,2786.239990234375,10.15999984741211,2.552000045776367,111.29399871826172,126.95999908447266,99.79507446289062,25803.189453125,7261.06005859375,245.2837371826172
2018-01-17,157.54222106933594,2802.56005859375,11.90999984741211,2.578000068664551,110.38800048828125,126.13999938964844,100.07560729980469,26115.650390625,7298.27978515625,246.77532958984375
2018-01-18,157.57069396972656,2798.030029296875,12.220000267028809,2.6110000610351562,111.3759994506836,125.86000061035156,99.14593505859375,26017.810546875,7296.0498046875,246.3604736328125
2018-01-19,158.06483459472656,2810.300048828125,11.270000457763672,2.63700008392334,111.0260009765625,126.41999816894531,98.6249771118164,26071.720703125,7336.3798828125,247.4813690185547
2018-01-22,159.75625610351562,2832.969970703125,11.029999732971191,2.6649999618530273,110.68399810791016,126.6500015258789,98.72115325927734,26214.599609375,7408.02978515625,249.49356079101562
2018-01-23,161.0771484375,2839.1298828125,11.100000381469727,2.624000072479248,110.96600341796875,127.27999877929688,99.14593505859375,26210.810546875,7460.2900390625,250.023193359375
2018-01-24,160.0318603515625,2837.5400390625,11.470000267028809,2.6540000438690186,110.10700225830078,128.8300018310547,98.60899353027344,26252.119140625,7415.06005859375,249.926025390625
2018-01-25,159.97488403320312,2839.25,11.579999923706055,2.621000051498413,109.32599639892578,127.97000122070312,99.41841888427734,26392.7890625,7411.16015625,250.031982421875
2018-01-26,162.42645263671875,2872.8701171875,11.079999923706055,2.6619999408721924,109.7040023803711,128.07000732421875,99.0497817993164,26616.7109375,7505.77001953125,252.92678833007812
2018-01-29,161.63775634765625,2853.530029296875,13.84000015258789,2.6989998817443848,108.63899993896484,127.3499984741211,98.36052703857422,26439.48046875,7466.509765625,251.2499237060547
2018-01-30,160.30743408203125,2822.429931640625,14.789999961853027,2.7260000705718994,108.9260025024414,126.80000305175781,97.78353118896484,26076.890625,7402.47998046875,248.6727294921875
2018-01-31,160.97256469726562,2823.81005859375,13.539999961853027,2.7200000286102295,108.73200225830078,127.6500015258789,98.36052703857422,26149.390625,7411.47998046875,248.7962646484375
2018-02-01,159.60423278808594,2821.97998046875,13.470000267028809,2.7730000019073486,109.20099639892578,128.07000732421875,96.93496704101562,26186.7109375,7385.85986328125,248.51388549804688
2018-02-02,156.42092895507812,2762.1298828125,17.309999465942383,2.8540000915527344,109.40599822998047,126.38999938964844,96.03553009033203,25520.9609375,7240.9501953125,243.10379028320312
2018-02-05,150.25379943847656,2648.93994140625,37.31999969482422,2.7939999103546143,110.03500366210938,126.70999908447266,96.94304656982422,24345.75,6967.52978515625,232.9365234375
2018-02-06,154.23524475097656,2695.139892578125,29.979999542236328,2.7679998874664307,109.09500122070312,125.37999725341797,96.34074401855469,24912.76953125,7115.8798828125,237.52598571777344
2018-02-07,152.2397918701172,2681.659912109375,27.729999542236328,2.8440001010894775,109.62699890136719,124.79000091552734,95.42515563964844,24893.349609375,7051.97998046875,236.23739624023438
2018-02-08,145.8161163330078,2581.0,33.459999084472656,2.8510000705718994,109.19599914550781,124.9800033569336,95.3207778930664,23860.4609375,6777.16015625,227.37640380859375
2018-02-09,148.3342742919922,2619.550048828125,29.059999465942383,2.8289999961853027,108.52899932861328,124.7699966430664,94.71843719482422,24190.900390625,6874.490234375,230.7919158935547
2018-02-12,150.96646118164062,2656.0,25.610000610351562,2.8570001125335693,108.80000305175781,125.37000274658203,95.13605499267578,24601.26953125,6981.9599609375,234.18104553222656
2018-02-13,151.7456512451172,2662.93994140625,24.969999313354492,2.8399999141693115,108.69000244140625,126.08000183105469,95.56169891357422,24640.44921875,7013.509765625,234.7635040283203
2018-02-14,154.58689880371094,2698.6298828125,19.260000228881836,2.9130001068115234,107.76399993896484,128.22999572753906,94.5015869140625,24893.490234375,7143.6201171875,237.93191528320312
2018-02-15,157.4566650390625,2731.199951171875,19.1299991607666,2.8910000324249268,106.58699798583984,128.3800048828125,94.82283020019531,25200.369140625,7256.43017578125,240.9679412841797
2018-02-16,156.7534942626953,2732.219970703125,19.459999084472656,2.877000093460083,106.11100006103516,127.95999908447266,95.33686065673828,25219.380859375,7239.47021484375,241.0386199951172
2018-02-21,156.62046813964844,2701.330078125,20.020000457763672,2.943000078201294,107.38099670410156,125.66000366210938,93.75469207763672,24797.779296875,7218.22998046875,238.33786010742188
2018-02-22,156.60145568847656,2703.9599609375,18.719999313354492,2.9170000553131104,107.55500030517578,126.30000305175781,94.03575897216797,24962.48046875,7210.08984375,238.6467742919922
2018-02-23,159.80381774902344,2747.300048828125,16.489999771118164,2.871000051498413,106.81400299072266,126.13999938964844,94.87103271484375,25309.990234375,7337.39013671875,242.45071411132812
2018-02-26,161.92282104492188,2779.60009765625,15.800000190734863,2.8589999675750732,107.0739974975586,126.44999694824219,94.9031753540039,25709.26953125,7421.4599609375,245.2660369873047
2018-02-27,159.91783142089844,2744.280029296875,18.59000015258789,2.9079999923706055,107.06900024414062,125.12999725341797,94.7666244506836,25410.029296875,7330.35009765625,242.20355224609375
2018-02-28,158.89154052734375,2713.830078125,19.850000381469727,2.868000030517578,107.4260025024414,125.0,95.3689956665039,25029.19921875,7273.009765625,239.75
2018-03-01,156.29734802246094,2677.669921875,22.469999313354492,2.803999900817871,106.63999938964844,124.72000122070312,96.01998901367188,24608.98046875,7180.56005859375,236.263916015625
2018-03-02,157.73223876953125,2691.25,19.59000015258789,2.8570001125335693,106.16300201416016,125.38999938964844,95.23941802978516,24538.060546875,7257.8701171875,237.4818115234375
2018-03-05,159.480712890625,2720.93994140625,18.729999542236328,2.88100004196167,105.55599975585938,125.18000030517578,94.9819107055664,24874.759765625,7330.7099609375,240.2266387939453
2018-03-06,160.1553955078125,2728.1201171875,18.360000610351562,2.877000093460083,106.25,126.52999877929688,95.0704116821289,24884.119140625,7372.009765625,240.8356170654297
2018-03-07,160.5260009765625,2726.800048828125,17.760000228881836,2.882999897003174,105.53700256347656,125.72000122070312,94.96580505371094,24801.359375,7396.64990234375,240.74728393554688
2018-03-08,161.4097137451172,2738.969970703125,16.540000915527344,2.865999937057495,106.18599700927734,125.41999816894531,95.51303100585938,24895.2109375,7427.9501953125,241.9123077392578
2018-03-09,164.54556274414062,2786.570068359375,14.640000343322754,2.8940000534057617,106.40599822998047,125.54000091552734,94.88531494140625,25335.740234375,7560.81005859375,246.1221923828125
2018-03-12,165.4197540283203,2783.02001953125,15.779999732971191,2.869999885559082,106.89099884033203,125.54000091552734,95.43252563476562,25178.609375,7588.31982421875,245.813232421875
2018-03-13,163.16766357421875,2765.31005859375,16.350000381469727,2.8480000495910645,106.26000213623047,125.77999877929688,95.9153823852539,25007.029296875,7511.009765625,244.2247314453125
2018-03-14,163.13916015625,2749.47998046875,17.229999542236328,2.816999912261963,106.50800323486328,125.69999694824219,96.76033782958984,24758.119140625,7496.81005859375,242.97142028808594
2018-03-15,162.9966278076172,2747.330078125,16.59000015258789,2.8259999752044678,106.15499877929688,124.9000015258789,96.76033782958984,24873.66015625,7481.740234375,242.70660400390625
2018-03-16,162.51197814941406,2752.010009765625,15.800000190734863,2.8480000495910645,106.30899810791016,124.5999984741211,96.41426849365234,24946.509765625,7481.990234375,242.9698486328125
2018-03-19,159.0446319580078,2712.919921875,19.020000457763672,2.8450000286102295,105.96900177001953,124.87000274658203,96.10848999023438,24610.91015625,7344.240234375,239.68240356445312
2018-03-20,159.568115234375,2716.93994140625,18.200000762939453,2.878999948501587,105.99600219726562,124.30999755859375,95.72222900390625,24727.26953125,7364.2998046875,240.0899658203125
2018-03-21,158.873291015625,2711.929931640625,17.860000610351562,2.9070000648498535,106.46900177001953,126.4800033569336,95.82684326171875,24682.310546875,7345.2900390625,239.6291046142578
2018-03-22,154.95193481445312,2643.68994140625,23.34000015258789,2.8320000171661377,105.92900085449219,125.9800033569336,96.77639770507812,23957.890625,7166.68017578125,233.6391143798828
2018-03-23,150.86874389648438,2588.260009765625,24.8700008392334,2.8299999237060547,104.96800231933594,127.61000061035156,96.70396423339844,23533.19921875,6992.669921875,228.65919494628906
2018-03-26,156.4748077392578,2658.550048828125,21.030000686645508,2.8429999351501465,104.85900115966797,128.27999877929688,96.33381652832031,24202.599609375,7220.5400390625,234.9151153564453
2018-03-27,151.41119384765625,2612.6201171875,22.5,2.7860000133514404,105.5,127.48999786376953,97.36387634277344,23857.7109375,7008.81005859375,230.9187774658203
2018-03-28,149.66946411132812,2605.0,22.8700008392334,2.7750000953674316,105.49299621582031,125.7300033569336,97.62137603759766,23848.419921875,6949.22998046875,230.2365264892578
2018-03-29,152.41065979003906,2640.8701171875,19.969999313354492,2.740999937057495,106.81199645996094,125.79000091552734,98.0962142944336,24103.109375,7063.4501953125,233.17831420898438
2018-04-03,149.6790008544922,2614.449951171875,21.100000381469727,2.7839999198913574,105.79900360107422,126.30000305175781,97.53167724609375,24033.359375,6941.27978515625,231.06939697265625
2018-04-04,152.0394287109375,2644.68994140625,20.059999465942383,2.7880001068115234,106.43599700927734,126.44999694824219,97.33001708984375,24264.30078125,7042.10986328125,233.54164123535156
2018-04-05,152.90553283691406,2662.840087890625,18.940000534057617,2.8320000171661377,106.77400207519531,125.80000305175781,96.60428619384766,24505.220703125,7076.5498046875,235.3848114013672
2018-04-06,149.079345703125,2604.469970703125,21.489999771118164,2.7750000953674316,107.052001953125,126.38999938964844,97.66067504882812,23932.759765625,6915.10986328125,230.13902282714844
2018-04-09,150.12625122070312,2613.159912109375,21.770000457763672,2.7860000133514404,106.96800231933594,126.81999969482422,97.82202911376953,23979.099609375,6950.33984375,231.27320861816406
2018-04-10,153.4385986328125,2656.8701171875,20.469999313354492,2.796999931335449,106.7490005493164,127.12000274658203,97.6445541381836,24408.0,7094.2998046875,234.95054626464844
2018-04-11,152.5533905029297,2642.18994140625,20.239999771118164,2.7899999618530273,107.11299896240234,128.11000061035156,97.99137115478516,24189.44921875,7069.02978515625,233.71884155273438
2018-04-12,154.39036560058594,2663.989990234375,18.489999771118164,2.8340001106262207,106.8290023803711,126.62000274658203,97.27360534667969,24483.05078125,7140.25,235.6416473388672
2018-04-13,153.5908660888672,2656.300048828125,17.40999984741211,2.8289999961853027,107.22200012207031,127.44999694824219,97.49942016601562,24360.140625,7106.64990234375,234.95054626464844
2018-04-16,154.76156616210938,2677.840087890625,16.559999465942383,2.8320000171661377,107.49800109863281,127.62999725341797,97.53167724609375,24573.0390625,7156.27978515625,236.88229370117188
2018-04-17,158.09280395507812,2706.389892578125,15.25,2.813999891281128,107.0459976196289,127.75,97.79778289794922,24786.630859375,7281.10009765625,239.41651916503906
2018-04-18,158.41644287109375,2708.639892578125,15.600000381469727,2.867000102996826,107.01599884033203,127.8499984741211,97.01553344726562,24748.0703125,7295.240234375,239.59375
2018-04-19,156.96018981933594,2693.1298828125,15.960000038146973,2.9140000343322754,107.34600067138672,127.5999984741211,96.22525024414062,24664.890625,7238.06005859375,238.2646484375
2018-04-20,154.4759979248047,2670.139892578125,16.8799991607666,2.9509999752044678,107.43199920654297,126.62999725341797,95.5316390991211,24462.939453125,7146.1298828125,236.24427795410156
2018-04-23,154.0857391357422,2670.2900390625,16.34000015258789,2.9730000495910645,107.86900329589844,125.62000274658203,95.55584716796875,24448.689453125,7128.60009765625,236.20889282226562
2018-04-24,150.8211212158203,2634.56005859375,18.020000457763672,2.9830000400543213,108.76100158691406,126.2300033569336,95.12041473388672,24024.130859375,7007.35009765625,233.0277862548828
2018-04-25,151.00196838378906,2639.39990234375,17.84000015258789,3.0239999294281006,108.8030014038086,125.41000366210938,94.48331451416016,24083.830078125,7003.740234375,233.60369873046875
2018-04-26,154.18092346191406,2666.93994140625,16.239999771118164,2.990000009536743,109.36399841308594,124.97000122070312,95.14456176757812,24322.33984375,7118.68017578125,235.9784393310547
2018-04-27,154.27613830566406,2669.909912109375,15.40999984741211,2.9570000171661377,109.30000305175781,125.5,95.87844848632812,24311.189453125,7119.7998046875,236.19993591308594
2018-04-30,153.18157958984375,2648.050048828125,15.930000305175781,2.936000108718872,109.0979995727539,124.58999633789062,96.04782104492188,24163.150390625,7066.27001953125,234.38348388671875
2018-05-01,154.932861328125,2654.800048828125,15.489999771118164,2.9760000705718994,109.322998046875,123.70999908447266,95.70188903808594,24099.05078125,7130.7001953125,234.7999267578125
2018-05-02,154.0192108154297,2635.669921875,15.970000267028809,2.9639999866485596,109.87200164794922,123.6500015258789,95.59683990478516,23924.98046875,7100.89990234375,233.22265625
2018-05-03,154.0001220703125,2629.72998046875,15.899999618530273,2.946000099182129,109.8270034790039,124.27999877929688,96.0251693725586,23930.150390625,7088.14990234375,232.708740234375
2018-05-04,156.92213439941406,2663.419921875,14.770000457763672,2.944000005722046,109.09600067138672,124.54000091552734,96.170654296875,24262.509765625,7209.6201171875,235.72145080566406
2018-05-07,158.22604370117188,2672.6298828125,14.75,2.950000047683716,109.14600372314453,124.56999969482422,96.01707458496094,24357.3203125,7265.2099609375,236.5189971923828
2018-05-08,158.06430053710938,2671.919921875,14.710000038146973,2.9690001010894775,108.94300079345703,124.58999633789062,95.92819213867188,24360.2109375,7266.89990234375,236.5189971923828
2018-05-09,159.7870330810547,2697.7900390625,13.420000076293945,3.003999948501587,109.02400207519531,124.33000183105469,95.3543472290039,24542.5390625,7339.91015625,238.80517578125
2018-05-10,161.4431610107422,2723.070068359375,13.229999542236328,2.9709999561309814,109.84700012207031,125.18000030517578,96.12215423583984,24739.529296875,7404.97021484375,241.03805541992188
2018-05-11,161.29090881347656,2727.719970703125,12.649999618530273,2.9709999561309814,109.43599700927734,125.0,96.3646240234375,24831.169921875,7402.8798828125,241.77352905273438
2018-05-14,161.56687927246094,2730.1298828125,12.930000305175781,2.994999885559082,109.33799743652344,124.48999786376953,95.8554458618164,24899.41015625,7411.31982421875,241.88880920410156
2018-05-15,159.7775115966797,2711.449951171875,14.630000114440918,3.0799999237060547,109.73100280761719,122.4800033569336,94.76434326171875,24706.41015625,7351.6298828125,240.2228240966797
2018-05-16,160.83399963378906,2722.4599609375,13.420000076293945,3.0950000286102295,110.2969970703125,122.29000091552734,94.40065002441406,24768.9296875,7398.2998046875,241.23306274414062
2018-05-17,160.21534729003906,2720.1298828125,13.430000305175781,3.1089999675750732,110.35900115966797,122.36000061035156,93.92379760742188,24713.98046875,7382.47021484375,241.0292510986328
2018-05-18,159.3872528076172,2712.969970703125,13.420000076293945,3.066999912261963,110.8280029296875,122.41000366210938,94.73204803466797,24715.08984375,7354.33984375,240.4266815185547
2018-05-21,160.28196716308594,2733.010009765625,13.079999923706055,3.065000057220459,110.87999725341797,122.4800033569336,94.7804946899414,25013.2890625,7394.0400390625,242.23428344726562
2018-05-22,160.0725555419922,2724.43994140625,13.220000267028809,3.065000057220459,110.97799682617188,122.41000366210938,94.635009765625,24834.41015625,7378.4599609375,241.56082153320312
2018-05-23,161.424072265625,2733.2900390625,12.579999923706055,3.003000020980835,110.72599792480469,122.54000091552734,95.32202911376953,24886.810546875,7425.9599609375,242.22549438476562
2018-05-24,161.3765106201172,2727.760009765625,12.529999732971191,2.9809999465942383,109.86900329589844,123.58999633789062,96.08175659179688,24811.759765625,7424.43017578125,241.7292022705078
2018-05-25,161.53834533691406,2721.330078125,13.220000267028809,2.930999994277954,109.31199645996094,123.20999908447266,96.6798324584961,24753.08984375,7433.85009765625,241.15333557128906
2018-05-30,161.97616577148438,2724.010009765625,14.9399995803833,2.8420000076293945,108.39399719238281,123.37000274658203,98.13462829589844,24667.779296875,7462.4501953125,241.56082153320312
2018-05-31,161.8714599609375,2705.27001953125,15.430000305175781,2.822000026702881,108.71199798583984,123.0999984741211,97.9729995727539,24415.83984375,7442.1201171875,240.0810546875
2018-06-01,164.4127960205078,2734.6201171875,13.460000038146973,2.8949999809265137,108.7490005493164,122.48999786376953,97.45532989501953,24635.2109375,7554.330078125,242.43817138671875
2018-06-04,165.89755249023438,2746.8701171875,12.739999771118164,2.937000036239624,109.5979995727539,122.37000274658203,96.75055694580078,24813.689453125,7606.4599609375,243.5900421142578
2018-06-05,166.41151428222656,2748.800048828125,12.399999618530273,2.9189999103546143,109.96299743652344,122.8499984741211,96.97733306884766,24799.98046875,7637.85986328125,243.76730346679688
2018-06-06,167.38232421875,2772.35009765625,11.640000343322754,2.9749999046325684,109.85900115966797,122.91999816894531,96.19158935546875,25146.390625,7689.240234375,245.80538940429688
2018-06-07,166.02125549316406,2770.3701171875,12.130000114440918,2.933000087738037,110.125,122.86000061035156,97.12321472167969,25241.41015625,7635.06982421875,245.7787322998047
2018-06-08,166.03077697753906,2779.030029296875,12.180000305175781,2.937000036239624,109.69400024414062,123.01000213623047,96.83155059814453,25316.529296875,7645.509765625,246.50538635253906
2018-06-11,166.47813415527344,2782.0,12.350000381469727,2.9570000171661377,109.44300079345703,123.2300033569336,96.65336608886719,25322.310546875,7659.93017578125,246.83322143554688
2018-06-12,167.35374450683594,2786.85009765625,12.34000015258789,2.9570000171661377,110.38600158691406,122.81999969482422,96.67761993408203,25320.73046875,7703.7900390625,247.15225219726562
2018-06-13,167.3442840576172,2775.6298828125,12.9399995803833,2.9769999980926514,110.4520034790039,123.19000244140625,96.62904357910156,25201.19921875,7695.7001953125,246.363525390625
2018-06-14,169.03846740722656,2782.489990234375,12.119999885559082,2.946000099182129,110.24199676513672,123.37999725341797,97.43106079101562,25175.310546875,7761.0400390625,246.98385620117188
2018-06-15,168.4483184814453,2779.659912109375,11.979999542236328,2.9240000247955322,110.6449966430664,121.33999633789062,97.52012634277344,25090.48046875,7746.3798828125,246.6687774658203
2018-06-18,168.35105895996094,2773.75,12.3100004196167,2.9260001182556152,110.61699676513672,121.11000061035156,97.43106079101562,24987.470703125,7747.02978515625,246.16140747070312
2018-06-19,167.87411499023438,2762.590087890625,13.350000381469727,2.8929998874664307,110.13800048828125,120.80000305175781,97.99810791015625,24700.2109375,7725.58984375,245.21786499023438
2018-06-20,169.0664520263672,2767.320068359375,12.789999961853027,2.927999973297119,110.07099914550781,120.26000213623047,97.1393814086914,24657.80078125,7781.509765625,245.6362762451172
2018-06-21,167.59751892089844,2749.760009765625,14.640000343322754,2.8970000743865967,110.35199737548828,120.05000305175781,97.64974212646484,24461.69921875,7712.9501953125,244.0963897705078
2018-06-22,167.22552490234375,2754.8798828125,13.770000457763672,2.9000000953674316,109.9520034790039,120.33999633789062,97.64165496826172,24580.890625,7692.81982421875,244.54148864746094
2018-06-25,163.45785522460938,2717.070068359375,17.329999923706055,2.875,109.93699645996094,119.88999938964844,97.86038208007812,24252.80078125,7532.009765625,241.21258544921875
2018-06-26,164.12559509277344,2723.06005859375,15.920000076293945,2.880000114440918,109.64299774169922,119.26000213623047,97.99810791015625,24283.109375,7561.6298828125,241.7466278076172
2018-06-27,161.8936004638672,2699.6298828125,17.90999984741211,2.8269999027252197,110.09700012207031,118.58000183105469,98.9216537475586,24117.58984375,7445.080078125,239.743896484375
2018-06-28,163.2861785888672,2716.31005859375,16.850000381469727,2.8469998836517334,110.21499633789062,118.22000122070312,98.94593048095703,24216.05078125,7503.68017578125,241.1146240234375
2018-06-29,163.72494506835938,2718.3701171875,16.09000015258789,2.8489999771118164,110.48600006103516,118.6500015258789,98.60567474365234,24271.41015625,7510.2998046875,241.46177673339844
2018-07-02,164.8218536376953,2726.7099609375,15.600000381469727,2.865999937057495,110.70999908447266,117.45999908447266,98.52851867675781,24307.1796875,7567.68994140625,241.97799682617188
2018-07-03,162.91421508789062,2713.219970703125,16.139999389648438,2.8380000591278076,110.87100219726562,118.6500015258789,99.05631256103516,24174.8203125,7502.669921875,241.12356567382812
2018-07-06,167.50210571289062,2759.820068359375,13.369999885559082,2.8310000896453857,110.5790023803711,118.86000061035156,99.6652603149414,24456.48046875,7688.39013671875,245.14663696289062
2018-07-09,169.00918579101562,2784.169921875,12.6899995803833,2.859999895095825,110.4219970703125,119.1500015258789,99.02381134033203,24776.58984375,7756.2001953125,247.35411071777344
2018-07-10,169.13320922851562,2793.840087890625,12.640000343322754,2.872999906539917,110.9530029296875,118.93000030517578,99.01571655273438,24919.66015625,7759.2001953125,248.2442169189453
2018-07-11,168.27476501464844,2774.02001953125,13.630000114440918,2.8420000076293945,110.83100128173828,117.63999938964844,99.3973388671875,24700.44921875,7716.60986328125,246.4284210205078
2018-07-12,171.1743621826172,2798.2900390625,12.579999923706055,2.8529999256134033,111.95800018310547,118.12999725341797,99.38920593261719,24924.890625,7823.919921875,248.66259765625
2018-07-13,171.3174285888672,2801.31005859375,12.180000305175781,2.8310000896453857,112.66500091552734,117.61000061035156,99.64087677001953,25019.41015625,7825.97998046875,248.85841369628906
2018-07-16,170.9072723388672,2798.429931640625,12.829999923706055,2.8580000400543213,112.39900207519531,117.55000305175781,99.22679901123047,25064.359375,7805.72021484375,248.63577270507812
2018-07-17,171.94703674316406,2809.550048828125,12.0600004196167,2.864000082015991,112.3740005493164,116.27999877929688,99.04009246826172,25119.890625,7855.1201171875,249.6416778564453
2018-07-18,171.62269592285156,2815.6201171875,12.100000381469727,2.875,113.01200103759766,116.30999755859375,98.64222717285156,25199.2890625,7854.43994140625,250.1667938232422
2018-07-19,170.76426696777344,2804.489990234375,12.869999885559082,2.8469998836517334,112.79100036621094,115.80999755859375,99.26740264892578,25064.5,7825.2998046875,249.22337341308594
2018-07-20,170.72610473632812,2801.830078125,12.859999656677246,2.8949999809265137,112.36299896240234,116.55999755859375,98.04952239990234,25058.119140625,7820.2001953125,248.93846130371094
2018-07-23,171.26979064941406,2806.97998046875,12.619999885559082,2.9649999141693115,111.0530014038086,116.0,96.83971405029297,25044.2890625,7841.8701171875,249.40133666992188
2018-07-24,171.97561645507812,2820.39990234375,12.40999984741211,2.9489998817443848,111.45999908447266,116.04000091552734,97.1725845336914,25241.939453125,7840.77001953125,250.65634155273438
2018-07-25,174.37925720214844,2846.070068359375,12.289999961853027,2.936000108718872,111.24099731445312,116.68000030517578,97.01834869384766,25414.099609375,7932.240234375,252.7926025390625
2018-07-26,171.7371368408203,2837.43994140625,12.140000343322754,2.9749999046325684,110.84500122070312,115.7699966430664,96.83163452148438,25527.0703125,7852.18017578125,252.19622802734375
2018-07-27,169.4193572998047,2818.820068359375,13.029999732971191,2.9600000381469727,111.14600372314453,115.83000183105469,96.99395751953125,25451.060546875,7737.419921875,250.48731994628906
2018-07-30,167.0252227783203,2802.60009765625,14.260000228881836,2.9749999046325684,110.93399810791016,115.6500015258789,96.66110229492188,25306.830078125,7630.0,249.17884826660156
2018-07-31,168.3033447265625,2816.2900390625,12.829999923706055,2.9639999866485596,110.99400329589844,115.98999786376953,97.18882751464844,25415.189453125,7671.7900390625,250.4071502685547
2018-08-01,168.9423828125,2813.360107421875,13.149999618530273,3.003000020980835,111.80799865722656,115.13999938964844,96.39704132080078,25333.8203125,7707.2900390625,249.98886108398438
2018-08-02,171.2411651611328,2827.219970703125,12.1899995803833,2.9860000610351562,111.62000274658203,114.5199966430664,96.53536987304688,25326.16015625,7802.68994140625,251.35067749023438
2018-08-03,171.76576232910156,2840.35009765625,11.640000343322754,2.953000068664551,111.69000244140625,114.91999816894531,97.01554107666016,25462.580078125,7812.009765625,252.4276123046875
2018-08-06,172.7768096923828,2850.39990234375,11.270000457763672,2.937999963760376,111.23400115966797,114.33000183105469,97.07247924804688,25502.1796875,7859.68017578125,253.35340881347656
2018-08-07,173.4063262939453,2858.449951171875,10.930000305175781,2.9730000495910645,111.33999633789062,114.58999633789062,96.56794738769531,25628.91015625,7883.66015625,254.18994140625
2018-08-08,173.6161651611328,2857.699951171875,10.850000381469727,2.9709999561309814,111.34500122070312,114.91000366210938,96.66561126708984,25583.75,7888.330078125,254.08323669433594
2018-08-09,173.51126098632812,2853.580078125,11.270000457763672,2.934999942779541,110.89199829101562,114.73999786376953,97.4793701171875,25509.23046875,7891.77978515625,253.73605346679688
2018-08-10,172.1854705810547,2833.280029296875,13.15999984741211,2.8570001125335693,111.09100341796875,114.69000244140625,98.18736267089844,25313.140625,7839.10986328125,252.03602600097656
2018-08-13,171.9947052001953,2821.929931640625,14.779999732971191,2.877000093460083,110.62899780273438,112.95999908447266,97.98389434814453,25187.69921875,7819.7099609375,251.09243774414062
2018-08-14,173.07252502441406,2839.9599609375,13.3100004196167,2.8949999809265137,110.66100311279297,113.06999969482422,97.7641830444336,25299.919921875,7870.89013671875,252.6946563720703
2018-08-15,170.95501708984375,2818.3701171875,14.640000343322754,2.8519999980926514,111.24600219726562,111.19000244140625,98.33377075195312,25162.41015625,7774.1201171875,250.80764770507812
2018-08-16,171.5177764892578,2840.68994140625,13.449999809265137,2.871000051498413,110.57599639892578,111.0999984741211,98.32569122314453,25558.73046875,7806.52001953125,252.8370819091797
2018-08-17,171.555908203125,2850.1298828125,12.640000343322754,2.872999906539917,111.00399780273438,112.12999725341797,98.4477310180664,25669.3203125,7816.330078125,253.7270965576172
2018-08-20,171.40328979492188,2857.050048828125,12.489999771118164,2.822999954223633,110.4749984741211,112.69000244140625,99.10688018798828,25758.689453125,7821.009765625,254.2701416015625
2018-08-21,172.0328369140625,2862.9599609375,12.859999656677246,2.8440001010894775,109.947998046875,113.0199966430664,98.77325439453125,25822.2890625,7859.169921875,254.866455078125
2018-08-22,172.7004852294922,2861.820068359375,12.25,2.822999954223633,110.13400268554688,113.2699966430664,99.16381072998047,25733.599609375,7889.10009765625,254.7151336669922
2018-08-23,172.4525146484375,2856.97998046875,12.40999984741211,2.821000099182129,110.58799743652344,112.19999694824219,99.31841278076172,25656.98046875,7878.4599609375,254.3768768310547
2018-08-24,174.05494689941406,2874.68994140625,11.989999771118164,2.8259999752044678,111.36699676513672,114.16000366210938,99.51374053955078,25790.349609375,7945.97998046875,255.9079132080078
2018-08-27,175.82908630371094,2896.739990234375,12.15999984741211,2.8480000495910645,111.28199768066406,114.58999633789062,98.94413757324219,26049.640625,8017.89990234375,257.9283142089844
2018-08-28,176.0865936279297,2897.52001953125,12.5,2.884000062942505,111.13700103759766,113.68000030517578,98.35008239746094,26064.01953125,8030.0400390625,258.0528869628906
2018-08-29,178.11831665039062,2914.0400390625,12.25,2.884000062942505,111.16200256347656,114.19999694824219,98.48029327392578,26124.5703125,8109.68994140625,259.44158935546875
2018-08-30,177.80349731445312,2901.1298828125,13.529999732971191,2.859999895095825,111.71199798583984,113.63999938964844,98.6918716430664,25986.919921875,8088.35986328125,258.3912353515625
2018-08-31,178.03240966796875,2901.52001953125,12.859999656677246,2.8529999256134033,110.9990005493164,113.51000213623047,98.46397399902344,25964.8203125,8109.5400390625,258.4000244140625
2018-09-05,174.9801788330078,2888.60009765625,13.90999984741211,2.9019999504089355,111.46099853515625,113.31999969482422,97.63372802734375,25974.990234375,7995.169921875,257.2608337402344
2018-09-06,173.4158935546875,2878.050048828125,14.649999618530273,2.878999948501587,111.4489974975586,113.54000091552734,97.99258422851562,25995.869140625,7922.72998046875,256.4864196777344
2018-09-07,172.74819946289062,2871.679931640625,14.880000114440918,2.941999912261963,110.49500274658203,113.2300033569336,97.16072845458984,25916.5390625,7902.5400390625,255.98794555664062
2018-09-10,173.3300018310547,2877.1298828125,14.15999984741211,2.937000036239624,110.91999816894531,113.1500015258789,97.51953887939453,25857.0703125,7924.16015625,256.4329833984375
2018-09-11,174.66539001464844,2887.889892578125,13.220000267028809,2.9769999980926514,111.14800262451172,113.22000122070312,96.77735900878906,25971.060546875,7972.47021484375,257.2785949707031
2018-09-12,174.15028381347656,2888.919921875,13.140000343322754,2.9630000591278076,111.60700225830078,114.16999816894531,97.00574493408203,25998.919921875,7954.22998046875,257.3409118652344
2018-09-13,176.01028442382812,2904.179931640625,12.369999885559082,2.9630000591278076,111.22000122070312,113.76000213623047,97.15254211425781,26145.990234375,8013.7099609375,258.8628845214844
2018-09-14,175.49522399902344,2904.97998046875,12.069999694824219,2.99399995803833,112.01200103759766,113.0199966430664,96.68766784667969,26154.669921875,8010.0400390625,258.9073486328125
2018-09-17,172.9676055908203,2888.800048828125,13.680000305175781,3.000999927520752,111.9530029296875,113.61000061035156,96.68766784667969,26062.119140625,7895.7900390625,257.53668212890625
2018-09-18,174.39833068847656,2904.31005859375,12.789999961853027,3.0480000972747803,111.69000244140625,113.44000244140625,95.6762924194336,26246.9609375,7956.10986328125,258.9341125488281
2018-09-19,174.26478576660156,2907.949951171875,11.75,3.0829999446868896,112.2770004272461,113.87999725341797,95.1054458618164,26405.759765625,7950.0400390625,259.2101135253906
2018-09-20,176.19154357910156,2930.75,11.800000190734863,3.078000068664551,112.31700134277344,114.2699966430664,95.54586029052734,26656.98046875,8028.22998046875,261.3106384277344
2018-09-21,175.2281494140625,2929.669921875,11.680000305175781,3.068000078201294,112.49500274658203,113.48999786376953,95.50506591796875,26743.5,7986.9599609375,261.0718688964844
2018-09-24,175.71546936035156,2919.3701171875,12.199999809265137,3.078000068664551,112.52400207519531,113.47000122070312,95.26039123535156,26562.05078125,7993.25,260.20465087890625
2018-09-25,175.9544219970703,2915.56005859375,12.420000076293945,3.1019999980926514,112.78600311279297,113.6500015258789,95.16251373291016,26492.2109375,8007.47021484375,259.96319580078125
2018-09-26,176.07858276367188,2905.969970703125,12.890000343322754,3.061000108718872,112.96900177001953,113.05000305175781,95.83124542236328,26385.279296875,7990.3701171875,259.1853942871094
2018-09-27,177.5692901611328,2914.0,12.40999984741211,3.055999994277954,112.7040023803711,112.05000305175781,95.89654541015625,26439.9296875,8041.97021484375,259.9095458984375
2018-09-28,177.53102111816406,2913.97998046875,12.119999885559082,3.055999994277954,113.35700225830078,112.76000213623047,95.6436996459961,26458.310546875,8046.35009765625,259.9364318847656
2018-10-01,177.89413452148438,2924.590087890625,12.0,3.0799999237060547,113.7959976196289,112.56999969482422,94.94153594970703,26651.2109375,8037.2998046875,260.8395080566406
2018-10-02,177.4927978515625,2923.429931640625,12.050000190734863,3.055999994277954,113.94599914550781,113.87000274658203,95.52188873291016,26773.939453125,7999.5498046875,260.6873779296875
2018-10-03,177.68394470214844,2925.510009765625,11.609999656677246,3.1610000133514404,113.5770034790039,113.41999816894531,93.86259460449219,26828.390625,8025.08984375,260.8304443359375
2018-10-04,174.2726287841797,2901.610107421875,14.220000267028809,3.197000026702881,114.48600006103516,113.4800033569336,93.20047760009766,26627.48046875,7879.509765625,258.7918701171875
2018-10-05,172.14173889160156,2885.570068359375,14.819999694824219,3.2249999046325684,113.89399719238281,113.80000305175781,92.39944458007812,26447.05078125,7788.4501953125,257.3435363769531
2018-10-08,171.09063720703125,2884.429931640625,15.6899995803833,3.2330000400543213,113.71499633789062,112.54000091552734,92.0888442993164,26486.779296875,7735.9501953125,257.3435363769531
2018-10-09,171.64483642578125,2880.340087890625,15.949999809265137,3.2079999446868896,113.09700012207031,112.5999984741211,93.02066040039062,26430.5703125,7738.02001953125,256.9678955078125
2018-10-10,164.0960693359375,2785.679931640625,22.959999084472656,3.2249999046325684,112.99800109863281,112.87999725341797,92.76726531982422,25598.740234375,7422.0498046875,248.8314971923828
2018-10-11,162.06068420410156,2728.3701171875,24.979999542236328,3.132999897003174,112.09200286865234,115.77999877929688,93.8952865600586,25052.830078125,7329.06005859375,243.35057067871094
2018-10-12,166.57095336914062,2767.1298828125,21.309999465942383,3.1410000324249268,112.08000183105469,115.2300033569336,93.56834411621094,25339.990234375,7496.89013671875,246.7303466796875
2018-10-15,164.55471801757812,2750.7900390625,21.299999237060547,3.1630001068115234,112.19200134277344,116.0,93.52742004394531,25250.55078125,7430.740234375,245.34445190429688
2018-10-16,169.34201049804688,2809.919921875,17.6200008392334,3.1559998989105225,111.84100341796875,115.80000305175781,93.73998260498047,25798.419921875,7645.490234375,250.70913696289062
2018-10-17,169.4088897705078,2809.2099609375,17.399999618530273,3.178999900817871,112.34200286865234,115.79000091552734,93.18413543701172,25706.6796875,7642.7001953125,250.75381469726562
2018-10-18,165.48155212402344,2768.780029296875,20.059999465942383,3.174999952316284,112.62799835205078,115.91999816894531,93.15144348144531,25379.44921875,7485.14013671875,247.13265991210938
2018-10-19,165.32867431640625,2767.780029296875,19.889999389648438,3.197999954223633,112.18499755859375,116.01000213623047,92.94707489013672,25444.33984375,7449.02978515625,246.99859619140625
2018-10-22,166.17913818359375,2755.8798828125,19.639999389648438,3.196000099182129,112.4800033569336,115.70999908447266,92.82447814941406,25317.41015625,7468.6298828125,245.88980102539062
2018-10-23,165.567626953125,2740.68994140625,20.709999084472656,3.1659998893737793,112.75700378417969,116.38999938964844,93.11873626708984,25191.4296875,7437.5400390625,244.6380615234375
2018-10-24,157.9901123046875,2656.10009765625,25.229999542236328,3.124000072479248,112.44400024414062,116.66000366210938,93.82173156738281,24583.419921875,7108.39990234375,237.22593688964844
2018-10-25,163.455810546875,2705.570068359375,24.219999313354492,3.135999917984009,112.01200103759766,116.4000015258789,93.42933654785156,24984.55078125,7318.33984375,241.48194885253906
2018-10-26,159.2514190673828,2658.68994140625,24.15999984741211,3.0769999027252197,112.3499984741211,116.7699966430664,93.99340057373047,24688.310546875,7167.2099609375,237.23486328125
2018-10-29,155.973876953125,2641.25,24.700000762939453,3.0869998931884766,111.90799713134766,116.30999755859375,93.7808609008789,24442.919921875,7050.2900390625,235.9204559326172
2018-10-30,158.54428100585938,2682.6298828125,23.350000381469727,3.109999895095825,112.3239974975586,115.80000305175781,93.31489562988281,24874.640625,7161.64990234375,239.41647338867188
2018-10-31,162.27096557617188,2711.739990234375,21.229999542236328,3.1589999198913574,113.052001953125,115.1500015258789,92.84082794189453,25115.759765625,7305.89990234375,241.9736328125
2018-11-01,164.41136169433594,2740.3701171875,19.34000015258789,3.1440000534057617,112.85099792480469,116.62999725341797,92.92684173583984,25380.740234375,7434.06005859375,244.54869079589844
2018-11-02,161.85049438476562,2723.06005859375,19.510000228881836,3.2139999866485596,112.71499633789062,116.6500015258789,91.77153015136719,25270.830078125,7356.990234375,243.10028076171875
2018-11-05,161.44920349121094,2738.31005859375,19.959999084472656,3.2009999752044678,113.13899993896484,116.37000274658203,92.13206481933594,25461.69921875,7328.85009765625,244.44149780273438
2018-11-06,162.67225646972656,2755.449951171875,19.90999984741211,3.2139999866485596,113.24600219726562,116.04000091552734,92.0746841430664,25635.009765625,7375.9599609375,245.9882354736328
2018-11-07,167.77487182617188,2813.889892578125,16.360000610351562,3.2130000591278076,113.36299896240234,116.02999877929688,92.19760131835938,26180.30078125,7570.75,251.25460815429688
2018-11-08,166.7046661376953,2806.830078125,16.719999313354492,3.2339999675750732,113.5469970703125,115.77999877929688,92.1894302368164,26191.220703125,7530.8798828125,250.79856872558594
2018-11-09,163.8953857421875,2781.010009765625,17.360000610351562,3.188999891281128,113.9530029296875,114.4800033569336,92.8777084350586,25989.30078125,7406.89990234375,248.34869384765625
2018-11-12,158.9361114501953,2726.219970703125,20.450000762939453,3.186000108718872,113.84600067138672,113.66000366210938,93.48403930664062,25387.1796875,7200.8701171875,243.7082061767578
2018-11-13,159.0698699951172,2722.179931640625,20.020000457763672,3.1449999809265137,113.69599914550781,113.69999694824219,93.42668151855469,25286.490234375,7200.8701171875,243.2522430419922
2018-11-14,157.85629272460938,2701.580078125,21.25,3.119999885559082,113.78900146484375,114.63999938964844,93.48403930664062,25080.5,7136.39013671875,241.5891876220703
2018-11-15,160.6178436279297,2730.199951171875,19.979999542236328,3.118000030517578,113.56400299072266,114.7699966430664,93.44306945800781,25289.26953125,7259.02978515625,244.11056518554688
2018-11-16,160.05404663085938,2736.27001953125,18.139999389648438,3.0739998817443848,113.55500030517578,115.62000274658203,93.9838638305664,25413.220703125,7247.8701171875,244.7454071044922
2018-11-19,154.8558807373047,2690.72998046875,20.100000381469727,3.056999921798706,112.7300033569336,115.66999816894531,94.24608612060547,25017.439453125,7028.47998046875,240.60569763183594
2018-11-20,152.08480834960938,2641.889892578125,22.479999542236328,3.0480000972747803,112.44300079345703,115.66999816894531,94.2788314819336,24465.640625,6908.81982421875,236.15298461914062
2018-11-21,153.2410430908203,2649.929931640625,20.799999237060547,3.061000108718872,112.7030029296875,115.86000061035156,94.24608612060547,24464.689453125,6972.25,236.95773315429688
2018-11-26,155.6489715576172,2673.449951171875,18.899999618530273,3.072000026702881,112.91899871826172,115.63999938964844,94.13131713867188,24640.240234375,7081.85009765625,239.17507934570312
2018-11-27,156.17453002929688,2682.169921875,19.020000457763672,3.055000066757202,113.50399780273438,114.94999694824219,94.2378921508789,24748.73046875,7082.7001953125,239.97982788085938
2018-11-28,161.20074462890625,2743.7900390625,18.489999771118164,3.0439999103546143,113.76699829101562,115.37999725341797,93.77901458740234,25366.4296875,7291.58984375,245.5054168701172
2018-11-29,160.67515563964844,2737.800048828125,18.790000915527344,3.0350000858306885,113.55500030517578,115.73999786376953,94.14773559570312,25338.83984375,7273.080078125,244.9689483642578
2018-11-30,161.8409423828125,2760.169921875,18.06999969482422,3.013000011444092,113.41100311279297,115.54000091552734,94.50005340576172,25538.4609375,7330.5400390625,246.46212768554688
2018-12-03,164.6693572998047,2790.3701171875,16.440000534057617,2.992000102996826,113.76300048828125,116.41000366210938,95.17107391357422,25826.4296875,7441.509765625,249.72561645507812
2018-12-04,158.35317993164062,2700.06005859375,20.739999771118164,2.9240000247955322,113.58699798583984,117.12000274658203,96.76437377929688,25027.0703125,7158.43017578125,241.63388061523438
2018-12-07,154.2061309814453,2633.080078125,23.229999542236328,2.8499999046325684,112.68900299072266,118.08999633789062,97.24895477294922,24388.94921875,6969.25,235.66122436523438
2018-12-10,155.82101440429688,2637.719970703125,22.639999389648438,2.8559999465942383,112.50199890136719,117.68000030517578,97.6513900756836,24423.259765625,7020.52001953125,236.10826110839844
2018-12-11,156.33700561523438,2636.780029296875,21.760000228881836,2.878999948501587,113.18099975585938,117.54000091552734,97.63493347167969,24370.240234375,7031.830078125,236.1619873046875
2018-12-12,157.7129669189453,2651.070068359375,21.459999084472656,2.9059998989105225,113.38400268554688,117.79000091552734,97.19969177246094,24527.26953125,7098.31005859375,237.3511505126953
2018-12-13,157.7607421875,2650.5400390625,20.649999618530273,2.9110000133514404,113.28500366210938,117.52999877929688,96.9697265625,24597.380859375,7070.330078125,237.2706756591797
2018-12-14,153.91946411132812,2599.949951171875,21.6299991607666,2.8910000324249268,113.55999755859375,117.05999755859375,97.30644226074219,24100.509765625,6910.66015625,232.8894805908203
2018-12-17,150.4317169189453,2545.93994140625,24.520000457763672,2.8570001125335693,113.38999938964844,117.87000274658203,97.87310028076172,23592.98046875,6753.72998046875,228.32052612304688
2018-12-18,151.37770080566406,2546.159912109375,25.579999923706055,2.825000047683716,112.8290023803711,118.1500015258789,98.45928192138672,23675.640625,6783.91015625,228.07017517089844
2018-12-19,147.6605987548828,2506.9599609375,25.579999923706055,2.7780001163482666,112.52400207519531,117.43000030517578,99.760009765625,23323.66015625,6636.830078125,224.65472412109375
2018-12-20,145.52017211914062,2467.419921875,28.3799991607666,2.7890000343322754,112.41000366210938,119.23999786376953,99.39777374267578,22859.599609375,6528.41015625,220.997802734375
2018-12-21,141.01004028320312,2416.6201171875,30.110000610351562,2.7920000553131104,111.1709976196289,118.72000122070312,99.38130187988281,22445.369140625,6332.990234375,216.4696502685547
2018-12-24,137.51327514648438,2351.10009765625,36.06999969482422,2.749000072479248,111.05400085449219,120.0199966430664,99.87525177001953,21792.19921875,6192.919921875,210.74984741210938
2018-12-27,146.66482543945312,2488.830078125,29.959999084472656,2.743000030517578,111.20600128173828,120.56999969482422,98.82148742675781,23138.8203125,6579.490234375,223.09776306152344
2018-12-28,146.588134765625,2485.739990234375,28.34000015258789,2.7360000610351562,110.8550033569336,121.05999755859375,99.65299224853516,23062.400390625,6584.52001953125,222.80996704101562
2018-12-31,147.82435607910156,2506.85009765625,25.420000076293945,2.686000108718872,110.33000183105469,121.25,100.03168487548828,23327.4609375,6635.27978515625,224.76150512695312
2019-01-03,143.56964111328125,2447.889892578125,25.450000762939453,2.553999900817871,107.44100189208984,122.43000030517578,101.70285034179688,22686.220703125,6463.5,219.62631225585938
2019-01-04,149.71214294433594,2531.93994140625,21.3799991607666,2.6589999198913574,107.80799865722656,121.44000244140625,100.5256118774414,23433.16015625,6738.85986328125,226.98280334472656
2019-01-07,151.49452209472656,2549.68994140625,21.399999618530273,2.681999921798706,108.52200317382812,121.86000061035156,100.22923278808594,23531.349609375,6823.47021484375,228.7725067138672
2019-01-08,152.8649139404297,2574.409912109375,20.469999313354492,2.7160000801086426,108.61599731445312,121.52999877929688,99.9657974243164,23787.44921875,6897.0,230.9219512939453
2019-01-09,154.11070251464844,2584.9599609375,19.979999542236328,2.7279999256134033,108.7760009765625,122.30999755859375,99.80941009521484,23879.119140625,6957.080078125,232.00112915039062
2019-01-10,154.551513671875,2596.639892578125,19.5,2.7309999465942383,108.18900299072266,121.58999633789062,99.16728973388672,24001.919921875,6986.06982421875,232.81954956054688
2019-01-11,153.986083984375,2596.260009765625,18.190000534057617,2.7009999752044678,108.2979965209961,121.80000305175781,99.5542221069336,23995.94921875,6971.47998046875,232.9094696044922
2019-01-14,152.62535095214844,2582.610107421875,19.06999969482422,2.7100000381469727,108.45800018310547,122.08999633789062,99.18372344970703,23909.83984375,6905.919921875,231.48854064941406
2019-01-15,155.60560607910156,2610.300048828125,18.600000381469727,2.7109999656677246,108.25,121.87999725341797,98.82148742675781,24065.58984375,7023.830078125,234.1415557861328
2019-01-16,155.5768280029297,2616.10009765625,19.040000915527344,2.7309999465942383,108.64399719238281,122.2699966430664,98.92028045654297,24207.16015625,7034.68994140625,234.70814514160156
2019-01-17,156.80349731445312,2635.9599609375,18.059999465942383,2.749000072479248,109.03700256347656,122.11000061035156,98.94495391845703,24370.099609375,7084.4599609375,236.48880004882812
2019-01-18,158.35589599609375,2670.7099609375,17.799999237060547,2.7839999198913574,109.15299987792969,121.0199966430664,98.42630767822266,24706.349609375,7157.22998046875,239.63645935058594
2019-01-23,155.38519287109375,2638.699951171875,19.520000457763672,2.755000114440918,109.3550033569336,121.27999877929688,99.052001953125,24575.619140625,7025.77001953125,236.89353942871094
2019-01-24,156.3914031982422,2642.330078125,18.889999389648438,2.7119998931884766,109.49199676513672,121.08999633789062,99.70234680175781,24553.240234375,7073.4599609375,237.01943969726562
2019-01-25,158.26004028320312,2664.760009765625,17.420000076293945,2.753000020980835,109.59700012207031,122.86000061035156,99.2248764038086,24737.19921875,7164.85986328125,239.0249786376953
2019-01-28,156.30514526367188,2643.85009765625,18.8700008392334,2.74399995803833,109.4000015258789,123.29000091552734,99.12613677978516,24528.220703125,7085.68017578125,237.20826721191406
2019-01-29,154.82940673828125,2640.0,19.1299991607666,2.7119998931884766,109.25399780273438,123.9800033569336,99.62828826904297,24579.9609375,7028.2900390625,236.89353942871094
2019-01-30,158.76792907714844,2681.050048828125,17.65999984741211,2.694999933242798,109.41699981689453,124.69000244140625,99.5542221069336,25014.859375,7183.080078125,240.6437225341797
2019-01-31,161.14447021484375,2704.10009765625,16.56999969482422,2.634999990463257,108.98100280761719,124.75,100.4103775024414,24999.669921875,7281.740234375,242.7572021484375
2019-02-01,160.46412658691406,2706.530029296875,16.139999389648438,2.690999984741211,108.84400177001953,124.5,99.80387115478516,25063.890625,7263.8701171875,242.87408447265625
2019-02-04,162.457275390625,2724.8701171875,15.729999542236328,2.7239999771118164,109.43800354003906,123.95999908447266,99.35835266113281,25239.369140625,7347.5400390625,244.58279418945312
2019-02-05,163.89471435546875,2737.699951171875,15.569999694824219,2.7019999027252197,109.96099853515625,124.27999877929688,99.81216430664062,25411.51953125,7402.080078125,245.60806274414062
2019-02-06,163.40602111816406,2731.610107421875,15.380000114440918,2.7019999027252197,109.94100189208984,123.44000244140625,99.86165618896484,25390.30078125,7375.27978515625,245.28428649902344
2019-02-07,161.21153259277344,2706.050048828125,16.3700008392334,2.6519999504089355,109.9739990234375,123.73999786376953,100.521728515625,25169.529296875,7288.35009765625,242.9460906982422
2019-02-08,161.5277557373047,2707.8798828125,15.720000267028809,2.631999969482422,109.75599670410156,124.20999908447266,100.95079803466797,25106.330078125,7298.2001953125,243.24278259277344
2019-02-11,161.3744354248047,2709.800048828125,15.970000267028809,2.6610000133514404,109.80999755859375,123.5999984741211,100.55473327636719,25053.109375,7307.89990234375,243.377685546875
2019-02-12,163.7605438232422,2744.72998046875,15.430000305175781,2.684000015258789,110.4000015258789,123.86000061035156,100.2989501953125,25425.759765625,7414.6201171875,246.5074462890625
2019-02-13,163.87554931640625,2753.030029296875,15.649999618530273,2.7079999446868896,110.51499938964844,123.37000274658203,99.91935729980469,25543.26953125,7420.3798828125,247.3076934814453
2019-02-14,164.07679748535156,2745.72998046875,16.219999313354492,2.6570000648498535,110.9229965209961,124.05999755859375,100.48873138427734,25439.390625,7426.9501953125,246.75927734375
2019-02-15,164.76675415039062,2775.60009765625,14.90999984741211,2.6659998893737793,110.53800201416016,124.80000305175781,100.6455078125,25883.25,7472.41015625,249.4481658935547
2019-02-20,165.06382751464844,2784.699951171875,14.020000457763672,2.6540000438690186,110.5719985961914,126.4800033569336,100.61249542236328,25954.439453125,7489.06982421875,250.38348388671875
2019-02-21,164.46009826660156,2774.8798828125,14.460000038146973,2.687999963760376,110.76499938964844,125.05000305175781,99.71311950683594,25850.630859375,7459.7099609375,249.49317932128906
2019-02-22,165.6771240234375,2792.669921875,13.510000228881836,2.6549999713897705,110.70800018310547,125.5,100.30718994140625,26031.810546875,7527.5400390625,251.04010009765625
2019-02-25,166.28086853027344,2796.110107421875,14.850000381469727,2.6730000972747803,110.77200317382812,125.37000274658203,100.01016235351562,26091.94921875,7554.4599609375,251.3817596435547
2019-02-26,166.45333862304688,2793.89990234375,15.170000076293945,2.635999917984009,111.0459976196289,125.58000183105469,100.50524139404297,26057.98046875,7549.2998046875,251.20187377929688
2019-02-27,166.34791564941406,2792.3798828125,14.699999809265137,2.693000078201294,110.55599975585938,124.69000244140625,99.36661529541016,25985.16015625,7554.509765625,251.09400939941406
2019-02-28,165.964599609375,2784.489990234375,14.779999732971191,2.7109999656677246,110.86199951171875,123.98999786376953,99.02828979492188,25916.0,7532.52978515625,250.62635803222656
2019-03-01,167.1145477294922,2803.68994140625,13.569999694824219,2.755000114440918,111.35700225830078,121.87999725341797,98.11299896240234,26026.3203125,7595.35009765625,252.1911163330078
2019-03-04,167.14328002929688,2792.81005859375,14.630000114440918,2.7219998836517334,111.93800354003906,121.55999755859375,98.88195037841797,25819.650390625,7577.56982421875,251.2738800048828
2019-03-05,167.26785278320312,2789.64990234375,14.739999771118164,2.7219998836517334,111.7770004272461,121.72000122070312,99.0886459350586,25806.630859375,7576.35986328125,250.9320526123047
2019-03-06,166.31919860839844,2771.449951171875,15.739999771118164,2.691999912261963,111.86599731445312,121.61000061035156,99.45248413085938,25673.4609375,7505.919921875,249.41226196289062
2019-03-07,164.27806091308594,2748.929931640625,16.59000015258789,2.635999917984009,111.62300109863281,121.51000213623047,100.09741973876953,25473.23046875,7421.4599609375,247.32569885253906
2019-03-08,164.02886962890625,2743.070068359375,16.049999237060547,2.625,111.63400268554688,122.83999633789062,100.51911163330078,25450.240234375,7408.14013671875,246.83111572265625
2019-03-11,167.44036865234375,2783.300048828125,14.329999923706055,2.6429998874664307,111.08000183105469,122.23999786376953,100.221435546875,25650.880859375,7558.06005859375,250.41049194335938
2019-03-12,168.3603057861328,2791.52001953125,13.770000457763672,2.6050000190734863,111.34200286865234,122.9800033569336,100.92424011230469,25554.66015625,7591.02978515625,251.35487365722656
2019-03-13,169.62525939941406,2810.919921875,13.40999984741211,2.6110000610351562,111.30599975585938,123.83999633789062,100.73406982421875,25702.890625,7643.41015625,253.0186309814453
2019-03-14,169.33778381347656,2808.47998046875,13.5,2.630000114440918,111.19599914550781,122.41000366210938,100.00645446777344,25709.939453125,7630.91015625,252.85670471191406
2019-03-15,170.90936279296875,2822.47998046875,12.880000114440918,2.5929999351501465,111.75299835205078,122.97000122070312,100.66791534423828,25848.869140625,7688.52978515625,254.10592651367188
2019-03-18,171.31637573242188,2832.93994140625,13.100000381469727,2.6019999980926514,111.56099700927734,123.04000091552734,100.61006164550781,25914.099609375,7714.47998046875,255.02735900878906
2019-03-19,171.89239501953125,2832.570068359375,13.5600004196167,2.614000082015991,111.37300109863281,123.37999725341797,100.3868179321289,25887.380859375,7723.9501953125,255.09051513671875
2019-03-20,172.5740203857422,2824.22998046875,13.90999984741211,2.5350000858306885,111.4010009765625,124.18000030517578,101.43690490722656,25745.669921875,7728.97021484375,254.3227081298828
2019-03-21,175.2716827392578,2854.8798828125,13.630000114440918,2.5369999408721924,110.66000366210938,123.68000030517578,101.66014862060547,25962.509765625,7838.9599609375,257.1951904296875
2019-03-22,171.42196655273438,2800.7099609375,16.479999542236328,2.4549999237060547,110.80599975585938,123.97000122070312,103.23939514160156,25502.3203125,7642.669921875,252.24520874023438
2019-03-25,171.09556579589844,2798.360107421875,16.329999923706055,2.4200000762939453,110.08100128173828,124.91999816894531,103.40476989746094,25516.830078125,7637.5400390625,252.05551147460938
2019-03-26,171.89239501953125,2818.4599609375,14.680000305175781,2.4140000343322754,110.06800079345703,124.30000305175781,103.33039093017578,25657.73046875,7691.52001953125,253.93434143066406
2019-03-27,170.7884063720703,2805.3701171875,15.149999618530273,2.374000072479248,110.55400085449219,123.6500015258789,104.28123474121094,25625.58984375,7643.3798828125,252.60641479492188
2019-03-28,171.1819610595703,2815.43994140625,14.430000305175781,2.3889999389648438,110.48999786376953,121.9000015258789,104.64501953125,25717.4609375,7669.169921875,253.56398010253906
2019-03-29,172.47802734375,2834.39990234375,13.710000038146973,2.4140000343322754,110.63700103759766,122.01000213623047,104.54581451416016,25928.6796875,7729.31982421875,255.1627960205078
2019-04-01,174.76284790039062,2867.18994140625,13.399999618530273,2.496999979019165,110.99500274658203,121.52999877929688,103.06082916259766,26258.419921875,7828.91015625,258.1888427734375
2019-04-02,175.42530822753906,2867.239990234375,13.359999656677246,2.4809999465942383,111.45099639892578,121.9800033569336,103.25144958496094,26179.130859375,7848.68994140625,258.3152770996094
2019-04-03,176.43331909179688,2873.39990234375,13.739999771118164,2.5169999599456787,111.30500030517578,121.80000305175781,102.35649871826172,26218.130859375,7895.5498046875,258.7218322753906
2019-04-04,176.36610412597656,2879.389892578125,13.579999923706055,2.51200008392334,111.3949966430664,122.11000061035156,102.64655303955078,26384.630859375,7891.77978515625,259.4082336425781
2019-04-05,177.2781219482422,2892.739990234375,12.819999694824219,2.500999927520752,111.65799713134766,121.9800033569336,102.77909851074219,26424.990234375,7938.68994140625,260.6637878417969
2019-04-08,177.72938537597656,2895.77001953125,13.180000305175781,2.5190000534057617,111.71099853515625,122.51000213623047,102.41448974609375,26341.01953125,7953.8798828125,260.862548828125
2019-04-09,177.10531616210938,2878.199951171875,14.279999732971191,2.499000072479248,111.45600128173828,123.1500015258789,102.7376937866211,26150.580078125,7909.27978515625,259.5256652832031
2019-04-10,178.0557098388672,2888.2099609375,13.300000190734863,2.4769999980926514,111.1050033569336,123.52999877929688,102.98627471923828,26157.16015625,7964.240234375,260.4109191894531
2019-04-11,177.63333129882812,2888.320068359375,13.020000457763672,2.503999948501587,110.98500061035156,121.94999694824219,102.38135528564453,26143.05078125,7947.35986328125,260.3386535644531
2019-04-12,178.4013671875,2907.409912109375,12.010000228881836,2.559999942779541,111.62100219726562,121.83000183105469,101.65213775634766,26412.30078125,7984.16015625,262.10009765625
2019-04-15,178.43014526367188,2905.580078125,12.319999694824219,2.552999973297119,112.02799987792969,121.5999984741211,101.90900421142578,26384.76953125,7976.009765625,261.92852783203125
2019-04-16,179.0446014404297,2907.06005859375,12.180000305175781,2.5920000076293945,111.94300079345703,120.51000213623047,101.27091217041016,26452.66015625,8000.22998046875,262.10009765625
2019-04-17,179.6685791015625,2900.449951171875,12.600000381469727,2.5920000076293945,111.99299621582031,120.27999877929688,101.31239318847656,26449.5390625,7996.080078125,261.458740234375
2019-04-18,179.89898681640625,2905.030029296875,12.09000015258789,2.559999942779541,112.03600311279297,120.37000274658203,101.84272766113281,26559.5390625,7998.06005859375,261.9736633300781
2019-04-23,182.7022705078125,2933.679931640625,12.279999732971191,2.569999933242798,111.92900085449219,120.12000274658203,101.56925201416016,26656.390625,8120.81982421875,264.5570373535156
2019-04-24,182.12628173828125,2927.25,13.140000343322754,2.5220000743865967,111.87699890136719,120.47000122070312,102.39793395996094,26597.05078125,8102.009765625,263.96990966796875
2019-04-25,182.86549377441406,2926.169921875,13.25,2.5339999198913574,112.12999725341797,120.56999969482422,102.248779296875,26462.080078125,8118.68017578125,263.8072509765625
2019-04-26,183.02862548828125,2939.8798828125,12.729999542236328,2.505000114440918,111.53900146484375,121.37000274658203,102.5968246459961,26543.330078125,8146.39990234375,265.0357971191406
2019-04-29,183.38388061523438,2943.030029296875,13.109999656677246,2.5360000133514404,111.59300231933594,120.83000183105469,101.94216918945312,26554.390625,8161.85009765625,265.4513854980469
2019-04-30,181.96304321289062,2945.830078125,13.119999885559082,2.509000062942505,111.677001953125,121.19999694824219,102.4642333984375,26592.91015625,8095.39013671875,265.5868225097656
2019-05-01,181.37742614746094,2923.72998046875,14.800000190734863,2.510999917984009,111.3949966430664,120.4000015258789,102.88687133789062,26430.140625,8049.64013671875,263.5905456542969
2019-05-02,180.5902099609375,2917.52001953125,14.420000076293945,2.552000045776367,111.4520034790039,119.94000244140625,102.39695739746094,26307.7890625,8036.77001953125,263.0214538574219
2019-05-03,183.47030639648438,2945.639892578125,12.869999885559082,2.5309998989105225,111.49500274658203,120.6500015258789,102.68761444091797,26504.94921875,8164.0,265.5958557128906
2019-05-06,182.34710693359375,2932.469970703125,15.4399995803833,2.5,110.62300109863281,120.80999755859375,102.96994018554688,26438.48046875,8123.2900390625,264.50286865234375
2019-05-07,178.79501342773438,2884.050048828125,19.31999969482422,2.447999954223633,110.80500030517578,121.20999908447266,103.75880432128906,25965.08984375,7963.759765625,260.0857849121094
2019-05-08,178.34376525878906,2879.419921875,19.399999618530273,2.4820001125335693,110.25700378417969,120.91000366210938,103.3104019165039,25967.330078125,7943.31982421875,259.7243957519531
2019-05-09,177.3837432861328,2870.719970703125,19.100000381469727,2.4570000171661377,110.02799987792969,121.19999694824219,103.7339096069336,25828.359375,7910.58984375,258.9386291503906
2019-05-10,177.60452270507812,2881.39990234375,16.040000915527344,2.4549999237060547,109.80699920654297,121.43000030517578,103.5927505493164,25942.369140625,7916.93994140625,260.2393493652344
2019-05-13,171.4412078857422,2811.8701171875,20.549999237060547,2.4049999713897705,109.65399932861328,122.66999816894531,104.40656280517578,25324.990234375,7647.02001953125,253.699462890625
2019-05-14,173.3228302001953,2834.409912109375,18.059999465942383,2.4189999103546143,109.15399932861328,122.45999908447266,104.0992660522461,25532.05078125,7734.490234375,255.99383544921875
2019-05-15,175.77088928222656,2850.9599609375,16.440000534057617,2.378999948501587,109.6709976196289,122.38999938964844,104.73870849609375,25648.01953125,7822.14990234375,257.4932556152344
2019-05-16,177.5373077392578,2876.320068359375,15.289999961853027,2.4049999713897705,109.4749984741211,121.51000213623047,104.3899154663086,25862.6796875,7898.0498046875,259.87799072265625
2019-05-17,175.7228546142578,2859.530029296875,15.960000038146973,2.3929998874664307,109.87100219726562,120.6500015258789,104.62244415283203,25764.0,7816.27978515625,258.19793701171875
2019-05-20,172.75643920898438,2840.22998046875,16.309999465942383,2.4159998893737793,110.16000366210938,120.63999938964844,104.40656280517578,25679.900390625,7702.3798828125,256.4906005859375
2019-05-21,174.561279296875,2864.360107421875,14.949999809265137,2.4260001182556152,110.06999969482422,120.36000061035156,104.24046325683594,25877.330078125,7785.72021484375,258.8031311035156
2019-05-22,173.78367614746094,2856.27001953125,14.75,2.3929998874664307,,120.23999786376953,104.83832550048828,25776.609375,7750.83984375,258.00811767578125
2019-05-23,171.1243896484375,2822.239990234375,16.920000076293945,2.2960000038146973,110.22100067138672,121.16999816894531,106.01750946044922,25490.470703125,7628.27978515625,254.855712890625
2019-05-24,171.0379638671875,2826.06005859375,15.850000381469727,2.3239998817443848,109.55799865722656,121.30000305175781,106.10885620117188,25585.689453125,7637.009765625,255.4337921142578
2019-05-29,168.99313354492188,2783.02001953125,17.899999618530273,2.2360000610351562,109.34600067138672,120.87000274658203,107.19668579101562,25126.41015625,7547.31005859375,251.35987854003906
2019-05-30,169.7035675048828,2788.860107421875,17.299999237060547,2.2269999980926514,109.54199981689453,121.69000244140625,108.1184310913086,25169.880859375,7567.72021484375,252.04638671875
2019-05-31,166.99627685546875,2752.06005859375,18.709999084472656,2.1419999599456787,109.35700225830078,123.33000183105469,109.47199249267578,24815.0390625,7453.14990234375,248.65000915527344
2019-06-03,163.3193817138672,2744.449951171875,18.860000610351562,2.0810000896453857,108.21199798583984,125.11000061035156,110.2042465209961,24819.779296875,7333.02001953125,248.01779174804688
2019-06-04,167.91793823242188,2803.27001953125,16.969999313354492,2.11899995803833,108.0270004272461,125.1500015258789,108.94775390625,25332.1796875,7527.1201171875,253.4014129638672
2019-06-05,169.1659698486328,2826.14990234375,16.09000015258789,2.122999906539917,108.25399780273438,125.47000122070312,108.33199310302734,25539.5703125,7575.47998046875,255.59637451171875
2019-06-06,170.5099639892578,2843.489990234375,15.930000305175781,2.124000072479248,108.3280029296875,125.87999725341797,108.68150329589844,25720.66015625,7615.5498046875,257.25836181640625
2019-06-07,173.80284118652344,2873.340087890625,16.299999237060547,2.0840001106262207,108.4540023803711,126.58999633789062,109.62177276611328,25983.939453125,7742.10009765625,259.8327941894531
2019-06-10,175.82850646972656,2886.72998046875,15.9399995803833,2.1429998874664307,108.4489974975586,125.33000183105469,108.5899658203125,26062.6796875,7823.169921875,261.02520751953125
2019-06-11,176.06851196289062,2885.719970703125,15.989999771118164,2.140000104904175,108.35900115966797,125.18000030517578,108.65650939941406,26048.509765625,7822.56982421875,260.9619445800781
2019-06-12,175.0509033203125,2879.840087890625,15.90999984741211,2.127000093460083,108.4739990234375,125.83000183105469,108.73970031738281,26004.830078125,7792.72021484375,260.5012512207031
2019-06-13,176.08773803710938,2891.639892578125,15.819999694824219,2.0910000801086426,108.48799896240234,126.5999984741211,109.11417388916016,26106.76953125,7837.1298828125,261.57623291015625
2019-06-14,175.33883666992188,2886.97998046875,15.279999732971191,2.0929999351501465,108.32099914550781,126.55999755859375,109.3887939453125,26089.609375,7796.66015625,261.28717041015625
2019-06-17,176.3949432373047,2889.669921875,15.350000381469727,2.0859999656677246,108.57599639892578,126.4800033569336,109.58013153076172,26112.529296875,7845.02001953125,261.386474609375
2019-06-18,178.95819091796875,2917.75,15.149999618530273,2.059999942779541,108.53900146484375,127.12000274658203,110.12934875488281,26465.5390625,7953.8798828125,264.12353515625
2019-06-19,179.6302032470703,2926.4599609375,14.329999923706055,2.0290000438690186,108.572998046875,127.88999938964844,110.2874526977539,26504.0,7987.31982421875,264.7196044921875
2019-06-20,181.30064392089844,2954.179931640625,14.75,2.000999927520752,108.11499786376953,131.11000061035156,110.57868957519531,26753.169921875,8051.33984375,267.2489318847656
2019-06-21,181.03184509277344,2950.4599609375,15.399999618530273,2.068000078201294,107.2770004272461,131.97999572753906,109.36380004882812,26719.130859375,8031.7099609375,266.8603820800781
2019-06-24,181.03762817382812,2945.35009765625,15.260000228881836,2.0209999084472656,107.31199645996094,133.94000244140625,110.1793212890625,26727.5390625,8005.7001953125,266.53363037109375
2019-06-25,177.9298553466797,2917.3798828125,16.280000686645508,1.99399995803833,107.3270034790039,134.1999969482422,110.52045440673828,26548.220703125,7884.72021484375,263.9194641113281
2019-06-26,178.75733947753906,2913.780029296875,16.209999084472656,2.0490000247955322,107.16600036621094,132.97000122070312,109.81316375732422,26536.8203125,7909.97021484375,263.6562805175781
2019-06-27,179.44044494628906,2924.919921875,15.819999694824219,2.005000114440918,107.73799896240234,132.83999633789062,110.58705139160156,26526.580078125,7967.759765625,264.5911865234375
2019-06-28,179.67135620117188,2941.760009765625,15.079999923706055,2.0,107.74700164794922,133.1999969482422,110.51212310791016,26599.9609375,8006.240234375,265.9527893066406
2019-07-01,182.09596252441406,2964.330078125,14.0600004196167,2.0339999198913574,108.38200378417969,130.6199951171875,110.2536849975586,26717.4296875,8091.16015625,268.3671569824219
2019-07-02,182.8175811767578,2973.010009765625,12.930000305175781,1.9759999513626099,108.36599731445312,133.41000366210938,111.10406494140625,26786.6796875,8109.08984375,269.0660400390625
2019-07-03,184.19349670410156,2995.820068359375,12.569999694824219,1.9529999494552612,107.80500030517578,133.6300048828125,111.8960952758789,26966.0,8170.22998046875,271.2173156738281
2019-07-08,182.52896118164062,2975.949951171875,13.960000038146973,2.0339999198913574,108.4739990234375,131.2899932861328,110.5621566772461,26806.140625,8098.3798828125,269.4200439453125
2019-07-09,183.44302368164062,2979.6298828125,14.09000015258789,2.053999900817871,108.72100067138672,131.75,110.52044677734375,26783.490234375,8141.72998046875,269.75592041015625
2019-07-10,185.2710418701172,2993.070068359375,13.029999732971191,2.061000108718872,108.92400360107422,133.8300018310547,109.91180419921875,26860.19921875,8202.5302734375,271.0448303222656
2019-07-11,185.13636779785156,2999.909912109375,12.930000305175781,2.119999885559082,108.33399963378906,132.6999969482422,108.44451141357422,27088.080078125,8196.0400390625,271.6802978515625
2019-07-12,186.20431518554688,3013.77001953125,12.390000343322754,2.1059999465942383,108.58799743652344,133.52999877929688,108.56951141357422,27332.029296875,8244.1396484375,272.8964538574219
2019-07-15,186.80081176757812,3014.300048828125,12.680000305175781,2.0920000076293945,107.83200073242188,133.52999877929688,109.19480895996094,27359.16015625,8258.1904296875,272.98724365234375
2019-07-16,185.83868408203125,3004.0400390625,12.859999656677246,2.121999979019165,107.88899993896484,132.39999389648438,108.86962890625,27335.630859375,8222.7998046875,272.1068115234375
2019-07-17,184.92465209960938,2984.419921875,13.970000267028809,2.061000108718872,108.20099639892578,134.5800018310547,110.04525756835938,27219.849609375,8185.2099609375,270.2551574707031
2019-07-18,185.13636779785156,2995.110107421875,13.529999732971191,2.0380001068115234,107.93699645996094,136.47999572753906,110.05355834960938,27222.970703125,8207.240234375,271.24444580078125
2019-07-19,183.77972412109375,2976.610107421875,14.449999809265137,2.0480000972747803,107.4010009765625,134.47000122070312,109.79509735107422,27154.19921875,8146.490234375,269.73773193359375
2019-07-22,185.2421875,2985.030029296875,13.529999732971191,2.0429999828338623,107.80999755859375,134.4499969482422,110.00354766845703,27171.900390625,8204.1396484375,270.400390625
2019-07-23,186.45449829101562,3005.469970703125,12.609999656677246,2.0739998817443848,107.90399932861328,133.69000244140625,109.40322875976562,27349.189453125,8251.400390625,272.3337707519531
2019-07-24,187.76300048828125,3019.56005859375,12.069999694824219,2.049999952316284,108.23200225830078,134.3699951171875,109.8784408569336,27269.970703125,8321.5,273.61370849609375
2019-07-25,185.9830322265625,3003.669921875,12.739999771118164,2.0739998817443848,108.18900299072266,133.4199981689453,109.35321807861328,27140.98046875,8238.5400390625,272.3065185546875
2019-07-26,187.89768981933594,3025.860107421875,12.15999984741211,2.0810000896453857,108.66600036621094,133.63999938964844,109.6116714477539,27192.44921875,8330.2099609375,274.1309509277344
2019-07-29,187.25306701660156,3020.969970703125,12.829999923706055,2.055000066757202,108.63300323486328,134.52999877929688,109.64503479003906,27221.349609375,8293.330078125,273.63177490234375
2019-07-30,186.4448699951172,3013.179931640625,13.9399995803833,2.061000108718872,108.86599731445312,134.97999572753906,109.91180419921875,27198.01953125,8273.6103515625,272.9600524902344
2019-07-31,183.8663330078125,2980.3798828125,16.1200008392334,2.0209999084472656,108.56199645996094,133.2100067138672,110.79556274414062,26864.26953125,8175.419921875,269.97381591796875
2019-08-01,182.95230102539062,2953.56005859375,17.8700008392334,1.8940000534057617,108.81999969482422,136.41000366210938,112.99602508544922,26583.419921875,8111.1201171875,267.62286376953125
2019-08-02,180.25828552246094,2932.050048828125,17.610000610351562,1.8550000190734863,107.43099975585938,135.88999938964844,114.040283203125,26485.009765625,8004.06982421875,265.60784912109375
2019-08-05,173.8888397216797,2844.739990234375,24.59000015258789,1.7350000143051147,106.5770034790039,137.7899932861328,116.01183319091797,25717.740234375,7726.0400390625,257.6201171875
2019-08-06,176.3231201171875,2881.77001953125,20.170000076293945,1.7389999628067017,105.59300231933594,138.91000366210938,116.93916320800781,26029.51953125,7833.27001953125,261.2327575683594
2019-08-07,177.27557373046875,2883.97998046875,19.489999771118164,1.684000015258789,106.33699798583984,141.02000427246094,116.98090362548828,26007.0703125,7862.830078125,261.38702392578125
2019-08-08,181.13381958007812,2938.090087890625,16.90999984741211,1.715999960899353,106.12100219726562,141.72999572753906,117.23148345947266,26378.189453125,8039.16015625,266.51544189453125
2019-08-09,179.4308624267578,2918.64990234375,17.969999313354492,1.7339999675750732,105.8740005493164,141.25999450683594,116.99755096435547,26287.439453125,7959.14013671875,264.70001220703125
2019-08-12,177.37184143066406,2882.699951171875,21.09000015258789,1.6390000581741333,105.38200378417969,142.6300048828125,119.43698120117188,25896.439453125,7863.41015625,261.4778137207031
2019-08-13,181.2589111328125,2926.320068359375,17.520000457763672,1.6799999475479126,105.35800170898438,141.77999877929688,119.02761840820312,26279.91015625,8016.35986328125,265.5442199707031
2019-08-14,175.84202575683594,2840.60009765625,22.100000381469727,1.5809999704360962,106.58999633789062,142.75,121.70915985107422,25479.419921875,7773.93994140625,257.6927185058594
2019-08-15,175.63992309570312,2847.60009765625,21.18000030517578,1.5290000438690186,105.91600036621094,143.6999969482422,123.0626220703125,25579.390625,7766.6201171875,258.3735046386719
2019-08-16,178.45907592773438,2888.679931640625,18.469999313354492,1.5390000343322754,106.08300018310547,142.77999877929688,122.07688903808594,25886.009765625,7895.990234375,262.1858215332031
2019-08-19,181.29734802246094,2923.64990234375,16.8799991607666,1.5980000495910645,106.43000030517578,141.11000061035156,120.33082580566406,26135.7890625,8002.81005859375,265.3445129394531
2019-08-20,179.89268493652344,2900.510009765625,17.5,1.5609999895095825,106.5739974975586,142.2100067138672,121.57554626464844,25962.439453125,7948.56005859375,263.3113098144531
2019-08-21,181.48983764648438,2924.429931640625,15.800000190734863,1.5770000219345093,106.27400207519531,141.75999450683594,120.7652816772461,26202.73046875,8020.2099609375,265.4535217285156
2019-08-22,180.9029083251953,2922.949951171875,16.68000030517578,1.6100000143051147,106.59700012207031,141.39999389648438,119.96324920654297,26252.240234375,7991.39013671875,265.3718566894531
2019-08-23,175.17816162109375,2847.110107421875,19.8700008392334,1.527999997138977,106.46800231933594,144.1699981689453,121.93489074707031,25628.900390625,7751.77001953125,258.5550537109375
2019-08-26,177.8240203857422,2878.3798828125,19.31999969482422,1.5449999570846558,104.85199737548828,144.19000244140625,121.4418716430664,25898.830078125,7853.740234375,261.4142761230469
2019-08-27,177.44882202148438,2869.159912109375,20.309999465942383,1.4900000095367432,105.97799682617188,145.57000732421875,123.3132095336914,25777.900390625,7826.9501953125,260.3886413574219
2019-08-28,178.08380126953125,2887.93994140625,19.350000381469727,1.465999960899353,105.73799896240234,145.16000366210938,123.47189331054688,26036.099609375,7856.8798828125,262.2221984863281
2019-08-29,180.80665588378906,2924.580078125,17.8799991607666,1.5160000324249268,106.06999969482422,144.1199951171875,123.00410461425781,26362.25,7973.39013671875,265.5715026855469
2019-08-30,180.3737335205078,2926.4599609375,18.979999542236328,1.50600004196167,106.43800354003906,143.75,123.03751373291016,26403.279296875,7962.8798828125,265.4535217285156
2019-09-04,181.20115661621094,2937.780029296875,17.329999923706055,1.4589999914169312,105.86100006103516,146.66000366210938,123.38066864013672,26355.470703125,7976.8798828125,266.89666748046875
2019-09-05,184.5205841064453,2976.0,16.270000457763672,1.565000057220459,106.32499694824219,143.13999938964844,121.1462173461914,26728.150390625,8116.830078125,270.3277893066406
2019-09-06,184.3377685546875,2978.7099609375,15.0,1.5499999523162842,107.0719985961914,141.9199981689453,122.0081558227539,26797.4609375,8103.06982421875,270.5364990234375
2019-09-09,183.9529266357422,2978.429931640625,15.270000457763672,1.621999979019165,106.94499969482422,141.38999938964844,119.84064483642578,26835.509765625,8087.43994140625,270.6727294921875
2019-09-10,183.4237518310547,2979.389892578125,15.199999809265137,1.7020000219345093,107.33699798583984,140.17999267578125,117.7400894165039,26909.4296875,8084.16015625,270.6091613769531
2019-09-11,185.14596557617188,3000.929931640625,14.609999656677246,1.7330000400543213,107.5999984741211,141.02999877929688,117.53092956542969,27137.0390625,8169.68017578125,272.533447265625
2019-09-12,185.9156494140625,3009.570068359375,14.220000267028809,1.7910000085830688,108.02100372314453,141.32000732421875,116.76092529296875,27182.44921875,8194.4697265625,273.4774475097656
2019-09-13,185.25180053710938,3007.389892578125,13.739999771118164,1.902999997138977,108.1760025024414,140.14999389648438,114.26705932617188,27219.51953125,8176.7099609375,273.2959289550781
2019-09-16,184.42437744140625,2997.9599609375,14.670000076293945,1.840999960899353,107.76499938964844,141.32000732421875,115.72321319580078,27076.8203125,8153.5400390625,272.4517822265625
2019-09-17,185.3095703125,3005.699951171875,14.4399995803833,1.812000036239624,108.16100311279297,141.60000610351562,116.35082244873047,27110.80078125,8186.02001953125,273.1416320800781
2019-09-18,185.23260498046875,3006.72998046875,13.949999809265137,1.7860000133514404,108.08699798583984,140.7100067138672,116.84463500976562,27147.080078125,8177.39013671875,273.30499267578125
2019-09-19,185.5404510498047,3006.7900390625,14.050000190734863,1.7740000486373901,108.42500305175781,141.27999877929688,117.19618225097656,27094.7890625,8182.8798828125,273.2868957519531
2019-09-20,183.57766723632812,2992.070068359375,15.319999694824219,1.7549999952316284,108.04100036621094,142.9499969482422,118.74436950683594,26935.0703125,8117.669921875,271.9956359863281
2019-09-23,183.65866088867188,2991.780029296875,14.90999984741211,1.7079999446868896,107.6520004272461,143.75,118.71926879882812,26949.990234375,8112.4599609375,271.9317932128906
2019-09-24,181.2195281982422,2966.60009765625,17.049999237060547,1.6349999904632568,107.61399841308594,144.50999450683594,120.1502685546875,26807.76953125,7993.6298828125,269.79791259765625
2019-09-25,183.25369262695312,2984.8701171875,15.960000038146973,1.7319999933242798,107.16300201416016,141.8300018310547,118.392822265625,26970.7109375,8077.3798828125,271.3937072753906
2019-09-26,182.57887268066406,2977.6201171875,16.06999969482422,1.684999942779541,107.69200134277344,141.7899932861328,119.15438842773438,26891.119140625,8030.66015625,270.8284606933594
2019-09-27,180.31326293945312,2961.7900390625,17.219999313354492,1.6749999523162842,107.75599670410156,141.05999755859375,119.44733428955078,26820.25,7939.6298828125,269.3693542480469
2019-09-30,182.0293731689453,2976.739990234375,16.239999771118164,1.6749999523162842,107.94400024414062,138.8699951171875,119.74024200439453,26916.830078125,7999.33984375,270.6186828613281
2019-10-01,180.544677734375,2940.25,18.559999465942383,1.6440000534057617,108.06900024414062,139.6300048828125,120.10075378417969,26573.0390625,7908.68017578125,267.3996887207031
2019-10-02,177.44032287597656,2887.610107421875,20.559999465942383,1.5959999561309814,107.73699951171875,141.25999450683594,120.39412689208984,26078.619140625,7785.25,262.6761474609375
2019-10-03,179.3877410888672,2910.6298828125,19.1200008392334,1.5360000133514404,107.16300201416016,141.89999389648438,121.49237060546875,26201.0390625,7872.259765625,264.82830810546875
2019-10-04,182.0293731689453,2952.010009765625,17.040000915527344,1.5149999856948853,106.82599639892578,141.89999389648438,122.38938903808594,26573.720703125,7982.47021484375,268.411865234375
2019-10-07,181.4797821044922,2938.7900390625,17.860000610351562,1.5529999732971191,106.76399993896484,140.69000244140625,121.37493133544922,26478.01953125,7956.2900390625,267.25384521484375
2019-10-08,178.76109313964844,2893.06005859375,20.280000686645508,1.5369999408721924,107.2509994506836,141.9199981689453,121.70198059082031,26164.0390625,7823.77978515625,263.10479736328125
2019-10-09,180.50607299804688,2919.39990234375,18.639999389648438,1.5889999866485596,106.96099853515625,142.0500030517578,121.0145492553711,26346.009765625,7903.740234375,265.60333251953125
2019-10-10,181.90403747558594,2938.1298828125,17.56999969482422,1.6579999923706055,107.1780014038086,140.80999755859375,119.21208190917969,26496.669921875,7950.77978515625,267.3996887207031
2019-10-11,184.24673461914062,2970.27001953125,15.579999923706055,1.7519999742507935,107.87999725341797,140.02999877929688,117.73660278320312,26816.58984375,8057.0400390625,270.171875
2019-10-14,184.22747802734375,2966.14990234375,14.569999694824219,1.7330000400543213,108.45899963378906,140.58999633789062,118.59171295166016,26787.359375,8048.64990234375,269.8709411621094
2019-10-15,186.5702362060547,2995.679931640625,13.539999961853027,1.7710000276565552,108.38800048828125,139.61000061035156,117.15813446044922,27024.80078125,8148.7099609375,272.5426940917969
2019-10-16,186.10740661621094,2989.68994140625,13.680000305175781,1.7480000257492065,108.81700134277344,140.41000366210938,117.30064392089844,27001.98046875,8124.18017578125,272.10504150390625
2019-10-17,186.59912109375,2997.949951171875,13.789999961853027,1.7569999694824219,108.677001953125,140.61000061035156,117.01565551757812,27025.880859375,8156.85009765625,272.907470703125
2019-10-18,184.8059539794922,2986.199951171875,14.25,1.746999979019165,108.58100128173828,140.4600067138672,117.01565551757812,26770.19921875,8089.5400390625,271.71295166015625
2019-10-21,186.4448699951172,3006.719970703125,14.0,1.7920000553131104,108.40799713134766,139.7899932861328,116.13539123535156,26827.640625,8162.990234375,273.554931640625
2019-10-22,184.96018981933594,2995.989990234375,14.460000038146973,1.7680000066757202,108.60099792480469,140.1999969482422,116.81437683105469,26788.099609375,8104.2998046875,272.6612854003906
2019-10-23,185.31690979003906,3004.52001953125,14.010000228881836,1.7589999437332153,108.48300170898438,140.52999877929688,116.93179321289062,26833.94921875,8119.7900390625,273.4546203613281
2019-10-24,187.11973571777344,3010.2900390625,13.710000038146973,1.7660000324249268,108.64199829101562,141.52999877929688,116.6970443725586,26805.529296875,8185.7998046875,273.9013977050781
2019-10-25,188.6140594482422,3022.550048828125,12.649999618530273,1.8009999990463257,108.60600280761719,141.86000061035156,116.12693786621094,26958.060546875,8243.1201171875,275.0230407714844
2019-10-28,190.4747772216797,3039.419921875,13.109999656677246,1.8530000448226929,108.73400115966797,140.63999938964844,115.07067108154297,27090.720703125,8325.990234375,276.5731506347656
2019-10-29,188.99969482421875,3036.889892578125,13.199999809265137,1.8350000381469727,108.96399688720703,140.25,115.14616394042969,27071.4609375,8276.849609375,276.49114990234375
2019-10-30,189.9155731201172,3046.77001953125,12.329999923706055,1.7979999780654907,108.8740005493164,141.02000427246094,116.83119201660156,27186.689453125,8303.98046875,277.3392333984375
2019-10-31,190.00234985351562,3037.56005859375,13.220000267028809,1.690999984741211,108.78900146484375,142.42999267578125,118.40727233886719,27046.23046875,8292.3603515625,276.6006164550781
2019-11-01,191.72808837890625,3066.909912109375,12.300000190734863,1.7280000448226929,107.99600219726562,142.55999755859375,118.04280853271484,27347.359375,8386.400390625,279.1629638671875
2019-11-04,192.91390991210938,3078.27001953125,12.829999923706055,1.7860000133514404,108.22000122070312,142.14999389648438,116.48912811279297,27462.109375,8433.2001953125,280.2845764160156
2019-11-05,193.0199432373047,3074.6201171875,13.100000381469727,1.8660000562667847,108.69400024414062,139.85000610351562,115.17903900146484,27492.630859375,8434.6796875,279.9745178222656
2019-11-06,192.5861053466797,3076.780029296875,12.619999885559082,1.8140000104904175,109.14600372314453,140.4499969482422,115.8760757446289,27492.560546875,8410.6298828125,280.0384826660156
2019-11-07,193.2320556640625,3085.179931640625,12.729999542236328,1.9259999990463257,108.91300201416016,138.27000427246094,113.77656555175781,27674.80078125,8434.51953125,281.0232238769531
2019-11-08,194.0033416748047,3093.080078125,12.069999694824219,1.9329999685287476,109.27400207519531,137.38999938964844,113.29793548583984,27681.240234375,8475.3095703125,281.7162170410156
2019-11-11,193.74302673339844,3087.010009765625,12.6899995803833,1.9429999589920044,109.22599792480469,137.05999755859375,113.37345886230469,27691.490234375,8464.2802734375,281.1782531738281
2019-11-12,194.3021697998047,3091.840087890625,12.680000305175781,1.909000039100647,109.04199981689453,137.42999267578125,113.89412689208984,27691.490234375,8486.08984375,281.7709655761719
2019-11-13,194.3504180908203,3094.0400390625,13.0,1.8700000047683716,108.99299621582031,137.97999572753906,114.63320922851562,27783.58984375,8482.099609375,281.8621520996094
2019-11-14,194.19613647460938,3096.6298828125,13.050000190734863,1.815000057220459,108.7979965209961,138.55999755859375,115.81732177734375,27781.9609375,8479.01953125,282.2724914550781
2019-11-15,195.62301635742188,3120.4599609375,12.050000190734863,1.8339999914169312,108.49199676513672,138.2100067138672,115.69131469726562,28004.890625,8540.830078125,284.3150939941406
2019-11-18,195.7772216796875,3122.030029296875,12.460000038146973,1.8079999685287476,108.6989974975586,138.6199951171875,115.90126037597656,28036.220703125,8549.9404296875,284.52484130859375
2019-11-19,196.06646728515625,3120.179931640625,12.859999656677246,1.7860000133514404,108.66200256347656,138.69000244140625,116.86705017089844,27934.01953125,8570.66015625,284.44268798828125
2019-11-20,194.8903045654297,3108.4599609375,12.779999732971191,1.7380000352859497,108.44499969482422,138.75999450683594,118.07637786865234,27821.08984375,8526.73046875,283.385009765625
2019-11-21,194.45640563964844,3103.5400390625,13.130000114440918,1.7719999551773071,108.47799682617188,138.0,117.33740997314453,27766.2890625,8506.2099609375,282.9289855957031
2019-11-22,194.581787109375,3110.2900390625,12.34000015258789,1.7740000486373901,108.58499908447266,137.74000549316406,117.48847961425781,27875.619140625,8519.8798828125,283.5582580566406
2019-11-25,196.88592529296875,3133.639892578125,11.869999885559082,1.7640000581741333,108.7300033569336,137.0800018310547,117.83283233642578,28066.470703125,8632.490234375,285.7558288574219
2019-11-26,197.26193237304688,3140.52001953125,11.539999961853027,1.7400000095367432,108.99199676513672,137.74000549316406,118.5215072631836,28121.6796875,8647.9296875,286.4033508300781
2019-11-27,198.6405487060547,3153.6298828125,11.75,1.7669999599456787,109.09700012207031,137.00999450683594,118.17723083496094,28164.0,8705.1796875,287.679931640625
2019-12-02,195.70973205566406,3113.8701171875,14.90999984741211,1.8359999656677246,109.53500366210938,137.7899932861328,116.35295867919922,27783.0390625,8567.990234375,284.1783447265625
2019-12-03,194.17686462402344,3093.199951171875,15.960000038146973,1.7089999914169312,109.02200317382812,139.11000061035156,118.79254150390625,27502.810546875,8520.6396484375,282.2724914550781
2019-12-04,195.1602020263672,3112.760009765625,14.800000190734863,1.781000018119812,108.65299987792969,138.9199981689453,117.60636138916016,27649.779296875,8566.669921875,284.01422119140625
2019-12-05,195.5458984375,3117.429931640625,14.520000457763672,1.7970000505447388,108.83200073242188,139.0,117.03430938720703,27677.7890625,8570.7001953125,284.52484130859375
2019-12-06,197.63790893554688,3145.909912109375,13.619999885559082,1.8420000076293945,108.73799896240234,137.6199951171875,116.38658905029297,28015.060546875,8656.5302734375,287.1236572265625
2019-12-09,196.7413330078125,3135.9599609375,15.859999656677246,1.8289999961853027,108.62699890136719,137.5800018310547,116.63890838623047,27909.599609375,8621.830078125,286.2209167480469
2019-12-10,196.57745361328125,3132.52001953125,15.680000305175781,1.8329999446868896,108.58200073242188,137.97000122070312,116.64735412597656,27881.720703125,8616.1796875,285.90179443359375
2019-12-11,197.61866760253906,3141.6298828125,14.989999771118164,1.7899999618530273,108.76399993896484,138.9199981689453,117.56431579589844,27911.30078125,8654.0498046875,286.71331787109375
2019-12-12,199.0936737060547,3168.570068359375,13.9399995803833,1.8969999551773071,108.54900360107422,138.42999267578125,115.62946319580078,28132.05078125,8717.3203125,289.1845397949219
2019-12-13,199.74929809570312,3168.800048828125,12.630000114440918,1.819000005722046,109.41300201416016,139.0500030517578,116.96705627441406,28135.380859375,8734.8798828125,289.35784912109375
2019-12-16,201.75454711914062,3191.449951171875,12.140000343322754,1.8919999599456787,109.4000015258789,139.0399932861328,115.91545104980469,28235.890625,8814.23046875,291.34576416015625
2019-12-17,201.87025451660156,3192.52001953125,12.289999961853027,1.8890000581741333,109.57599639892578,139.00999450683594,115.75566864013672,28267.16015625,8823.3603515625,291.4096374511719
2019-12-18,202.0245819091797,3191.139892578125,12.579999923706055,1.9240000247955322,109.51599884033203,139.02000427246094,114.8050537109375,28239.279296875,8827.740234375,291.4277648925781
2019-12-19,203.2874755859375,3205.3701171875,12.5,1.9079999923706055,109.5510025024414,139.3800048828125,114.98873138427734,28376.9609375,8887.2197265625,292.62225341796875
2019-12-20,204.10693359375,3221.219970703125,12.510000228881836,1.9170000553131104,109.38300323486328,139.52000427246094,115.14037322998047,28455.08984375,8924.9599609375,293.9053649902344
2019-12-23,204.64608764648438,3224.010009765625,12.609999656677246,1.934999942779541,109.4990005493164,139.9499969482422,114.97183227539062,28551.529296875,8945.650390625,294.3542175292969
2019-12-24,204.7523651123047,3223.3798828125,12.670000076293945,1.909999966621399,109.38200378417969,141.27000427246094,115.30045318603516,28515.44921875,8952.8798828125,294.3634948730469
2019-12-27,206.38519287109375,3240.02001953125,13.430000305175781,1.8739999532699585,109.54199981689453,142.3300018310547,115.70494079589844,28645.259765625,9006.6201171875,295.8570556640625
2019-12-30,205.0325469970703,3221.2900390625,14.819999694824219,1.8949999809265137,109.4280014038086,142.6300048828125,115.28365325927734,28462.140625,8945.990234375,294.22601318359375
2019-12-31,205.41900634765625,3230.780029296875,13.779999732971191,1.9190000295639038,108.87300109863281,142.89999389648438,114.15454864501953,28538.439453125,8972.599609375,294.9407958984375
2020-01-03,206.93592834472656,3234.85009765625,14.020000457763672,1.7879999876022339,108.54299926757812,145.86000061035156,117.22159576416016,28634.880859375,9020.76953125,295.4447937011719
2020-01-06,208.2692413330078,3246.280029296875,13.850000381469727,1.8109999895095825,107.96399688720703,147.38999938964844,116.55596160888672,28703.380859375,9071.4697265625,296.5718994140625
2020-01-07,208.24029541015625,3237.179931640625,13.789999961853027,1.8270000219345093,108.40599822998047,147.97000122070312,115.9830093383789,28583.6796875,9068.580078125,295.7380065917969
2020-01-08,209.80543518066406,3253.050048828125,13.449999809265137,1.8739999532699585,108.01599884033203,146.86000061035156,115.2161865234375,28745.08984375,9129.240234375,297.3141174316406
2020-01-09,211.58322143554688,3274.699951171875,12.539999961853027,1.8580000400543213,109.03099822998047,146.02999877929688,115.62065887451172,28956.900390625,9203.4296875,299.330078125
2020-01-10,211.0421905517578,3265.35009765625,12.5600004196167,1.8250000476837158,109.50700378417969,146.91000366210938,116.64860534667969,28823.76953125,9178.8603515625,298.46875
2020-01-13,213.47695922851562,3288.1298828125,12.319999694824219,1.8480000495910645,109.56600189208984,145.82000732421875,116.29473876953125,28907.05078125,9273.9296875,300.52142333984375
2020-01-14,212.63636779785156,3283.14990234375,12.390000343322754,1.8179999589920044,109.99199676513672,145.69000244140625,116.8929672241211,28939.669921875,9251.330078125,300.0632629394531
2020-01-15,212.7232666015625,3289.2900390625,12.420000076293945,1.7879999876022339,109.85399627685547,146.5399932861328,117.66814422607422,29030.220703125,9258.7001953125,300.7412414550781
2020-01-16,214.761962890625,3316.81005859375,12.319999694824219,1.809000015258789,109.88300323486328,146.30999755859375,117.29743957519531,29297.640625,9357.1298828125,303.2430114746094
2020-01-17,215.8247833251953,3329.6201171875,12.100000381469727,1.8359999656677246,110.17500305175781,146.5800018310547,116.29473876953125,29348.099609375,9388.9404296875,304.1868591308594
2020-01-22,216.2981719970703,3321.75,12.90999984741211,1.7690000534057617,109.90799713134766,146.7899932861328,117.92938995361328,29186.26953125,9383.76953125,303.6278381347656
2020-01-23,216.9938507080078,3325.5400390625,12.979999542236328,1.7400000095367432,109.72799682617188,147.1199951171875,118.75513458251953,29160.08984375,9402.48046875,303.97601318359375
2020-01-24,215.167724609375,3295.469970703125,14.5600004196167,1.680999994277954,109.552001953125,147.97999572753906,119.71562194824219,28989.73046875,9314.91015625,301.2727966308594
2020-01-27,210.72335815429688,3243.6298828125,18.229999542236328,1.6050000190734863,108.802001953125,148.99000549316406,121.57775115966797,28535.80078125,9139.3095703125,296.4436340332031
2020-01-28,213.96006774902344,3276.239990234375,16.280000686645508,1.6410000324249268,108.91999816894531,147.66000366210938,120.62570190429688,28722.849609375,9269.6796875,299.550048828125
2020-01-29,214.30784606933594,3273.39990234375,16.389999389648438,1.593999981880188,109.13200378417969,148.4600067138672,121.80532836914062,28734.44921875,9275.16015625,299.30267333984375
2020-01-30,215.07115173339844,3283.659912109375,15.489999771118164,1.5579999685287476,108.98699951171875,148.47000122070312,121.82212829589844,28859.439453125,9298.9296875,300.27398681640625
2020-01-31,211.6605224609375,3225.52001953125,18.84000015258789,1.5199999809265137,108.87699890136719,149.3300018310547,122.93438720703125,28256.029296875,9150.9404296875,294.8216247558594
2020-02-03,214.8585968017578,3248.919921875,17.969999313354492,1.5199999809265137,108.37200164794922,148.36000061035156,122.83476257324219,28399.810546875,9273.400390625,297.01171875
2020-02-04,219.77642822265625,3297.590087890625,16.049999237060547,1.6030000448226929,108.61199951171875,146.42999267578125,121.1805419921875,28807.630859375,9467.9697265625,301.5384826660156
2020-02-05,220.50103759765625,3334.68994140625,15.149999618530273,1.6490000486373901,109.4469985961914,146.61000061035156,119.85545349121094,29290.849609375,9508.6796875,305.0207214355469
2020-02-06,222.40440368652344,3345.780029296875,14.960000038146973,1.6440000534057617,109.81400299072266,147.39999389648438,120.39566040039062,29379.76953125,9572.150390625,306.0470886230469
2020-02-07,221.44790649414062,3327.7099609375,15.470000267028809,1.5779999494552612,109.96800231933594,147.7899932861328,121.8979721069336,29102.509765625,9520.509765625,304.4159851074219
2020-02-10,224.12420654296875,3352.090087890625,15.039999961853027,1.5470000505447388,109.6449966430664,148.1699981689453,122.23551940917969,29276.8203125,9628.3896484375,306.6885681152344
2020-02-11,224.16287231445312,3357.75,15.180000305175781,1.590000033378601,109.76599884033203,147.66000366210938,121.61943817138672,29276.33984375,9638.9404296875,307.2200012207031
2020-02-12,226.346435546875,3379.449951171875,13.739999771118164,1.6299999952316284,109.84300231933594,147.5399932861328,121.00334167480469,29551.419921875,9725.9599609375,309.1993713378906
2020-02-13,226.05654907226562,3373.93994140625,14.149999618530273,1.6169999837875366,109.84600067138672,148.3800048828125,121.467529296875,29423.310546875,9711.9697265625,308.8694763183594
2020-02-14,226.70396423339844,3380.159912109375,13.680000305175781,1.5880000591278076,109.75800323486328,149.0,121.99922180175781,29398.080078125,9731.1796875,309.36431884765625
2020-02-19,228.96473693847656,3386.14990234375,14.380000114440918,1.5700000524520874,109.91899871826172,151.7899932861328,122.82632446289062,29348.029296875,9817.1796875,310.0423583984375
2020-02-20,226.83917236328125,3373.22998046875,15.5600004196167,1.524999976158142,111.20999908447266,152.41000366210938,123.7884750366211,29219.98046875,9750.9697265625,308.768798828125
2020-02-21,222.48175048828125,3337.75,17.079999923706055,1.4709999561309814,111.9540023803711,154.6999969482422,124.94478607177734,28992.41015625,9576.58984375,305.5888977050781
2020-02-24,213.902099609375,3225.889892578125,25.030000686645508,1.3769999742507935,111.55699920654297,156.08999633789062,126.80997467041016,27960.80078125,9221.2802734375,295.4540100097656
2020-02-25,208.08566284179688,3128.2099609375,27.850000381469727,1.3300000429153442,110.85700225830078,153.3000030517578,127.48517608642578,27081.359375,8965.6103515625,286.5010070800781
2020-02-26,209.15811157226562,3116.389892578125,27.559999465942383,1.309999942779541,110.28600311279297,153.97000122070312,126.80997467041016,26957.58984375,8980.7802734375,285.4471740722656
2020-02-27,198.6847686767578,2978.760009765625,39.15999984741211,1.2990000247955322,110.36299896240234,154.0,128.1857452392578,25766.640625,8566.48046875,272.6272888183594
2020-02-28,198.83934020996094,2954.219970703125,40.11000061035156,1.1269999742507935,109.66000366210938,148.3800048828125,131.08058166503906,25409.359375,8567.3701171875,271.4817810058594
2020-03-02,209.1001739501953,3090.22998046875,33.41999816894531,1.0880000591278076,107.6969985961914,149.1999969482422,130.1162109375,26703.3203125,8952.169921875,283.2388000488281
2020-03-03,202.39486694335938,3003.3701171875,36.81999969482422,1.0099999904632568,108.48699951171875,153.88999938964844,132.13624572753906,25917.41015625,8684.08984375,275.1290588378906
2020-03-04,210.8392791748047,3130.1201171875,31.989999771118164,0.9919999837875366,107.03700256347656,154.16000366210938,130.73318481445312,27090.859375,9018.08984375,286.6934509277344
2020-03-05,204.43353271484375,3023.93994140625,39.619998931884766,0.9259999990463257,107.677001953125,157.49000549316406,133.98739624023438,26121.279296875,8738.58984375,277.1632995605469
2020-03-06,200.98428344726562,2972.3701171875,41.939998626708984,0.7059999704360962,106.24800109863281,157.5500030517578,140.96060180664062,25864.779296875,8575.6201171875,272.5814208984375
2020-03-09,187.02301025390625,2746.56005859375,54.459999084472656,0.49900001287460327,103.93800354003906,157.80999755859375,144.78111267089844,23851.01953125,7950.68017578125,251.29443359375
2020-03-10,197.20651245117188,2882.22998046875,47.29999923706055,0.7480000257492065,103.11199951171875,154.47999572753906,137.35987854003906,25018.16015625,8344.25,264.29754638671875
2020-03-11,188.6171875,2741.3798828125,53.900001525878906,0.8199999928474426,105.0260009765625,153.92999267578125,132.30531311035156,23553.220703125,7952.0498046875,251.41348266601562
2020-03-12,171.32264709472656,2480.639892578125,75.47000122070312,0.8489999771118164,104.55000305175781,147.7899932861328,133.12515258789062,21200.619140625,7201.7998046875,227.3589324951172
2020-03-13,185.83460998535156,2711.02001953125,57.83000183105469,0.9509999752044678,104.61000061035156,143.27999877929688,130.1162109375,23185.619140625,7874.8798828125,246.7949981689453
2020-03-16,163.5738983154297,2386.1298828125,82.69000244140625,0.7279999852180481,106.68800354003906,141.63999938964844,138.543212890625,20188.51953125,6904.58984375,219.78976440429688
2020-03-17,175.97959899902344,2529.18994140625,75.91000366210938,0.996999979019165,106.17500305175781,143.55999755859375,129.3047332763672,21237.380859375,7334.77978515625,231.6566619873047
2020-03-18,170.626953125,2398.10009765625,76.44999694824219,1.2660000324249268,107.37699890136719,140.6999969482422,122.01029205322266,19898.919921875,6989.83984375,219.92724609375
2020-03-19,171.651123046875,2409.389892578125,72.0,1.11899995803833,108.36000061035156,138.0399932861328,125.33211517333984,20087.189453125,7150.580078125,220.39453125
2020-03-20,164.92649841308594,2304.919921875,66.04000091552734,0.9380000233650208,111.29100036621094,140.11000061035156,134.75656127929688,19173.98046875,6879.52001953125,210.89683532714844
2020-03-23,165.04554748535156,2237.39990234375,61.59000015258789,0.7639999985694885,110.46199798583984,146.3000030517578,140.30975341796875,18591.9296875,6860.669921875,205.50457763671875
2020-03-24,177.82630920410156,2447.330078125,61.66999816894531,0.8159999847412109,110.8270034790039,153.39999389648438,137.697998046875,20704.91015625,7417.85986328125,224.12399291992188
2020-03-25,176.50955200195312,2475.56005859375,63.95000076293945,0.8579999804496765,111.12000274658203,151.3000030517578,137.38523864746094,21200.55078125,7384.2998046875,227.47914123535156
2020-03-26,185.80459594726562,2630.070068359375,61.0,0.8109999895095825,110.8759994506836,153.24000549316406,138.06143188476562,22552.169921875,7797.5400390625,240.7615966796875
2020-03-27,179.4142303466797,2541.469970703125,65.54000091552734,0.7490000128746033,109.10900115966797,152.25,141.7466583251953,21636.779296875,7502.3798828125,233.5903778076172
2020-03-30,185.94012451171875,2626.64990234375,57.08000183105469,0.6700000166893005,107.41300201416016,152.9199981689453,140.5802764892578,22327.48046875,7774.14990234375,241.17637634277344
2020-03-31,184.3522186279297,2584.590087890625,53.540000915527344,0.6980000138282776,108.03500366210938,148.0500030517578,139.43914794921875,21917.16015625,7700.10009765625,237.58154296875
2020-04-01,176.5191650390625,2470.5,57.060001373291016,0.6349999904632568,107.50800323486328,149.4499969482422,141.39276123046875,20943.509765625,7360.580078125,226.88922119140625
2020-04-02,180.10165405273438,2526.89990234375,50.90999984741211,0.6269999742507935,107.25700378417969,151.89999389648438,142.29005432128906,21413.439453125,7487.31005859375,232.12481689453125
2020-04-03,177.54554748535156,2488.64990234375,46.79999923706055,0.5870000123977661,108.0009994506836,152.64999389648438,142.62869262695312,21052.529296875,7373.080078125,228.7696533203125
2020-04-06,190.23912048339844,2663.679931640625,45.2400016784668,0.6759999990463257,108.69300079345703,156.8800048828125,142.25619506835938,22679.990234375,7913.240234375,244.13519287109375
2020-04-07,190.1616668701172,2659.409912109375,46.70000076293945,0.7360000014305115,109.11499786376953,156.0399932861328,140.76641845703125,22653.859375,7887.259765625,244.3840789794922
2020-04-08,194.19921875,2749.97998046875,43.349998474121094,0.7639999985694885,108.6510009765625,154.64999389648438,139.74221801757812,23433.5703125,8090.89990234375,252.5877685546875
2020-04-09,194.47998046875,2789.820068359375,41.66999816894531,0.7289999723434448,108.9219970703125,158.69000244140625,139.99612426757812,23719.369140625,8153.580078125,256.431396484375
2020-04-14,205.130615234375,2846.06005859375,37.7599983215332,0.7519999742507935,107.62300109863281,162.67999267578125,138.68414306640625,23949.759765625,8515.740234375,261.583984375
2020-04-15,202.7777862548828,2783.360107421875,40.84000015258789,0.6380000114440918,107.10399627685547,161.85000610351562,142.3577117919922,23504.349609375,8393.1796875,256.0257873535156
2020-04-16,206.4764404296875,2799.550048828125,40.11000061035156,0.609000027179718,107.60900115966797,161.7100067138672,143.97447204589844,23537.6796875,8532.3603515625,257.260986328125
2020-04-17,208.45164489746094,2874.56005859375,38.150001525878906,0.6539999842643738,107.94499969482422,158.57000732421875,142.04458618164062,24242.490234375,8650.1396484375,264.21099853515625
2020-04-20,205.982666015625,2823.159912109375,43.83000183105469,0.6259999871253967,107.66999816894531,159.6999969482422,143.18734741210938,23650.439453125,8560.73046875,259.55609130859375
2020-04-21,198.3820037841797,2736.56005859375,45.40999984741211,0.5709999799728394,107.66899871826172,158.61000061035156,144.99026489257812,23018.880859375,8263.23046875,251.67515563964844
2020-04-22,204.26889038085938,2799.31005859375,41.97999954223633,0.6190000176429749,107.72100067138672,161.72999572753906,143.5089569091797,23475.8203125,8495.3798828125,257.260986328125
2020-04-23,203.83314514160156,2797.800048828125,41.380001068115234,0.6129999756813049,107.81300354003906,163.33999633789062,144.2707977294922,23515.259765625,8494.75,257.2425537109375
2020-04-24,207.04771423339844,2836.739990234375,35.93000030517578,0.5960000157356262,107.66699981689453,162.63999938964844,144.60931396484375,23775.26953125,8634.51953125,260.82818603515625
2020-04-27,208.71307373046875,2878.47998046875,33.290000915527344,0.656000018119812,107.49500274658203,161.55999755859375,141.91761779785156,24133.779296875,8730.16015625,264.5888366699219
2020-04-28,204.78204345703125,2863.389892578125,33.56999969482422,0.6100000143051147,107.28299713134766,160.83999633789062,143.5513153076172,24101.55078125,8607.73046875,263.3721923828125
2020-04-29,212.04380798339844,2939.510009765625,31.229999542236328,0.6269999742507935,106.74099731445312,161.72999572753906,142.80642700195312,24633.859375,8914.7099609375,270.2669372558594
2020-04-30,211.95663452148438,2912.429931640625,34.150001525878906,0.621999979019165,106.61000061035156,158.8000030517578,141.13885498046875,24345.720703125,8889.5498046875,267.75054931640625
2020-05-01,205.982666015625,2830.7099609375,37.189998626708984,0.6420000195503235,107.28500366210938,159.77999877929688,142.34750366210938,23723.689453125,8604.9501953125,260.6623229980469
2020-05-04,208.38389587402344,2842.739990234375,35.970001220703125,0.6370000243186951,106.73799896240234,160.33999633789062,141.6779327392578,23749.759765625,8710.7099609375,261.3811340332031
2020-05-05,210.74636840820312,2868.43994140625,33.61000061035156,0.6570000052452087,106.6969985961914,161.02000427246094,140.77102661132812,23883.08984375,8809.1201171875,263.7961120605469
2020-05-06,212.04380798339844,2848.419921875,34.119998931884766,0.7110000252723694,106.4520034790039,158.9499969482422,138.49952697753906,23664.640625,8854.3896484375,262.0079650878906
2020-05-07,214.77426147460938,2881.18994140625,31.440000534057617,0.6309999823570251,106.19100189208984,161.38999938964844,140.81344604492188,23875.890625,8979.66015625,265.1695556640625
2020-05-08,217.7176971435547,2929.800048828125,27.979999542236328,0.6819999814033508,106.35900115966797,160.4199981689453,138.98263549804688,24331.3203125,9121.3203125,269.55712890625
2020-05-11,219.663818359375,2930.18994140625,27.56999969482422,0.7260000109672546,106.91899871826172,159.4199981689453,137.8977813720703,24221.990234375,9192.33984375,269.61248779296875
2020-05-12,215.06471252441406,2870.1201171875,33.040000915527344,0.6779999732971191,107.56600189208984,160.0399932861328,139.31317138671875,23764.779296875,9002.5498046875,264.2386169433594
2020-05-13,212.373046875,2820.0,35.279998779296875,0.6489999890327454,107.13800048828125,161.5800018310547,140.2878875732422,23247.970703125,8863.169921875,259.5652770996094
2020-05-14,214.78392028808594,2852.5,32.61000061035156,0.6190000176429749,106.93299865722656,163.00999450683594,141.66099548339844,23625.33984375,8943.7197265625,262.671630859375
2020-05-15,216.1781768798828,2863.699951171875,31.889999389648438,0.6399999856948853,107.36499786376953,163.92999267578125,141.29656982421875,23685.419921875,9014.5595703125,263.879150390625
2020-05-18,220.20603942871094,2953.909912109375,29.299999237060547,0.7440000176429749,107.20800018310547,162.69000244140625,138.19444274902344,24597.369140625,9234.830078125,271.9167785644531
2020-05-19,219.65415954589844,2922.93994140625,30.530000686645508,0.7110000252723694,107.38099670410156,164.25999450683594,138.7114715576172,24206.859375,9185.099609375,269.1238708496094
2020-05-20,224.040283203125,2971.610107421875,27.989999771118164,0.6800000071525574,107.80999755859375,164.64999389648438,139.12673950195312,24575.900390625,9375.7802734375,273.69580078125
2020-05-21,221.60025024414062,2948.510009765625,29.530000686645508,0.6769999861717224,107.59100341796875,162.25,139.47430419921875,24474.119140625,9284.8798828125,271.8062438964844
2020-05-22,222.3651885986328,2955.449951171875,28.15999984741211,0.6570000052452087,107.63099670410156,163.2100067138672,140.31333923339844,24465.16015625,9324.58984375,272.3224182128906
2020-05-27,222.97520446777344,3036.1298828125,27.6200008392334,0.6800000071525574,107.49099731445312,161.17999267578125,138.17747497558594,25548.26953125,9412.3603515625,279.7793273925781
2020-05-28,222.6847381591797,3029.72998046875,28.59000015258789,0.7049999833106995,107.7979965209961,161.72000122070312,137.6688995361328,25400.640625,9368.990234375,279.2631530761719
2020-05-29,225.94772338867188,3044.31005859375,27.510000228881836,0.6480000019073486,107.64299774169922,162.91000366210938,138.65213012695312,25383.109375,9489.8701171875,280.507568359375
2020-06-01,226.62545776367188,3055.72998046875,28.229999542236328,0.6620000004768372,107.70800018310547,163.66000366210938,137.7186279296875,25475.01953125,9552.0498046875,281.6413269042969
2020-06-02,228.14561462402344,3080.820068359375,26.84000015258789,0.6800000071525574,107.5479965209961,162.60000610351562,137.21791076660156,25742.650390625,9608.3798828125,283.97332763671875
2020-06-03,229.17190551757812,3122.8701171875,25.65999984741211,0.7609999775886536,108.80899810791016,159.60000610351562,135.39321899414062,26269.890625,9682.91015625,287.75262451171875
2020-06-04,227.56463623046875,3112.35009765625,25.809999465942383,0.8199999928474426,108.9990005493164,161.27999877929688,133.4329833984375,26281.8203125,9615.8095703125,286.9967041015625
2020-06-05,232.07662963867188,3193.929931640625,24.520000457763672,0.9039999842643738,109.1500015258789,158.00999450683594,132.48252868652344,27110.98046875,9814.080078125,294.3522644042969
2020-06-08,233.87754821777344,3232.389892578125,25.809999465942383,0.8840000033378601,109.63400268554688,159.72000122070312,132.9916534423828,27572.439453125,9924.75,297.91021728515625
2020-06-09,235.5719451904297,3207.179931640625,27.56999969482422,0.8289999961853027,108.40899658203125,161.25999450683594,134.50222778320312,27272.30078125,9953.75,295.6887512207031
2020-06-10,238.39920043945312,3190.139892578125,27.56999969482422,0.7480000257492065,107.7969970703125,163.57000732421875,136.4965362548828,26989.990234375,10020.349609375,294.03887939453125
2020-06-11,226.5867462158203,3002.10009765625,40.790000915527344,0.652999997138977,106.98100280761719,162.38999938964844,139.07647705078125,25128.169921875,9492.73046875,277.0879211425781
2020-06-12,228.3876495361328,3041.31005859375,36.09000015258789,0.6990000009536743,106.8030014038086,162.6199951171875,137.73561096191406,25605.5390625,9588.8095703125,280.40618896484375
2020-06-15,231.1664581298828,3066.590087890625,34.400001525878906,0.7020000219345093,107.31099700927734,162.3300018310547,137.81198120117188,25763.16015625,9726.01953125,283.02386474609375
2020-06-16,235.13626098632812,3124.739990234375,33.66999816894531,0.7559999823570251,107.46399688720703,162.25,135.69883728027344,26289.98046875,9895.8701171875,288.471435546875
2020-06-17,235.8817901611328,3113.489990234375,33.470001220703125,0.7329999804496765,107.41000366210938,162.55999755859375,136.25900268554688,26119.609375,9910.5302734375,287.2731628417969
2020-06-18,236.5208282470703,3115.340087890625,32.939998626708984,0.6940000057220459,106.89399719238281,162.24000549316406,137.70162963867188,26080.099609375,9943.0498046875,287.3838806152344
2020-06-19,236.48211669921875,3097.739990234375,35.119998931884766,0.6970000267028809,107.00599670410156,164.02999877929688,137.81198120117188,25871.4609375,9946.1201171875,285.74151611328125
2020-06-22,239.31817626953125,3117.860107421875,31.770000457763672,0.7039999961853027,106.83100128173828,165.08999633789062,137.82894897460938,26024.9609375,10056.48046875,287.5745544433594
2020-06-23,241.35498046875,3131.2900390625,31.3700008392334,0.7089999914169312,106.90299987792969,166.47999572753906,136.88694763183594,26156.099609375,10131.3701171875,288.89837646484375
2020-06-24,236.37930297851562,3050.330078125,33.84000015258789,0.6840000152587891,106.43199920654297,165.89999389648438,138.3550567626953,25445.939453125,9909.169921875,281.52899169921875
2020-06-25,238.62948608398438,3083.760009765625,32.220001220703125,0.6740000247955322,107.04399871826172,165.8000030517578,138.7540740966797,25745.599609375,10017.0,284.54718017578125
2020-06-26,232.99427795410156,3009.050048828125,34.72999954223633,0.6359999775886536,107.15499877929688,166.5399932861328,140.23910522460938,25015.55078125,9757.2197265625,277.7887268066406
2020-06-29,235.53541564941406,3053.239990234375,31.780000686645508,0.6359999775886536,107.21800231933594,166.6300048828125,139.7978057861328,25595.80078125,9874.150390625,281.8715515136719
2020-06-30,240.1522979736328,3100.2900390625,30.43000030517578,0.652999997138977,107.58999633789062,167.3699951171875,139.11888122558594,25812.880859375,10058.76953125,285.4822082519531
2020-07-01,242.9553680419922,3115.860107421875,28.6200008392334,0.6819999814033508,107.98899841308594,166.6199951171875,138.84873962402344,25734.970703125,10154.6298828125,287.4819030761719
2020-07-02,244.60418701171875,3130.010009765625,27.68000030517578,0.6690000295639038,107.36599731445312,166.97999572753906,138.99314880371094,25827.359375,10207.6298828125,289.0650329589844
2020-07-07,248.89125061035156,3145.320068359375,29.43000030517578,0.6499999761581421,107.35900115966797,169.0399932861328,140.36953735351562,25890.1796875,10343.8896484375,290.50006103515625
2020-07-08,252.1696014404297,3169.93994140625,28.079999923706055,0.652999997138977,107.5780029296875,170.08999633789062,139.808837890625,26067.279296875,10492.5,292.7219543457031
2020-07-09,254.293701171875,3152.050048828125,29.260000228881836,0.6050000190734863,107.28299713134766,169.6300048828125,142.0348358154297,25706.08984375,10547.75,291.0555725097656
2020-07-10,256.0299072265625,3185.0400390625,27.290000915527344,0.6330000162124634,107.23600006103516,169.19000244140625,141.32118225097656,26075.30078125,10617.4404296875,294.02740478515625
2020-07-13,250.76321411132812,3155.219970703125,32.189998626708984,0.6399999856948853,106.91000366210938,169.39999389648438,141.78842163085938,26085.80078125,10390.83984375,291.4814758300781
2020-07-14,252.53814697265625,3197.52001953125,29.520000457763672,0.6150000095367432,107.2760009765625,170.19000244140625,141.99240112304688,26642.58984375,10488.580078125,295.2586975097656
2020-07-15,253.05224609375,3226.56005859375,27.760000228881836,0.6299999952316284,107.24500274658203,170.33999633789062,141.32965087890625,26870.099609375,10550.490234375,297.9713134765625
2020-07-16,251.3257598876953,3215.570068359375,28.0,0.6119999885559082,106.91699981689453,168.72999572753906,142.00083923339844,26734.7109375,10473.830078125,296.989990234375
2020-07-17,251.61679077148438,3224.72998046875,25.68000030517578,0.628000020980835,107.27799987792969,170.1199951171875,141.7034912109375,26671.94921875,10503.1904296875,297.8509826660156
2020-07-20,258.7554016113281,3251.840087890625,24.459999084472656,0.6200000047683716,107.08999633789062,170.94000244140625,142.0518798828125,26680.869140625,10767.08984375,300.25799560546875
2020-07-21,256.05902099609375,3257.300048828125,24.84000015258789,0.6069999933242798,107.19599914550781,173.0,142.13682556152344,26840.400390625,10680.3603515625,300.89691162109375
2020-07-22,256.96099853515625,3276.02001953125,24.31999969482422,0.5950000286102295,106.83200073242188,175.6300048828125,142.5615997314453,27005.83984375,10706.1298828125,302.609619140625
2020-07-23,250.24917602539062,3235.659912109375,26.079999923706055,0.5820000171661377,107.17500305175781,177.17999267578125,144.2269744873047,26652.330078125,10461.419921875,298.9989013671875
2020-07-24,247.87286376953125,3215.6298828125,25.84000015258789,0.5889999866485596,106.83799743652344,178.6999969482422,144.21839904785156,26469.890625,10363.1796875,297.07330322265625
2020-07-27,252.29568481445312,3239.409912109375,24.739999771118164,0.609000027179718,105.99299621582031,182.22999572753906,143.6831817626953,26584.76953125,10536.26953125,299.2397155761719
2020-07-28,249.08523559570312,3218.43994140625,25.440000534057617,0.5809999704360962,105.26100158691406,183.75,144.67721557617188,26379.279296875,10402.08984375,297.34185791015625
2020-07-29,251.9561767578125,3258.43994140625,24.100000381469727,0.5789999961853027,105.10700225830078,185.1300048828125,144.4308624267578,26539.5703125,10542.9404296875,300.9986877441406
2020-07-30,253.2753448486328,3246.219970703125,24.760000228881836,0.5410000085830688,105.03199768066406,183.75999450683594,145.38243103027344,26313.650390625,10587.8095703125,299.9247741699219
2020-07-31,257.79510498046875,3271.1201171875,24.459999084472656,0.5360000133514404,104.68299865722656,185.42999267578125,145.2889404296875,26428.3203125,10745.26953125,302.2948913574219
2020-08-03,261.2771301269531,3294.610107421875,24.280000686645508,0.5630000233650208,105.86599731445312,185.63999938964844,144.55743408203125,26664.400390625,10902.7998046875,304.3964538574219
2020-08-04,262.2470703125,3306.510009765625,23.760000228881836,0.5149999856948853,106.02999877929688,189.58999633789062,145.9354248046875,26828.470703125,10941.169921875,305.572265625
2020-08-05,262.8969421386719,3327.77001953125,22.989999771118164,0.5429999828338623,105.61399841308594,191.35000610351562,144.65956115722656,27201.51953125,10998.400390625,307.47015380859375
2020-08-06,266.3789367675781,3349.159912109375,22.649999618530273,0.5360000133514404,105.5530014038086,193.88999938964844,145.46754455566406,27386.98046875,11108.0703125,309.5254211425781
2020-08-07,263.3042907714844,3351.280029296875,22.209999084472656,0.5619999766349792,105.58100128173828,190.80999755859375,144.49794006347656,27433.48046875,11010.98046875,309.7475891113281
2020-08-10,262.17913818359375,3360.469970703125,22.1299991607666,0.5740000009536743,105.8499984741211,190.14999389648438,143.8514862060547,27791.439453125,10968.3603515625,310.6734924316406
2020-08-11,257.2131652832031,3333.68994140625,24.030000686645508,0.6579999923706055,105.99199676513672,179.94000244140625,142.14181518554688,27686.91015625,10782.8203125,308.10894775390625
2020-08-12,263.68255615234375,3380.35009765625,22.280000686645508,0.6700000166893005,106.52100372314453,179.10000610351562,140.8489227294922,27976.83984375,11012.240234375,312.4047546386719
2020-08-13,264.283935546875,3373.429931640625,22.1299991607666,0.7160000205039978,106.8219985961914,183.3300018310547,139.3433837890625,27896.720703125,11042.5,311.8399658203125
2020-08-14,263.9734802246094,3372.85009765625,22.049999237060547,0.7089999914169312,106.98600006103516,182.5399932861328,138.79898071289062,27931.01953125,11019.2998046875,311.8491516113281
2020-08-17,267.0384216308594,3381.989990234375,21.350000381469727,0.6830000281333923,106.55400085449219,186.5,139.1477508544922,27844.91015625,11129.73046875,312.8398132324219
2020-08-18,269.6087951660156,3389.780029296875,21.510000228881836,0.6690000295639038,105.99500274658203,188.17999267578125,140.1429443359375,27778.0703125,11210.83984375,313.5156555175781
2020-08-19,267.7950439453125,3374.85009765625,22.540000915527344,0.675000011920929,105.2239990234375,182.24000549316406,139.2668914794922,27692.880859375,11146.4599609375,312.21026611328125
2020-08-20,271.5097961425781,3385.510009765625,22.719999313354492,0.6439999938011169,106.0790023803711,183.5,140.52572631835938,27739.73046875,11264.9501953125,313.1823425292969
2020-08-21,273.3914489746094,3397.159912109375,22.540000915527344,0.6399999856948853,105.66500091552734,182.02999877929688,141.36781311035156,27930.330078125,11311.7998046875,314.2933654785156
2020-08-24,275.0984802246094,3431.280029296875,22.3700008392334,0.6460000276565552,105.87699890136719,181.0,141.1381378173828,28308.4609375,11379.7197265625,317.4781188964844
2020-08-25,277.26141357421875,3443.6201171875,22.030000686645508,0.6819999814033508,105.99299621582031,181.22000122070312,140.0579071044922,28248.439453125,11466.4697265625,318.5891418457031
2020-08-26,283.17791748046875,3478.72998046875,23.270000457763672,0.6869999766349792,106.40499877929688,183.36000061035156,139.5220489501953,28331.919921875,11665.0595703125,321.7831115722656
2020-08-27,282.2952575683594,3484.550048828125,24.469999313354492,0.7459999918937683,105.85600280761719,181.24000549316406,137.1488800048828,28492.26953125,11625.33984375,322.4867248535156
2020-08-28,283.7308654785156,3508.010009765625,22.959999084472656,0.7289999723434448,106.63700103759766,184.38999938964844,137.04676818847656,28653.869140625,11695.6298828125,324.56976318359375
2020-08-31,286.0101318359375,3500.31005859375,26.40999984741211,0.6930000185966492,105.53500366210938,184.8300018310547,137.95687866210938,28430.05078125,11775.4599609375,323.39410400390625
2020-09-01,290.8984680175781,3526.64990234375,26.1200008392334,0.671999990940094,106.00399780273438,185.0500030517578,139.53480529785156,28645.66015625,11939.669921875,326.4400329589844
2020-09-02,293.6531066894531,3580.840087890625,26.56999969482422,0.6510000228881836,105.89600372314453,182.6199951171875,140.86322021484375,29100.5,12056.4404296875,331.16168212890625
2020-09-03,278.7647705078125,3455.06005859375,33.599998474121094,0.621999979019165,106.20800018310547,181.13999938964844,141.26348876953125,28292.73046875,11458.099609375,319.7648620605469
2020-09-04,275.0500793457031,3426.9599609375,30.75,0.7210000157356262,106.08599853515625,181.63999938964844,138.58111572265625,28133.310546875,11313.1298828125,317.154052734375
2020-09-09,269.5215148925781,3398.9599609375,28.809999465942383,0.703000009059906,105.96800231933594,183.0500030517578,139.05799865722656,27940.470703125,11141.5595703125,314.5803527832031
2020-09-10,264.1480712890625,3339.18994140625,29.709999084472656,0.6850000023841858,106.23100280761719,182.4600067138672,139.76473999023438,27534.580078125,10919.58984375,309.11810302734375
2020-09-11,262.31494140625,3340.969970703125,26.8700008392334,0.6690000295639038,106.14299774169922,182.4499969482422,140.06280517578125,27665.640625,10853.5498046875,309.2754821777344
2020-09-14,266.8831787109375,3383.5400390625,25.850000381469727,0.6710000038146973,106.1449966430664,183.88999938964844,140.05426025390625,27993.330078125,11056.650390625,313.3490295410156
2020-09-15,270.6659851074219,3401.199951171875,25.59000015258789,0.6790000200271606,105.71499633789062,183.4499969482422,139.71365356445312,27995.599609375,11190.3203125,314.9321594238281
2020-09-16,266.3498229980469,3385.489990234375,26.040000915527344,0.6869999766349792,105.38099670410156,183.97000122070312,139.2964324951172,28032.380859375,11050.4697265625,313.68231201171875
2020-09-17,262.18890380859375,3357.010009765625,26.459999084472656,0.6840000152587891,105.06199645996094,182.9600067138672,139.72227478027344,27901.98046875,10910.2802734375,310.9233703613281
2020-09-18,258.84259033203125,3319.469970703125,25.829999923706055,0.6940000057220459,104.697998046875,183.1999969482422,139.28794860839844,27657.419921875,10793.2802734375,307.34381103515625
2020-09-21,259.4634094238281,3281.06005859375,27.780000686645508,0.6710000038146973,104.53700256347656,179.52000427246094,139.99461364746094,27147.69921875,10778.7998046875,303.9232482910156
2020-09-22,264.283935546875,3315.570068359375,26.860000610351562,0.6639999747276306,104.69000244140625,178.64999389648438,139.8839874267578,27288.1796875,10963.6396484375,307.0184631347656
2020-09-23,256.21417236328125,3236.919921875,28.579999923706055,0.6759999990463257,105.03399658203125,174.7899932861328,140.0713348388672,26763.130859375,10632.990234375,299.89837646484375
2020-09-24,257.40716552734375,3246.590087890625,28.510000228881836,0.6660000085830688,105.30400085449219,175.44000244140625,140.6077423095703,26815.439453125,10672.26953125,300.6979064941406
2020-09-25,263.3915710449219,3298.4599609375,26.3799991607666,0.6589999794960022,105.43499755859375,174.94000244140625,140.6077423095703,27173.9609375,10913.5595703125,305.55914306640625
2020-09-28,268.8619689941406,3351.60009765625,26.190000534057617,0.6629999876022339,105.5739974975586,176.6999969482422,140.20755004882812,27584.060546875,11117.5302734375,310.6343688964844
2020-09-29,267.64947509765625,3335.469970703125,26.270000457763672,0.6449999809265137,105.43299865722656,178.19000244140625,140.3693389892578,27452.66015625,11085.25,308.9425354003906
2020-09-30,269.4826354980469,3363.0,26.3700008392334,0.6769999861717224,105.66400146484375,177.1199951171875,139.0238800048828,27781.69921875,11167.509765625,311.2850036621094
2020-10-01,273.760009765625,3380.800048828125,26.700000762939453,0.6769999861717224,105.45099639892578,178.6999969482422,139.25320434570312,27816.900390625,11326.509765625,313.2834777832031
2020-10-02,266.0588073730469,3348.419921875,27.6299991607666,0.6959999799728394,105.54299926757812,178.5399932861328,138.73321533203125,27682.810546875,11075.01953125,310.3089294433594
2020-10-05,271.7328796386719,3408.60009765625,27.959999084472656,0.7620000243186951,105.51000213623047,179.41000366210938,136.0224609375,28148.640625,11332.490234375,315.811767578125
2020-10-06,266.8831787109375,3360.969970703125,29.479999542236328,0.7419999837875366,105.70700073242188,177.3000030517578,136.75552368164062,27772.759765625,11154.599609375,311.3221130371094
2020-10-07,271.5000915527344,3419.43994140625,28.059999465942383,0.7850000262260437,105.63999938964844,177.22000122070312,135.7582550048828,28303.4609375,11364.599609375,316.74127197265625
2020-10-08,272.94525146484375,3446.830078125,26.360000610351562,0.7649999856948853,105.96499633789062,177.85000610351562,136.4913330078125,28425.509765625,11420.98046875,319.54833984375
2020-10-09,277.11590576171875,3477.139892578125,25.0,0.7749999761581421,106.01799774169922,181.0800018310547,136.46575927734375,28586.900390625,11579.9404296875,322.4018859863281
2020-10-12,285.6706848144531,3534.219970703125,25.06999969482422,0.7770000100135803,105.63200378417969,180.55999755859375,136.90049743652344,28837.51953125,11876.259765625,327.588623046875
2020-10-13,285.6609191894531,3511.929931640625,26.06999969482422,0.7269999980926514,105.33899688720703,177.72000122070312,137.88076782226562,28679.810546875,11863.900390625,325.4508056640625
2020-10-14,283.2749328613281,3488.669921875,26.399999618530273,0.722000002861023,105.47000122070312,178.27000427246094,138.19625854492188,28514.0,11768.73046875,323.4058837890625
2020-10-15,281.3739013671875,3483.340087890625,26.969999313354492,0.7310000061988831,105.13899993896484,178.9199981689453,137.95748901367188,28494.19921875,11713.8701171875,323.00616455078125
2020-10-16,279.8317565917969,3483.81005859375,27.40999984741211,0.7440000176429749,105.36000061035156,178.3000030517578,137.5738983154297,28606.310546875,11671.5595703125,322.8109436035156
2020-10-19,275.26336669921875,3426.919921875,29.18000030517578,0.7609999775886536,105.427001953125,178.38999938964844,137.0540008544922,28195.419921875,11478.8798828125,317.9031677246094
2020-10-20,275.8551330566406,3443.1201171875,29.350000381469727,0.796999990940094,105.47000122070312,179.25,135.749755859375,28308.7890625,11516.490234375,319.176513671875
2020-10-21,275.6417236328125,3435.56005859375,28.649999618530273,0.8159999847412109,105.47699737548828,180.60000610351562,135.28094482421875,28210.8203125,11484.6904296875,318.5723876953125
2020-10-22,275.6319885253906,3453.489990234375,28.110000610351562,0.8479999899864197,104.6760025024414,178.8300018310547,133.8743438720703,28363.66015625,11506.009765625,320.31976318359375
2020-10-23,276.17510986328125,3465.389892578125,27.549999237060547,0.8410000205039978,104.9209976196289,178.63999938964844,134.69271850585938,28335.5703125,11548.2802734375,321.4073791503906
2020-10-26,272.0335693359375,3400.969970703125,32.459999084472656,0.8009999990463257,104.68299865722656,178.5500030517578,135.94580078125,27685.380859375,11358.9404296875,315.46783447265625
2020-10-27,274.15771484375,3390.679931640625,33.349998474121094,0.777999997138977,104.83200073242188,179.02000427246094,136.85787963867188,27463.189453125,11431.349609375,314.3802490234375
2020-10-28,263.46917724609375,3271.030029296875,40.279998779296875,0.781000018119812,104.54499816894531,176.1300048828125,136.98577880859375,26519.94921875,11004.8701171875,303.63507080078125
2020-10-29,268.0763244628906,3310.110107421875,37.59000015258789,0.8349999785423279,104.31500244140625,175.39999389648438,135.6559600830078,26659.109375,11185.58984375,306.7210998535156
2020-10-30,261.2771301269531,3269.9599609375,38.02000045776367,0.8600000143051147,104.55400085449219,176.1999969482422,134.3176727294922,26501.599609375,10911.58984375,303.5234680175781
2020-11-02,261.859130859375,3310.239990234375,37.130001068115234,0.8489999771118164,104.58000183105469,177.91000366210938,135.32371520996094,26925.05078125,10957.6103515625,306.92559814453125
2020-11-03,266.388671875,3369.159912109375,35.54999923706055,0.8820000290870667,104.7249984741211,178.9199981689453,134.5386505126953,27480.029296875,11160.5703125,312.3446350097656
2020-11-04,278.2799072265625,3443.43994140625,29.56999969482422,0.7680000066757202,104.5459976196289,178.82000732421875,137.45706176757812,27847.66015625,11590.7802734375,319.3252868652344
2020-11-05,285.534912109375,3510.449951171875,27.579999923706055,0.7760000228881836,104.43800354003906,182.92999267578125,137.6959991455078,28390.1796875,11890.9296875,325.55303955078125
2020-11-06,285.7482604980469,3509.43994140625,24.860000610351562,0.8199999928474426,103.60299682617188,183.19000244140625,136.03199768066406,28323.400390625,11895.23046875,325.4786376953125
2020-11-09,279.9093933105469,3550.5,25.75,0.9580000042915344,103.25299835205078,175.0800018310547,133.17327880859375,29157.970703125,11713.7802734375,329.5685119628906
2020-11-10,274.89483642578125,3545.530029296875,24.799999237060547,0.972000002861023,105.13700103759766,175.66000366210938,132.4052734375,29420.919921875,11553.8603515625,329.08514404296875
2020-11-11,281.04412841796875,3572.659912109375,23.450000762939453,0.9580000042915344,105.26000213623047,174.89999389648438,132.88314819335938,29397.630859375,11786.4296875,331.5298156738281
2020-11-12,279.7250671386719,3537.010009765625,25.350000381469727,0.8849999904632568,105.41500091552734,175.9600067138672,135.14450073242188,29080.169921875,11709.58984375,328.3137512207031
2020-11-13,282.17889404296875,3585.14990234375,23.100000381469727,0.8930000066757202,105.08999633789062,177.16000366210938,134.96534729003906,29479.810546875,11829.2900390625,332.8590393066406
2020-11-16,284.38067626953125,3626.909912109375,22.450000762939453,0.906000018119812,104.6760025024414,177.14999389648438,134.64100646972656,29950.439453125,11924.1298828125,337.01397705078125
2020-11-17,283.4786376953125,3609.530029296875,22.709999084472656,0.871999979019165,104.54100036621094,176.5,135.52003479003906,29783.349609375,11899.33984375,335.2013854980469
2020-11-18,281.38360595703125,3567.7900390625,23.84000015258789,0.8820000290870667,104.18099975585938,175.49000549316406,135.9125518798828,29438.419921875,11801.599609375,331.16729736328125
2020-11-19,283.5852966308594,3581.8701171875,23.110000610351562,0.8539999723434448,103.89399719238281,175.16000366210938,136.61227416992188,29483.23046875,11904.7099609375,332.56158447265625
2020-11-20,281.6454162597656,3557.5400390625,23.700000762939453,0.8289999961853027,103.82499694824219,175.69000244140625,137.82406616210938,29263.48046875,11854.9697265625,330.28424072265625
2020-11-23,281.6551818847656,3577.590087890625,22.65999984741211,0.8569999933242798,103.81700134277344,172.22999572753906,137.1925811767578,29591.26953125,11880.6298828125,332.2641296386719
2020-11-24,285.6124267578125,3635.409912109375,21.639999389648438,0.8820000290870667,104.5250015258789,169.58999633789062,135.82720947265625,30046.240234375,12036.7900390625,337.6181640625
2020-11-25,287.3680419921875,3629.64990234375,21.25,0.878000020980835,104.51300048828125,169.50999450683594,135.4090118408203,29872.470703125,12094.400390625,337.0975646972656
2020-11-30,290.6075744628906,3621.6298828125,20.56999969482422,0.843999981880188,104.08200073242188,166.6699981689453,136.55255126953125,29638.640625,12198.740234375,336.53985595703125
2020-12-01,294.33203125,3662.449951171875,20.770000457763672,0.9340000152587891,104.29900360107422,170.17999267578125,134.53916931152344,29823.919921875,12355.1103515625,340.2207336425781
2020-12-02,294.7103271484375,3669.010009765625,21.170000076293945,0.9480000138282776,104.30899810791016,171.4600067138672,133.47137451171875,29883.7890625,12349.3701171875,340.9364929199219
2020-12-03,295.1272888183594,3666.719970703125,21.280000686645508,0.9200000166893005,104.45800018310547,172.80999755859375,134.54771423339844,29969.51953125,12377.1796875,340.8434753417969
2020-12-04,296.330078125,3699.1201171875,20.790000915527344,0.968999981880188,103.822998046875,172.32000732421875,132.574462890625,30218.259765625,12464.23046875,343.78082275390625
2020-12-07,298.008056640625,3691.9599609375,21.299999237060547,0.9279999732971191,104.197998046875,174.88999938964844,133.77035522460938,30069.7890625,12519.9501953125,343.0743713378906
2020-12-08,299.0167541503906,3702.25,20.68000030517578,0.9129999876022339,103.99800109863281,175.5,134.40249633789062,30173.880859375,12582.76953125,344.0782470703125
2020-12-09,292.24664306640625,3672.820068359375,22.270000457763672,0.9409999847412109,104.13500213623047,172.5,133.9582977294922,30068.810546875,12338.9501953125,340.99224853515625
2020-12-10,293.4202575683594,3668.10009765625,22.520000457763672,0.9079999923706055,104.27200317382812,172.1699981689453,135.1457061767578,29999.259765625,12405.8095703125,340.8807678222656
2020-12-11,292.7704162597656,3663.4599609375,23.309999465942383,0.8930000066757202,104.18199920654297,172.49000549316406,135.62403869628906,30046.369140625,12377.8701171875,340.4810791015625
2020-12-14,294.89459228515625,3647.489990234375,24.719999313354492,0.8920000195503235,103.93900299072266,171.5399932861328,135.24818420410156,29861.55078125,12440.0400390625,338.95660400390625
2020-12-15,298.04681396484375,3694.6201171875,22.889999389648438,0.9229999780654907,104.01000213623047,173.94000244140625,134.79544067382812,30199.310546875,12595.0595703125,343.53912353515625
2020-12-16,299.68597412109375,3701.169921875,22.5,0.9200000166893005,103.63400268554688,174.89999389648438,134.4366455078125,30154.5390625,12658.1904296875,344.0782470703125
2020-12-17,301.645263671875,3722.47998046875,21.93000030517578,0.9300000071525574,103.4749984741211,176.74000549316406,134.0810089111328,30303.369140625,12764.75,346.0022888183594
2020-12-18,300.7335205078125,3709.409912109375,21.56999969482422,0.9480000138282776,103.13099670410156,176.44000244140625,133.67904663085938,30179.05078125,12755.6396484375,344.6206970214844
2020-12-21,300.17083740234375,3694.919921875,25.15999984741211,0.9409999847412109,103.45700073242188,175.8800048828125,134.20925903320312,30216.44921875,12742.51953125,343.3885803222656
2020-12-22,300.98712158203125,3687.260009765625,24.229999542236328,0.9179999828338623,103.33999633789062,174.49000549316406,134.90188598632812,30015.509765625,12807.919921875,342.80987548828125
2020-12-23,299.4712829589844,3690.010009765625,23.309999465942383,0.9549999833106995,103.53399658203125,175.64999389648438,133.96975708007812,30129.830078125,12771.1103515625,343.1179504394531
2020-12-24,300.79278564453125,3703.06005859375,21.530000686645508,0.9279999732971191,103.552001953125,176.35000610351562,134.4999542236328,30199.869140625,12804.73046875,344.4527893066406
2020-12-29,304.096435546875,3727.0400390625,23.079999923706055,0.9350000023841858,103.68900299072266,176.35000610351562,134.38876342773438,30335.669921875,12850.2197265625,346.7492370605469
2020-12-30,304.106201171875,3732.0400390625,22.770000457763672,0.9259999990463257,103.55899810791016,177.6999969482422,134.67953491210938,30409.560546875,12870.0,347.2438049316406
2020-12-31,304.8544006347656,3756.070068359375,22.75,0.9169999957084656,103.12100219726562,178.36000061035156,134.87615966796875,30606.48046875,12888.2802734375,349.00811767578125
2021-01-05,303.0276184082031,3726.860107421875,25.34000015258789,0.9549999833106995,103.125,182.8699951171875,133.71322631835938,30391.599609375,12818.9599609375,346.627685546875
2021-01-06,298.8299865722656,3748.139892578125,25.06999969482422,1.0420000553131104,102.6780014038086,179.89999389648438,130.9683837890625,30829.400390625,12740.7900390625,348.7001037597656
2021-01-07,306.0592956542969,3803.7900390625,22.3700008392334,1.0709999799728394,103.02400207519531,179.47999572753906,129.81394958496094,31041.130859375,13067.48046875,353.8808898925781
2021-01-08,309.9945373535156,3824.679931640625,21.559999465942383,1.1050000190734863,103.79000091552734,173.33999633789062,129.39486694335938,31097.970703125,13201.98046875,355.89715576171875
2021-01-11,305.5151672363281,3799.610107421875,24.079999923706055,1.1319999694824219,104.09100341796875,173.0,129.18115234375,31008.689453125,13036.4296875,353.4981384277344
2021-01-12,305.029296875,3801.18994140625,23.329999923706055,1.1380000114440918,104.12799835205078,174.1199951171875,129.0785369873047,31068.689453125,13072.4296875,353.57281494140625
2021-01-13,307.0892639160156,3809.840087890625,22.209999084472656,1.0880000591278076,103.75199890136719,173.3699951171875,130.53224182128906,31060.470703125,13128.9501953125,354.52496337890625
2021-01-14,305.4471130371094,3795.5400390625,23.25,1.128999948501587,103.83699798583984,173.27999877929688,129.30941772460938,30991.51953125,13112.6396484375,353.2834777832031
2021-01-15,303.0276184082031,3768.25,24.34000015258789,1.097000002861023,103.8280029296875,171.1300048828125,129.822509765625,30814.259765625,12998.5,350.7070617675781
2021-01-20,314.60028076171875,3851.85009765625,21.579999923706055,1.090000033378601,103.89700317382812,175.38999938964844,130.36981201171875,31188.380859375,13457.25,358.3522644042969
2021-01-21,317.1169128417969,3853.070068359375,21.31999969482422,1.1089999675750732,103.55500030517578,175.27999877929688,129.4547576904297,31176.009765625,13530.91015625,358.678955078125
2021-01-22,316.20355224609375,3841.469970703125,21.90999984741211,1.090999960899353,103.50599670410156,173.89999389648438,129.87380981445312,30996.98046875,13543.0595703125,357.409423828125
2021-01-25,318.8173522949219,3855.360107421875,23.190000534057617,1.0399999618530273,103.7770004272461,174.0500030517578,131.40447998046875,30960.0,13635.990234375,358.8190002441406
2021-01-26,319.2839050292969,3849.6201171875,23.020000457763672,1.0399999618530273,103.76000213623047,173.6199951171875,131.156494140625,30937.0390625,13626.0595703125,358.2588806152344
2021-01-27,310.38330078125,3750.77001953125,37.209999084472656,1.0140000581741333,103.60299682617188,172.52000427246094,131.48995971679688,30303.169921875,13270.599609375,349.5028991699219
2021-01-28,312.2197570800781,3787.3798828125,30.209999084472656,1.0570000410079956,104.14299774169922,172.67999267578125,130.76312255859375,30603.359375,13337.16015625,352.5086975097656
2021-01-29,305.65118408203125,3714.239990234375,33.09000015258789,1.093000054359436,104.29100036621094,172.61000061035156,129.97645568847656,29982.619140625,13070.6904296875,345.4515686035156
2021-02-01,313.28857421875,3773.860107421875,30.239999771118164,1.0770000219345093,104.68599700927734,174.22999572753906,130.1271514892578,30211.91015625,13403.3896484375,351.2017822265625
2021-02-02,318.3996276855469,3826.31005859375,25.559999465942383,1.1050000190734863,104.88099670410156,172.11000061035156,129.28814697265625,30687.48046875,13612.7802734375,356.1678771972656
2021-02-03,317.1363830566406,3830.169921875,22.90999984741211,1.13100004196167,105.02799987792969,171.85000610351562,128.14089965820312,30723.599609375,13610.5400390625,356.4479064941406
2021-02-04,320.88714599609375,3871.739990234375,21.770000457763672,1.1390000581741333,104.99500274658203,168.14999389648438,127.79849243164062,31055.859375,13777.740234375,360.49920654296875
2021-02-05,321.975341796875,3886.830078125,20.8700008392334,1.1699999570846558,105.5719985961914,169.80999755859375,126.7283706665039,31148.240234375,13856.2998046875,361.9181213378906
2021-02-08,324.1324462890625,3915.590087890625,21.239999771118164,1.159999966621399,105.4000015258789,171.52000427246094,127.28478240966797,31385.759765625,13987.6396484375,364.5318298339844
2021-02-09,324.06451416015625,3911.22998046875,21.6299991607666,1.156999945640564,105.20999908447266,172.0800018310547,127.37901306152344,31375.830078125,14007.7001953125,364.2891845703125
2021-02-10,323.325927734375,3909.8798828125,21.989999771118164,1.1330000162124634,104.57499694824219,172.7100067138672,128.22659301757812,31437.80078125,13972.5302734375,364.1304931640625
2021-02-11,325.1041564941406,3916.3798828125,21.25,1.1579999923706055,104.61499786376953,171.2100067138672,127.5245590209961,31430.69921875,14025.76953125,364.7185363769531
2021-02-12,326.9212646484375,3934.830078125,19.969999313354492,1.2000000476837158,104.74099731445312,170.69000244140625,125.9407730102539,31458.400390625,14095.4697265625,366.5201721191406
2021-02-17,324.47265625,3931.330078125,21.5,1.3009999990463257,106.10299682617188,166.3300018310547,124.81074523925781,31613.01953125,13965.490234375,366.2867431640625
2021-02-18,323.0538635253906,3913.969970703125,22.489999771118164,1.2869999408721924,105.86100006103516,166.32000732421875,124.30563354492188,31493.33984375,13865.3603515625,364.7278747558594
2021-02-19,321.6449890136719,3906.7099609375,22.049999237060547,1.3450000286102295,105.6520004272461,167.00999450683594,122.65340423583984,31494.3203125,13874.4599609375,364.0837707519531
2021-02-22,313.3079833984375,3876.5,23.450000762939453,1.3700000047683716,105.51399993896484,169.50999450683594,121.72020721435547,31521.689453125,13533.0498046875,361.2832946777344
2021-02-23,312.375244140625,3881.3701171875,23.110000610351562,1.3619999885559082,104.98400115966797,169.1199951171875,121.36921691894531,31537.349609375,13465.2001953125,361.7220764160156
2021-02-24,314.9500732421875,3925.429931640625,21.34000015258789,1.3890000581741333,105.28299713134766,169.0,120.57299041748047,31961.859375,13597.9697265625,365.7080078125
2021-02-25,303.9701232910156,3829.340087890625,28.889999389648438,1.5180000066757202,105.94400024414062,165.82000732421875,118.60399627685547,31402.009765625,13119.4296875,356.89599609375
2021-02-26,305.2431335449219,3811.14990234375,27.950000762939453,1.4600000381469727,106.37899780273438,161.80999755859375,122.52490234375,30932.369140625,13192.349609375,355.0570068359375
2021-03-01,314.4253845214844,3901.820068359375,23.350000381469727,1.4459999799728394,106.50299835205078,161.52999877929688,120.90670013427734,31535.509765625,13588.830078125,363.66363525390625
2021-03-02,309.3824157714844,3870.2900390625,24.100000381469727,1.4149999618530273,106.85099792480469,162.41000366210938,120.915283203125,31391.51953125,13358.7900390625,360.82598876953125
2021-03-03,300.40411376953125,3819.719970703125,26.670000076293945,1.4700000286102295,106.75800323486328,160.6199951171875,119.60385131835938,31270.08984375,12997.75,356.04656982421875
2021-03-04,295.4874267578125,3768.469970703125,28.56999969482422,1.5499999523162842,107.05799865722656,159.0399932861328,118.8323974609375,30924.140625,12723.4697265625,351.6405334472656
2021-03-05,299.93768310546875,3841.93994140625,24.65999984741211,1.5540000200271606,107.95500183105469,159.13999938964844,119.06380462646484,31496.30078125,12920.150390625,358.1095275878906
2021-03-08,291.4453125,3821.35009765625,25.469999313354492,1.5959999561309814,108.41899871826172,157.49000549316406,118.13816833496094,31802.439453125,12609.16015625,356.3265075683594
2021-03-09,302.9400634765625,3875.43994140625,24.030000686645508,1.5460000038146973,108.93900299072266,160.83999633789062,119.77525329589844,31832.740234375,13073.8203125,361.4139709472656
2021-03-10,302.0754089355469,3898.81005859375,22.559999465942383,1.5199999809265137,108.5770034790039,161.66000366210938,120.0152359008789,32297.01953125,13068.830078125,363.66363525390625
2021-03-11,309.03265380859375,3939.340087890625,21.90999984741211,1.5269999504089355,108.43199920654297,161.52000427246094,119.14957427978516,32485.58984375,13398.669921875,367.3509216308594
2021-03-12,306.5256652832031,3943.340087890625,20.690000534057617,1.6349999904632568,108.55500030517578,161.49000549316406,116.6209945678711,32778.640625,13319.8603515625,367.8457336425781
2021-03-15,309.8001708984375,3968.93994140625,20.030000686645508,1.6069999933242798,109.11699676513672,162.1999969482422,117.30667877197266,32953.4609375,13459.7099609375,370.039306640625
2021-03-16,311.5006408691406,3962.7099609375,19.790000915527344,1.621000051498413,109.13400268554688,162.35000610351562,116.8353042602539,32825.94921875,13471.5703125,369.5726318359375
2021-03-17,312.78326416015625,3974.1201171875,19.229999542236328,1.6410000324249268,109.02899932861328,163.50999450683594,115.96099090576172,33015.37109375,13525.2001953125,370.8328552246094
2021-03-18,303.2026062011719,3915.4599609375,21.579999923706055,1.7300000190734863,108.89099884033203,162.55999755859375,114.78678894042969,32862.30078125,13116.169921875,365.43731689453125
2021-03-19,304.2713623046875,3913.10009765625,20.950000762939453,1.7319999933242798,108.93099975585938,163.24000549316406,115.49815368652344,32627.970703125,13215.240234375,364.7611083984375
2021-03-22,309.9774169921875,3940.590087890625,18.8799991607666,1.684000015258789,108.87100219726562,163.0,116.79242706298828,32731.19921875,13377.5400390625,367.6737365722656
2021-03-23,308.6250915527344,3910.52001953125,20.299999237060547,1.6380000114440918,108.7760009765625,161.80999755859375,117.84674835205078,32423.150390625,13227.7001953125,364.7798156738281
2021-03-24,303.4200744628906,3889.139892578125,21.200000762939453,1.6139999628067017,108.5199966430664,162.3699951171875,118.48096466064453,32420.060546875,12961.8896484375,362.9255676269531
2021-03-25,302.8946533203125,3909.52001953125,19.809999465942383,1.6139999628067017,108.79000091552734,161.77999877929688,117.54673767089844,32619.48046875,12977.6796875,364.9671936035156
2021-03-26,307.43817138671875,3974.5400390625,18.860000610351562,1.659999966621399,109.17900085449219,162.24000549316406,117.13529205322266,33072.87890625,13138.73046875,370.8486328125
2021-03-29,307.35064697265625,3971.090087890625,20.739999771118164,1.7209999561309814,109.79100036621094,160.30999755859375,116.14102935791016,33171.37109375,13059.650390625,370.6612854003906
2021-03-30,305.8036804199219,3958.550048828125,19.610000610351562,1.7259999513626099,109.83599853515625,157.57000732421875,116.74958801269531,33066.9609375,13045.3896484375,369.6779479980469
2021-03-31,310.4833984375,3972.889892578125,19.399999618530273,1.746000051498413,110.30500030517578,159.9600067138672,116.09814453125,32981.55078125,13246.8701171875,371.1763916015625
2021-04-01,315.7760314941406,4019.8701171875,17.329999923706055,1.6790000200271606,110.75,161.97999572753906,118.02505493164062,33153.2109375,13480.1103515625,375.18475341796875
2021-04-06,321.85662841796875,4073.93994140625,18.1200008392334,1.656000018119812,110.19300079345703,163.22000122070312,118.30825805664062,33430.23828125,13698.3798828125,380.3450927734375
2021-04-07,322.6348571777344,4079.949951171875,17.15999984741211,1.652999997138977,109.79299926757812,162.75999450683594,117.48432922363281,33446.26171875,13688.83984375,380.7852478027344
2021-04-08,326.00115966796875,4097.169921875,16.950000762939453,1.6319999694824219,109.85199737548828,164.50999450683594,118.4542007446289,33503.5703125,13829.3095703125,382.5926513671875
2021-04-09,327.97625732421875,4128.7998046875,16.690000534057617,1.6660000085830688,109.33000183105469,163.27000427246094,118.02505493164062,33800.6015625,13900.1904296875,385.3742980957031
2021-04-12,327.5481262207031,4127.990234375,16.90999984741211,1.6749999523162842,109.69400024414062,162.27999877929688,117.97359466552734,33745.3984375,13850.0,385.5147705078125
2021-04-13,331.37164306640625,4141.58984375,16.649999618530273,1.6230000257492065,109.3740005493164,163.42999267578125,118.85760498046875,33677.26953125,13996.099609375,386.6573181152344
2021-04-14,327.3924865722656,4124.66015625,16.989999771118164,1.6380000114440918,108.92400360107422,162.72000122070312,118.47994995117188,33730.890625,13857.83984375,385.3367919921875
2021-04-15,332.35430908203125,4170.419921875,16.56999969482422,1.5299999713897705,108.89399719238281,165.35000610351562,120.46265411376953,34035.98828125,14038.759765625,389.4762878417969
2021-04-16,332.7434997558594,4185.47021484375,16.25,1.5729999542236328,108.68900299072266,166.35000610351562,119.527099609375,34200.671875,14052.33984375,390.778076171875
2021-04-19,329.6982421875,4163.259765625,17.290000915527344,1.6009999513626099,108.71900177001953,165.88999938964844,119.18379211425781,34077.62890625,13914.76953125,388.8581237792969
2021-04-20,327.29522705078125,4134.93994140625,18.68000030517578,1.562000036239624,108.0979995727539,166.47999572753906,119.73310089111328,33821.30078125,13786.26953125,386.0110168457031
2021-04-21,330.09716796875,4173.419921875,17.5,1.5640000104904175,108.13300323486328,168.1300048828125,119.9734115600586,34137.30859375,13950.2197265625,389.6636047363281
2021-04-22,326.11798095703125,4134.97998046875,18.709999084472656,1.5540000200271606,108.03900146484375,167.0399932861328,120.49693298339844,33815.8984375,13818.41015625,386.104736328125
2021-04-23,330.2236328125,4180.169921875,17.329999923706055,1.5670000314712524,107.97799682617188,166.39999389648438,120.21372985839844,34043.48828125,14016.8095703125,390.29107666015625
2021-04-26,332.3737487792969,4187.6201171875,17.639999389648438,1.5700000524520874,107.8740005493164,166.83999633789062,120.04205322265625,33981.5703125,14138.7802734375,391.1058349609375
2021-04-27,330.9338684082031,4186.72021484375,17.559999465942383,1.621999979019165,108.2020034790039,166.4199981689453,118.99491882324219,33984.9296875,14090.2197265625,391.02154541015625
2021-04-28,329.8149719238281,4183.18017578125,17.280000686645508,1.6200000047683716,108.75,166.91000366210938,119.07218170166016,33820.37890625,14051.0302734375,390.9091491699219
2021-04-29,331.00189208984375,4211.47021484375,17.610000610351562,1.6399999856948853,108.50499725341797,166.22000122070312,118.72027587890625,34060.359375,14082.5498046875,393.4002685546875
2021-04-30,328.8323669433594,4181.169921875,18.610000610351562,1.63100004196167,108.90399932861328,165.66000366210938,118.99491882324219,33874.8515625,13962.6796875,390.81549072265625
2021-05-03,327.0811462402344,4192.66015625,18.309999465942383,1.6069999933242798,109.28299713134766,167.80999755859375,119.06629943847656,34113.23046875,13895.1201171875,391.65838623046875
2021-05-04,321.1950988769531,4164.66015625,19.479999542236328,1.5920000076293945,109.08699798583984,166.5800018310547,119.87429809570312,34133.03125,13633.5,389.2421569824219
2021-05-05,320.1151428222656,4167.58984375,19.149999618530273,1.5839999914169312,109.3290023803711,167.27000427246094,120.07197570800781,34230.33984375,13582.419921875,389.3638610839844
2021-05-06,322.5279541015625,4201.6201171875,18.389999389648438,1.5609999895095825,109.21900177001953,170.05999755859375,120.26969146728516,34548.53125,13632.83984375,392.4731750488281
2021-05-07,325.1451416015625,4232.60009765625,16.690000534057617,1.5770000219345093,109.05000305175781,171.58999633789062,119.67655944824219,34777.76171875,13752.240234375,395.3296203613281
2021-05-10,316.9336853027344,4188.43017578125,19.65999984741211,1.6019999980926514,108.5719985961914,172.11000061035156,118.46460723876953,34742.8203125,13401.8603515625,391.4149169921875
2021-05-11,316.49603271484375,4152.10009765625,21.84000015258789,1.6239999532699585,108.84400177001953,172.13999938964844,117.79414367675781,34269.16015625,13389.4296875,387.9216003417969
2021-05-12,308.3040466308594,4063.0400390625,27.59000015258789,1.6950000524520874,108.71499633789062,170.42999267578125,116.55638122558594,33587.66015625,13031.6796875,379.6801452636719
2021-05-13,310.68768310546875,4112.5,23.1299991607666,1.6679999828338623,109.66400146484375,171.1300048828125,116.73688507080078,34021.44921875,13124.990234375,384.2410583496094
2021-05-14,317.5467224121094,4173.85009765625,18.809999465942383,1.6349999904632568,109.51599884033203,172.69000244140625,117.82852172851562,34382.12890625,13429.98046875,390.1412048339844
2021-05-17,315.6203918457031,4163.2900390625,19.719999313354492,1.6399999856948853,109.41200256347656,174.6999969482422,117.57923889160156,34327.7890625,13379.0498046875,389.14837646484375
2021-05-18,313.4896545410156,4127.830078125,21.34000015258789,1.6419999599456787,109.24199676513672,175.0399932861328,117.27836608886719,34060.66015625,13303.6396484375,385.795654296875
2021-05-19,313.8495788574219,4115.68017578125,22.18000030517578,1.6829999685287476,108.86799621582031,175.16000366210938,116.99470520019531,33896.0390625,13299.740234375,384.7841796875
2021-05-20,319.9205322265625,4159.1201171875,20.670000076293945,1.6339999437332153,109.27300262451172,175.9600067138672,117.95745086669922,34084.1484375,13535.740234375,388.9237365722656
2021-05-21,318.14990234375,4155.85986328125,20.149999618530273,1.6319999694824219,108.86000061035156,176.0399932861328,118.33563995361328,34207.83984375,13470.990234375,388.6053161621094
2021-05-24,323.5008850097656,4197.0498046875,18.399999618530273,1.6080000400543213,108.91899871826172,176.35000610351562,118.77405548095703,34393.98046875,13661.169921875,392.5668029785156
2021-05-25,323.9483337402344,4188.1298828125,18.84000015258789,1.5640000104904175,108.85099792480469,177.9499969482422,119.87429809570312,34312.4609375,13657.169921875,391.6958312988281
2021-05-26,325.0769348144531,4195.990234375,17.360000610351562,1.5740000009536743,108.802001953125,177.63999938964844,119.66801452636719,34323.05078125,13738.0,392.4731750488281
2021-05-27,323.8608703613281,4200.8798828125,16.739999771118164,1.6100000143051147,109.16999816894531,177.7100067138672,119.18663024902344,34464.640625,13736.2802734375,392.6792297363281
2021-05-28,324.8824157714844,4204.10986328125,16.760000228881836,1.5809999704360962,109.80899810791016,178.3800048828125,118.99749755859375,34529.44921875,13748.740234375,393.3816223144531
2021-06-02,324.4347839355469,4208.1201171875,17.479999542236328,1.590999960899353,109.49299621582031,178.77000427246094,119.24628448486328,34600.37890625,13756.330078125,393.6531677246094
2021-06-03,321.0588684082031,4192.85009765625,18.040000915527344,1.625,109.59500122070312,175.27000427246094,118.7986831665039,34577.0390625,13614.509765625,392.1921691894531
2021-06-04,326.5071105957031,4229.89013671875,16.420000076293945,1.559999942779541,110.26599884033203,177.16000366210938,120.42558288574219,34756.390625,13814.490234375,395.7790832519531
2021-06-07,327.48004150390625,4226.52001953125,16.420000076293945,1.569000005722046,109.61699676513672,177.8699951171875,120.0554428100586,34630.23828125,13881.7197265625,395.3951416015625
2021-06-08,327.6357421875,4227.259765625,17.06999969482422,1.527999997138977,109.27400207519531,177.32000732421875,120.89904022216797,34599.8203125,13924.91015625,395.4794616699219
2021-06-09,327.7135314941406,4219.5498046875,17.889999389648438,1.4889999628067017,109.46900177001953,176.97999572753906,121.96644592285156,34447.140625,13911.75,394.88946533203125
2021-06-10,331.12841796875,4239.18017578125,16.100000381469727,1.4589999914169312,109.61000061035156,177.74000549316406,122.69808197021484,34466.23828125,14020.330078125,396.7250061035156
2021-06-11,331.99432373046875,4247.43994140625,15.649999618530273,1.4620000123977661,109.40899658203125,175.74000549316406,122.50012969970703,34479.6015625,14069.419921875,397.3806457519531
2021-06-14,335.17572021484375,4255.14990234375,16.389999389648438,1.5010000467300415,109.70899963378906,174.7100067138672,121.56185913085938,34393.75,14174.1396484375,398.2703552246094
2021-06-15,332.9866943359375,4246.58984375,17.020000457763672,1.4989999532699585,110.04100036621094,174.0500030517578,121.41551208496094,34299.328125,14072.8603515625,397.5398254394531
2021-06-16,331.77056884765625,4223.7001953125,18.149999618530273,1.569000005722046,110.08399963378906,171.11000061035156,121.31219482421875,34033.671875,14039.6796875,395.32025146484375
2021-06-17,335.98321533203125,4221.85986328125,17.75,1.5110000371932983,110.7699966430664,165.85000610351562,123.12850952148438,33823.44921875,14161.349609375,395.1890563964844
2021-06-18,333.3466491699219,4166.4501953125,20.700000762939453,1.4500000476837158,110.32499694824219,164.92999267578125,125.44406127929688,33290.078125,14030.3798828125,389.85784912109375
2021-06-21,335.41845703125,4224.7900390625,17.889999389648438,1.4839999675750732,110.20099639892578,166.9499969482422,123.34369659423828,33876.96875,14141.48046875,395.4390869140625
2021-06-22,338.5450134277344,4246.43994140625,16.65999984741211,1.472000002861023,110.3740005493164,166.25,123.64495849609375,33945.578125,14253.26953125,397.55322265625
2021-06-23,338.710693359375,4241.83984375,16.31999969482422,1.4869999885559082,110.65399932861328,166.13999938964844,123.32652282714844,33874.23828125,14271.73046875,397.07391357421875
2021-06-24,340.8048095703125,4266.490234375,15.970000267028809,1.4869999885559082,111.01200103759766,166.0399932861328,123.52446746826172,34196.8203125,14369.7099609375,399.4229431152344
2021-06-25,340.3859558105469,4280.7001953125,15.619999885559082,1.5360000133514404,110.9209976196289,166.58999633789062,122.24190521240234,34433.83984375,14360.3896484375,400.84173583984375
2021-06-28,344.5256652832031,4290.60986328125,15.760000228881836,1.4780000448226929,110.8219985961914,166.5800018310547,123.49858856201172,34283.26953125,14500.509765625,401.6498718261719
2021-06-29,345.7724304199219,4291.7998046875,16.020000457763672,1.4800000190734863,110.60299682617188,164.8300018310547,123.70523834228516,34292.2890625,14528.330078125,401.8659362792969
2021-06-30,345.2269287109375,4297.5,15.829999923706055,1.4429999589920044,110.53500366210938,165.6300048828125,124.25613403320312,34502.51171875,14503.9501953125,402.2041320800781
2021-07-01,345.3633117675781,4319.93994140625,15.479999542236328,1.4800000190734863,111.1240005493164,166.1999969482422,124.2630615234375,34633.53125,14522.3798828125,404.43096923828125
2021-07-02,349.3276672363281,4352.33984375,15.069999694824219,1.430999994277954,111.5719985961914,167.2899932861328,125.01287078857422,34786.3515625,14639.330078125,407.52227783203125
2021-07-07,351.5776672363281,4358.1298828125,16.200000762939453,1.3209999799728394,110.60199737548828,168.75999450683594,127.59864807128906,34681.7890625,14665.0595703125,408.21759033203125
2021-07-08,349.4541931152344,4320.81982421875,19.0,1.2879999876022339,110.63500213623047,168.64999389648438,128.0985870361328,34421.9296875,14559.7802734375,404.8914489746094
2021-07-09,351.6360778808594,4369.5498046875,16.18000030517578,1.3559999465942383,109.8010025024414,169.2100067138672,126.29712677001953,34870.16015625,14701.919921875,409.21356201171875
2021-07-12,353.0093994140625,4384.6298828125,16.170000076293945,1.3630000352859497,110.21499633789062,169.0,126.13339233398438,34996.1796875,14733.240234375,410.6792907714844
2021-07-13,353.0093994140625,4369.2099609375,17.1200008392334,1.4149999618530273,110.32499694824219,169.22000122070312,125.1680679321289,34888.7890625,14677.650390625,409.27935791015625
2021-07-14,353.6426696777344,4374.2998046875,16.329999923706055,1.3559999465942383,110.59500122070312,171.0399932861328,126.59025573730469,34933.23046875,14644.9501953125,409.8900451660156
2021-07-15,351.1587829589844,4360.02978515625,17.010000228881836,1.2970000505447388,109.98400115966797,171.07000732421875,127.98655700683594,34987.01953125,14543.1298828125,408.49005126953125
2021-07-16,348.3146057128906,4327.16015625,18.450000762939453,1.2999999523162842,109.77799987792969,169.41000366210938,127.74520111083984,34687.8515625,14427.240234375,405.2861022949219
2021-07-19,345.460693359375,4258.490234375,22.5,1.180999994277954,109.8740005493164,169.61000061035156,130.54644775390625,33962.0390625,14274.98046875,399.30084228515625
2021-07-20,349.47369384765625,4323.06005859375,19.729999542236328,1.2089999914169312,109.53399658203125,169.38999938964844,129.2880401611328,34511.98828125,14498.8798828125,405.0229187011719
2021-07-21,352.1717529296875,4358.68994140625,17.90999984741211,1.2799999713897705,109.91999816894531,168.75999450683594,127.65036010742188,34798.0,14631.9501953125,408.3021240234375
2021-07-22,354.4997863769531,4367.47998046875,17.690000534057617,1.2649999856948853,110.25499725341797,169.08999633789062,128.85707092285156,34823.3515625,14684.599609375,409.1571960449219
2021-07-23,358.6394348144531,4411.7900390625,17.200000762939453,1.2860000133514404,110.13999938964844,168.55999755859375,127.99513244628906,35061.55078125,14836.990234375,413.36651611328125
2021-07-26,358.921875,4422.2998046875,17.579999923706055,1.2760000228881836,110.54399871826172,168.16000366210938,127.61589050292969,35144.30859375,14840.7099609375,414.3813171386719
2021-07-27,354.96728515625,4401.4599609375,19.360000610351562,1.2339999675750732,110.302001953125,168.44000244140625,128.9777069091797,35058.51953125,14660.580078125,412.4927062988281
2021-07-28,356.3309326171875,4400.64013671875,18.309999465942383,1.2610000371932983,109.80599975585938,169.2899932861328,128.9864044189453,34930.9296875,14762.580078125,412.3236389160156
2021-07-29,356.96405029296875,4419.14990234375,17.700000762939453,1.2690000534057617,109.89099884033203,171.1699981689453,128.2709503173828,35084.53125,14778.259765625,414.03363037109375
2021-07-30,355.1036376953125,4395.259765625,18.239999771118164,1.2389999628067017,109.40899658203125,169.82000732421875,128.87428283691406,34935.46875,14672.6796875,412.0229797363281
2021-08-02,355.1329040527344,4387.16015625,19.459999084472656,1.1740000247955322,109.70600128173828,169.61000061035156,130.0237274169922,34838.16015625,14681.0703125,411.1585998535156
2021-08-03,357.2854309082031,4423.14990234375,18.040000915527344,1.1759999990463257,109.26899719238281,169.49000549316406,130.09283447265625,35116.3984375,14761.2900390625,414.50347900390625
2021-08-04,357.8017578125,4402.66015625,17.969999313354492,1.184000015258789,108.99099731445312,169.52999877929688,130.36033630371094,34792.671875,14780.5302734375,412.4645690917969
2021-08-05,360.07122802734375,4429.10009765625,17.280000686645508,1.2170000076293945,109.52899932861328,168.86000061035156,129.69589233398438,35064.25,14895.1201171875,415.0766296386719
2021-08-06,358.49322509765625,4436.52001953125,16.149999618530273,1.2899999618530273,109.75199890136719,164.63999938964844,127.52981567382812,35208.51171875,14835.759765625,415.7625427246094
2021-08-09,359.1556091308594,4432.35009765625,16.719999313354492,1.3170000314712524,110.25900268554688,161.72000122070312,127.07242584228516,35101.8515625,14860.1796875,415.4243469238281
2021-08-10,357.3146667480469,4436.75,16.790000915527344,1.3420000076293945,110.30599975585938,161.77000427246094,126.48555755615234,35264.671875,14788.08984375,415.9410705566406
2021-08-11,356.7010803222656,4442.41015625,16.170000076293945,1.3289999961853027,110.5979995727539,164.0,126.40790557861328,35484.96875,14765.1396484375,416.97467041015625
2021-08-12,357.98675537109375,4460.830078125,15.59000015258789,1.3669999837875366,110.3740005493164,164.0399932861328,126.20081329345703,35499.8515625,14816.259765625,418.2242736816406
2021-08-13,359.2432861328125,4468.0,15.449999809265137,1.2970000505447388,110.40299987792969,166.38999938964844,128.1942901611328,35515.37890625,14822.900390625,418.9853210449219
2021-08-16,359.39910888671875,4479.7099609375,16.1200008392334,1.2569999694824219,109.6240005493164,167.22000122070312,128.5049285888672,35625.3984375,14793.759765625,419.9720153808594
2021-08-17,356.2335205078125,4448.080078125,17.90999984741211,1.2580000162124634,109.2969970703125,166.97000122070312,128.45314025878906,35343.28125,14656.1796875,417.21893310546875
2021-08-18,352.80499267578125,4400.27001953125,21.56999969482422,1.2730000019073486,109.53700256347656,167.10000610351562,128.8846435546875,34960.69140625,14525.91015625,412.6524658203125
2021-08-19,354.5094299316406,4405.7998046875,21.670000076293945,1.2419999837875366,109.84200286865234,166.61000061035156,129.83392333984375,34894.12109375,14541.7900390625,413.2914123535156
2021-08-20,358.181640625,4441.669921875,18.559999465942383,1.2599999904632568,109.76799774169922,166.6999969482422,129.92018127441406,35120.078125,14714.66015625,416.5799560546875
2021-08-23,363.538818359375,4479.52978515625,17.149999618530273,1.2549999952316284,109.83999633789062,168.72999572753906,129.83392333984375,35335.7109375,14942.650390625,420.2444152832031
2021-08-24,364.6492004394531,4486.22998046875,17.219999313354492,1.2899999618530273,109.6780014038086,168.64999389648438,128.8242645263672,35366.26171875,15019.7998046875,420.91156005859375
2021-08-25,365.0679931640625,4496.18994140625,16.790000915527344,1.3420000076293945,109.7300033569336,167.47999572753906,127.75418090820312,35405.5,15041.8603515625,421.79473876953125
2021-08-26,362.74981689453125,4470.0,18.84000015258789,1.3420000076293945,109.97599792480469,167.6699981689453,128.1079864501953,35213.12109375,14945.8095703125,419.30487060546875
2021-08-27,366.27581787109375,4509.3701171875,16.389999389648438,1.312000036239624,110.0479965209961,170.19000244140625,128.9795684814453,35455.80078125,15129.5,423.0538024902344
2021-08-30,370.3862609863281,4528.7900390625,16.190000534057617,1.284999966621399,109.86499786376953,169.35000610351562,129.316162109375,35399.83984375,15265.8896484375,424.914306640625
2021-08-31,370.0843505859375,4522.68017578125,16.479999542236328,1.3040000200271606,109.94400024414062,169.69000244140625,128.43594360351562,35360.73046875,15259.240234375,424.28472900390625
2021-09-01,370.697998046875,4524.08984375,16.110000610351562,1.3020000457763672,110.05599975585938,169.6999969482422,128.6510467529297,35312.53125,15309.3798828125,424.5102233886719
2021-09-02,370.5225830078125,4536.9501953125,16.40999984741211,1.2940000295639038,110.09600067138672,169.25,129.2126922607422,35443.8203125,15331.1796875,425.8162536621094
2021-09-03,371.6621398925781,4535.43017578125,16.40999984741211,1.3220000267028809,109.94499969482422,171.05999755859375,128.03756713867188,35369.08984375,15363.51953125,425.71295166015625
2021-09-08,370.89276123046875,4514.06982421875,17.959999084472656,1.3339999914169312,110.2959976196289,167.2899932861328,127.82150268554688,35031.0703125,15286.6396484375,423.6739807128906
2021-09-09,369.61669921875,4493.27978515625,18.799999237060547,1.2990000247955322,110.21800231933594,168.02999877929688,129.36827087402344,34879.37890625,15248.25,421.860595703125
2021-09-10,366.8115539550781,4458.580078125,20.950000762939453,1.340999960899353,109.78099822998047,167.17999267578125,128.2276611328125,34607.71875,15115.490234375,418.5343933105469
2021-09-13,366.5582580566406,4468.72998046875,19.3700008392334,1.3240000009536743,109.91500091552734,167.74000549316406,129.00534057617188,34869.62890625,15105.580078125,419.60552978515625
2021-09-14,365.51611328125,4443.0498046875,19.459999084472656,1.2769999504089355,109.99400329589844,168.82000732421875,130.56932067871094,34577.5703125,15037.759765625,417.34112548828125
2021-09-15,368.233642578125,4480.7001953125,18.18000030517578,1.3040000200271606,109.71900177001953,167.8300018310547,130.11131286621094,34814.390625,15161.5302734375,420.8269348144531
2021-09-16,368.48687744140625,4473.75,18.690000534057617,1.3309999704360962,109.38300323486328,164.02999877929688,129.51515197753906,34751.3203125,15181.919921875,420.159912109375
2021-09-17,364.1231994628906,4432.990234375,20.809999465942383,1.3700000047683716,109.6989974975586,163.77000427246094,128.89303588867188,34584.87890625,15043.9697265625,416.06707763671875
2021-09-20,356.5992126464844,4357.72998046875,25.709999084472656,1.309000015258789,109.97100067138672,164.94000244140625,130.49151611328125,33970.46875,14713.900390625,409.1295166015625
2021-09-21,357.0380859375,4354.18994140625,24.360000610351562,1.3240000009536743,109.43699645996094,166.0399932861328,130.37918090820312,33919.83984375,14746.400390625,408.74298095703125
2021-09-22,360.3729248046875,4395.64013671875,20.8700008392334,1.3359999656677246,109.14900207519531,165.4199981689453,131.15684509277344,34258.3203125,14896.849609375,412.730224609375
2021-09-23,363.6981506347656,4448.97998046875,18.6299991607666,1.409999966621399,109.8219985961914,163.50999450683594,128.1930389404297,34764.8203125,15052.240234375,417.7449645996094
2021-09-24,364.039306640625,4455.47998046875,17.75,1.4600000381469727,110.32599639892578,163.3000030517578,126.94017791748047,34798.0,15047.7001953125,418.4330139160156
2021-09-27,361.133544921875,4443.10986328125,18.760000228881836,1.4839999675750732,110.76399993896484,163.63999938964844,126.47367095947266,34869.37109375,14969.9697265625,417.23590087890625
2021-09-28,350.914306640625,4352.6298828125,23.25,1.534000039100647,110.96399688720703,162.0500030517578,124.5035629272461,34299.98828125,14546.6796875,408.8278503417969
2021-09-29,350.3389892578125,4359.4599609375,22.559999465942383,1.5410000085830688,111.52799987792969,161.32000732421875,124.71951293945312,34390.71875,14512.4404296875,409.5159606933594
2021-09-30,349.05181884765625,4307.5400390625,23.139999389648438,1.5290000438690186,111.93599700927734,164.22000122070312,124.70230102539062,33843.921875,14448.580078125,404.51068115234375
2021-10-01,351.21661376953125,4357.0400390625,21.100000381469727,1.4789999723434448,111.46099853515625,164.58999633789062,125.751708984375,34326.4609375,14566.7001953125,409.3180236816406
2021-10-04,343.8447570800781,4300.4599609375,22.959999084472656,1.4809999465942383,110.9469985961914,165.36000061035156,125.43161010742188,34002.921875,14255.48046875,404.0394592285156
2021-10-05,348.4862976074219,4345.72021484375,21.299999237060547,1.5290000438690186,110.96800231933594,164.58999633789062,124.22039031982422,34314.671875,14433.830078125,408.243408203125
2021-10-06,350.71929931640625,4363.5498046875,21.0,1.5240000486373901,111.48699951171875,165.02999877929688,124.9211196899414,34416.98828125,14501.91015625,409.94012451171875
2021-10-07,353.9372253417969,4399.759765625,19.540000915527344,1.5709999799728394,111.41300201416016,164.16000366210938,123.6147689819336,34754.94140625,14654.01953125,413.4843444824219
2021-10-08,352.17218017578125,4391.33984375,18.770000457763672,1.6050000190734863,111.66200256347656,164.22999572753906,122.74958038330078,34746.25,14579.5400390625,412.730224609375
2021-10-11,349.4711608886719,4361.18994140625,20.0,1.6139999628067017,112.2699966430664,163.9199981689453,122.43815612792969,34496.05859375,14486.2001953125,409.7422180175781
2021-10-12,348.25225830078125,4350.64990234375,19.850000381469727,1.5800000429153442,113.38800048828125,164.66000366210938,124.53186798095703,34378.33984375,14465.919921875,408.7335510253906
2021-10-13,351.04107666015625,4363.7998046875,18.639999389648438,1.5490000247955322,113.51899719238281,167.58999633789062,125.74305725097656,34377.80859375,14571.6396484375,410.2040710449219
2021-10-14,357.50604248046875,4438.259765625,16.860000610351562,1.5190000534057617,113.3010025024414,168.0,126.21025848388672,34912.55859375,14823.4296875,417.10394287109375
2021-10-15,359.7586364746094,4471.3701171875,16.299999237060547,1.5759999752044678,113.83399963378906,165.3300018310547,125.47486877441406,35294.76171875,14897.33984375,420.280517578125
2021-10-18,363.3762512207031,4486.4599609375,16.309999465942383,1.5839999914169312,114.3239974975586,164.9199981689453,126.06318664550781,35258.609375,15021.8095703125,421.5247497558594
2021-10-19,366.1260986328125,4519.6298828125,15.699999809265137,1.6349999904632568,114.28500366210938,165.4499969482422,124.32415771484375,35457.30859375,15129.08984375,424.77685546875
2021-10-20,365.6483154296875,4536.18994140625,15.489999771118164,1.6360000371932983,114.54299926757812,166.89999389648438,123.48497772216797,35609.33984375,15121.6796875,426.4451599121094
2021-10-21,367.8813171386719,4549.77978515625,15.010000228881836,1.6759999990463257,114.38899993896484,166.75,123.33792114257812,35603.078125,15215.7001953125,427.5574645996094
2021-10-22,364.7902526855469,4544.89990234375,15.430000305175781,1.6549999713897705,113.8499984741211,167.77000427246094,124.69622802734375,35677.01953125,15090.2001953125,427.11444091796875
2021-10-25,368.52484130859375,4566.47998046875,15.239999771118164,1.6349999904632568,113.66400146484375,168.92999267578125,124.5058822631836,35741.1484375,15226.7099609375,429.40496826171875
2021-10-26,369.6852722167969,4574.7900390625,15.979999542236328,1.61899995803833,113.76499938964844,167.67999267578125,125.53543090820312,35756.87890625,15235.7099609375,429.79144287109375
2021-10-27,370.54339599609375,4551.68017578125,16.979999542236328,1.5290000438690186,114.18800354003906,168.1199951171875,127.81947326660156,35490.69140625,15235.83984375,427.8873596191406
2021-10-28,374.6583251953125,4596.419921875,16.530000686645508,1.5679999589920044,113.7760009765625,168.0800018310547,127.38690185546875,35730.48046875,15448.1201171875,432.01605224609375
2021-10-29,376.5013122558594,4605.3798828125,16.260000228881836,1.5570000410079956,113.61599731445312,166.64999389648438,127.77615356445312,35819.55859375,15498.3896484375,432.8926086425781
2021-11-01,377.7884216308594,4613.669921875,16.40999984741211,1.5750000476837158,114.23600006103516,167.52000427246094,126.85625457763672,35913.83984375,15595.919921875,433.6372985839844
2021-11-02,379.3681640625,4630.64990234375,16.030000686645508,1.5490000247955322,114.09400177001953,167.16000366210938,127.41931915283203,36052.62890625,15649.599609375,435.3905334472656
2021-11-03,383.3952941894531,4660.56982421875,15.100000381469727,1.5789999961853027,113.96199798583984,165.77000427246094,126.1025390625,36157.578125,15811.580078125,438.0487060546875
2021-11-04,388.3099670410156,4680.06005859375,15.4399995803833,1.5240000486373901,114.06999969482422,167.64999389648438,127.42797088623047,36124.23046875,15940.3095703125,440.11297607421875
2021-11-05,388.68048095703125,4697.52978515625,16.479999542236328,1.4529999494552612,113.83699798583984,169.83999633789062,129.3337860107422,36327.94921875,15971.58984375,441.6400451660156
2021-11-08,388.1539611816406,4701.7001953125,17.219999313354492,1.496999979019165,113.4749984741211,170.4499969482422,129.09121704101562,36432.21875,15982.3603515625,442.0171203613281
2021-11-09,385.4820861816406,4685.25,17.780000686645508,1.4320000410079956,113.25399780273438,171.2899932861328,130.7717742919922,36319.98046875,15886.5400390625,440.5559997558594
2021-11-10,379.81671142578125,4646.7099609375,18.729999542236328,1.559999942779541,112.91200256347656,173.14999389648438,128.380859375,36079.94140625,15622.7099609375,437.0118103027344
2021-11-11,380.86981201171875,4649.27001953125,17.65999984741211,1.559999942779541,113.90499877929688,174.1199951171875,128.1902618408203,35921.23046875,15704.2802734375,437.1531677246094
2021-11-12,384.8775329589844,4682.85009765625,16.290000915527344,1.5820000171661377,114.04299926757812,174.4499969482422,127.6271743774414,36100.30859375,15860.9599609375,440.4523010253906
2021-11-15,384.78973388671875,4682.7998046875,16.489999771118164,1.6230000257492065,113.98100280761719,174.17999267578125,126.02461242675781,36087.44921875,15853.849609375,440.6031188964844
2021-11-16,387.5298767089844,4700.89990234375,16.3700008392334,1.6339999437332153,114.13200378417969,172.9199981689453,125.70410919189453,36142.21875,15973.8603515625,442.34698486328125
2021-11-17,387.73455810546875,4688.669921875,17.110000610351562,1.6039999723434448,114.90399932861328,174.5,126.70033264160156,35931.05078125,15921.5703125,441.2724609375
2021-11-18,391.7521057128906,4704.5400390625,17.59000015258789,1.5889999866485596,114.19000244140625,173.94000244140625,127.17676544189453,35870.94921875,15993.7099609375,442.7711486816406
2021-11-19,393.93634033203125,4697.9599609375,17.90999984741211,1.5360000133514404,114.28199768066406,172.61000061035156,128.51942443847656,35601.98046875,16057.4404296875,441.9794006347656
2021-11-22,389.3630676269531,4682.93994140625,19.170000076293945,1.625,114.13800048828125,168.74000549316406,127.01212310791016,35619.25,15854.759765625,440.7351379394531
2021-11-23,387.5883483886719,4690.7001953125,19.3799991607666,1.6670000553131104,114.79000091552734,167.27999877929688,125.17567443847656,35813.80078125,15775.1396484375,441.319580078125
2021-11-24,388.8365173339844,4701.4599609375,18.579999923706055,1.6449999809265137,115.14099884033203,167.1199951171875,127.18541717529297,35804.37890625,15845.23046875,442.4978332519531
2021-11-29,389.7434387207031,4655.27001953125,22.959999084472656,1.5299999713897705,113.71900177001953,166.6199951171875,129.35107421875,35135.94140625,15782.830078125,437.9355773925781
2021-11-30,384.01947021484375,4567.0,27.190000534057617,1.4429999589920044,113.80400085449219,165.5,131.31752014160156,34483.71875,15537.6904296875,429.4143981933594
2021-12-01,377.4861755371094,4513.0400390625,31.1200008392334,1.434000015258789,113.29900360107422,166.16000366210938,132.1276092529297,34022.0390625,15254.0498046875,424.64483642578125
2021-12-02,380.2066955566406,4577.10009765625,27.950000762939453,1.4479999542236328,112.88200378417969,165.24000549316406,132.29238891601562,34639.7890625,15381.3203125,431.1488342285156
2021-12-03,373.5954284667969,4538.43017578125,30.670000076293945,1.343000054359436,113.02200317382812,166.6300048828125,133.87088012695312,34580.078125,15085.4697265625,427.397216796875
2021-12-06,376.58905029296875,4591.669921875,27.18000030517578,1.434000015258789,113.04199981689453,166.22000122070312,132.03221130371094,35227.03125,15225.150390625,432.45904541015625
2021-12-07,387.9296569824219,4686.75,21.889999389648438,1.4800000190734863,113.45800018310547,166.80999755859375,130.96534729003906,35719.4296875,15686.919921875,441.40435791015625
2021-12-08,389.6653747558594,4701.2099609375,19.899999618530273,1.5089999437332153,113.5250015258789,166.89999389648438,128.70167541503906,35754.75,15786.990234375,442.5732116699219
2021-12-09,383.93170166015625,4667.4501953125,21.579999923706055,1.4869999885559082,113.68399810791016,165.8800048828125,129.42152404785156,35754.69140625,15517.3701171875,439.5851745605469
2021-12-10,388.10516357421875,4712.02001953125,18.690000534057617,1.4889999628067017,113.447998046875,166.5800018310547,129.10931396484375,35970.98828125,15630.599609375,443.7231750488281
2021-12-13,382.498291015625,4668.97021484375,20.309999465942383,1.4240000247955322,113.5009994506836,167.0,131.0174102783203,35650.94921875,15413.2802734375,439.79254150390625
2021-12-14,378.5393371582031,4634.08984375,21.889999389648438,1.437999963760376,113.5770034790039,165.44000244140625,130.70510864257812,35544.1796875,15237.6396484375,436.7667236328125
2021-12-15,387.1690368652344,4709.85009765625,19.290000915527344,1.4630000591278076,113.74299621582031,166.14999389648438,129.44752502441406,35927.4296875,15565.580078125,443.5911865234375
2021-12-16,377.2131652832031,4668.669921875,20.56999969482422,1.4220000505447388,114.13600158691406,168.16000366210938,129.4979248046875,35897.640625,15180.4296875,439.679443359375
2021-12-17,375.3311767578125,4620.64013671875,21.56999969482422,1.4019999504089355,113.66300201416016,167.8000030517578,130.96539306640625,35365.44140625,15169.6796875,435.0
2021-12-20,371.69036865234375,4568.02001953125,22.8700008392334,1.4190000295639038,113.51799774169922,167.08999633789062,129.98416137695312,34932.16015625,14980.9404296875,430.3743896484375
2021-12-21,380.0088806152344,4649.22998046875,21.010000228881836,1.4869999885559082,113.66200256347656,167.02000427246094,129.48919677734375,35492.69921875,15341.08984375,438.01739501953125
2021-12-22,384.6368713378906,4696.56005859375,18.6299991607666,1.4570000171661377,113.99400329589844,168.58999633789062,130.08839416503906,35753.890625,15521.8896484375,442.3970031738281
2021-12-23,387.53668212890625,4725.7900390625,17.959999084472656,1.4930000305175781,114.12100219726562,168.97000122070312,128.9595947265625,35950.55859375,15653.3701171875,445.14971923828125
2021-12-28,392.11572265625,4786.35009765625,17.540000915527344,1.4809999465942383,114.79199981689453,168.63999938964844,128.75987243652344,36398.2109375,15781.7197265625,451.0806579589844
2021-12-29,392.05718994140625,4793.06005859375,16.950000762939453,1.5429999828338623,114.77300262451172,168.58999633789062,127.35323333740234,36488.62890625,15766.2197265625,451.6575927734375
2021-12-30,390.885498046875,4778.72998046875,17.329999923706055,1.5149999856948853,114.947998046875,169.8000030517578,128.42124938964844,36398.078125,15741.5595703125,450.40899658203125
2021-12-31,388.4446716308594,4766.18017578125,17.219999313354492,1.5119999647140503,115.06300354003906,170.9600067138672,128.67303466796875,36338.30078125,15644.9697265625,449.2738342285156
2022-01-03,392.1840515136719,4796.56005859375,16.600000381469727,1.628000020980835,115.14199829101562,168.3300018310547,125.29539489746094,36585.05859375,15832.7998046875,451.8751525878906
2022-01-04,387.0973205566406,4793.5400390625,16.90999984741211,1.6679999828338623,115.3280029296875,169.57000732421875,124.77433776855469,36799.6484375,15622.7197265625,451.7237548828125
2022-01-05,375.2052001953125,4700.580078125,19.729999542236328,1.7050000429153442,116.17400360107422,169.05999755859375,124.09709167480469,36407.109375,15100.169921875,443.0496826171875
2022-01-06,374.9415283203125,4696.0498046875,19.610000610351562,1.7330000400543213,116.12799835205078,166.99000549316406,124.41837310791016,36236.46875,15080.8603515625,442.633544921875
2022-01-07,370.87994384765625,4677.02978515625,18.760000228881836,1.7710000276565552,115.86499786376953,167.75,123.52400970458984,36231.66015625,14935.900390625,440.8835754394531
2022-01-10,371.1240539550781,4670.2900390625,19.399999618530273,1.7799999713897705,115.61799621582031,168.25999450683594,123.82797241210938,36068.87109375,14942.830078125,440.3349914550781
2022-01-11,376.69903564453125,4713.06982421875,18.40999984741211,1.746000051498413,115.27799987792969,170.2899932861328,124.65281677246094,36252.01953125,15153.4501953125,444.34564208984375
2022-01-12,378.19293212890625,4726.35009765625,17.6200008392334,1.725000023841858,115.33100128173828,170.74000549316406,124.17523193359375,36290.3203125,15188.3896484375,445.54693603515625
2022-01-13,368.7319641113281,4659.02978515625,20.309999465942383,1.7109999656677246,114.67500305175781,170.16000366210938,125.27799987792969,36113.62109375,14806.8095703125,439.4079895019531
2022-01-14,371.0263977050781,4662.85009765625,19.190000534057617,1.7719999551773071,114.11799621582031,169.6699981689453,123.38514709472656,35911.80859375,14893.75,439.587646484375
2022-01-19,357.81634521484375,4532.759765625,23.850000381469727,1.8270000219345093,114.55400085449219,172.0800018310547,122.49077606201172,35028.6484375,14340.259765625,427.3191223144531
2022-01-20,353.1688232421875,4482.72998046875,25.59000015258789,1.8329999446868896,114.34700012207031,171.64999389648438,123.24613952636719,34715.390625,14154.01953125,422.5894775390625
2022-01-21,343.37591552734375,4397.93994140625,28.850000381469727,1.746999979019165,113.99299621582031,171.08999633789062,124.7136001586914,34265.37109375,13768.919921875,414.2937316894531
2022-01-24,344.94781494140625,4410.1298828125,29.899999618530273,1.7350000143051147,113.78500366210938,172.02999877929688,123.68901824951172,34364.5,13855.1298828125,416.0532531738281
2022-01-25,336.9514465332031,4356.4501953125,31.15999984741211,1.7829999923706055,114.01100158691406,172.5800018310547,123.48930358886719,34297.73046875,13539.2900390625,410.9735412597656
2022-01-26,336.4242248535156,4349.93017578125,31.959999084472656,1.8480000495910645,113.875,169.7899932861328,121.99584197998047,34168.08984375,13542.1201171875,409.9425048828125
2022-01-27,333.0362548828125,4326.509765625,30.489999771118164,1.8070000410079956,114.72100067138672,167.60000610351562,124.23600006103516,34160.78125,13352.7802734375,407.91827392578125
2022-01-28,343.4832458496094,4431.85009765625,27.65999984741211,1.781999945640564,115.35199737548828,167.10000610351562,124.27946472167969,34725.46875,13770.5703125,418.049072265625
2022-01-31,354.4673767089844,4515.5498046875,24.829999923706055,1.781999945640564,115.26200103759766,168.08999633789062,123.63693237304688,35131.859375,14239.8798828125,425.57861328125
2022-02-01,356.8789367675781,4546.5400390625,21.959999084472656,1.7999999523162842,115.12100219726562,168.22999572753906,123.22657775878906,35405.23828125,14346.0,428.4541931152344
2022-02-02,359.7787780761719,4589.3798828125,22.09000015258789,1.7660000324249268,114.73600006103516,168.83999633789062,123.64385223388672,35629.328125,14417.5498046875,432.6162414550781
2022-02-03,345.19189453125,4477.43994140625,24.350000381469727,1.8270000219345093,114.38200378417969,168.60000610351562,122.67869567871094,35111.16015625,13878.8203125,422.4476013183594
2022-02-04,349.54656982421875,4500.52978515625,23.219999313354492,1.9299999475479126,114.95700073242188,168.86000061035156,120.87015533447266,35089.73828125,14098.009765625,424.43402099609375
2022-02-07,346.7345275878906,4483.8701171875,22.860000610351562,1.9160000085830688,115.2239990234375,170.11000061035156,120.94841003417969,35091.12890625,14015.669921875,423.0719299316406
2022-02-08,350.6302185058594,4521.5400390625,21.440000534057617,1.9539999961853027,115.06300354003906,170.6300048828125,120.1397933959961,35462.78125,14194.4501953125,426.5528869628906
2022-02-09,358.06036376953125,4587.18017578125,19.959999084472656,1.9290000200271606,115.53099822998047,171.2100067138672,120.36581420898438,35768.05859375,14490.3701171875,432.7960205078125
2022-02-10,349.95654296875,4504.080078125,23.90999984741211,2.0309998989105225,115.60199737548828,170.55999755859375,118.45293426513672,35241.58984375,14185.6396484375,425.0205078125
2022-02-11,338.8553771972656,4418.64013671875,27.360000610351562,1.9550000429153442,116.0469970703125,173.80999755859375,120.20931243896484,34738.05859375,13791.150390625,416.6396789550781
2022-02-14,339.2751770019531,4401.669921875,28.329999923706055,1.996000051498413,115.58399963378906,174.74000549316406,118.7137451171875,34566.171875,13790.919921875,415.2774963378906
2022-02-15,347.71087646484375,4471.06982421875,25.700000762939453,2.0450000762939453,115.53600311279297,173.0800018310547,117.36602020263672,34988.83984375,14139.759765625,421.974609375
2022-02-16,347.62298583984375,4475.009765625,24.290000915527344,2.046999931335449,115.63500213623047,174.86000061035156,118.0616226196289,34934.26953125,14124.08984375,422.4476013183594
2022-02-17,337.2834777832031,4380.259765625,28.110000610351562,1.972000002861023,115.38700103759766,177.25,118.9397964477539,34312.03125,13716.7197265625,413.4235534667969
2022-02-18,333.4366149902344,4348.8701171875,27.75,1.9320000410079956,114.86599731445312,177.1199951171875,120.19189453125,34079.1796875,13548.0703125,410.74658203125
2022-02-23,321.63238525390625,4225.5,31.020000457763672,1.9769999980926514,115.09600067138672,178.2899932861328,118.84418487548828,33131.76171875,13037.490234375,399.1307373046875
2022-02-24,332.4406433105469,4288.7001953125,30.31999969482422,1.968999981880188,114.89800262451172,177.13999938964844,118.92240905761719,33223.828125,13473.58984375,405.1372985839844
2022-02-25,337.5957946777344,4384.64990234375,27.59000015258789,1.9859999418258667,115.57099914550781,176.5500030517578,119.00940704345703,34058.75,13694.6201171875,414.07623291015625
2022-02-28,338.60150146484375,4373.93994140625,30.149999618530273,1.8389999866485596,115.58499908447266,178.3800048828125,121.61795806884766,33892.6015625,13751.400390625,413.0167541503906
2022-03-01,333.4170837402344,4306.259765625,33.31999969482422,1.7070000171661377,115.0780029296875,181.6199951171875,123.02401733398438,33294.94921875,13532.4599609375,406.7264404296875
2022-03-02,339.0115661621094,4386.5400390625,30.739999771118164,1.8650000095367432,114.83300018310547,179.72999572753906,118.81876373291016,33891.3515625,13752.01953125,414.2086486816406
2022-03-03,334.1688232421875,4363.490234375,30.479999542236328,1.843999981880188,115.51899719238281,180.8000030517578,120.02896118164062,33794.66015625,13537.9404296875,412.146484375
2022-03-04,329.3260192871094,4328.8701171875,31.979999542236328,1.7239999771118164,115.4739990234375,183.67999267578125,122.1011962890625,33614.80078125,13313.4404296875,408.7979736328125
2022-03-07,317.1801452636719,4201.08984375,36.45000076293945,1.7510000467300415,114.94999694824219,186.41000366210938,121.16954040527344,32817.37890625,12830.9599609375,396.7469482421875
2022-03-08,315.7059020996094,4170.7001953125,35.130001068115234,1.871999979019165,115.37300109863281,191.50999450683594,119.95063018798828,32632.640625,12795.5498046875,393.7389831542969
2022-03-09,327.0706787109375,4277.8798828125,32.45000076293945,1.9479999542236328,115.72200012207031,185.82000732421875,118.77521514892578,33286.25,13255.5498046875,404.2954406738281
2022-03-10,323.43865966796875,4259.52001953125,30.229999542236328,2.010999917984009,115.90899658203125,186.39999389648438,117.06877136230469,33174.0703125,13129.9599609375,402.46978759765625
2022-03-11,316.7310791015625,4204.31005859375,30.75,2.003999948501587,116.17900085449219,185.08999633789062,117.4605484008789,32944.19140625,12843.8095703125,397.3524169921875
2022-03-14,310.6482849121094,4173.10986328125,31.770000457763672,2.140000104904175,117.52899932861328,182.3000030517578,114.71792602539062,32945.23828125,12581.2197265625,394.4483947753906
2022-03-15,320.3924255371094,4262.4501953125,29.829999923706055,2.1600000858306885,118.21800231933594,178.88999938964844,114.51768493652344,33544.33984375,12948.6201171875,403.1225280761719
2022-03-16,332.274658203125,4357.85986328125,26.670000076293945,2.187999963760376,118.29199981689453,180.00999450683594,115.6408920288086,34063.1015625,13436.5498046875,412.0613708496094
2022-03-17,336.2972717285156,4411.669921875,25.670000076293945,2.191999912261963,118.87000274658203,180.88999938964844,114.77890014648438,34480.76171875,13614.7802734375,417.2166442871094
2022-03-18,343.1806945800781,4463.1201171875,23.8700008392334,2.1480000019073486,118.48600006103516,179.3000030517578,116.18065643310547,34754.9296875,13893.83984375,421.786376953125
2022-03-21,342.22650146484375,4461.18017578125,23.530000686645508,2.315000057220459,119.26300048828125,180.6699981689453,113.49032592773438,34552.98828125,13838.4599609375,421.6629943847656
2022-03-22,348.9521789550781,4511.60986328125,22.940000534057617,2.372999906539917,119.59400177001953,179.36000061035156,112.03630828857422,34807.4609375,14108.8203125,426.5970764160156
2022-03-23,343.937255859375,4456.240234375,23.56999969482422,2.321000099182129,121.33999633789062,181.80999755859375,114.4915771484375,34358.5,13922.599609375,421.1031799316406
2022-03-24,351.5818176269531,4520.16015625,21.670000076293945,2.3410000801086426,121.12699890136719,183.1300048828125,113.59479522705078,34707.94140625,14191.83984375,427.4510498046875
2022-03-25,351.28857421875,4543.06005859375,20.809999465942383,2.492000102996826,122.34600067138672,182.3800048828125,112.01892852783203,34861.23828125,14169.2998046875,429.53857421875
2022-03-28,356.7238464355469,4575.52001953125,19.6299991607666,2.4769999980926514,122.2699966430664,179.05999755859375,112.97663879394531,34955.890625,14354.900390625,432.5938720703125
2022-03-29,362.8629455566406,4631.60009765625,18.899999618530273,2.4000000953674316,123.66000366210938,179.13999938964844,113.82987213134766,35294.19140625,14619.6396484375,437.94537353515625
2022-03-30,358.8549499511719,4602.4501953125,19.329999923706055,2.3580000400543213,123.125,180.5800018310547,114.71792602539062,35228.80859375,14442.26953125,435.2411193847656
2022-03-31,354.4070129394531,4530.41015625,20.559999465942383,2.3269999027252197,122.02100372314453,180.64999389648438,114.99658966064453,34678.3515625,14220.51953125,428.542236328125
2022-04-01,353.73248291015625,4545.85986328125,19.6299991607666,2.377000093460083,121.75599670410156,179.5,115.43431091308594,34818.26953125,14261.5,429.75677490234375
2022-04-04,361.015380859375,4582.64013671875,18.56999969482422,2.4119999408721924,122.61000061035156,180.3699951171875,114.632080078125,34921.87890625,14532.5498046875,433.4383239746094
2022-04-05,352.99932861328125,4525.1201171875,21.030000686645508,2.555999994277954,122.80899810791016,179.24000549316406,112.04226684570312,34641.1796875,14204.169921875,427.9635009765625
2022-04-06,345.335205078125,4481.14990234375,22.100000381469727,2.6089999675750732,123.65599822998047,179.66000366210938,111.13536071777344,34496.51171875,13888.8203125,423.68408203125
2022-04-07,346.1563720703125,4500.2099609375,21.549999237060547,2.6519999504089355,123.7229995727539,180.33999633789062,110.29826354980469,34583.5703125,13897.2998046875,425.8190002441406
2022-04-08,341.31732177734375,4488.27978515625,21.15999984741211,2.7130000591278076,124.09600067138672,181.47000122070312,109.10363006591797,34721.12109375,13711.0,424.68035888671875
2022-04-11,333.24273681640625,4412.52978515625,24.3700008392334,2.7799999713897705,124.38500213623047,182.3699951171875,107.37710571289062,34308.078125,13411.9599609375,417.421630859375
2022-04-12,331.83502197265625,4397.4501953125,24.260000228881836,2.7249999046325684,125.47200012207031,183.77000427246094,107.22887420654297,34220.359375,13371.5703125,415.87493896484375
2022-04-13,338.5801696777344,4446.58984375,21.81999969482422,2.687000036239624,125.41600036621094,184.64999389648438,107.44683837890625,34564.58984375,13643.58984375,420.63818359375
2022-04-14,330.8378601074219,4392.58984375,22.700000762939453,2.828000068664551,125.37699890136719,184.0399932861328,105.29305267333984,34451.23046875,13351.080078125,415.4005432128906
2022-04-19,338.4921875,4462.2099609375,21.3700008392334,2.9130001068115234,127.0979995727539,181.82000732421875,103.98504638671875,34911.19921875,13619.66015625,422.2798156738281
2022-04-20,333.55548095703125,4459.4501953125,20.31999969482422,2.8399999141693115,129.33299255371094,182.7100067138672,106.07783508300781,35160.7890625,13453.0703125,421.96661376953125
2022-04-21,326.6538391113281,4393.66015625,22.68000030517578,2.9170000553131104,128.01300048828125,182.05999755859375,105.29305267333984,34792.76171875,13174.650390625,415.65667724609375
2022-04-22,318.1001281738281,4271.77978515625,28.209999084472656,2.9059998989105225,128.4080047607422,180.2899932861328,104.63033294677734,33811.3984375,12839.2900390625,404.25152587890625
2022-04-25,322.1864318847656,4296.1201171875,27.020000457763672,2.8259999752044678,128.60499572753906,177.0500030517578,105.6767349243164,34049.4609375,13004.849609375,406.5952453613281
2022-04-26,310.0255432128906,4175.2001953125,33.52000045776367,2.7720000743865967,127.74400329589844,177.32000732421875,106.74053955078125,33240.1796875,12490.740234375,394.8197937011719
2022-04-27,309.65399169921875,4183.9599609375,31.600000381469727,2.818000078201294,127.26599884033203,175.97999572753906,105.37152099609375,33301.9296875,12488.9296875,395.92999267578125
2022-04-28,320.651611328125,4287.5,29.989999771118164,2.86299991607666,128.3939971923828,176.92999267578125,105.5284652709961,33916.390625,12871.5302734375,405.9309387207031
2022-04-29,306.22265625,4131.93017578125,33.400001525878906,2.88700008392334,130.81100463867188,176.91000366210938,104.15945434570312,32977.2109375,12334.6396484375,390.92950439453125
2022-05-02,311.33538818359375,4155.3798828125,32.34000015258789,2.996000051498413,130.01100158691406,173.6300048828125,102.35396575927734,33061.5,12536.01953125,393.28271484375
2022-05-03,311.66778564453125,4175.47998046875,29.25,2.9600000381469727,130.11199951171875,174.08999633789062,103.04403686523438,33128.7890625,12563.759765625,395.0854797363281
2022-05-04,322.2059631347656,4300.169921875,25.420000076293945,2.9170000553131104,130.11599731445312,175.8000030517578,103.61177062988281,34061.05859375,12964.8603515625,407.1170349121094
2022-05-05,305.9783630371094,4146.8701171875,31.200000762939453,3.065999984741211,129.22300720214844,175.1300048828125,100.77296447753906,32997.96875,12317.6904296875,392.64697265625
2022-05-06,302.31243896484375,4123.33984375,30.190000534057617,3.122999906539917,130.3300018310547,175.4199981689453,99.28810119628906,32899.37109375,12144.66015625,390.30328369140625
2022-05-09,290.48388671875,3991.239990234375,34.75,3.0789999961853027,130.74899291992188,172.8800048828125,100.16154479980469,32245.69921875,11623.25,377.8068542480469
2022-05-10,294.0129699707031,4001.050048828125,32.9900016784668,2.993000030517578,130.3769989013672,171.4199981689453,101.06997680664062,32160.740234375,11737.669921875,378.6797180175781
2022-05-11,285.29302978515625,3935.179931640625,32.560001373291016,2.9210000038146973,130.3509979248047,172.82000732421875,103.017822265625,31834.109375,11364.240234375,372.6639709472656
2022-05-12,284.6185302734375,3930.080078125,31.770000457763672,2.816999912261963,129.8350067138672,170.1699981689453,102.82565307617188,31730.30078125,11370.9599609375,372.2749328613281
2022-05-13,295.1664733886719,4023.889892578125,28.8700008392334,2.934999942779541,128.58799743652344,168.7899932861328,101.3058090209961,32196.66015625,11805.0,381.1752624511719
2022-05-16,291.7450256347656,4008.010009765625,27.469999313354492,2.877000093460083,129.4320068359375,170.39999389648438,101.20095825195312,32223.419921875,11662.7900390625,379.62860107421875
2022-05-17,299.30157470703125,4088.85009765625,26.100000381469727,2.9679999351501465,128.92300415039062,169.3300018310547,99.97810363769531,32654.58984375,11984.51953125,387.43768310546875
2022-05-18,284.6087341308594,3923.679931640625,30.959999084472656,2.885999917984009,129.45399475097656,169.4199981689453,102.10939025878906,31490.0703125,11418.150390625,371.81951904296875
2022-05-19,283.083740234375,3900.7900390625,29.350000381469727,2.8550000190734863,127.91400146484375,171.91000366210938,102.35396575927734,31253.130859375,11388.5,369.542236328125
2022-05-20,282.20391845703125,3901.360107421875,29.43000030517578,2.7869999408721924,127.83200073242188,172.02999877929688,103.51569366455078,31261.900390625,11354.6201171875,369.7034912109375
2022-05-23,286.89630126953125,3973.75,28.479999542236328,2.8589999675750732,127.90299987792969,172.8300018310547,101.81240844726562,31880.240234375,11535.26953125,376.6206970214844
2022-05-24,280.7962646484375,3941.47998046875,29.450000762939453,2.759999990463257,127.84600067138672,174.1300048828125,103.8214111328125,31928.619140625,11264.4501953125,373.74566650390625
2022-05-25,284.7259826660156,3978.72998046875,28.3700008392334,2.749000072479248,126.76899719238281,173.0800018310547,104.2319564819336,32120.279296875,11434.740234375,377.0476989746094
2022-05-26,292.6150207519531,4057.840087890625,27.5,2.75600004196167,127.1520004272461,172.75999450683594,103.76026153564453,32637.189453125,11740.650390625,384.5816345214844
2022-05-27,302.1658935546875,4158.240234375,25.719999313354492,2.743000030517578,127.04499816894531,172.85000610351562,104.0135726928711,33212.9609375,12131.1298828125,394.0227355957031
2022-06-01,299.1353759765625,4101.22998046875,25.690000534057617,2.930999994277954,128.73599243164062,172.22999572753906,101.6960220336914,32813.23046875,11994.4599609375,388.6427307128906
2022-06-02,307.32733154296875,4176.81982421875,24.719999313354492,2.9130001068115234,130.1219940185547,174.35000610351562,101.74852752685547,33248.28125,12316.900390625,396.04388427734375
2022-06-03,299.3309631347656,4108.5400390625,24.790000915527344,2.9570000171661377,129.91799926757812,172.5800018310547,101.52977752685547,32899.69921875,12012.73046875,389.544189453125
2022-06-06,300.3280334472656,4121.43017578125,25.06999969482422,3.0380001068115234,130.70700073242188,171.82000732421875,99.65718078613281,32915.78125,12061.3701171875,390.73028564453125
2022-06-07,302.9185791015625,4160.68017578125,24.020000457763672,2.9719998836517334,132.17599487304688,172.94000244140625,100.73351287841797,33180.140625,12175.23046875,394.4781494140625
2022-06-08,300.73858642578125,4115.77001953125,23.959999084472656,3.0290000438690186,132.8470001220703,172.77999877929688,99.84097290039062,32910.8984375,12086.26953125,390.1893615722656
2022-06-09,292.6834716796875,4017.820068359375,26.09000015258789,3.0439999103546143,134.42999267578125,172.22999572753906,100.1734848022461,32272.7890625,11754.23046875,380.9095153808594
2022-06-10,282.3603515625,3900.860107421875,27.75,3.1559998989105225,134.41799926757812,174.5399932861328,99.55220794677734,31392.7890625,11340.01953125,369.8648376464844
2022-06-13,269.2316589355469,3749.6298828125,34.02000045776367,3.365999937057495,134.81399536132812,169.92999267578125,96.4283676147461,30516.740234375,10809.23046875,355.82171630859375
2022-06-14,269.72039794921875,3735.47998046875,32.689998626708984,3.4830000400543213,134.22500610351562,168.57000732421875,95.2120590209961,30364.830078125,10828.349609375,354.74945068359375
2022-06-15,276.455810546875,3789.989990234375,29.6200008392334,3.3949999809265137,135.29400634765625,170.77000427246094,96.98837280273438,30668.529296875,11099.150390625,359.8070373535156
2022-06-16,265.30181884765625,3666.77001953125,32.95000076293945,3.306999921798706,134.11500549316406,172.69000244140625,97.75840759277344,29927.0703125,10646.099609375,347.8988037109375
2022-06-17,268.5278015136719,3674.840087890625,31.1299991607666,3.239000082015991,132.42100524902344,171.27000427246094,98.07337951660156,29888.779296875,10798.349609375,348.6487121582031
2022-06-22,274.901123046875,3759.889892578125,28.950000762939453,3.1559998989105225,136.2689971923828,171.30999755859375,99.06221771240234,30483.130859375,11053.080078125,356.7774963378906
2022-06-23,278.9951477050781,3795.72998046875,29.049999237060547,3.068000078201294,136.0240020751953,170.25999450683594,99.87596893310547,30677.359375,11232.1904296875,360.27490234375
2022-06-24,288.55450439453125,3911.739990234375,27.229999542236328,3.125,134.83999633789062,170.08999633789062,98.49341583251953,31500.6796875,11607.6201171875,371.7293701171875
2022-06-27,286.4388427734375,3900.110107421875,26.950000762939453,3.194000005722046,135.06199645996094,169.89999389648438,97.65340423583984,31438.259765625,11524.5498046875,370.3094482421875
2022-06-28,277.7121276855469,3821.550048828125,28.360000610351562,3.2060000896453857,135.43499755859375,169.6199951171875,98.10840606689453,30946.990234375,11181.5400390625,362.74298095703125
2022-06-29,277.9667053222656,3818.830078125,28.15999984741211,3.0929999351501465,136.0469970703125,169.49000549316406,99.63970947265625,31029.310546875,11177.8896484375,362.4476318359375
2022-06-30,274.5190734863281,3785.3798828125,28.709999084472656,2.9719998836517334,136.58900451660156,168.4600067138672,100.51473999023438,30775.4296875,11028.740234375,359.5029296875
2022-07-01,276.3310546875,3825.330078125,26.700000762939453,2.8889999389648438,135.78599548339844,168.32000732421875,101.54668426513672,31097.259765625,11127.849609375,363.30517578125
2022-07-06,282.8639221191406,3845.080078125,26.729999542236328,2.9130001068115234,135.52099609375,162.13999938964844,100.62608337402344,31037.6796875,11361.849609375,365.2207336425781
2022-07-07,288.9168701171875,3902.6201171875,26.079999923706055,3.007999897003174,135.96600341796875,162.22999572753906,99.74055480957031,31384.55078125,11621.349609375,370.6907043457031
2022-07-08,289.279296875,3899.3798828125,24.639999389648438,3.1010000705718994,135.91299438476562,162.3000030517578,98.6358413696289,31338.150390625,11635.3095703125,370.3857421875
2022-07-11,283.0989990234375,3854.429931640625,26.170000076293945,2.990999937057495,136.30099487304688,161.42999267578125,100.33675384521484,31173.83984375,11372.599609375,366.15460205078125
2022-07-12,280.3565673828125,3818.800048828125,27.290000915527344,2.9579999446868896,137.38800048828125,160.8300018310547,100.93296813964844,30981.330078125,11264.73046875,362.91455078125
2022-07-13,279.77862548828125,3801.780029296875,26.81999969482422,2.9040000438690186,136.7259979248047,161.60000610351562,102.09030151367188,30772.7890625,11247.580078125,361.0086364746094
2022-07-14,280.7777404785156,3790.3798828125,26.399999618530273,2.9600000381469727,137.6280059814453,159.3300018310547,101.25736999511719,30630.169921875,11251.1904296875,360.1319580078125
2022-07-15,285.870849609375,3863.159912109375,24.229999542236328,2.930000066757202,138.9669952392578,159.00999450683594,101.82726287841797,31288.259765625,11452.419921875,367.0122375488281
2022-07-18,283.45159912109375,3830.85009765625,25.299999237060547,2.9600000381469727,138.31399536132812,159.16000366210938,100.76636505126953,31072.609375,11360.0498046875,363.98187255859375
2022-07-19,292.16864013671875,3936.68994140625,24.5,3.0190000534057617,138.22900390625,159.5399932861328,100.2227783203125,31827.05078125,11713.150390625,373.81640625
2022-07-20,296.80145263671875,3959.89990234375,23.8799991607666,3.0360000133514404,138.1909942626953,158.0399932861328,100.48582458496094,31874.83984375,11897.650390625,376.1986999511719
2022-07-21,301.06201171875,3998.949951171875,23.110000610351562,2.9100000858306885,138.39500427246094,160.27000427246094,102.22179412841797,32036.900390625,12059.6103515625,380.0296325683594
2022-07-22,295.7828063964844,3961.6298828125,23.030000686645508,2.7829999923706055,137.09800720214844,160.6699981689453,103.94026947021484,31899.2890625,11834.1103515625,376.50372314453125
2022-07-25,294.0981750488281,3966.840087890625,23.360000610351562,2.819999933242798,136.31199645996094,160.22999572753906,102.92321014404297,31990.0390625,11782.669921875,376.96112060546875
2022-07-26,288.3194885253906,3921.050048828125,24.690000534057617,2.7869999408721924,136.43099975585938,160.0399932861328,103.00211334228516,31761.5390625,11562.5703125,372.50128173828125
2022-07-27,300.5037536621094,4023.610107421875,23.239999771118164,2.7339999675750732,136.97000122070312,161.6699981689453,102.42345428466797,32197.58984375,12032.419921875,382.1737365722656
2022-07-28,303.44207763671875,4072.429931640625,22.329999923706055,2.680999994277954,136.11099243164062,163.63999938964844,103.23884582519531,32529.630859375,12162.58984375,386.9671630859375
2022-07-29,308.97589111328125,4130.2900390625,21.329999923706055,2.6419999599456787,134.39700317382812,164.10000610351562,102.95829772949219,32845.12890625,12390.6904296875,392.6086730957031
2022-08-01,308.789794921875,4118.6298828125,22.84000015258789,2.6059999465942383,133.40699768066406,165.02999877929688,105.43788146972656,32798.3984375,12368.98046875,391.4460754394531
2022-08-02,307.8691101074219,4091.18994140625,23.93000030517578,2.740999937057495,131.57200622558594,164.0500030517578,103.20682525634766,32396.169921875,12348.759765625,388.8634948730469
2022-08-03,316.25323486328125,4155.169921875,21.950000762939453,2.747999906539917,133.37899780273438,164.4499969482422,104.83182525634766,32812.5,12668.16015625,394.9529724121094
2022-08-04,317.73223876953125,4151.93994140625,21.440000534057617,2.6760001182556152,133.96200561523438,167.1699981689453,104.79667663574219,32726.8203125,12720.580078125,394.6861572265625
2022-08-05,315.1366882324219,4145.18994140625,21.149999618530273,2.8399999141693115,132.62100219726562,165.2899932861328,102.30213165283203,32803.46875,12657.5498046875,394.0190734863281
2022-08-08,314.1180114746094,4140.06005859375,21.290000915527344,2.765000104904175,135.0570068359375,166.69000244140625,103.95342254638672,32832.5390625,12644.4599609375,393.56158447265625
2022-08-09,310.5626525878906,4122.47021484375,21.770000457763672,2.796999931335449,134.83999633789062,167.1999969482422,103.5494155883789,32774.41015625,12493.9296875,391.998779296875
2022-08-10,319.230712890625,4210.240234375,19.739999771118164,2.7860000133514404,135.18699645996094,166.77999877929688,102.87308502197266,33309.51171875,12854.7998046875,400.23223876953125
2022-08-11,317.4187316894531,4207.27001953125,20.200000762939453,2.888000011444092,132.8300018310547,166.33999633789062,100.47517395019531,33336.671875,12779.91015625,400.23223876953125
2022-08-12,323.59912109375,4280.14990234375,19.530000686645508,2.8489999771118164,132.99400329589844,167.8699951171875,101.49405670166016,33761.05078125,13047.1904296875,407.0079040527344
2022-08-15,326.2142028808594,4297.14013671875,19.950000762939453,2.7909998893737793,133.28799438476562,165.7100067138672,101.4062271118164,33912.44140625,13128.0498046875,408.6850280761719
2022-08-16,325.4501953125,4305.2001953125,19.690000534057617,2.8239998817443848,133.14300537109375,165.4199981689453,101.82783508300781,34152.01171875,13102.5498046875,409.48553466796875
2022-08-17,321.7381286621094,4274.0400390625,19.899999618530273,2.8929998874664307,134.27699279785156,164.35000610351562,100.7650146484375,33980.3203125,12938.1201171875,406.57904052734375
2022-08-18,322.5118713378906,4283.740234375,19.559999465942383,2.880000114440918,134.94400024414062,163.9199981689453,100.91435241699219,33999.0390625,12965.33984375,407.7607421875
2022-08-19,316.2238464355469,4228.47998046875,20.600000381469727,2.989000082015991,135.7949981689453,162.72000122070312,99.28938293457031,33706.73828125,12705.2197265625,402.2812194824219
2022-08-22,307.8985290527344,4137.990234375,23.799999237060547,3.0369999408721924,137.04100036621094,161.63999938964844,98.95561218261719,33063.609375,12381.5703125,393.90472412109375
2022-08-23,307.6439208984375,4128.72998046875,24.110000610351562,3.053999900817871,137.54600524902344,162.77000427246094,98.4110107421875,32909.58984375,12381.2998046875,392.9516906738281
2022-08-24,308.5352478027344,4140.77001953125,22.81999969482422,3.1059999465942383,136.73300170898438,163.25,97.69076538085938,32969.23046875,12431.5302734375,394.20965576171875
2022-08-25,313.99072265625,4199.1201171875,21.780000686645508,3.0260000228881836,137.08099365234375,163.75,99.05221557617188,33291.78125,12639.26953125,399.7749328613281
2022-08-26,301.1207580566406,4057.659912109375,25.559999465942383,3.0350000858306885,136.56300354003906,161.75999450683594,99.79885864257812,32283.400390625,12141.7099609375,386.242919921875
2022-08-29,298.1530456542969,4030.610107421875,26.209999084472656,3.109999895095825,137.52000427246094,161.86000061035156,98.97319793701172,32098.990234375,12017.669921875,383.68902587890625
2022-08-30,294.83270263671875,3986.159912109375,26.209999084472656,3.109999895095825,138.5959930419922,160.50999450683594,99.21910095214844,31790.869140625,11883.1396484375,379.4769287109375
2022-08-31,293.11871337890625,3955.0,25.8700008392334,3.132999897003174,138.73399353027344,159.27000427246094,98.27050018310547,31510.4296875,11816.2001953125,376.5894470214844
2022-09-01,293.2460632324219,3966.85009765625,25.559999465942383,3.265000104904175,139.29600524902344,157.8699951171875,96.47132110595703,31656.419921875,11785.1298828125,377.7711181640625
2022-09-02,289.1029968261719,3924.260009765625,25.469999313354492,3.193000078201294,140.08099365234375,159.25999450683594,97.0170669555664,31318.439453125,11630.8603515625,373.7877502441406
2022-09-07,292.82489013671875,3979.8701171875,24.639999389648438,3.265000104904175,143.1510009765625,159.94000244140625,96.11045837402344,31581.279296875,11791.900390625,379.0671691894531
2022-09-08,294.343017578125,4006.179931640625,23.610000610351562,3.2920000553131104,144.1280059814453,158.97999572753906,95.12462615966797,31774.51953125,11862.1298828125,381.5448303222656
2022-09-09,300.77801513671875,4067.360107421875,22.790000915527344,3.321000099182129,143.8560028076172,159.82000732421875,95.33587646484375,32151.7109375,12112.3095703125,387.47222900390625
2022-09-12,304.3529968261719,4110.41015625,23.8700008392334,3.361999988555908,142.5959930419922,160.6300048828125,94.5524673461914,32381.33984375,12266.41015625,391.6366882324219
2022-09-13,287.6632080078125,3932.68994140625,27.270000457763672,3.421999931335449,142.5850067138672,158.5399932861328,94.77254486083984,31104.970703125,11633.5703125,374.60736083984375
2022-09-14,289.9453125,3946.010009765625,26.15999984741211,3.4119999408721924,144.4040069580078,157.92999267578125,95.09819030761719,31135.08984375,11719.6796875,376.0367126464844
2022-09-15,285.11669921875,3901.35009765625,26.270000457763672,3.4590001106262207,142.92300415039062,154.97999572753906,95.03657531738281,30961.8203125,11552.3603515625,371.7674865722656
2022-09-16,283.3732604980469,3873.330078125,26.299999237060547,3.447999954223633,143.36500549316406,155.83999633789062,94.24440002441406,30822.419921875,11448.400390625,368.93133544921875
2022-09-19,285.5799560546875,3899.889892578125,25.760000228881836,3.490000009536743,142.76499938964844,155.9600067138672,94.46444702148438,31019.6796875,11535.01953125,371.7923583984375
2022-09-20,283.3036193847656,3855.929931640625,27.15999984741211,3.571000099182129,143.22300720214844,155.07000732421875,93.52263641357422,30706.23046875,11425.0498046875,367.52471923828125
2022-09-21,278.23077392578125,3789.929931640625,27.989999771118164,3.509999990463257,143.6020050048828,155.7899932861328,95.08938598632812,30183.779296875,11220.1904296875,361.1136779785156
2022-09-22,274.8063049316406,3757.989990234375,27.350000381469727,3.7079999446868896,144.3159942626953,155.6999969482422,92.65999603271484,30076.6796875,11066.8095703125,358.08038330078125
2022-09-23,270.33203125,3693.22998046875,29.920000076293945,3.697000026702881,142.27999877929688,153.00999450683594,93.03851318359375,29590.41015625,10867.9296875,352.0808410644531
2022-09-26,269.21343994140625,3655.0400390625,32.2599983215332,3.878000020980835,143.51100158691406,151.22999572753906,91.26046752929688,29260.810546875,10802.919921875,348.5978088378906
2022-09-27,269.3214416503906,3647.2900390625,32.599998474121094,3.9639999866485596,144.45899963378906,151.5399932861328,88.85748291015625,29134.990234375,10829.5,347.70794677734375
2022-09-28,274.6787414550781,3719.0400390625,30.18000030517578,3.7049999237060547,144.6909942626953,154.69000244140625,91.8326187133789,29683.740234375,11051.6396484375,354.5495300292969
2022-09-29,266.76043701171875,3640.469970703125,31.84000015258789,3.746999979019165,144.3979949951172,154.66000366210938,91.35728454589844,29225.609375,10737.509765625,347.14337158203125
2022-09-30,262.23712158203125,3585.6201171875,31.6200008392334,3.803999900817871,144.43099975585938,154.6699981689453,90.17781066894531,28725.509765625,10575.6201171875,341.7752990722656
2022-10-03,268.3892517089844,3678.429931640625,30.100000381469727,3.6510000228881836,144.8159942626953,158.42999267578125,91.61070251464844,29490.890625,10815.4296875,350.79864501953125
2022-10-04,276.8276062011719,3790.929931640625,29.06999969482422,3.617000102996826,144.5189971923828,160.6999969482422,91.35482025146484,30316.3203125,11176.41015625,361.668701171875
2022-10-05,276.68048095703125,3783.280029296875,28.549999237060547,3.759000062942505,143.78700256347656,159.80999755859375,90.48133850097656,30273.869140625,11148.6396484375,360.8266296386719
2022-10-06,274.5021667480469,3744.52001953125,30.520000457763672,3.8259999752044678,144.44900512695312,159.6300048828125,89.97842407226562,29926.939453125,11073.3095703125,357.1044006347656
2022-10-07,264.0425109863281,3639.659912109375,31.360000610351562,3.882999897003174,145.03900146484375,157.8800048828125,89.10488891601562,29296.7890625,10652.400390625,347.14337158203125
2022-10-10,261.403076171875,3612.389892578125,32.45000076293945,3.888000011444092,145.48199462890625,155.47999572753906,87.71969604492188,29202.880859375,10542.099609375,344.4928283691406
2022-10-11,257.8118896484375,3588.840087890625,33.630001068115234,3.938999891281128,145.6739959716797,155.16000366210938,88.10790252685547,29239.189453125,10426.1904296875,342.3111877441406
2022-10-12,257.72357177734375,3577.030029296875,33.56999969482422,3.9019999504089355,145.8699951171875,155.99000549316406,88.54021453857422,29210.849609375,10417.099609375,341.1820373535156
2022-10-13,263.76776123046875,3669.909912109375,31.940000534057617,3.9519999027252197,146.73699951171875,154.91000366210938,87.6932144165039,30038.720703125,10649.150390625,350.18621826171875
2022-10-14,255.83963012695312,3583.070068359375,32.02000045776367,4.010000228881836,147.29299926757812,152.97999572753906,86.96969604492188,29634.830078125,10321.3896484375,342.2059020996094
2022-10-17,264.2878723144531,3677.949951171875,31.3700008392334,4.014999866485596,148.6320037841797,153.4199981689453,86.54618072509766,30185.8203125,10675.7998046875,350.99957275390625
2022-10-18,266.3778076171875,3719.97998046875,30.5,3.997999906539917,148.9709930419922,153.75,86.74913787841797,30523.80078125,10772.400390625,355.1236877441406
2022-10-19,265.4063720703125,3695.159912109375,30.760000228881836,4.126999855041504,149.20899963378906,151.69000244140625,85.16980743408203,30423.810546875,10680.509765625,352.60711669921875
2022-10-20,264.0523681640625,3665.780029296875,29.979999542236328,4.22599983215332,149.8209991455078,151.4499969482422,83.71397399902344,30333.58984375,10614.83984375,349.650390625
2022-10-21,270.2437438964844,3752.75,29.690000534057617,4.2129998207092285,150.17599487304688,154.14999389648438,82.2052230834961,31082.560546875,10859.7197265625,358.14739990234375
2022-10-24,273.21685791015625,3797.340087890625,29.850000381469727,4.234000205993652,147.81900024414062,153.64999389648438,81.52582550048828,31499.619140625,10952.6103515625,362.5298767089844
2022-10-25,278.8684997558594,3859.110107421875,28.459999084472656,4.107999801635742,148.88699340820312,154.0,83.89928436279297,31836.740234375,11199.1201171875,368.3188781738281
2022-10-26,272.7065124511719,3830.60009765625,27.280000686645508,4.014999866485596,147.97999572753906,154.97999572753906,85.10803985595703,31839.109375,10970.990234375,365.5440368652344
2022-10-27,267.7416687011719,3807.300048828125,27.389999389648438,3.937000036239624,146.13400268554688,154.74000549316406,85.9991683959961,32033.279296875,10792.669921875,363.5920104980469
2022-10-28,275.934814453125,3901.06005859375,25.75,4.010000228881836,146.2740020751953,153.16000366210938,85.40801239013672,32861.80078125,11102.4501953125,372.24212646484375
2022-10-31,272.7262268066406,3871.97998046875,25.8799991607666,4.077000141143799,147.81199645996094,151.91000366210938,84.79924774169922,32732.94921875,10988.150390625,369.5533142089844
2022-11-01,269.93951416015625,3856.10009765625,25.809999465942383,4.052000045776367,148.73699951171875,153.4600067138672,85.59172821044922,32653.19921875,10890.849609375,367.9361877441406
2022-11-02,260.6867370605469,3759.68994140625,25.860000610351562,4.059000015258789,147.9149932861328,152.38999938964844,85.22023010253906,32147.759765625,10524.7998046875,358.702392578125
2022-11-03,255.59426879882812,3719.889892578125,25.299999237060547,4.124000072479248,147.89199829101562,151.80999755859375,84.76031494140625,32001.25,10342.9404296875,355.0088195800781
2022-11-04,259.70556640625,3770.550048828125,24.549999237060547,4.156000137329102,148.39300537109375,156.47000122070312,83.33626556396484,32403.220703125,10475.25,360.1185607910156
2022-11-07,262.5609130859375,3806.800048828125,24.350000381469727,4.214000225067139,146.84100341796875,155.85000610351562,82.50487518310547,32827.0,10564.51953125,363.5633544921875
2022-11-08,264.4742736816406,3828.110107421875,25.540000915527344,4.125999927520752,146.62399291992188,159.4499969482422,83.40704345703125,33160.828125,10616.2001953125,365.5248718261719
2022-11-09,258.37115478515625,3748.570068359375,26.09000015258789,4.151000022888184,145.2949981689453,158.64999389648438,83.68123626708984,32513.939453125,10353.169921875,357.9943542480469
2022-11-10,277.43603515625,3956.3701171875,23.530000686645508,3.8289999961853027,146.20899963378906,163.47999572753906,86.90076446533203,33715.37109375,11114.150390625,377.6675720214844
2022-11-11,282.5480041503906,3992.929931640625,22.520000457763672,3.812999963760376,141.73399353027344,164.55999755859375,86.58233642578125,33747.859375,11323.330078125,381.3227844238281
2022-11-14,280.075439453125,3957.25,23.729999542236328,3.865000009536743,139.55299377441406,164.9199981689453,86.3700942993164,33536.69921875,11196.2197265625,378.07904052734375
2022-11-15,283.951171875,3991.72998046875,24.540000915527344,3.7990000247955322,140.11500549316406,165.5,87.76757049560547,33592.921875,11358.41015625,381.30364990234375
2022-11-16,280.075439453125,3958.7900390625,24.110000610351562,3.691999912261963,138.96499633789062,165.1199951171875,89.6868896484375,33553.828125,11183.66015625,378.3947448730469
2022-11-17,279.4572448730469,3946.56005859375,23.93000030517578,3.7750000953674316,139.32200622558594,163.9199981689453,88.74051666259766,33546.3203125,11144.9599609375,377.2369689941406
2022-11-18,279.46710205078125,3965.340087890625,23.1200008392334,3.818000078201294,140.41200256347656,162.7899932861328,88.13021087646484,33745.69140625,11146.0595703125,378.9498291015625
2022-11-21,276.5921325683594,3949.93994140625,22.360000610351562,3.825000047683716,140.2530059814453,161.8800048828125,88.5016860961914,33700.28125,11024.509765625,377.5718688964844
2022-11-22,280.57586669921875,4003.580078125,21.290000915527344,3.757999897003174,142.09800720214844,162.07000732421875,89.75765228271484,34098.1015625,11174.41015625,382.6528625488281
2022-11-23,283.3919372558594,4027.260009765625,20.350000381469727,3.7060000896453857,141.15499877929688,163.0800018310547,91.32318115234375,34194.05859375,11285.3203125,385.064208984375
2022-11-28,277.396728515625,3963.93994140625,22.209999084472656,3.703000068664551,139.10000610351562,161.92999267578125,91.2701187133789,33849.4609375,11049.5,378.8349914550781
2022-11-29,275.2970275878906,3957.6298828125,21.889999389648438,3.747999906539917,138.718994140625,162.72999572753906,90.19992065429688,33852.53125,10983.7802734375,378.1842956542969
2022-11-30,287.8465270996094,4080.110107421875,20.579999923706055,3.703000068664551,138.7449951171875,164.80999755859375,90.86328125,34589.76953125,11468.0,390.09735107421875
2022-12-01,288.1997985839844,4076.570068359375,19.84000015258789,3.5290000438690186,137.35899353027344,167.83999633789062,93.76598358154297,34395.01171875,11482.4501953125,389.810302734375
2022-12-02,287.0517883300781,4071.699951171875,19.059999465942383,3.50600004196167,135.14999389648438,167.25999450683594,94.94513702392578,34429.87890625,11461.5,389.3605041503906
2022-12-05,282.2340393066406,3998.840087890625,20.75,3.5989999771118164,134.47500610351562,164.38999938964844,93.615234375,33947.1015625,11239.9404296875,382.3562316894531
2022-12-06,276.38604736328125,3941.260009765625,22.170000076293945,3.513000011444092,136.65199279785156,164.83999633789062,94.82099151611328,33596.33984375,11014.8896484375,376.8446044921875
2022-12-07,275.25762939453125,3933.919921875,22.68000030517578,3.4079999923706055,136.88600158691406,166.3300018310547,97.05522918701172,33597.921875,10958.5498046875,376.2035827636719
2022-12-08,278.5153503417969,3963.510009765625,22.290000915527344,3.490999937057495,136.38099670410156,166.47000122070312,96.78926086425781,33781.48046875,11082.0,379.1507263183594
2022-12-09,276.7392883300781,3934.3798828125,22.829999923706055,3.566999912261963,136.61399841308594,167.05999755859375,94.27130126953125,33476.4609375,11004.6201171875,376.31842041015625
2022-12-12,280.2127990722656,3990.56005859375,25.0,3.6110000610351562,136.71200561523438,165.67999267578125,94.57276153564453,34005.0390625,11143.740234375,381.74383544921875
2022-12-13,283.2250671386719,4019.64990234375,22.549999237060547,3.500999927520752,137.50399780273438,168.50999450683594,95.4859619140625,34108.640625,11256.8095703125,384.63360595703125
2022-12-14,281.1252746582031,3995.320068359375,21.139999389648438,3.503000020980835,135.58399963378906,168.10000610351562,95.89380645751953,33966.3515625,11170.8896484375,382.1744079589844
2022-12-15,271.6861572265625,3895.75,22.829999923706055,3.450000047683716,135.34800720214844,165.35000610351562,96.26795196533203,33202.21875,10810.5302734375,372.8258056640625
2022-12-16,269.0956726074219,3852.360107421875,22.6200008392334,3.4820001125335693,137.75100708007812,166.7899932861328,95.19258117675781,32920.4609375,10705.41015625,368.4241638183594
2022-12-19,265.3139953613281,3817.659912109375,22.420000076293945,3.5810000896453857,136.69000244140625,166.32000732421875,93.59284973144531,32757.5390625,10546.0302734375,365.3000183105469
2022-12-20,265.1074523925781,3821.6201171875,21.479999542236328,3.684000015258789,136.9949951171875,169.0800018310547,91.93093872070312,32849.73828125,10547.1103515625,365.7999267578125
2022-12-21,268.9530944824219,3878.43994140625,20.06999969482422,3.684000015258789,131.89199829101562,168.8000030517578,92.16197967529297,33376.48046875,10709.3701171875,371.26953125
2022-12-22,262.3731384277344,3822.389892578125,21.969999313354492,3.6689999103546143,132.3699951171875,166.75999450683594,92.14421081542969,33027.48828125,10476.1201171875,365.97296142578125
2022-12-23,262.9632568359375,3844.820068359375,20.8700008392334,3.750999927520752,132.35699462890625,167.25999450683594,90.7933120727539,33203.9296875,10497.8603515625,368.0780944824219
2022-12-28,255.82266235351562,3783.219970703125,22.139999389648438,3.88700008392334,133.48599243164062,167.91000366210938,88.47372436523438,32875.7109375,10213.2900390625,362.0701904296875
2022-12-29,262.0583801269531,3849.280029296875,21.440000534057617,3.8350000381469727,134.03399658203125,168.85000610351562,89.4780044555664,33220.80078125,10478.08984375,368.58758544921875
2022-12-30,261.9009704589844,3839.5,21.670000076293945,3.878999948501587,132.91600036621094,169.63999938964844,88.48260498046875,33147.25,10466.48046875,367.61669921875
2023-01-04,261.3699035644531,3852.969970703125,22.010000228881836,3.7090001106262207,131.2480010986328,172.6699981689453,91.40657043457031,33269.76953125,10458.759765625,368.8951721191406
2023-01-05,257.2783203125,3808.10009765625,22.459999084472656,3.7200000286102295,132.24600219726562,170.52000427246094,91.78870391845703,32930.078125,10305.240234375,364.6848449707031
2023-01-06,264.37957763671875,3895.080078125,21.1299991607666,3.569000005722046,133.3070068359375,173.7100067138672,93.477294921875,33630.609375,10569.2900390625,373.0478820800781
2023-01-09,266.09100341796875,3892.090087890625,21.969999313354492,3.5169999599456787,131.86199951171875,174.10000610351562,93.97502136230469,33517.6484375,10635.650390625,372.8363952636719
2023-01-10,268.3433532714844,3919.25,20.579999923706055,3.621000051498413,131.72900390625,174.74000549316406,92.41971588134766,33704.1015625,10742.6298828125,375.4509582519531
2023-01-11,272.9856872558594,3969.610107421875,21.09000015258789,3.553999900817871,132.1009979248047,174.6199951171875,93.92166900634766,33973.01171875,10931.669921875,380.1996765136719
2023-01-12,274.46099853515625,3983.169921875,18.829999923706055,3.4489998817443848,131.90199279785156,176.63999938964844,95.770263671875,34189.96875,11001.099609375,381.58392333984375
2023-01-13,276.34942626953125,3999.090087890625,18.350000381469727,3.510999917984009,129.1719970703125,178.75999450683594,94.87265014648438,34302.609375,11079.16015625,383.064208984375
2023-01-18,273.31024169921875,3928.860107421875,20.34000015258789,3.375,128.281005859375,177.0800018310547,96.54347229003906,33296.9609375,10957.009765625,376.3258056640625
2023-01-19,270.6251525878906,3898.85009765625,20.520000457763672,3.3970000743865967,128.53900146484375,179.88999938964844,95.93909454345703,33044.55859375,10852.26953125,373.5861511230469
2023-01-20,278.03131103515625,3972.610107421875,19.850000381469727,3.4839999675750732,128.3699951171875,179.2899932861328,94.38383483886719,33375.48828125,11140.4296875,380.5457458496094
2023-01-23,284.20806884765625,4019.81005859375,19.809999465942383,3.5250000953674316,129.35400390625,179.6300048828125,93.93946838378906,33629.55859375,11364.41015625,385.1116943359375
2023-01-24,283.62774658203125,4016.949951171875,19.200000762939453,3.4690001010894775,130.5970001220703,180.27999877929688,95.29036712646484,33733.9609375,11334.26953125,384.6984558105469
2023-01-25,282.998291015625,4016.219970703125,19.079999923706055,3.4619998931884766,130.23899841308594,181.11000061035156,95.52140808105469,33743.83984375,11313.3603515625,384.8426208496094
2023-01-26,288.5159912109375,4060.429931640625,18.729999542236328,3.493000030517578,129.23699951171875,179.47000122070312,95.0770492553711,33949.41015625,11512.41015625,389.0721740722656
2023-01-27,291.38800048828125,4070.56005859375,18.510000228881836,3.5179998874664307,129.8000030517578,179.22000122070312,94.83707427978516,33978.078125,11621.7099609375,389.966064453125
2023-01-30,285.4964599609375,4017.77001953125,19.940000534057617,3.5510001182556152,129.85400390625,178.75999450683594,94.49046325683594,33717.08984375,11393.8095703125,385.07330322265625
2023-01-31,289.77496337890625,4076.60009765625,19.399999618530273,3.5290000438690186,130.47900390625,179.41000366210938,95.24590301513672,34086.0390625,11584.5498046875,390.7351379394531
2023-02-01,295.9713439941406,4119.2099609375,17.8700008392334,3.3970000743865967,130.11000061035156,181.6699981689453,96.39085388183594,34092.9609375,11816.3203125,394.88775634765625
2023-02-02,306.59375,4179.759765625,18.729999542236328,3.3959999084472656,128.6219940185547,177.89999389648438,96.5156021118164,34053.94140625,12200.8203125,400.63623046875
2023-02-03,301.1448974609375,4136.47998046875,18.329999923706055,3.5320000648498535,128.74600219726562,173.4600067138672,95.0721435546875,33926.01171875,12006.9501953125,396.3777160644531
2023-02-06,298.5974426269531,4111.080078125,19.43000030517578,3.634000062942505,132.00900268554688,173.82000732421875,94.36824798583984,33891.01953125,11887.4501953125,393.95538330078125
2023-02-07,304.78399658203125,4164.0,18.65999984741211,3.6740000247955322,132.6230010986328,173.97999572753906,93.61088562011719,34156.69140625,12113.7900390625,399.1077880859375
2023-02-08,299.3646240234375,4117.85986328125,19.6299991607666,3.6530001163482666,131.04200744628906,174.41000366210938,94.05640411376953,33949.01171875,11910.51953125,394.74365234375
2023-02-09,296.7188720703125,4081.5,20.709999084472656,3.683000087738037,131.38699340820312,173.02999877929688,93.16535949707031,33699.87890625,11789.580078125,391.3215026855469
2023-02-10,294.771484375,4090.4599609375,20.530000686645508,3.74399995803833,131.5189971923828,173.36000061035156,92.12286376953125,33869.26953125,11718.1201171875,392.2347412109375
2023-02-13,299.49249267578125,4137.2900390625,20.34000015258789,3.7170000076293945,131.55099487304688,172.47999572753906,92.8980484008789,34245.9296875,11891.7900390625,396.83917236328125
2023-02-14,301.70550537109375,4136.1298828125,18.90999984741211,3.760999917984009,132.33700561523438,172.61000061035156,92.68418884277344,34089.26953125,11960.150390625,396.65655517578125
2023-02-15,304.0168762207031,4147.60009765625,18.229999542236328,3.809000015258789,132.99099731445312,170.88999938964844,91.81988525390625,34128.05078125,12070.58984375,397.9446716308594
2023-02-16,298.3122253417969,4090.409912109375,20.170000076293945,3.8429999351501465,133.9029998779297,170.75,90.51903533935547,33696.8515625,11855.830078125,392.4654235839844
2023-02-17,296.2074279785156,4079.090087890625,20.020000457763672,3.828000068664551,134.07400512695312,171.25999450683594,91.2229232788086,33826.69140625,11787.26953125,391.4849548339844
2023-02-22,289.4110107421875,3991.050048828125,22.290000915527344,3.9230000972747803,134.9759979248047,169.66000366210938,90.26952362060547,33045.08984375,11507.0703125,383.1026916503906
2023-02-23,291.9387512207031,4012.320068359375,21.139999389648438,3.878999948501587,134.9320068359375,169.57000732421875,91.15164184570312,33153.91015625,11590.400390625,385.14056396484375
2023-02-24,287.0505676269531,3970.0400390625,21.670000076293945,3.9489998817443848,134.6280059814453,168.35000610351562,89.96658325195312,32816.921875,11394.9404296875,381.0263366699219
2023-02-27,289.1061706542969,3982.239990234375,20.950000762939453,3.921999931335449,136.39500427246094,169.00999450683594,90.21607208251953,32889.08984375,11466.98046875,382.32403564453125
2023-02-28,288.732421875,3970.14990234375,20.700000762939453,3.9159998893737793,136.31700134277344,169.77999877929688,90.62596130371094,32656.69921875,11455.5400390625,380.9110412597656
2023-03-01,286.4111633300781,3951.389892578125,20.579999923706055,3.99399995803833,136.34800720214844,170.75999450683594,89.6523666381836,32661.83984375,11379.48046875,379.4498596191406
2023-03-02,288.7815856933594,3981.35009765625,19.59000015258789,4.072999954223633,136.19400024414062,170.66000366210938,88.85736846923828,33003.5703125,11462.98046875,382.4010009765625
2023-03-03,294.7517395019531,4045.639892578125,18.489999771118164,3.9639999866485596,136.7050018310547,172.49000549316406,91.010009765625,33390.96875,11689.009765625,388.5338439941406
2023-03-06,295.0861511230469,4048.419921875,18.610000610351562,3.9830000400543213,135.86000061035156,171.6199951171875,90.30436706542969,33431.44140625,11675.740234375,388.80303955078125
2023-03-07,291.4666748046875,3986.3701171875,19.59000015258789,3.9749999046325684,135.99899291992188,168.6199951171875,90.85819244384766,32856.4609375,11530.330078125,382.8431091308594
2023-03-08,292.92236328125,3992.010009765625,19.110000610351562,3.9760000705718994,137.39100646972656,168.5399932861328,90.94750213623047,32798.3984375,11576.0,383.468017578125
2023-03-09,287.84716796875,3918.320068359375,22.610000610351562,3.924999952316284,137.2259979248047,170.1999969482422,91.17079162597656,32254.859375,11338.349609375,376.39300537109375
2023-03-10,283.80474853515625,3861.590087890625,24.799999237060547,3.694999933242798,136.39500427246094,173.8699951171875,94.31494140625,31909.640625,11138.8896484375,370.9619140625
2023-03-13,285.90960693359375,3855.760009765625,26.520000457763672,3.515000104904175,134.97999572753906,177.86000061035156,94.52931213378906,31819.140625,11188.83984375,370.43316650390625
2023-03-14,292.4797668457031,3919.2900390625,23.729999542236328,3.638000011444092,133.11399841308594,176.8300018310547,92.97508239746094,32155.400390625,11428.150390625,376.55645751953125
2023-03-15,294.01409912109375,3891.929931640625,26.139999389648438,3.492000102996826,134.39700317382812,178.2100067138672,94.77047729492188,31874.5703125,11434.0498046875,374.2013854980469
2023-03-16,301.7644958496094,3960.280029296875,22.989999771118164,3.5850000381469727,132.9290008544922,178.57000732421875,94.02911376953125,32246.55078125,11717.2802734375,380.7668151855469
2023-03-17,300.3382873535156,3916.639892578125,25.510000228881836,3.3949999809265137,133.3679962158203,183.77000427246094,95.44038391113281,31861.98046875,11630.509765625,376.3146057128906
2023-03-20,301.4042663574219,3951.570068359375,24.149999618530273,3.4809999465942383,132.28399658203125,183.83999633789062,94.60079956054688,32244.580078125,11675.5400390625,379.93310546875
2023-03-21,305.7090148925781,4002.8701171875,21.3799991607666,3.6059999465942383,131.39199829101562,180.3699951171875,93.78794860839844,32560.599609375,11860.1103515625,384.921875
2023-03-22,301.5519714355469,3936.969970703125,22.260000228881836,3.5,132.34800720214844,183.44000244140625,95.0384521484375,32030.109375,11669.9599609375,378.3602600097656
2023-03-23,305.12774658203125,3948.719970703125,22.610000610351562,3.4059998989105225,131.1790008544922,185.74000549316406,95.0384521484375,32105.25,11787.400390625,379.3830871582031
2023-03-24,306.25079345703125,3970.989990234375,21.739999771118164,3.380000114440918,130.86500549316406,183.64999389648438,95.44038391113281,32237.529296875,11823.9599609375,381.87261962890625
2023-03-27,304.152587890625,3977.530029296875,20.600000381469727,3.5280001163482666,130.8459930419922,181.9499969482422,93.19841766357422,32432.080078125,11768.83984375,382.5867004394531
2023-03-28,302.5369873046875,3971.27001953125,19.969999313354492,3.563999891281128,131.23300170898438,183.44000244140625,93.36813354492188,32394.25,11716.080078125,381.7279357910156
2023-03-29,308.0534973144531,4027.81005859375,19.1200008392334,3.565999984741211,131.04600524902344,182.52999877929688,93.1805419921875,32717.599609375,11926.240234375,387.2762756347656
2023-03-30,310.9693298339844,4050.830078125,19.020000457763672,3.5510001182556152,132.5760040283203,184.17999267578125,93.60929870605469,32859.03125,12013.4697265625,389.5439147949219
2023-03-31,316.14093017578125,4109.31005859375,18.700000762939453,3.49399995803833,133.2010040283203,183.22000122070312,95.01165008544922,33274.1484375,12221.91015625,395.03436279296875
2023-04-03,315.37261962890625,4124.509765625,18.549999237060547,3.430000066757202,133.3470001220703,184.5399932861328,95.45849609375,33601.1484375,12189.4501953125,396.5396728515625
2023-04-04,314.3087158203125,4100.60009765625,19.0,3.3369998931884766,132.2989959716797,187.97999572753906,95.93309020996094,33402.37890625,12126.330078125,394.33953857421875
2023-04-05,311.2057189941406,4090.3798828125,19.079999923706055,3.2869999408721924,131.48500061035156,187.8300018310547,96.93605041503906,33482.71875,11996.8603515625,393.3070983886719
2023-04-06,313.303955078125,4105.02001953125,18.399999618530273,3.2880001068115234,130.9340057373047,186.49000549316406,97.1867904663086,33485.2890625,12087.9599609375,394.8413391113281
2023-04-11,311.1170959472656,4108.93994140625,19.100000381469727,3.434000015258789,133.468994140625,186.27999877929688,95.81668090820312,33684.7890625,12031.8798828125,395.35272216796875
2023-04-12,308.3686828613281,4091.949951171875,19.09000015258789,3.4210000038146973,133.593994140625,187.19000244140625,95.71817779541016,33646.5,11929.33984375,393.7413024902344
2023-04-13,314.4072570800781,4146.22021484375,17.799999237060547,3.4519999027252197,133.0850067138672,189.72000122070312,94.96598052978516,34029.69140625,12166.26953125,398.9712219238281
2023-04-14,313.816162109375,4137.64013671875,17.06999969482422,3.5220000743865967,132.48699951171875,186.36000061035156,94.0973892211914,33886.46875,12123.4697265625,397.9966735839844
2023-04-17,314.0821533203125,4151.31982421875,16.950000762939453,3.5910000801086426,133.9709930419922,185.52999877929688,92.9780044555664,33987.1796875,12157.7197265625,399.4248046875
2023-04-18,314.10186767578125,4154.8701171875,16.829999923706055,3.572000026702881,134.4250030517578,186.25,93.30933380126953,33976.62890625,12153.41015625,399.6853332519531
2023-04-19,313.9541320800781,4154.52001953125,16.459999084472656,3.6019999980926514,134.04400634765625,185.36000061035156,93.21979522705078,33897.01171875,12157.23046875,399.61773681640625
2023-04-20,311.560302734375,4129.7900390625,17.170000076293945,3.5450000762939453,134.70399475097656,186.08999633789062,94.01679229736328,33786.62109375,12059.5595703125,397.4370422363281
2023-04-21,311.8854064941406,4133.52001953125,16.770000457763672,3.569999933242798,133.99600219726562,184.25,93.48843383789062,33808.9609375,12072.4599609375,397.745849609375
2023-04-24,311.2352600097656,4137.0400390625,16.889999389648438,3.515000104904175,133.96099853515625,184.80999755859375,94.39289093017578,33875.3984375,12037.2001953125,398.16070556640625
2023-04-25,305.3642272949219,4071.6298828125,18.760000228881836,3.3959999084472656,134.08399963378906,185.75,95.78084564208984,33530.828125,11799.16015625,391.8403625488281
2023-04-26,307.2161865234375,4055.989990234375,18.84000015258789,3.431999921798706,133.71099853515625,184.74000549316406,94.76000213623047,33301.87109375,11854.349609375,390.1806945800781
2023-04-27,315.5696105957031,4135.35009765625,17.030000686645508,3.5280001163482666,133.46499633789062,184.75,93.81976318359375,33826.16015625,12142.240234375,397.94842529296875
2023-04-28,317.7466125488281,4169.47998046875,15.779999732971191,3.4519999027252197,133.802001953125,184.8000030517578,95.33313751220703,34098.16015625,12226.580078125,401.3450012207031
2023-05-01,317.3821716308594,4167.8701171875,16.079999923706055,3.5739998817443848,136.38600158691406,183.97000122070312,92.58424377441406,34051.69921875,12212.599609375,400.9397277832031
2023-05-02,314.61407470703125,4119.580078125,17.780000686645508,3.438999891281128,137.52099609375,187.52000427246094,94.89142608642578,33684.53125,12080.509765625,396.4334716796875
2023-05-03,312.5552978515625,4090.75,18.34000015258789,3.4030001163482666,136.46600341796875,189.11000061035156,95.42111206054688,33414.23828125,12025.330078125,393.71240234375
2023-05-04,311.4520263671875,4061.219970703125,20.09000015258789,3.3510000705718994,134.54400634765625,190.44000244140625,94.47847747802734,33127.73828125,11966.400390625,390.9237365722656
2023-05-05,318.07171630859375,4136.25,17.190000534057617,3.446000099182129,134.1790008544922,187.4600067138672,94.16425323486328,33674.37890625,12235.41015625,398.16070556640625
2023-05-08,318.85980224609375,4138.1201171875,16.979999542236328,3.5209999084472656,135.19900512695312,187.69000244140625,92.8445816040039,33618.69140625,12256.919921875,398.266845703125
2023-05-09,316.8404235839844,4119.169921875,17.709999084472656,3.5209999084472656,135.072998046875,189.02000427246094,92.51242065429688,33561.80859375,12179.5498046875,396.520263671875
2023-05-10,320.2881774902344,4137.64013671875,16.940000534057617,3.438999891281128,135.28799438476562,188.75,93.41015625,33531.328125,12306.4404296875,398.3730163574219
2023-05-11,321.3324279785156,4130.6201171875,16.93000030517578,3.3970000743865967,134.08700561523438,187.1300048828125,94.39768981933594,33309.51171875,12328.509765625,397.6782531738281
2023-05-12,320.17974853515625,4124.080078125,17.030000686645508,3.4630000591278076,134.4980010986328,186.80999755859375,93.60768127441406,33300.62109375,12284.740234375,397.1572265625
2023-05-15,321.91357421875,4136.27978515625,17.1200008392334,3.507999897003174,135.82200622558594,187.2100067138672,92.63809967041016,33348.6015625,12365.2099609375,398.5274353027344
2023-05-16,322.2779846191406,4109.89990234375,17.989999771118164,3.5490000247955322,136.0449981689453,184.8699951171875,92.35980987548828,33012.140625,12343.0498046875,395.8642578125
2023-05-17,326.17889404296875,4158.77001953125,16.8700008392334,3.5810000896453857,136.42999267578125,184.22999572753906,92.09049224853516,33420.76953125,12500.5703125,400.6695556640625
2023-05-18,332.23712158203125,4198.0498046875,16.049999237060547,3.6480000019073486,137.61399841308594,181.83999633789062,91.408203125,33535.91015625,12688.83984375,404.529296875
2023-05-19,331.48846435546875,4191.97998046875,16.809999465942383,3.691999912261963,138.6199951171875,183.63999938964844,90.76182556152344,33426.62890625,12657.900390625,403.94073486328125
2023-05-22,332.6015930175781,4192.6298828125,17.209999084472656,3.7190001010894775,137.69200134277344,183.2100067138672,90.43864440917969,33286.578125,12720.7802734375,404.1047058105469
2023-05-23,328.3855285644531,4145.580078125,18.530000686645508,3.697999954223633,138.6719970703125,183.42999267578125,90.69898223876953,33055.51171875,12560.25,399.56951904296875
2023-05-24,326.70098876953125,4115.240234375,20.030000686645508,3.7190001010894775,138.59800720214844,181.9499969482422,90.25011444091797,32799.921875,12484.16015625,396.6747131347656
2023-05-25,334.6505432128906,4151.27978515625,19.139999389648438,3.813999891281128,139.2830047607422,180.1999969482422,90.02566528320312,32764.650390625,12698.08984375,400.10986328125
2023-05-26,343.2010498046875,4205.4501953125,17.950000762939453,3.809999942779541,140.01699829101562,180.9199981689453,90.75284576416016,33093.33984375,12975.6904296875,405.29156494140625
2023-05-31,342.79718017578125,4179.830078125,17.940000534057617,3.63700008392334,139.79200744628906,182.32000732421875,92.45856475830078,32908.26953125,12935.2900390625,403.1977233886719
2023-06-01,346.7571716308594,4221.02001953125,15.649999618530273,3.6080000400543213,139.1269989013672,183.75999450683594,92.8213119506836,33061.5703125,13100.98046875,407.02850341796875
2023-06-02,349.3577880859375,4282.3701171875,14.600000381469727,3.690999984741211,138.7480010986328,181.0500030517578,91.8041763305664,33762.76171875,13240.76953125,412.91455078125
2023-06-05,349.60406494140625,4273.7900390625,14.729999542236328,3.693000078201294,140.20700073242188,182.13999938964844,91.63314819335938,33562.859375,13229.4296875,412.123291015625
2023-06-06,349.544921875,4283.85009765625,13.960000038146973,3.6989998817443848,139.38299560546875,182.33999633789062,92.17321014404297,33573.28125,13276.419921875,413.02069091796875
2023-06-07,343.61480712890625,4267.52001953125,13.9399995803833,3.7839999198913574,139.52699279785156,180.14999389648438,90.80501556396484,33665.01953125,13104.900390625,411.5926208496094
2023-06-08,347.88018798828125,4293.93017578125,13.649999618530273,3.7139999866485596,139.8990020751953,182.52999877929688,91.86717224121094,33833.609375,13238.51953125,414.0821533203125
2023-06-09,349.21002197265625,4298.85986328125,13.829999923706055,3.744999885559082,138.86300659179688,182.0399932861328,91.74116516113281,33876.78125,13259.1396484375,414.8250732421875
2023-06-12,355.11065673828125,4338.93017578125,15.010000228881836,3.765000104904175,139.37100219726562,181.8800048828125,92.01119995117188,34066.328125,13461.919921875,418.5884094238281
2023-06-13,357.83929443359375,4369.009765625,14.609999656677246,3.8389999866485596,139.4600067138672,180.5399932861328,91.10205078125,34212.12109375,13573.3203125,421.34814453125
2023-06-14,360.4399108886719,4372.58984375,13.880000114440918,3.7960000038146973,140.177001953125,180.63999938964844,91.8311767578125,33979.328125,13626.48046875,421.849853515625
2023-06-15,364.73486328125,4425.83984375,14.5,3.7279999256134033,139.9770050048828,181.91000366210938,92.71331024169922,34408.05859375,13782.8203125,427.0798034667969
2023-06-16,362.4396057128906,4409.58984375,13.539999961853027,3.7690000534057617,140.26800537109375,181.6300048828125,92.35324096679688,34299.12109375,13689.5703125,425.6251220703125
2023-06-21,356.98858642578125,4365.68994140625,13.199999809265137,3.7230000495910645,141.3350067138672,179.49000549316406,93.21736145019531,33951.51953125,13502.2001953125,421.2474060058594
2023-06-22,361.20068359375,4381.89013671875,12.90999984741211,3.7990000247955322,141.68800354003906,177.7100067138672,92.09221649169922,33946.7109375,13630.6103515625,422.7679748535156
2023-06-23,357.61993408203125,4348.330078125,13.4399995803833,3.739000082015991,143.02999877929688,178.1999969482422,93.01033782958984,33727.4296875,13492.51953125,419.5718078613281
2023-06-26,352.82586669921875,4328.81982421875,14.25,3.7190001010894775,143.54100036621094,178.50999450683594,93.10934448242188,33714.7109375,13335.7802734375,417.8575744628906
2023-06-27,358.8924255371094,4378.41015625,13.739999771118164,3.7679998874664307,143.4600067138672,177.69000244140625,92.86629486083984,33926.73828125,13555.669921875,422.4386901855469
2023-06-28,359.5927429199219,4376.85986328125,13.430000305175781,3.7100000381469727,143.8820037841797,177.27999877929688,93.26239776611328,33852.66015625,13591.75,422.6517333984375
2023-06-29,358.8727111816406,4396.43994140625,13.539999961853027,3.8540000915527344,144.38900756835938,177.08999633789062,91.57913970947266,34122.421875,13591.330078125,424.3175354003906
2023-06-30,364.4065856933594,4450.3798828125,13.59000015258789,3.819000005722046,144.77999877929688,178.27000427246094,92.65928649902344,34407.6015625,13787.919921875,429.3248291015625
2023-07-03,365.2647705078125,4455.58984375,13.569999694824219,3.8580000400543213,144.3979949951172,178.47000122070312,92.13400268554688,34418.46875,13816.76953125,429.8187561035156
2023-07-06,362.47314453125,4411.58984375,15.4399995803833,4.040999889373779,144.48899841308594,177.30999755859375,89.96781921386719,33922.26171875,13679.0400390625,425.8188171386719
2023-07-07,361.2696838378906,4398.9501953125,14.829999923706055,4.050000190734863,143.9510040283203,178.63999938964844,89.42630004882812,33734.87890625,13660.7197265625,424.7437744140625
2023-07-10,361.3880615234375,4409.52978515625,15.069999694824219,4.00600004196167,142.20899963378906,178.77999877929688,89.54364013671875,33944.3984375,13685.48046875,425.8188171386719
2023-07-11,363.17352294921875,4439.259765625,14.84000015258789,3.9800000190734863,141.2969970703125,179.4499969482422,90.00393676757812,34261.421875,13760.7001953125,428.5306701660156
2023-07-12,367.76043701171875,4472.16015625,13.539999961853027,3.8610000610351562,140.1179962158203,181.8800048828125,91.00579833984375,34347.4296875,13918.9599609375,431.978515625
2023-07-13,374.0045166015625,4510.0400390625,13.609999656677246,3.760999917984009,138.31500244140625,182.00999450683594,91.96249389648438,34395.140625,14138.5703125,435.4070739746094
2023-07-14,373.9255676269531,4505.419921875,13.34000015258789,3.819000005722046,138.0749969482422,181.42999267578125,91.42098236083984,34509.03125,14113.7001953125,435.1359558105469
2023-07-17,377.4175720214844,4522.7900390625,13.479999542236328,3.796999931335449,138.6820068359375,181.55999755859375,91.46609497070312,34585.3515625,14244.9501953125,436.6468200683594
2023-07-18,380.5050964355469,4554.97998046875,13.300000190734863,3.7890000343322754,138.72900390625,183.63999938964844,91.88127136230469,34951.9296875,14353.6396484375,439.891357421875
2023-07-19,380.4162902832031,4565.72021484375,13.760000228881836,3.742000102996826,139.02699279785156,183.6699981689453,92.91922760009766,35061.2109375,14358.01953125,440.86956787109375
2023-07-20,371.6468811035156,4534.8701171875,13.989999771118164,3.8540000915527344,139.59800720214844,182.74000549316406,91.79102325439453,35225.1796875,14063.3095703125,437.94464111328125
2023-07-21,370.53228759765625,4536.33984375,13.600000381469727,3.8369998931884766,139.86399841308594,182.17999267578125,91.81807708740234,35227.69140625,14032.8095703125,437.94464111328125
2023-07-24,371.1241455078125,4554.64013671875,13.90999984741211,3.8570001125335693,141.75,181.39999389648438,91.48416900634766,35411.23828125,14058.8701171875,439.90106201171875
2023-07-25,373.6394958496094,4567.4599609375,13.859999656677246,3.9119999408721924,141.52200317382812,182.41000366210938,91.31266021728516,35438.0703125,14144.5595703125,441.1020202636719
2023-07-26,372.3966064453125,4566.75,13.1899995803833,3.8510000705718994,140.91299438476562,183.3000030517578,91.40291595458984,35520.12109375,14127.2802734375,441.1697998046875
2023-07-27,371.50885009765625,4537.41015625,14.40999984741211,4.01200008392334,140.36700439453125,180.4199981689453,89.6248550415039,35282.71875,14050.1103515625,438.2448425292969
2023-07-28,378.2757568359375,4582.22998046875,13.329999923706055,3.9690001010894775,138.86399841308594,181.86000061035156,90.0851821899414,35459.2890625,14316.66015625,442.5354309082031
2023-07-31,378.4730529785156,4588.9599609375,13.630000114440918,3.9590001106262207,140.75799560546875,182.35000610351562,90.30177307128906,35559.53125,14346.01953125,443.3780517578125
2023-08-01,377.5950927734375,4576.72998046875,13.930000305175781,4.051000118255615,142.322998046875,180.4600067138672,88.82203674316406,35630.6796875,14283.91015625,442.1092834472656
2023-08-02,369.30908203125,4513.39013671875,16.09000015258789,4.078000068664551,142.97000122070312,179.60000610351562,87.87171173095703,35282.51953125,13973.4501953125,435.95916748046875
2023-08-03,368.7172546386719,4501.89013671875,15.920000076293945,4.189000129699707,143.343994140625,179.5399932861328,85.84437561035156,35215.890625,13959.7197265625,434.70977783203125
2023-08-04,366.9909362792969,4478.02978515625,17.100000381469727,4.059999942779541,142.59800720214844,180.19000244140625,87.36489868164062,35065.62109375,13909.240234375,432.74365234375
2023-08-07,370.0982360839844,4518.43994140625,15.770000457763672,4.078000068664551,141.87600708007812,179.77999877929688,86.50508117675781,35473.12890625,13994.400390625,436.5209045410156
2023-08-08,366.95159912109375,4499.3798828125,15.989999771118164,4.026000022888184,142.5240020751953,178.63999938964844,87.50970458984375,35314.48828125,13884.3203125,434.6226501464844
2023-08-09,362.9170837402344,4467.7099609375,15.960000038146973,4.01200008392334,143.2779998779297,177.7899932861328,87.96221923828125,35123.359375,13722.01953125,431.7170104980469
2023-08-10,363.58782958984375,4468.830078125,15.850000381469727,4.079999923706055,143.7270050048828,177.60000610351562,86.51412200927734,35176.1484375,13737.990234375,431.87200927734375
2023-08-11,361.2696838378906,4464.0498046875,14.84000015258789,4.168000221252441,144.85400390625,177.60000610351562,86.31502532958984,35281.3984375,13644.849609375,431.6202392578125
2023-08-14,365.323974609375,4489.72021484375,14.819999694824219,4.184000015258789,144.81700134277344,177.05999755859375,86.12496948242188,35307.62890625,13788.330078125,434.0027770996094
2023-08-15,361.4472961425781,4437.85986328125,16.459999084472656,4.2210001945495605,145.43699645996094,176.58999633789062,85.60002899169922,34946.390625,13631.0498046875,428.9471130371094
2023-08-16,357.61993408203125,4404.330078125,16.780000686645508,4.257999897003174,145.60800170898438,175.57000732421875,84.93025970458984,34765.73828125,13474.6298828125,425.79949951171875
2023-08-17,353.7136535644531,4370.35986328125,17.889999389648438,4.308000087738037,146.33299255371094,175.3000030517578,84.5682601928711,34474.828125,13316.9296875,422.554931640625
2023-08-18,353.269775390625,4369.7099609375,17.299999237060547,4.250999927520752,145.71400451660156,175.3300018310547,84.86692810058594,34500.66015625,13290.7802734375,422.75830078125
2023-08-21,358.9615173339844,4399.77001953125,17.1299991607666,4.3420000076293945,145.30499267578125,175.80999755859375,83.73561096191406,34463.69140625,13497.58984375,425.50885009765625
2023-08-22,358.4485168457031,4387.5498046875,16.969999313354492,4.328000068664551,146.23800659179688,176.10000610351562,84.37818908691406,34288.828125,13505.8701171875,424.3562927246094
2023-08-23,364.1007385253906,4436.009765625,15.979999542236328,4.197999954223633,145.76300048828125,177.88999938964844,86.46886444091797,34472.98046875,13721.0302734375,429.0827331542969
2023-08-24,356.3178405761719,4376.31005859375,17.200000762939453,4.235000133514404,144.67300415039062,177.85000610351562,85.89871215820312,34099.421875,13463.9697265625,423.135986328125
2023-08-25,359.079833984375,4405.7099609375,15.680000305175781,4.238999843597412,146.06700134277344,177.6199951171875,86.17927551269531,34346.8984375,13590.650390625,426.1190185546875
2023-08-28,361.78265380859375,4433.31005859375,15.079999923706055,4.211999893188477,146.531005859375,178.1300048828125,86.26976776123047,34559.98046875,13705.1298828125,428.8211975097656
2023-08-29,369.6839599609375,4497.6298828125,14.449999809265137,4.122000217437744,146.46400451660156,179.8699951171875,87.16576385498047,34852.671875,13943.759765625,435.0197448730469
2023-08-30,371.7455749511719,4514.8701171875,13.880000114440918,4.118000030517578,145.98800659179688,180.32000732421875,87.07527160644531,34890.23828125,14019.3095703125,436.8115234375
2023-08-31,372.8602600097656,4507.66015625,13.569999694824219,4.0929999351501465,146.0989990234375,180.02000427246094,87.46443939208984,34721.91015625,14034.9697265625,436.1722412109375
2023-09-01,372.4656677246094,4515.77001953125,13.09000015258789,4.172999858856201,145.47300720214844,180.11000061035156,86.10188293457031,34837.7109375,14031.8095703125,436.9858093261719
2023-09-06,369.6543273925781,4465.47998046875,14.449999809265137,4.289999961853027,147.4709930419922,177.8300018310547,85.10333251953125,34443.19140625,13872.4697265625,432.1722717285156
2023-09-07,367.0107727050781,4451.14013671875,14.399999618530273,4.260000228881836,147.70899963378906,178.02000427246094,85.33934783935547,34500.73046875,13748.830078125,430.84539794921875
2023-09-08,367.5236511230469,4457.490234375,13.84000015258789,4.257999897003174,147.33099365234375,178.0800018310547,85.66614532470703,34576.58984375,13761.5302734375,431.4942626953125
2023-09-11,371.8540954589844,4487.4599609375,13.800000190734863,4.288000106811523,147.11300659179688,178.41000366210938,85.04888153076172,34663.71875,13917.8896484375,434.33209228515625
2023-09-12,367.7308349609375,4461.89990234375,14.229999542236328,4.263999938964844,146.67799377441406,177.49000549316406,85.53907012939453,34645.98828125,13773.6103515625,431.949462890625
2023-09-13,369.1315612792969,4467.43994140625,13.479999542236328,4.249000072479248,147.1580047607422,177.0800018310547,85.52091979980469,34575.53125,13813.58984375,432.45318603515625
2023-09-14,372.1499938964844,4505.10009765625,12.819999694824219,4.288000106811523,147.3459930419922,177.1699981689453,84.90362548828125,34907.109375,13926.0498046875,436.1819152832031
2023-09-15,365.7777099609375,4450.31982421875,13.789999961853027,4.322000026702881,147.48199462890625,178.33999633789062,84.38618469238281,34618.23828125,13708.330078125,430.9266662597656
2023-09-18,366.1590270996094,4453.52978515625,14.0,4.318999767303467,147.8679962158203,179.38999938964844,84.8673324584961,34624.30078125,13710.240234375,431.17938232421875
2023-09-19,365.37860107421875,4443.9501953125,14.109999656677246,4.364999771118164,147.60499572753906,179.22000122070312,84.24095916748047,34517.73046875,13678.1904296875,430.2851867675781
2023-09-20,360.11328125,4402.2001953125,15.140000343322754,4.348999977111816,147.74200439453125,179.35000610351562,84.50418853759766,34440.87890625,13469.1298828125,426.3294677734375
2023-09-21,353.5143737792969,4330.0,17.540000915527344,4.480000019073486,148.3209991455078,178.0500030517578,82.33464050292969,34070.421875,13223.98046875,419.28289794921875
2023-09-22,353.5638427734375,4320.06005859375,17.200000762939453,4.438000202178955,147.6439971923828,178.6199951171875,82.99729919433594,33963.83984375,13211.8095703125,418.3401184082031
2023-09-25,355.2431640625,4337.43994140625,16.899999618530273,4.541999816894531,148.4340057373047,177.6999969482422,80.95480346679688,34006.87890625,13271.3203125,420.0993347167969
2023-09-26,349.9087219238281,4273.52978515625,18.940000534057617,4.558000087738037,148.81100463867188,176.27999877929688,80.67340087890625,33618.87890625,13063.6103515625,413.9275817871094
2023-09-27,350.72869873046875,4274.509765625,18.219999313354492,4.625999927520752,149.0449981689453,174.10000610351562,80.25585174560547,33550.26953125,13092.849609375,414.09283447265625
2023-09-28,353.66265869140625,4299.7001953125,17.34000015258789,4.5970001220703125,149.4980010986328,173.22999572753906,80.5009536743164,33666.33984375,13201.2802734375,416.49346923828125
2023-09-29,353.91949462890625,4288.0498046875,17.520000457763672,4.572999954223633,149.33700561523438,171.4499969482422,80.51004028320312,33507.5,13219.3203125,415.4826354980469
2023-10-02,356.8731689453125,4288.39013671875,17.610000610351562,4.683000087738037,149.5399932861328,169.64999389648438,79.16226959228516,33433.3515625,13307.76953125,415.3174133300781
2023-10-03,350.61016845703125,4229.4501953125,19.780000686645508,4.802000045776367,149.8509979248047,169.16000366210938,77.4593505859375,33002.37890625,13059.4697265625,409.7579650878906
2023-10-04,355.38153076171875,4263.75,18.579999923706055,4.735000133514404,149.19200134277344,169.13999938964844,78.55213928222656,33129.55078125,13236.009765625,412.74176025390625
2023-10-05,354.3343811035156,4258.18994140625,18.489999771118164,4.7170000076293945,148.96600341796875,168.8300018310547,78.16058349609375,33119.5703125,13219.830078125,412.5862731933594
2023-10-06,360.2713928222656,4308.5,17.450000762939453,4.783999919891357,148.46299743652344,169.6999969482422,77.21348571777344,33407.578125,13431.33984375,417.48486328125
2023-10-09,362.1087951660156,4335.66015625,17.700000762939453,4.796999931335449,149.16000366210938,172.82000732421875,79.02566528320312,33604.6484375,13484.240234375,420.1576232910156
2023-10-10,364.11407470703125,4358.240234375,17.030000686645508,4.65500020980835,148.32699584960938,172.52999877929688,78.91638946533203,33739.30078125,13562.83984375,422.344482421875
2023-10-11,366.71221923828125,4376.9501953125,16.09000015258789,4.59499979019165,148.6280059814453,173.7899932861328,80.5646743774414,33804.87109375,13659.6796875,424.0745544433594
2023-10-12,365.4378662109375,4349.60986328125,16.690000534057617,4.711999893188477,149.03599548339844,173.25999450683594,78.37911224365234,33631.140625,13574.2197265625,421.48919677734375
2023-10-13,360.8443298339844,4327.77978515625,19.31999969482422,4.629000186920166,149.7899932861328,178.8300018310547,79.7815170288086,33670.2890625,13407.23046875,419.38983154296875
2023-10-16,364.9241943359375,4373.6298828125,17.209999084472656,4.711999893188477,149.5659942626953,177.9600067138672,78.49750518798828,33984.5390625,13567.98046875,423.80242919921875
2023-10-17,363.7289123535156,4373.2001953125,17.8799991607666,4.8470001220703125,149.5780029296875,178.2899932861328,77.63237762451172,33997.6484375,13533.75,423.7829284667969
2023-10-18,358.95758056640625,4314.60009765625,19.219999313354492,4.9039998054504395,149.75900268554688,180.8699951171875,76.94941711425781,33665.078125,13314.2998046875,418.1360168457031
2023-10-19,355.59881591796875,4278.0,21.399999618530273,4.98799991607666,149.74200439453125,183.08999633789062,75.37398529052734,33414.171875,13186.1796875,414.4621276855469
2023-10-20,350.29400634765625,4224.16015625,21.709999084472656,4.923999786376953,149.802001953125,183.58999633789062,75.80199432373047,33127.28125,12983.8095703125,409.369140625
2023-10-23,351.35101318359375,4217.0400390625,20.3700008392334,4.8379998207092285,149.8800048828125,182.97000122070312,76.71263122558594,32936.41015625,13018.330078125,408.6596984863281
2023-10-24,354.7689514160156,4247.68017578125,18.969999313354492,4.840000152587891,149.7689971923828,182.9499969482422,77.72346496582031,33141.37890625,13139.8701171875,411.74066162109375
2023-10-25,346.08575439453125,4186.77001953125,20.190000534057617,4.953000068664551,149.85400390625,183.72000122070312,75.99320220947266,33035.9296875,12821.2197265625,405.83123779296875
2023-10-26,339.48687744140625,4137.22998046875,20.68000030517578,4.84499979019165,150.09800720214844,184.00999450683594,77.1588363647461,32784.30078125,12595.6103515625,400.97161865234375
2023-10-27,341.11688232421875,4117.3701171875,21.270000457763672,4.84499979019165,150.36599731445312,186.14999389648438,76.8310317993164,32417.58984375,12643.009765625,399.1541442871094
2023-10-30,344.9596252441406,4166.81982421875,19.75,4.875,149.73300170898438,185.10000610351562,76.4849853515625,32928.9609375,12789.48046875,403.92626953125
2023-10-31,346.6092529296875,4193.7998046875,18.139999389648438,4.875,149.11099243164062,184.08999633789062,76.11163330078125,33052.87109375,12851.240234375,406.4631042480469
2023-11-01,352.6253356933594,4237.85986328125,16.8700008392334,4.789000034332275,151.29400634765625,183.50999450683594,77.76190185546875,33274.578125,13061.4697265625,410.7979431152344
2023-11-02,359.02667236328125,4317.77978515625,15.65999984741211,4.669000148773193,150.5749969482422,184.1199951171875,79.53461456298828,33839.078125,13294.1904296875,418.67059326171875
2023-11-03,363.24481201171875,4358.33984375,14.90999984741211,4.558000087738037,150.4969940185547,184.7899932861328,80.07371520996094,34061.3203125,13478.2802734375,422.49029541015625
2023-11-06,364.7265625,4365.97998046875,14.890000343322754,4.6620001792907715,149.44900512695312,183.35000610351562,79.29700469970703,34095.859375,13518.7802734375,423.462158203125
2023-11-07,368.1742858886719,4378.3798828125,14.8100004196167,4.571000099182129,149.98899841308594,182.58999633789062,80.4666519165039,34152.6015625,13639.8603515625,424.6673583984375
2023-11-08,368.4113464355469,4382.77978515625,14.449999809265137,4.5229997634887695,150.39599609375,180.77000427246094,81.8373031616211,34112.26953125,13650.41015625,424.97845458984375
2023-11-09,365.5761413574219,4347.35009765625,15.289999961853027,4.630000114440918,150.86399841308594,181.49000549316406,79.95491790771484,33891.94140625,13521.4501953125,421.6641540527344
2023-11-10,373.795166015625,4415.240234375,14.170000076293945,4.627999782562256,151.3489990234375,179.50999450683594,80.40267181396484,34283.1015625,13798.1103515625,428.244140625
2023-11-13,372.62945556640625,4411.5498046875,14.760000228881836,4.631999969482422,151.468994140625,180.50999450683594,80.21992492675781,34337.87109375,13767.740234375,427.8359375
2023-11-14,380.65081787109375,4495.7001953125,14.15999984741211,4.440999984741211,151.64599609375,182.1199951171875,82.038330078125,34827.69921875,14094.3798828125,436.13629150390625
2023-11-15,380.93731689453125,4502.8798828125,14.180000305175781,4.534999847412109,150.48500061035156,181.63999938964844,80.88697814941406,34991.2109375,14103.83984375,437.0596008300781
2023-11-16,381.26336669921875,4508.240234375,14.319999694824219,4.445000171661377,151.21499633789062,183.69000244140625,81.8921127319336,34945.46875,14113.669921875,437.59417724609375
2023-11-17,381.35223388671875,4514.02001953125,13.800000190734863,4.440999984741211,150.7050018310547,183.6699981689453,82.27589416503906,34947.28125,14125.48046875,438.1384582519531
2023-11-20,385.99517822265625,4547.3798828125,13.40999984741211,4.421999931335449,149.94200134277344,183.3699951171875,82.7784652709961,35151.0390625,14284.5302734375,441.5110778808594
2023-11-21,383.75274658203125,4538.18994140625,13.350000381469727,4.418000221252441,148.36199951171875,185.35000610351562,82.7419204711914,35088.2890625,14199.98046875,440.548828125
2023-11-22,385.32342529296875,4556.6201171875,12.850000381469727,4.415999889373779,148.15199279785156,184.55999755859375,83.03433990478516,35273.03125,14265.8603515625,442.2497253417969
2023-11-27,384.4442443847656,4550.43017578125,12.6899995803833,4.388999938964844,149.5709991455078,186.77000427246094,83.42726135253906,35333.46875,14241.01953125,441.72491455078125
2023-11-28,385.4518127441406,4554.89013671875,12.6899995803833,4.335999965667725,148.45199584960938,189.25999450683594,83.59175109863281,35416.98046875,14281.759765625,442.1622314453125
2023-11-29,385.07647705078125,4550.580078125,12.979999542236328,4.270999908447266,147.06300354003906,189.5399932861328,84.64257049560547,35430.421875,14258.490234375,441.8512268066406
2023-11-30,384.10833740234375,4567.7998046875,12.920000076293945,4.3520002365112305,147.03900146484375,188.75,83.66483306884766,35950.890625,14226.2197265625,443.59100341796875
2023-12-01,385.204833984375,4594.6298828125,12.630000114440918,4.22599983215332,147.99899291992188,192.00999450683594,85.2405776977539,36245.5,14305.0302734375,446.21514892578125
2023-12-04,381.6288146972656,4569.77978515625,13.079999923706055,4.288000106811523,146.39300537109375,187.86000061035156,84.90142822265625,36204.44140625,14185.490234375,443.8728332519531
2023-12-05,382.58709716796875,4567.18017578125,12.850000381469727,4.171000003814697,147.32699584960938,187.14999389648438,86.7255630493164,36124.55859375,14229.91015625,443.785400390625
2023-12-06,380.3742370605469,4549.33984375,12.970000267028809,4.120999813079834,147.18499755859375,187.83999633789062,87.88055419921875,36054.4296875,14146.7099609375,441.9970397949219
2023-12-07,385.68890380859375,4585.58984375,13.0600004196167,4.129000186920166,147.1840057373047,188.14999389648438,87.37641906738281,36117.37890625,14339.990234375,445.36956787109375
2023-12-08,387.4078063964844,4604.3701171875,12.350000381469727,4.244999885559082,144.2779998779297,185.63999938964844,86.66140747070312,36247.87109375,14403.9697265625,447.2843322753906
2023-12-11,390.7171325683594,4622.43994140625,12.630000114440918,4.238999843597412,144.98300170898438,183.58999633789062,86.47806549072266,36404.9296875,14432.490234375,449.02410888671875
2023-12-12,393.82891845703125,4643.7001953125,12.069999694824219,4.205999851226807,146.0850067138672,183.49000549316406,86.73474884033203,36577.94140625,14533.400390625,451.0749206542969
2023-12-13,398.8373107910156,4707.08984375,12.1899995803833,4.0329999923706055,145.27999877929688,187.6300048828125,88.76973724365234,37090.23828125,14733.9599609375,457.2952880859375
2023-12-14,398.4916076660156,4719.5498046875,12.479999542236328,3.930000066757202,142.7729949951172,188.72999572753906,91.07892608642578,37248.3515625,14761.5595703125,458.7629089355469
2023-12-15,400.41790771484375,4719.18994140625,12.279999732971191,3.927999973297119,142.2790069580078,187.0,91.18006134033203,37305.16015625,14813.919921875,458.00750732421875
2023-12-18,402.9399719238281,4740.56005859375,12.5600004196167,3.9539999961853027,142.31300354003906,187.85000610351562,90.45357513427734,37306.01953125,14904.8095703125,460.5838623046875
2023-12-19,404.99884033203125,4768.3701171875,12.529999732971191,3.921999931335449,142.7220001220703,189.1300048828125,90.94095611572266,37557.921875,15003.2197265625,463.3846130371094
2023-12-20,398.9806213378906,4698.35009765625,13.670000076293945,3.877000093460083,143.88900756835938,188.10000610351562,91.5571060180664,37082.0,14777.9404296875,456.9633483886719
2023-12-21,403.6229553222656,4746.75,13.649999618530273,3.8940000534057617,143.5229949951172,189.42999267578125,90.97774505615234,37404.3515625,14963.8701171875,461.2962646484375
2023-12-22,404.2267761230469,4754.6298828125,13.029999732971191,3.9010000228881836,142.07000732421875,190.27000427246094,90.56391143798828,37385.96875,14992.9697265625,462.22332763671875
2023-12-27,407.5292053222656,4781.580078125,12.430000305175781,3.7890000343322754,142.46099853515625,192.58999633789062,92.43072509765625,37656.51953125,15099.1796875,465.01434326171875
2023-12-28,407.3312072753906,4783.35009765625,12.470000267028809,3.8499999046325684,141.3990020751953,191.47000122070312,91.7594223022461,37710.1015625,15095.1396484375,465.1899719238281
2023-12-29,405.568359375,4769.830078125,12.449999809265137,3.865999937057495,141.42999267578125,191.1699981689453,90.93175506591797,37689.5390625,15011.349609375,463.8432312011719
2024-01-03,394.486328125,4704.81005859375,14.039999961853027,3.9070000648498535,142.15499877929688,189.1300048828125,90.7846450805664,37430.19140625,14592.2099609375,457.4805603027344
2024-01-04,392.45611572265625,4688.68017578125,14.130000114440918,3.990999937057495,142.99899291992188,189.32000732421875,89.40519714355469,37440.33984375,14510.2998046875,456.0069885253906
2024-01-05,392.9216003417969,4697.240234375,13.350000381469727,4.041999816894531,144.76499938964844,189.35000610351562,88.54998016357422,37466.109375,14524.0703125,456.6315612792969
2024-01-08,401.0424499511719,4763.5400390625,13.079999923706055,4.001999855041504,144.71600341796875,187.8699951171875,89.42359924316406,37683.01171875,14843.76953125,463.15045166015625
2024-01-09,401.834716796875,4756.5,12.760000228881836,4.019000053405762,144.22999572753906,187.92999267578125,88.85342407226562,37525.16015625,14857.7099609375,462.44781494140625
2024-01-10,404.5581970214844,4783.4501953125,12.6899995803833,4.03000020980835,144.42799377441406,187.5,88.43960571289062,37695.73046875,14969.650390625,465.0631103515625
2024-01-11,405.4000549316406,4780.240234375,12.4399995803833,3.9769999980926514,145.73399353027344,187.8699951171875,88.93618774414062,37711.01953125,14970.1904296875,464.85821533203125
2024-01-12,405.6080017089844,4783.830078125,12.699999809265137,3.950000047683716,145.04600524902344,189.7100067138672,88.7614517211914,37592.98046875,14972.759765625,465.1802062988281
2024-01-17,403.2806701660156,4739.2099609375,14.789999961853027,4.105999946594238,147.24600219726562,185.83999633789062,87.0601806640625,37266.671875,14855.6201171875,460.8960876464844
2024-01-18,409.0048522949219,4780.93994140625,14.130000114440918,4.144000053405762,148.1179962158203,187.3699951171875,86.25091552734375,37468.609375,15055.650390625,464.99481201171875
2024-01-19,417.1158447265625,4839.81005859375,13.300000190734863,4.145999908447266,148.1280059814453,187.92999267578125,86.52678680419922,37863.80078125,15310.9697265625,470.79150390625
2024-01-22,417.6605529785156,4850.43017578125,13.1899995803833,4.093999862670898,148.12100219726562,187.22000122070312,87.04179382324219,38001.80859375,15360.2900390625,471.7868957519531
2024-01-23,419.3936767578125,4864.60009765625,12.550000190734863,4.142000198364258,148.14199829101562,187.9499969482422,86.3520736694336,37905.44921875,15425.9404296875,473.16290283203125
2024-01-24,421.7209777832031,4868.5498046875,13.140000343322754,4.177999973297119,148.25100708007812,186.39999389648438,85.84628295898438,37806.390625,15481.919921875,473.68011474609375
2024-01-25,422.2359313964844,4894.16015625,13.449999809265137,4.131999969482422,147.59100341796875,187.13999938964844,86.40724182128906,38049.12890625,15510.5,476.25640869140625
2024-01-26,419.720458984375,4890.97021484375,13.260000228881836,4.159999847412109,147.72300720214844,187.00999450683594,86.24170684814453,38109.4296875,15455.3603515625,475.6513671875
2024-01-29,424.01861572265625,4927.93017578125,13.600000381469727,4.091000080108643,148.13999938964844,188.3300018310547,87.23490142822266,38333.44921875,15628.0400390625,479.4182434082031
2024-01-30,421.1961364746094,4924.97021484375,13.3100004196167,4.059000015258789,147.46800231933594,188.58999633789062,88.02579498291016,38467.30859375,15509.900390625,479.04742431640625
2024-01-31,412.9465026855469,4845.64990234375,14.350000381469727,3.9670000076293945,147.36900329589844,188.4499969482422,88.89019775390625,38150.30078125,15164.009765625,471.2306213378906
2024-02-01,417.8091125488281,4906.18994140625,13.880000114440918,3.86299991607666,146.99600219726562,190.41000366210938,90.63389587402344,38519.83984375,15361.6396484375,477.3982238769531
2024-02-02,424.87030029296875,4958.60986328125,13.850000381469727,4.0329999923706055,146.4510040283203,188.61000061035156,88.63188171386719,38654.421875,15628.9501953125,482.4239807128906
2024-02-05,424.31573486328125,4942.81005859375,13.670000076293945,4.164000034332275,148.50100708007812,187.57000732421875,86.84211730957031,38380.12109375,15597.6796875,480.6673889160156
2024-02-06,423.4640197753906,4954.22998046875,13.0600004196167,4.090000152587891,148.63999938964844,188.5500030517578,87.69086456298828,38521.359375,15609.0,482.0628967285156
2024-02-07,427.821533203125,4995.06005859375,12.829999923706055,4.110000133514404,147.8179931640625,188.5,87.2664794921875,38677.359375,15756.6396484375,486.08349609375
2024-02-08,428.61383056640625,4997.91015625,12.789999961853027,4.170000076293945,148.08599853515625,188.3300018310547,86.75907135009766,38726.328125,15793.7099609375,486.2982482910156
2024-02-09,432.83270263671875,5026.60986328125,12.930000305175781,4.186999797821045,149.25900268554688,187.60000610351562,86.5837631225586,38671.69140625,15990.66015625,489.10870361328125
2024-02-12,431.13922119140625,5021.83984375,13.930000305175781,4.171999931335449,149.16700744628906,187.11000061035156,86.6852798461914,38797.37890625,15942.5498046875,488.89398193359375
2024-02-13,424.41473388671875,4953.169921875,15.850000381469727,4.315999984741211,149.40499877929688,184.52999877929688,85.19992065429688,38272.75,15655.599609375,482.160400390625
2024-02-14,429.0397033691406,5000.6201171875,14.380000114440918,4.267000198364258,150.7239990234375,184.4199981689453,85.63352966308594,38424.26953125,15859.150390625,486.5421447753906
2024-02-15,430.3172607421875,5029.72998046875,14.010000228881836,4.239999771118164,150.54400634765625,185.66000366210938,86.07634735107422,38773.12109375,15906.169921875,489.8991394042969
2024-02-16,426.4152526855469,5005.56982421875,14.239999771118164,4.295000076293945,149.9459991455078,186.33999633789062,85.57816314697266,38627.98828125,15775.650390625,487.4594421386719
2024-02-21,421.5030517578125,4981.7998046875,15.34000015258789,4.324999809265137,149.93899536132812,187.47999572753906,85.0430908203125,38612.23828125,15580.8701171875,485.2149353027344
2024-02-22,433.84283447265625,5087.02978515625,14.539999961853027,4.327000141143799,150.35499572753906,187.55999755859375,85.4582290649414,39069.109375,16041.6201171875,495.2567138671875
2024-02-23,432.5653076171875,5088.7998046875,13.75,4.260000228881836,150.48300170898438,188.6199951171875,86.60223388671875,39131.53125,15996.8203125,495.5982666015625
2024-02-26,432.3375244140625,5069.52978515625,13.739999771118164,4.298999786376953,150.4980010986328,188.1999969482422,86.3438949584961,39069.23046875,15976.25,493.78314208984375
2024-02-27,433.37744140625,5078.18017578125,13.430000305175781,4.315000057220459,150.5659942626953,188.0,85.7350082397461,38972.41015625,16035.2998046875,494.7004699707031
2024-02-28,431.06988525390625,5069.759765625,13.84000015258789,4.27400016784668,150.4949951171875,188.33999633789062,86.27932739257812,38949.01953125,15947.740234375,494.0466613769531
2024-02-29,434.7638854980469,5096.27001953125,13.399999618530273,4.251999855041504,150.656005859375,189.30999755859375,86.88821411132812,38996.390625,16091.919921875,495.8227233886719
2024-03-01,441.3100891113281,5137.080078125,13.109999656677246,4.179999828338623,150.09500122070312,192.88999938964844,87.42962646484375,39087.37890625,16274.9404296875,500.47760009765625
2024-03-04,439.7354736328125,5130.9501953125,13.489999771118164,4.218999862670898,150.10499572753906,196.00999450683594,87.07793426513672,38989.828125,16207.509765625,499.94091796875
2024-03-05,431.8423767089844,5078.64990234375,14.460000038146973,4.13700008392334,150.46600341796875,197.19000244140625,88.3180923461914,38585.19140625,15939.58984375,494.9444274902344
2024-03-06,434.5559387207031,5104.759765625,14.5,4.104000091552734,150.0489959716797,198.80999755859375,88.83634948730469,38661.05078125,16031.5400390625,497.4524230957031
2024-03-07,441.15167236328125,5157.35986328125,14.4399995803833,4.0920000076293945,149.2689971923828,199.94000244140625,88.75306701660156,38791.3515625,16273.3798828125,502.39031982421875
2024-03-08,434.7837219238281,5123.68994140625,14.739999771118164,4.089000225067139,147.8679962158203,201.6300048828125,88.59573364257812,38722.69140625,16085.1103515625,499.3749084472656
2024-03-11,433.1694641113281,5117.93994140625,15.220000267028809,4.104000091552734,146.7740020751953,202.0,88.54946899414062,38769.66015625,16019.26953125,498.9455261230469
2024-03-12,439.37890625,5175.27001953125,13.84000015258789,4.15500020980835,146.73199462890625,199.7899932861328,87.80907440185547,39005.48828125,16265.6396484375,504.3128662109375
2024-03-13,436.0018615722656,5165.31005859375,13.75,4.191999912261963,147.61900329589844,201.19000244140625,87.38334655761719,39043.3203125,16177.76953125,503.5223388671875
2024-03-14,434.9025573730469,5150.47998046875,14.399999618530273,4.297999858856201,147.62100219726562,200.35000610351562,86.04141998291016,38905.66015625,16128.5302734375,502.5269775390625
2024-03-15,429.7329406738281,5117.08984375,14.40999984741211,4.303999900817871,148.29600524902344,199.7100067138672,86.0136489868164,38714.76953125,15973.169921875,499.0763244628906
2024-03-18,433.83148193359375,5149.419921875,14.329999923706055,4.340000152587891,148.9550018310547,200.02999877929688,85.75450897216797,38790.4296875,16103.4501953125,502.04241943359375
2024-03-19,434.9123840332031,5178.509765625,13.819999694824219,4.296999931335449,149.1439971923828,199.8000030517578,85.99514770507812,39110.76171875,16166.7900390625,504.83233642578125
2024-03-20,440.0689697265625,5224.6201171875,13.039999961853027,4.2729997634887695,151.03500366210938,202.17999267578125,85.96739196777344,39512.12890625,16369.41015625,509.5016784667969
2024-03-21,442.1514587402344,5241.52978515625,12.920000076293945,4.270999908447266,150.75999450683594,201.97000122070312,86.1524658203125,39781.37109375,16401.83984375,511.1854553222656
2024-03-22,442.6572570800781,5234.18017578125,13.0600004196167,4.2179999351501465,151.63299560546875,200.35000610351562,86.97612762451172,39475.8984375,16428.8203125,510.2163391113281
2024-03-25,441.05072021484375,5218.18994140625,13.1899995803833,4.252999782562256,151.30499267578125,200.99000549316406,86.54118347167969,39313.640625,16384.470703125,508.8067321777344
2024-03-26,439.62274169921875,5203.580078125,13.239999771118164,4.234000205993652,151.3730010986328,201.63999938964844,86.78182220458984,39282.328125,16315.7001953125,507.8669738769531
2024-03-27,441.1201477050781,5248.490234375,12.779999732971191,4.196000099182129,151.52999877929688,203.10000610351562,87.64249420166016,39760.078125,16399.51953125,512.1349487304688
2024-03-28,440.3070068359375,5254.35009765625,13.010000228881836,4.205999851226807,151.28700256347656,205.72000122070312,87.5684585571289,39807.37109375,16379.4599609375,512.0370483398438
2024-04-02,437.43121337890625,5205.81005859375,14.609999656677246,4.364999771118164,151.58099365234375,210.88999938964844,85.46250915527344,39170.23828125,16240.4501953125,507.89630126953125
2024-04-03,438.41290283203125,5211.490234375,14.329999923706055,4.355000019073486,151.5399932861328,212.74000549316406,85.4439468383789,39127.140625,16277.4599609375,508.4543151855469
2024-04-04,431.7093200683594,5147.2099609375,16.350000381469727,4.309000015258789,151.58099365234375,211.52000427246094,86.05680084228516,38596.98046875,16049.080078125,502.24798583984375
2024-04-05,436.7965087890625,5204.33984375,16.030000686645508,4.377999782562256,151.29200744628906,215.13999938964844,84.85896301269531,38904.0390625,16248.51953125,507.4949645996094
2024-04-08,436.9254455566406,5202.39013671875,15.1899995803833,4.423999786376953,151.69000244140625,216.47999572753906,84.84970092773438,38892.80078125,16253.9599609375,507.7788391113281
2024-04-09,438.5418701171875,5209.91015625,14.979999542236328,4.366000175476074,151.84300231933594,217.6699981689453,85.63894653320312,38883.671875,16306.6396484375,508.3662414550781
2024-04-10,434.71405029296875,5160.64013671875,15.800000190734863,4.559999942779541,151.77699279785156,215.61000061035156,83.77259826660156,38461.51171875,16170.3603515625,503.27587890625
2024-04-11,441.6556701660156,5199.06005859375,14.90999984741211,4.576000213623047,152.96400451660156,219.8000030517578,83.39189910888672,38459.078125,16442.19921875,507.0740051269531
2024-04-12,434.6148681640625,5123.41015625,17.309999465942383,4.499000072479248,153.19200134277344,216.88999938964844,83.83759307861328,37983.23828125,16175.08984375,500.0748291015625
2024-04-15,427.4649963378906,5061.81982421875,19.229999542236328,4.627999782562256,153.2830047607422,220.9499969482422,82.53762817382812,37735.109375,15885.01953125,493.8098449707031
2024-04-16,427.50469970703125,5051.41015625,18.399999618530273,4.658999919891357,154.20599365234375,221.22000122070312,81.98980712890625,37798.96875,15865.25,492.90924072265625
2024-04-17,422.28851318359375,5022.2099609375,18.209999084472656,4.585000038146973,154.697998046875,219.58999633789062,82.89976501464844,37753.30859375,15683.3701171875,489.9920959472656
2024-04-18,419.8787841796875,5011.1201171875,18.0,4.646999835968018,154.3419952392578,220.33999633789062,82.48191833496094,37775.37890625,15601.5,488.9837646484375
2024-04-19,411.19189453125,4967.22998046875,18.709999084472656,4.614999771118164,154.61000061035156,221.02999877929688,82.77906799316406,37986.3984375,15282.009765625,484.7158203125
2024-04-22,415.3271179199219,5010.60009765625,16.940000534057617,4.623000144958496,154.63999938964844,215.57000732421875,82.6397705078125,38239.98046875,15451.3095703125,489.1795654296875
2024-04-23,421.5249328613281,5070.5498046875,15.6899995803833,4.5980000495910645,154.81300354003906,215.0399932861328,82.66763305664062,38503.69140625,15696.6396484375,494.9845275878906
2024-04-24,422.9529724121094,5071.6298828125,15.970000267028809,4.6519999504089355,154.74400329589844,214.63999938964844,82.08264923095703,38460.921875,15712.75,494.74957275390625
2024-04-25,420.9101867675781,5048.419921875,15.369999885559082,4.705999851226807,155.25900268554688,215.9199981689453,81.5069580078125,38085.80078125,15611.759765625,492.8701171875
2024-04-26,427.405517578125,5099.9599609375,15.029999732971191,4.669000148773193,155.5970001220703,216.6199951171875,81.93409729003906,38239.66015625,15927.900390625,497.53948974609375
2024-04-29,429.1408996582031,5116.169921875,14.670000076293945,4.613999843597412,158.2239990234375,216.17999267578125,82.62120056152344,38386.08984375,15983.080078125,499.3014831542969
2024-04-30,421.0489501953125,5035.68994140625,15.649999618530273,4.685999870300293,156.31399536132812,211.8699951171875,81.91551208496094,37815.921875,15657.8203125,491.39190673828125
2024-05-01,418.00457763671875,5018.39013671875,15.390000343322754,4.59499979019165,157.7220001220703,213.7899932861328,82.51933288574219,37903.2890625,15605.48046875,489.7963562011719
2024-05-02,423.3397216796875,5064.2001953125,14.680000305175781,4.571000099182129,155.70399475097656,213.1300048828125,82.87338256835938,38225.66015625,15840.9599609375,494.3775939941406
2024-05-03,431.8481750488281,5127.7900390625,13.489999771118164,4.5,153.0449981689453,212.9600067138672,83.71200561523438,38675.6796875,16156.330078125,500.5055236816406
2024-05-06,436.57830810546875,5180.740234375,13.489999771118164,4.488999843597412,153.5659942626953,215.1999969482422,84.03814697265625,38852.26953125,16349.25,505.6742248535156
2024-05-07,436.6477966308594,5187.7001953125,13.229999542236328,4.4629998207092285,154.23699951171875,214.2100067138672,84.55062103271484,38884.26171875,16332.5595703125,506.23223876953125
2024-05-08,436.38995361328125,5187.669921875,13.0,4.492000102996826,154.7480010986328,213.5800018310547,84.03814697265625,39056.390625,16302.759765625,506.2810974121094
2024-05-09,437.3418884277344,5214.080078125,12.6899995803833,4.448999881744385,155.41900634765625,216.9499969482422,84.4481430053711,39387.76171875,16346.259765625,509.19818115234375
2024-05-10,438.3732604980469,5222.68017578125,12.550000190734863,4.504000186920166,155.38900756835938,218.7100067138672,83.97291564941406,39512.83984375,16340.8701171875,509.8541259765625
2024-05-13,439.384765625,5221.419921875,13.600000381469727,4.480999946594238,155.8179931640625,216.25999450683594,84.1872329711914,39431.51171875,16388.240234375,509.9226379394531
2024-05-14,442.2109680175781,5246.68017578125,13.420000076293945,4.445000171661377,156.23300170898438,218.08999633789062,84.66243743896484,39558.109375,16511.1796875,512.2622680664062
2024-05-15,449.12286376953125,5308.14990234375,12.449999809265137,4.355999946594238,156.4980010986328,220.88999938964844,85.81786346435547,39908.0,16742.390625,518.6055908203125
2024-05-16,448.21051025390625,5297.10009765625,12.420000076293945,4.376999855041504,154.28199768066406,220.02999877929688,85.7340087890625,39869.37890625,16698.3203125,517.5385131835938
2024-05-17,447.9923400878906,5303.27001953125,11.989999771118164,4.420000076293945,155.37899780273438,223.66000366210938,85.15628814697266,40003.58984375,16685.970703125,518.2825317382812
2024-05-20,451.1160888671875,5308.1298828125,12.149999618530273,4.436999797821045,155.75399780273438,224.55999755859375,84.90470123291016,39806.76953125,16794.869140625,518.879638671875
2024-05-21,451.9986572265625,5321.41015625,11.859999656677246,4.414000034332275,156.3699951171875,224.22999572753906,85.34263610839844,39872.98828125,16832.619140625,520.1521606445312
2024-05-22,451.9094543457031,5307.009765625,12.289999961853027,4.434000015258789,156.25100708007812,220.11000061035156,85.44513702392578,39671.0390625,16801.5390625,518.6544799804688
2024-05-23,449.87652587890625,5267.83984375,12.770000457763672,4.474999904632568,156.70399475097656,215.72000122070312,84.89537811279297,39065.26171875,16736.029296875,514.8660888671875
2024-05-24,454.1307373046875,5304.72021484375,11.930000305175781,4.4670000076293945,156.97300720214844,215.9199981689453,85.14696502685547,39069.58984375,16920.7890625,518.272705078125
2024-05-29,452.63336181640625,5266.9501953125,14.279999732971191,4.624000072479248,157.26199340820312,216.16000366210938,82.91068267822266,38441.5390625,16920.580078125,515.0031127929688
2024-05-30,447.7840881347656,5235.47998046875,14.470000267028809,4.553999900817871,157.60800170898438,216.57000732421875,83.71200561523438,38111.48046875,16737.080078125,511.58673095703125
2024-05-31,446.95111083984375,5277.509765625,12.920000076293945,4.513999938964844,156.9530029296875,215.3000030517578,84.28041076660156,38686.3203125,16735.01953125,516.246337890625
2024-06-03,449.3509216308594,5283.39990234375,13.109999656677246,4.4019999504089355,157.17999267578125,217.22000122070312,85.64356994628906,38571.03125,16828.669921875,516.6672973632812
2024-06-04,450.58056640625,5291.33984375,13.15999984741211,4.335999965667725,156.0760040283203,215.27000427246094,86.64401245117188,38711.2890625,16857.05078125,517.2448120117188
2024-06-05,459.6641845703125,5354.02978515625,12.630000114440918,4.289000034332275,155.12399291992188,217.82000732421875,87.2798080444336,38807.328125,17187.900390625,523.392333984375
2024-06-06,459.5054931640625,5352.9599609375,12.579999923706055,4.281000137329102,155.9290008544922,219.42999267578125,87.14891052246094,38886.171875,17173.119140625,523.3826293945312
2024-06-07,459.0989685058594,5346.990234375,12.220000267028809,4.429999828338623,155.69700622558594,211.60000610351562,85.55010223388672,38798.98828125,17133.130859375,522.746337890625
2024-06-10,460.9533386230469,5360.7900390625,12.739999771118164,4.468999862670898,156.83299255371094,213.5399932861328,84.97977447509766,38868.0390625,17192.529296875,524.3614501953125
2024-06-11,464.1167297363281,5375.31982421875,12.850000381469727,4.4039998054504395,157.0399932861328,214.14999389648438,85.85863494873047,38747.421875,17343.55078125,525.6243896484375
2024-06-12,470.19561767578125,5421.02978515625,12.039999961853027,4.295000076293945,157.10499572753906,214.72000122070312,86.50374603271484,38712.2109375,17608.439453125,529.9413452148438
2024-06-13,472.7442321777344,5433.740234375,11.9399995803833,4.23799991607666,156.8000030517578,212.97000122070312,87.77532958984375,38647.1015625,17667.560546875,531.00830078125
2024-06-14,475.193603515625,5431.60009765625,12.65999984741211,4.2129998207092285,157.1280059814453,215.72999572753906,88.51398468017578,38589.16015625,17688.880859375,531.3314208984375
2024-06-17,481.0146484375,5473.22998046875,12.75,4.2789998054504395,157.54600524902344,214.61000061035156,87.63508605957031,38778.1015625,17857.01953125,535.5601806640625
2024-06-18,481.16339111328125,5487.02978515625,12.300000190734863,4.2170000076293945,157.6999969482422,215.47000122070312,88.43915557861328,38834.859375,17862.23046875,536.9208374023438
2024-06-21,476.17535400390625,5464.6201171875,13.199999809265137,4.256999969482422,158.93099975585938,214.77999877929688,87.85013580322266,39150.328125,17689.359375,534.744384765625
2024-06-24,470.7542724609375,5447.8701171875,13.329999923706055,4.248000144958496,159.86099243164062,215.6300048828125,88.20540618896484,39411.2109375,17496.8203125,533.0062255859375
2024-06-25,476.13763427734375,5469.2998046875,12.84000015258789,4.23799991607666,159.68600463867188,214.55999755859375,88.35501861572266,39112.16015625,17717.650390625,535.0587158203125
2024-06-26,477.1208801269531,5477.89990234375,12.550000190734863,4.315999984741211,159.68600463867188,212.5800018310547,87.09280395507812,39127.80078125,17805.16015625,535.7265625
2024-06-27,478.3525390625,5482.8701171875,12.239999771118164,4.288000106811523,160.62100219726562,214.99000549316406,87.43873596191406,39164.05859375,17858.6796875,536.5711059570312
2024-06-28,475.8694152832031,5460.47998046875,12.4399995803833,4.3429999351501465,160.68699645996094,215.00999450683594,85.8118896484375,39118.859375,17732.599609375,534.4596557617188
2024-07-01,478.66046142578125,5475.08984375,12.220000267028809,4.479000091552734,160.90699768066406,215.57000732421875,84.33087158203125,39169.51953125,17879.30078125,535.5595703125
2024-07-02,483.6862487792969,5509.009765625,12.029999732971191,4.435999870300293,161.51199340820312,215.55999755859375,84.98743438720703,39331.8515625,18028.759765625,539.1636962890625
2024-07-03,487.71875,5537.02001953125,12.09000015258789,4.355000019073486,161.50399780273438,217.99000549316406,86.10359191894531,39308.0,18188.30078125,541.5698852539062
2024-07-08,493.9761047363281,5572.85009765625,12.369999885559082,4.269000053405762,160.63800048828125,218.19000244140625,87.00399780273438,39344.7890625,18403.740234375,545.3212890625
2024-07-09,494.4032287597656,5576.97998046875,12.510000228881836,4.300000190734863,160.85699462890625,218.55999755859375,86.61944580078125,39291.96875,18429.2890625,545.8516235351562
2024-07-10,499.5581359863281,5633.91015625,12.850000381469727,4.28000020980835,161.33099365234375,219.36000061035156,86.89147186279297,39721.359375,18647.44921875,551.2529296875
2024-07-11,488.6027526855469,5584.5400390625,12.920000076293945,4.192999839782715,161.60699462890625,223.25,87.73561096191406,39753.75,18283.41015625,546.499755859375
2024-07-12,491.4731750488281,5615.35009765625,12.460000038146973,4.189000129699707,158.2010040283203,223.11000061035156,88.11079406738281,40000.8984375,18398.44921875,549.9468383789062
2024-07-15,492.794189453125,5631.22021484375,13.119999885559082,4.229000091552734,158.31300354003906,223.8300018310547,87.09780883789062,40211.71875,18472.5703125,551.459228515625
2024-07-16,492.98291015625,5667.2001953125,13.1899995803833,4.166999816894531,158.14100646972656,228.2899932861328,88.32653045654297,40954.48046875,18509.33984375,554.7293701171875
2024-07-17,478.51141357421875,5588.27001953125,14.479999542236328,4.145999908447266,158.35000610351562,227.22999572753906,88.34528350830078,41198.078125,17996.919921875,546.9515380859375
2024-07-18,476.24688720703125,5544.58984375,15.930000305175781,4.189000129699707,155.68600463867188,225.77999877929688,87.6699447631836,40665.01953125,17871.220703125,542.748291015625
2024-07-19,472.0256042480469,5505.0,16.520000457763672,4.238999843597412,157.14999389648438,221.72999572753906,87.15409088134766,40287.53125,17726.939453125,539.14404296875
2024-07-22,479.0577392578125,5564.41015625,14.90999984741211,4.260000228881836,157.4219970703125,221.8000030517578,86.90084075927734,40415.44140625,18007.5703125,544.7026977539062
2024-07-23,477.36920166015625,5555.740234375,14.720000267028809,4.238999843597412,156.89100646972656,222.5800018310547,86.77890014648438,40358.08984375,17997.349609375,543.8482055664062
2024-07-24,460.2458190917969,5427.1298828125,18.040000915527344,4.285999774932861,155.76800537109375,221.8000030517578,85.84095764160156,39853.87109375,17342.41015625,531.523193359375
2024-07-25,455.17034912109375,5399.22021484375,18.459999084472656,4.25600004196167,153.89100646972656,218.3300018310547,86.54441833496094,39935.0703125,17181.720703125,528.7538452148438
2024-07-26,459.838623046875,5459.10009765625,16.389999389648438,4.199999809265137,153.69700622558594,220.6300048828125,87.21973419189453,40589.33984375,17357.880859375,534.6757202148438
2024-07-29,460.76226806640625,5463.5400390625,16.600000381469727,4.177999973297119,154.13900756835938,220.32000732421875,87.68871307373047,40539.9296875,17370.19921875,534.989990234375
2024-07-30,454.4354248046875,5436.43994140625,17.690000534057617,4.14300012588501,153.83299255371094,222.52000427246094,88.02638244628906,40743.328125,17147.419921875,532.279541015625
2024-07-31,467.8838195800781,5522.2998046875,16.360000610351562,4.109000205993652,152.6699981689453,226.5500030517578,88.92680358886719,40842.7890625,17599.400390625,540.9314575195312
2024-08-01,456.5509948730469,5446.68017578125,18.59000015258789,3.9760000705718994,149.74400329589844,225.77000427246094,89.69377136230469,40347.96875,17194.150390625,533.2714233398438
2024-08-02,445.71478271484375,5346.56005859375,23.389999389648438,3.7920000553131104,149.2010040283203,225.33999633789062,92.48876190185547,39737.26171875,16776.16015625,523.3427124023438
2024-08-05,432.42529296875,5186.330078125,38.56999969482422,3.7850000858306885,145.58399963378906,222.47999572753906,92.9781265258789,38703.26953125,16200.080078125,508.10107421875
2024-08-06,436.55712890625,5240.02978515625,27.709999084472656,3.888000011444092,145.7899932861328,220.6999969482422,90.89836120605469,38997.66015625,16366.849609375,512.7855224609375
2024-08-07,431.8293151855469,5199.5,27.850000381469727,3.9679999351501465,144.73199462890625,220.5500030517578,90.25843048095703,38763.44921875,16195.8095703125,509.3581237792969
2024-08-08,445.0393981933594,5319.31005859375,23.790000915527344,3.996999979019165,146.12399291992188,224.00999450683594,89.70319366455078,39446.48828125,16660.01953125,521.1331176757812
2024-08-09,447.3635559082031,5344.16015625,20.3700008392334,3.941999912261963,147.66900634765625,224.55999755859375,90.58781433105469,39497.5390625,16745.30078125,523.4310913085938
2024-08-12,448.3270263671875,5344.39013671875,20.709999084472656,3.9089999198913574,147.04200744628906,228.41000366210938,90.91720581054688,39357.01171875,16780.609375,523.7060546875
2024-08-13,459.45123291015625,5434.43017578125,18.1200008392334,3.8519999980926514,146.98199462890625,228.05999755859375,91.54771423339844,39765.640625,17187.609375,532.31884765625
2024-08-14,459.6002197265625,5455.2099609375,16.190000534057617,3.819999933242798,146.9709930419922,226.1999969482422,92.12175750732422,40008.390625,17192.599609375,533.998046875
2024-08-15,471.211181640625,5543.22021484375,15.229999542236328,3.9260001182556152,147.2530059814453,226.91000366210938,91.37831115722656,40563.05859375,17594.5,543.15087890625
2024-08-16,471.8170471191406,5554.25,14.800000190734863,3.8919999599456787,149.2220001220703,231.99000549316406,91.69828033447266,40659.76171875,17631.720703125,544.3687133789062
2024-08-19,478.0148010253906,5608.25,14.649999618530273,3.867000102996826,147.95599365234375,231.61000061035156,92.12175750732422,40896.53125,17876.76953125,549.5736083984375
2024-08-20,477.01165771484375,5597.1201171875,15.880000114440918,3.818000078201294,146.69900512695312,232.4600067138672,92.85578918457031,40834.96875,17816.939453125,548.679931640625
2024-08-21,479.2365417480469,5620.85009765625,16.270000457763672,3.7780001163482666,145.3470001220703,232.14999389648438,92.91226959228516,40890.48828125,17918.990234375,550.5654907226562
2024-08-22,471.6382751464844,5570.64013671875,17.549999237060547,3.861999988555908,145.1179962158203,229.3699951171875,91.98999786376953,40712.78125,17619.349609375,546.2443237304688
2024-08-23,476.75341796875,5634.60986328125,15.859999656677246,3.806999921798706,146.20199584960938,232.02000427246094,92.59231567382812,41175.078125,17877.7890625,552.0484008789062
2024-08-26,472.12493896484375,5616.83984375,16.149999618530273,3.818000078201294,144.0,232.75999450683594,92.35700225830078,41240.51953125,17725.76953125,550.732421875
2024-08-27,473.53533935546875,5625.7998046875,15.430000305175781,3.8329999446868896,144.51600646972656,233.38999938964844,92.1970443725586,41250.5,17754.8203125,551.4886474609375
2024-08-28,468.1618957519531,5592.18017578125,17.110000610351562,3.8410000801086426,143.97500610351562,231.75,92.08411407470703,41091.421875,17556.029296875,548.2870483398438
2024-08-29,467.4765930175781,5591.9599609375,15.649999618530273,3.867000102996826,144.43299865722656,232.9499969482422,91.78297424316406,41335.05078125,17516.4296875,548.3362426757812
2024-08-30,473.04864501953125,5648.39990234375,15.0,3.9110000133514404,144.88999938964844,231.2899932861328,90.80423736572266,41563.078125,17713.619140625,553.5706176757812
2024-09-04,457.49456787109375,5520.06982421875,21.31999969482422,3.7679998874664307,145.35299682617188,230.42999267578125,93.4789810180664,40974.96875,17084.30078125,541.0689697265625
2024-09-05,457.9216613769531,5503.41015625,19.899999618530273,3.7309999465942383,143.32400512695312,232.35000610351562,94.0077133178711,40755.75,17127.66015625,539.7529296875
2024-09-06,445.65521240234375,5408.419921875,22.3799991607666,3.7100000381469727,143.39300537109375,230.6300048828125,93.99826049804688,40345.41015625,16690.830078125,530.6688842773438
2024-09-09,451.38616943359375,5471.0498046875,19.450000762939453,3.697000026702881,142.48599243164062,231.60000610351562,94.40425109863281,40829.58984375,16884.599609375,536.6103515625
2024-09-10,455.5577697753906,5495.52001953125,19.079999923706055,3.6459999084472656,143.177001953125,232.6199951171875,95.06514739990234,40736.9609375,17025.880859375,538.9476928710938
2024-09-11,465.45037841796875,5554.1298828125,17.690000534057617,3.6530001163482666,142.23399353027344,232.25,94.98961639404297,40861.7109375,17395.529296875,544.4766845703125
2024-09-12,470.019287109375,5595.759765625,17.06999969482422,3.680000066757202,142.58999633789062,236.3300018310547,94.54586029052734,41096.76953125,17569.6796875,549.06298828125
2024-09-13,472.12493896484375,5626.02001953125,16.559999465942383,3.6500000953674316,141.49899291992188,238.67999267578125,94.80078125,41393.78125,17683.98046875,551.9306030273438
2024-09-16,470.0391540527344,5633.08984375,17.139999389648438,3.621000051498413,140.7899932861328,238.66000366210938,95.66938018798828,41622.078125,17592.130859375,552.7457275390625
2024-09-17,470.2874450683594,5634.580078125,17.610000610351562,3.6419999599456787,140.7899932861328,237.33999633789062,95.2067642211914,41606.1796875,17628.060546875,552.9714965820312
2024-09-18,468.2513427734375,5618.259765625,18.229999542236328,3.684999942779541,142.01499938964844,235.50999450683594,94.0265884399414,41503.1015625,17573.30078125,551.33154296875
2024-09-19,480.0906677246094,5713.64013671875,16.329999923706055,3.740000009536743,142.7100067138672,239.1699981689453,93.71503448486328,42025.19140625,18013.98046875,560.73974609375
2024-09-20,479.1769104003906,5702.5498046875,16.149999618530273,3.7279999256134033,142.85800170898438,242.2100067138672,93.35625457763672,42063.359375,17948.3203125,559.7703247070312
2024-09-23,480.4470520019531,5718.56982421875,15.890000343322754,3.739000082015991,144.00399780273438,242.67999267578125,93.1579818725586,42124.6484375,17974.26953125,561.169189453125
2024-09-24,482.7645568847656,5732.93017578125,15.390000343322754,3.7360000610351562,143.63800048828125,246.07000732421875,93.13910675048828,42208.21875,18074.51953125,562.7748413085938
2024-09-25,483.2121276855469,5722.259765625,15.40999984741211,3.7809998989105225,142.96299743652344,245.72999572753906,92.36489868164062,41914.75,18082.2109375,561.53369140625
2024-09-26,486.8425598144531,5745.3701171875,15.369999885559082,3.7909998893737793,144.68299865722656,246.97999572753906,92.58206176757812,42175.109375,18190.2890625,563.7599487304688
2024-09-27,484.13714599609375,5738.169921875,16.959999084472656,3.749000072479248,145.0760040283203,245.02000427246094,93.06356811523438,42313.0,18119.58984375,562.9423217773438
2024-09-30,485.4500427246094,5762.47998046875,16.729999542236328,3.802000045776367,142.7830047607422,243.05999755859375,92.61983489990234,42330.1484375,18189.169921875,565.1981811523438
2024-10-01,478.6865234375,5708.75,19.260000228881836,3.743000030517578,143.7100067138672,245.61000061035156,93.28854370117188,42156.96875,17910.359375,560.1348266601562
2024-10-02,479.3629150390625,5709.5400390625,18.899999618530273,3.7850000858306885,143.73599243164062,245.66000366210938,92.50238037109375,42196.51953125,17925.119140625,560.3712768554688
2024-10-03,479.00482177734375,5699.93994140625,20.489999771118164,3.8499999046325684,146.58200073242188,245.49000549316406,91.63095092773438,42011.58984375,17918.48046875,559.3468627929688
2024-10-04,484.7040710449219,5751.06982421875,19.209999084472656,3.9809999465942383,146.83999633789062,245.0,90.50381469726562,42352.75,18137.849609375,564.4297485351562
2024-10-07,479.5120849609375,5695.93994140625,22.639999389648438,4.026000022888184,148.82000732421875,244.1699981689453,89.82183074951172,41954.23828125,17923.900390625,559.3271484375
2024-10-08,486.6734619140625,5751.1298828125,21.420000076293945,4.0329999923706055,148.14599609375,242.3699951171875,89.97340393066406,42080.37109375,18182.919921875,564.616943359375
2024-10-09,490.50274658203125,5792.0400390625,20.860000610351562,4.066999912261963,148.15899658203125,241.0500030517578,89.46189880371094,42512.0,18291.619140625,568.5277709960938
2024-10-10,489.94580078125,5780.0498046875,20.93000030517578,4.0960001945495605,149.16000366210938,242.82000732421875,89.1114501953125,42454.12109375,18282.05078125,567.5328369140625
2024-10-11,490.71160888671875,5815.02978515625,20.459999084472656,4.072999954223633,148.70399475097656,245.47000122070312,88.75151824951172,42863.859375,18342.939453125,570.931396484375
2024-10-14,494.8294677734375,5859.85009765625,19.700000762939453,4.0980000495910645,149.33399963378906,245.07000732421875,88.81782531738281,43065.21875,18502.689453125,575.6006469726562
2024-10-15,488.2151184082031,5815.259765625,20.639999389648438,4.038000106811523,149.6699981689453,245.9199981689453,89.89761352539062,42740.421875,18315.58984375,571.1283569335938
2024-10-16,488.2748107910156,5842.47021484375,19.579999923706055,4.015999794006348,149.0989990234375,247.14999389648438,90.27647399902344,43077.69921875,18367.080078125,573.6107788085938
2024-10-17,488.6130065917969,5841.47021484375,19.110000610351562,4.0960001945495605,149.5760040283203,248.6300048828125,88.84623718261719,43239.05078125,18373.609375,573.659912109375
2024-10-18,491.8157043457031,5864.669921875,18.030000686645508,4.072999954223633,150.10000610351562,251.27000427246094,88.91253662109375,43275.91015625,18489.55078125,575.8665771484375
2024-10-21,492.7606201171875,5853.97998046875,18.3700008392334,4.182000160217285,149.60000610351562,251.22000122070312,87.35916137695312,42931.6015625,18540.009765625,574.9208984375
2024-10-22,493.2976989746094,5851.2001953125,18.200000762939453,4.203999996185303,150.60499572753906,253.92999267578125,87.44441223144531,42924.890625,18579.76953125,574.6155395507812
2024-10-23,485.73846435546875,5797.419921875,19.239999771118164,4.242000102996826,151.13800048828125,250.8699951171875,87.20758819580078,42514.94921875,18276.650390625,569.364990234375
2024-10-24,489.67724609375,5809.85986328125,19.079999923706055,4.199999809265137,152.7689971923828,252.8000030517578,87.76642608642578,42374.359375,18415.490234375,570.596435546875
2024-10-25,492.6611633300781,5808.1201171875,20.329999923706055,4.23199987411499,151.7830047607422,253.32000732421875,87.2739028930664,42114.3984375,18518.609375,570.3993530273438
2024-10-28,492.74072265625,5823.52001953125,19.799999237060547,4.2779998779296875,152.95199584960938,253.3300018310547,87.037109375,42387.5703125,18567.189453125,572.1627807617188
2024-10-29,497.47515869140625,5832.919921875,19.34000015258789,4.27400016784668,153.1790008544922,256.0899963378906,87.16970825195312,42233.05078125,18712.75,573.0886840820312
2024-10-30,493.7154541015625,5813.669921875,20.350000381469727,4.265999794006348,153.2740020751953,257.5,87.42544555664062,42141.5390625,18607.9296875,571.35498046875
2024-10-31,481.2527160644531,5705.4501953125,23.15999984741211,4.283999919891357,153.20399475097656,253.50999450683594,87.56752014160156,41763.4609375,18095.150390625,560.1546020507812
2024-11-01,484.8134765625,5728.7998046875,21.8799991607666,4.361000061035156,151.97999572753906,252.47000122070312,86.3329849243164,42052.19140625,18239.919921875,562.5187377929688
2024-11-04,483.401123046875,5712.68994140625,21.979999542236328,4.309000015258789,152.28700256347656,252.8300018310547,87.67303466796875,41794.6015625,18179.98046875,561.30712890625
2024-11-05,489.56781005859375,5782.759765625,20.489999771118164,4.289000034332275,152.2760009765625,253.39999389648438,88.1386947631836,42221.87890625,18439.169921875,568.0942993164062
2024-11-06,502.86602783203125,5929.0400390625,16.270000457763672,4.426000118255615,151.43499755859375,245.6999969482422,85.72472381591797,43729.9296875,18983.470703125,582.2203369140625
2024-11-07,510.7832946777344,5973.10009765625,15.199999809265137,4.341000080108643,154.32000732421875,249.64999389648438,86.79866027832031,43729.33984375,19269.4609375,586.7221069335938
2024-11-08,511.38018798828125,5995.5400390625,14.9399995803833,4.306000232696533,153.17999267578125,247.9600067138672,87.90111541748047,43988.98828125,19286.779296875,589.2636108398438
2024-11-11,511.08172607421875,6001.35009765625,14.970000267028809,4.308000087738037,152.9040069580078,242.13999938964844,87.47344207763672,44293.12890625,19298.759765625,589.8250732421875
2024-11-12,510.1567077636719,5983.990234375,14.710000038146973,4.432000160217285,153.47999572753906,240.0500030517578,86.16191864013672,43910.98046875,19281.400390625,587.9928588867188
2024-11-13,509.5002746582031,5985.3798828125,14.020000457763672,4.451000213623047,154.65499877929688,237.6300048828125,85.3445816040039,43958.19140625,19230.720703125,588.278564453125
2024-11-14,505.9593811035156,5949.169921875,14.3100004196167,4.418000221252441,155.4290008544922,237.00999450683594,85.83877563476562,43750.859375,19107.650390625,584.4959106445312
2024-11-15,493.9044494628906,5870.6201171875,16.139999389648438,4.427999973297119,156.46800231933594,236.58999633789062,85.61068725585938,43444.98828125,18680.119140625,577.00927734375
2024-11-18,497.3359069824219,5893.6201171875,15.579999923706055,4.414000034332275,154.66400146484375,241.08999633789062,85.76274108886719,43389.6015625,18791.810546875,579.3734741210938
2024-11-19,500.7574768066406,5916.97998046875,16.350000381469727,4.379000186920166,154.61700439453125,243.25,86.19991302490234,43268.94140625,18987.470703125,581.4913940429688
2024-11-20,500.4690246582031,5917.10986328125,17.15999984741211,4.406000137329102,154.71800231933594,244.6199951171875,85.92432403564453,43408.46875,18966.140625,581.6883544921875
2024-11-21,502.269287109375,5948.7099609375,16.8700008392334,4.432000160217285,155.2949981689453,246.66000366210938,85.85778045654297,43870.3515625,18972.419921875,584.8109741210938
2024-11-22,503.074951171875,5969.33984375,15.239999771118164,4.409999847412109,154.21800231933594,249.83999633789062,85.90531921386719,44296.51171875,19003.650390625,586.6235961914062
2024-11-25,503.87060546875,5987.3701171875,14.600000381469727,4.264999866485596,154.14599609375,242.47999572753906,88.12922668457031,44736.5703125,19054.83984375,588.613525390625
2024-11-26,506.5760192871094,6021.6298828125,14.100000381469727,4.302000045776367,154.3780059814453,242.9499969482422,87.78706359863281,44860.30859375,19174.30078125,591.6868896484375
2024-11-27,502.5875244140625,5998.740234375,14.100000381469727,4.242000102996826,153.00900268554688,243.49000549316406,88.39530181884766,44722.05859375,19060.48046875,589.89404296875
2024-12-02,512.52392578125,6047.14990234375,13.34000015258789,4.196000099182129,149.8979949951172,243.44000244140625,89.52226257324219,44782.0,19403.94921875,594.6224975585938
2024-12-03,514.095458984375,6049.8798828125,13.300000190734863,4.2230000495910645,149.50799560546875,243.92999267578125,88.7497787475586,44705.53125,19480.91015625,594.8983154296875
2024-12-04,520.451171875,6086.490234375,13.449999809265137,4.179999828338623,149.64700317382812,244.6699981689453,89.7034683227539,45014.0390625,19735.119140625,598.59228515625
2024-12-05,519.0089111328125,6075.10986328125,13.539999961853027,4.179999828338623,150.56700134277344,242.86000061035156,89.88465118408203,44765.7109375,19700.259765625,597.6072387695312
2024-12-06,523.65380859375,6090.27001953125,12.770000457763672,4.151000022888184,150.20700073242188,242.9499969482422,90.01817321777344,44642.51953125,19859.76953125,598.7401123046875
2024-12-09,519.575927734375,6052.85009765625,14.1899995803833,4.198999881744385,150.02999877929688,245.36000061035156,89.18846893310547,44401.9296875,19736.689453125,595.65673828125
2024-12-10,517.8053588867188,6034.91015625,14.180000305175781,4.2210001945495605,151.4080047607422,248.58999633789062,88.76885223388672,44247.828125,19687.240234375,593.8048095703125
2024-12-11,527.075439453125,6084.18994140625,13.579999923706055,4.270999908447266,151.8070068359375,250.9600067138672,87.92961883544922,44148.55859375,20034.890625,598.395263671875
2024-12-12,523.6737670898438,6051.25,13.920000076293945,4.323999881744385,152.2449951171875,247.27999877929688,86.86148834228516,43914.12109375,19902.83984375,595.31201171875
2024-12-13,527.68212890625,6051.08984375,13.8100004196167,4.39900016784668,152.58700561523438,244.2899932861328,85.97456359863281,43828.05859375,19926.720703125,595.1937866210938
2024-12-16,535.2811279296875,6074.080078125,14.6899995803833,4.396999835968018,153.4530029296875,244.8800048828125,86.23204040527344,43717.48046875,20173.890625,597.7352905273438
2024-12-17,532.923828125,6050.60986328125,15.869999885559082,4.385000228881836,154.08599853515625,243.94000244140625,86.44186401367188,43449.8984375,20109.060546875,595.2725830078125
2024-12-18,513.6975708007812,5872.16015625,27.6200008392334,4.49399995803833,153.57200622558594,239.25999450683594,85.36097717285156,42326.87109375,19392.689453125,577.5313720703125
2024-12-19,511.40997314453125,5867.080078125,24.09000015258789,4.570000171661377,154.67300415039062,239.60000610351562,84.06848907470703,42342.23828125,19372.76953125,577.35400390625
2024-12-20,515.8758544921875,5930.85009765625,18.360000610351562,4.52400016784668,157.6439971923828,242.10000610351562,84.54718780517578,42840.26171875,19572.599609375,584.2886352539062
2024-12-23,520.90185546875,5974.06982421875,16.780000686645508,4.598999977111816,156.5330047607422,240.9600067138672,83.7717056274414,42906.94921875,19764.880859375,587.7874755859375
2024-12-24,527.9652099609375,6040.0400390625,14.270000457763672,4.591000080108643,157.1649932861328,241.44000244140625,84.12593841552734,43297.03125,20031.130859375,594.3207397460938
2024-12-27,520.593017578125,5970.83984375,15.949999809265137,4.61899995803833,157.7480010986328,241.39999389648438,83.38874053955078,42992.2109375,19722.029296875,588.1038208007812
2024-12-30,513.6691284179688,5906.93994140625,17.399999618530273,4.545000076293945,157.8730010986328,240.6300048828125,84.05892181396484,42573.73046875,19486.7890625,581.392578125
2024-12-31,509.3056640625,5881.6298828125,17.350000381469727,4.572999954223633,156.9949951171875,242.1300048828125,83.60894775390625,42544.21875,19310.7890625,579.2774658203125
2025-01-02,508.3094482421875,5868.5498046875,17.93000030517578,4.574999809265137,157.718994140625,245.4199981689453,83.8387222290039,42392.26953125,19280.7890625,577.8541259765625
2025-01-03,516.6280517578125,5942.47021484375,16.1299991607666,4.5960001945495605,157.36199951171875,243.49000549316406,83.57064819335938,42732.12890625,19621.6796875,585.0792846679688
2025-01-06,522.5656127929688,5975.3798828125,16.040000915527344,4.618000030517578,157.4810028076172,243.19000244140625,83.19727325439453,42706.55859375,19864.98046875,588.44970703125
2025-01-07,513.2407836914062,5909.02978515625,17.81999969482422,4.683000087738037,157.7429962158203,244.55999755859375,82.25904083251953,42528.359375,19489.6796875,581.7977905273438
2025-01-08,513.3304443359375,5918.25,17.700000762939453,4.692999839782715,158.23599243164062,245.86000061035156,82.36433410644531,42635.19921875,19478.880859375,582.6478271484375
2025-01-13,503.6570129394531,5836.22021484375,19.190000534057617,4.802999973297119,157.88699340820312,245.74000549316406,81.78990173339844,42297.12109375,19088.099609375,574.6419067382812
2025-01-14,503.1788024902344,5842.91015625,18.709999084472656,4.788000106811523,157.36399841308594,247.02999877929688,81.6558609008789,42518.28125,19044.390625,575.4325561523438
2025-01-15,514.7550659179688,5949.91015625,16.1200008392334,4.6529998779296875,158.0500030517578,248.8800048828125,83.063232421875,43221.55078125,19511.23046875,585.8997192382812
2025-01-16,511.1487121582031,5937.33984375,16.600000381469727,4.605999946594238,156.2550048828125,250.60000610351562,83.33130645751953,43153.12890625,19338.2890625,584.7728881835938
2025-01-17,519.776123046875,5996.66015625,15.970000267028809,4.609000205993652,155.3560028076172,249.27000427246094,83.47492218017578,43487.828125,19630.19921875,590.6439819335938
2025-01-22,529.5093383789062,6086.3701171875,15.100000381469727,4.598999977111816,155.7740020751953,254.42999267578125,83.7812728881836,44156.73046875,20009.33984375,599.4011840820312
2025-01-23,530.6351318359375,6118.7099609375,15.020000457763672,4.638000011444092,156.44000244140625,254.07000732421875,83.1302490234375,44565.0703125,20053.6796875,602.6727294921875
2025-01-24,527.6364135742188,6101.240234375,14.850000381469727,4.625999927520752,156.15499877929688,255.64999389648438,83.50362396240234,44424.25,19954.30078125,600.913330078125
2025-01-27,512.2745361328125,6012.27978515625,17.899999618530273,4.5279998779296875,155.74400329589844,252.99000549316406,84.48975372314453,44713.578125,19341.830078125,592.4132080078125
2025-01-28,519.8458251953125,6067.7001953125,16.40999984741211,4.551000118255615,154.90899658203125,255.17999267578125,84.43231201171875,44850.3515625,19733.58984375,597.50341796875
2025-01-29,518.8695678710938,6039.31005859375,16.559999465942383,4.554999828338623,155.5590057373047,254.1999969482422,84.2599868774414,44713.51953125,19632.3203125,594.8248901367188
2025-01-30,521.0811767578125,6071.169921875,15.84000015258789,4.51200008392334,155.1699981689453,258.04998779296875,84.57589721679688,44882.12890625,19681.75,598.0173950195312
2025-01-31,520.3240356445312,6040.52978515625,16.43000030517578,4.568999767303467,154.0970001220703,258.55999755859375,84.02061462402344,44544.66015625,19627.439453125,594.8347778320312
2025-02-03,516.1597900390625,5994.56982421875,18.6200008392334,4.543000221252441,155.36300659179688,259.94000244140625,84.70471954345703,44421.91015625,19391.9609375,590.831787109375
2025-02-04,522.495849609375,6037.8798828125,17.209999084472656,4.513000011444092,155.27699279785156,262.5,84.9641342163086,44556.0390625,19654.01953125,594.7952880859375
2025-02-05,524.8668823242188,6061.47998046875,15.770000457763672,4.421999931335449,154.13299560546875,264.1300048828125,86.3669204711914,44873.28125,19692.330078125,597.2069091796875
2025-02-06,527.6065673828125,6083.56982421875,15.5,4.440000057220459,152.6060028076172,263.42999267578125,86.32847595214844,44747.62890625,19791.990234375,599.2825317382812
2025-02-07,520.9515991210938,6025.990234375,16.540000915527344,4.486999988555908,151.1929931640625,263.8999938964844,85.77120208740234,44303.3984375,19523.400390625,593.7969360351562
2025-02-10,527.2578125,6066.43994140625,15.8100004196167,4.493000030517578,151.8459930419922,268.3699951171875,85.51179504394531,44470.41015625,19714.26953125,597.82958984375
2025-02-11,526.0025634765625,6068.5,16.020000457763672,4.5370001792907715,151.75900268554688,267.3900146484375,84.9641342163086,44593.6484375,19643.859375,598.2842407226562
2025-02-12,526.3114013671875,6051.97021484375,15.890000343322754,4.63700008392334,152.73899841308594,267.6700134277344,83.81117248535156,44368.55859375,19649.94921875,596.3568725585938
2025-02-13,533.8828125,6115.06982421875,15.100000381469727,4.525000095367432,154.2550048828125,270.30999755859375,85.20433807373047,44711.4296875,19945.640625,602.6529541015625
2025-02-14,536.1243286132812,6114.6298828125,14.770000457763672,4.4720001220703125,152.98899841308594,266.2900085449219,85.65591430664062,44546.078125,20026.76953125,602.623291015625
2025-02-19,537.4891967773438,6144.14990234375,15.270000457763672,4.534999847412109,151.93099975585938,270.8500061035156,84.75275421142578,44627.58984375,20056.25,605.8157958984375
2025-02-20,535.2078247070312,6117.52001953125,15.65999984741211,4.5,151.22000122070312,270.989990234375,85.06983947753906,44176.6484375,19962.359375,603.29541015625
2025-02-21,524.0997314453125,6013.1298828125,18.209999084472656,4.420000076293945,149.4080047607422,270.739990234375,86.09788513183594,43428.01953125,19524.009765625,592.9766235351562
2025-02-24,517.9131469726562,5983.25,18.979999542236328,4.39300012588501,149.38699340820312,272.2099914550781,86.34770202636719,43461.2109375,19286.9296875,590.2782592773438
2025-02-25,511.3877868652344,5955.25,19.43000030517578,4.297999858856201,149.86399841308594,268.6199951171875,87.8369369506836,43621.16015625,19026.390625,587.3427124023438
2025-02-26,512.6231079101562,5956.06005859375,19.100000381469727,4.249000072479248,149.0780029296875,269.0299987792969,88.35577392578125,43433.12109375,19075.259765625,587.6392822265625
2025-02-27,498.3869323730469,5861.56982421875,21.1299991607666,4.284999847412109,148.83799743652344,264.92999267578125,87.73125457763672,43239.5,18544.419921875,578.2593383789062
2025-02-28,506.2572021484375,5954.5,19.6299991607666,4.230999946594238,150.01199340820312,263.2699890136719,88.807373046875,43840.91015625,18847.279296875,587.2833862304688
2025-03-03,495.1790466308594,5849.72021484375,22.780000686645508,4.179999828338623,150.77099609375,266.739990234375,89.22181701660156,43191.23828125,18350.189453125,576.9942626953125
2025-03-04,493.6846923828125,5778.14990234375,23.510000228881836,4.210000038146973,149.30499267578125,269.05999755859375,88.12303924560547,42520.98828125,18285.16015625,570.1644897460938
2025-03-05,500.1203918457031,5842.6298828125,21.93000030517578,4.264999866485596,149.7989959716797,269.6199951171875,87.41944122314453,43006.58984375,18552.73046875,576.2925415039062
2025-03-06,486.36236572265625,5738.52001953125,24.8700008392334,4.285999774932861,148.8979949951172,268.25,87.13029479980469,42579.078125,18069.259765625,566.0625610351562
2025-03-07,489.9388732910156,5770.2001953125,23.3700008392334,4.316999912261963,148.10800170898438,268.3900146484375,86.85079193115234,42801.71875,18196.220703125,569.2353515625
2025-03-10,470.95062255859375,5614.56005859375,27.860000610351562,4.2129998207092285,147.60800170898438,266.0400085449219,87.75679779052734,41911.7109375,17468.3203125,554.0734252929688
2025-03-11,469.8248596191406,5572.06982421875,26.920000076293945,4.288000106811523,147.06900024414062,269.1600036621094,87.13029479980469,41433.48046875,17436.099609375,549.467529296875
2025-03-12,475.1248474121094,5599.2998046875,24.229999542236328,4.317999839782715,148.04200744628906,270.3299865722656,86.60983276367188,41350.9296875,17648.44921875,552.3832397460938
2025-03-13,466.5771179199219,5521.52001953125,24.65999984741211,4.27400016784668,148.2790069580078,275.1300048828125,87.37124633789062,40813.5703125,17303.009765625,545.0197143554688
2025-03-14,477.8544921875,5638.93994140625,21.770000457763672,4.308000087738037,147.94900512695312,275.239990234375,86.90862274169922,41488.19140625,17754.08984375,556.2775268554688
2025-03-17,480.9527587890625,5675.1201171875,20.510000228881836,4.306000232696533,148.59800720214844,276.7300109863281,87.34235382080078,41841.62890625,17808.66015625,560.5671997070312
2025-03-18,472.7537841796875,5614.66015625,21.700000762939453,4.281000137329102,149.37899780273438,279.9599914550781,87.42906951904297,41581.30859375,17504.119140625,554.50830078125
2025-03-19,479.0798645019531,5675.2900390625,19.899999618530273,4.25600004196167,149.45199584960938,281.1099853515625,87.88209533691406,41964.62890625,17750.7890625,560.54736328125
2025-03-20,477.4560241699219,5662.89013671875,19.799999237060547,4.232999801635742,148.49000549316406,280.75,87.93992614746094,41953.3203125,17691.630859375,558.9264526367188
2025-03-21,479.0300598144531,5667.56005859375,19.280000686645508,4.251999855041504,148.5959930419922,278.489990234375,87.41944122314453,41985.3515625,17784.05078125,559.11083984375
2025-03-24,489.54205322265625,5767.56982421875,17.479999542236328,4.330999851226807,149.677001953125,277.25,86.52308654785156,42583.3203125,18188.58984375,569.1235961914062
2025-03-25,492.3356628417969,5776.64990234375,17.149999618530273,4.307000160217285,150.7740020751953,278.4700012207031,86.51344299316406,42587.5,18271.859375,570.4917602539062
2025-03-26,483.2763671875,5712.2001953125,18.329999923706055,4.3379998207092285,149.9499969482422,278.239990234375,85.94477844238281,42454.7890625,17899.01953125,563.6810913085938
2025-03-27,480.52264404296875,5693.31005859375,18.690000534057617,4.36899995803833,150.47300720214844,281.9700012207031,85.69419860839844,42299.69921875,17804.029296875,562.1840209960938
2025-03-28,467.8715515136719,5580.93994140625,21.649999618530273,4.255000114440918,150.8470001220703,284.05999755859375,86.87969970703125,41583.8984375,17322.990234375,550.8626708984375
2025-03-31,467.85162353515625,5611.85009765625,22.280000686645508,4.245999813079834,149.61700439453125,288.1400146484375,87.73751831054688,42001.76171875,17299.2890625,554.5604858398438
2025-04-01,471.62298583984375,5633.06982421875,21.770000457763672,4.156000137329102,149.91299438476562,287.57000732421875,88.497802734375,41989.9609375,17449.890625,556.1268310546875
2025-04-02,475.0650939941406,5670.97021484375,21.510000228881836,4.196000099182129,149.7830047607422,288.1600036621094,88.43976593017578,42225.3203125,17601.05078125,559.6461791992188
2025-04-03,449.6331787109375,5396.52001953125,30.020000457763672,4.054999828338623,147.8719940185547,286.4200134277344,88.8460464477539,40545.9296875,16550.609375,532.06640625
2025-04-04,421.70697021484375,5074.080078125,45.310001373291016,3.984999895095825,146.2310028076172,279.7200012207031,89.81332397460938,38314.859375,15587.7900390625,500.9176330566406
2025-04-07,422.7246398925781,5062.25,46.97999954223633,4.15500020980835,145.43299865722656,273.7099914550781,87.10491943359375,37965.6015625,15603.259765625,500.025390625
2025-04-08,415.11199951171875,4982.77001953125,52.33000183105469,4.26200008392334,147.78900146484375,275.20001220703125,85.46049499511719,37645.58984375,15267.91015625,492.193603515625
2025-04-09,464.938232421875,5456.89990234375,33.619998931884766,4.400000095367432,145.84500122070312,285.3800048828125,85.96349334716797,40608.44921875,17124.970703125,543.8834838867188
2025-04-10,445.16339111328125,5268.0498046875,40.720001220703125,4.394000053405762,147.3990020751953,292.3500061035156,83.59362030029297,39593.66015625,16387.310546875,520.051025390625
2025-04-11,453.36468505859375,5363.35986328125,37.560001373291016,4.493000030517578,143.7469940185547,297.92999267578125,84.0482406616211,40212.7109375,16724.4609375,529.3302612304688
2025-04-14,456.43768310546875,5405.97021484375,30.889999389648438,4.363999843597412,143.6959991455078,296.2300109863281,84.64797973632812,40524.7890625,16831.48046875,534.4654541015625
2025-04-15,456.94647216796875,5396.6298828125,30.1200008392334,4.322999954223633,143.2209930419922,297.7799987792969,84.94784545898438,40368.9609375,16823.169921875,532.9684448242188
2025-04-16,443.1679382324219,5275.7001953125,32.63999938964844,4.2789998054504395,143.18099975585938,307.4700012207031,85.42181396484375,39669.390625,16307.16015625,521.1216430664062
2025-04-17,443.088134765625,5282.7001953125,29.649999618530273,4.333000183105469,141.92799377441406,306.1199951171875,84.66731262207031,39142.23046875,16286.4501953125,521.8651733398438
2025-04-21,432.1231384277344,5158.2001953125,33.81999969482422,4.40500020980835,,315.5899963378906,83.18737030029297,38170.41015625,15870.900390625,509.443359375
2025-04-22,443.46728515625,5287.759765625,30.56999969482422,4.388999938964844,140.87600708007812,311.1099853515625,83.65166473388672,39186.98046875,16300.419921875,522.697998046875
2025-04-23,453.5242919921875,5375.85986328125,28.450000762939453,4.38700008392334,142.68800354003906,303.6499938964844,84.46418762207031,39606.5703125,16708.05078125,530.79736328125
2025-04-24,466.28515625,5484.77001953125,26.469999313354492,4.304999828338623,143.22300720214844,308.07000732421875,85.35409545898438,40093.3984375,17166.0390625,541.9700927734375
2025-04-25,471.4832763671875,5525.2099609375,24.84000015258789,4.265999794006348,142.87899780273438,304.7300109863281,85.98284149169922,40113.5,17382.939453125,545.8860473632812
2025-04-28,471.3336181640625,5528.75,25.149999618530273,4.216000080108643,143.84100341796875,309.07000732421875,86.5245361328125,40227.58984375,17366.130859375,546.09423828125
2025-04-29,474.446533203125,5560.830078125,24.170000076293945,4.172999858856201,142.17799377441406,306.05999755859375,87.24998474121094,40527.62109375,17461.3203125,549.5342407226562
2025-04-30,474.38665771484375,5569.06005859375,24.700000762939453,4.177000045776367,142.2989959716797,303.7699890136719,86.54386138916016,40669.359375,17446.33984375,549.7523193359375
2025-05-01,480.5824890136719,5604.14013671875,24.600000381469727,4.230999946594238,143.00900268554688,297.4599914550781,86.10505676269531,40752.9609375,17710.740234375,553.6484375
2025-05-02,487.7162170410156,5686.669921875,22.68000030517578,4.322000026702881,145.447998046875,297.9800109863281,85.17301940917969,41317.4296875,17977.73046875,561.8668823242188
2025-05-05,484.82281494140625,5650.3798828125,23.639999389648438,4.3429999351501465,144.62399291992188,306.8800048828125,84.69729614257812,41218.828125,17844.240234375,558.6448974609375
2025-05-06,480.3131408691406,5606.91015625,24.760000228881836,4.308000087738037,143.6540069580078,315.4800109863281,84.97885131835938,40829.0,17689.66015625,553.9755859375
2025-05-07,482.1988220214844,5631.27978515625,23.549999237060547,4.275000095367432,143.03500366210938,310.75,85.33807373046875,41113.96875,17738.16015625,556.3052978515625
2025-05-08,487.1774597167969,5663.93994140625,22.479999542236328,4.373000144958496,143.84800720214844,304.6300048828125,84.38662719726562,41368.44921875,17928.140625,560.1815185546875
2025-05-09,486.8581848144531,5659.91015625,21.899999618530273,4.375,146.01499938964844,306.8399963378906,84.51284790039062,41249.37890625,17928.919921875,559.4677734375
2025-05-12,506.69287109375,5844.18994140625,18.389999389648438,4.456999778747559,145.81199645996094,298.19000244140625,83.7264633178711,42410.1015625,18708.33984375,577.9567260742188
2025-05-13,514.4152221679688,5886.5498046875,18.219999313354492,4.499000072479248,148.30999755859375,299.4599914550781,83.38666534423828,42140.4296875,19010.08984375,581.7734375
2025-05-14,517.4982299804688,5892.580078125,18.6200008392334,4.5279998779296875,147.5279998779297,293.1600036621094,82.83326721191406,42051.05859375,19146.810546875,582.5169677734375
2025-05-15,518.06689453125,5916.93017578125,17.829999923706055,4.454999923706055,146.64999389648438,297.8399963378906,83.5614013671875,42322.75,19112.3203125,585.3622436523438
2025-05-16,520.32177734375,5958.3798828125,17.239999771118164,4.440999984741211,145.61300659179688,294.239990234375,83.78469848632812,42654.73828125,19211.099609375,589.0699462890625
2025-05-19,520.8206787109375,5963.60009765625,18.139999389648438,4.474999904632568,145.29800415039062,298.0299987792969,83.54199981689453,42792.0703125,19215.4609375,589.71435546875
2025-05-20,519.0846557617188,5940.4599609375,18.09000015258789,4.480999946594238,144.97500610351562,303.5799865722656,82.94007110595703,42677.23828125,19142.7109375,587.7315673828125
2025-05-21,511.8710632324219,5844.60986328125,20.8700008392334,4.5960001945495605,144.3280029296875,305.82000732421875,81.52262115478516,41860.44140625,18872.640625,577.8278198242188
2025-05-22,512.8289184570312,5842.009765625,20.280000686645508,4.552999973297119,143.7550048828125,303.1099853515625,81.94979858398438,41859.08984375,18925.740234375,578.0558471679688
2025-05-23,508.0797119140625,5802.81982421875,22.290000915527344,4.508999824523926,143.85800170898438,309.75,82.08570861816406,41603.0703125,18737.2109375,574.1102294921875
2025-05-28,517.7276611328125,5888.5498046875,19.309999465942383,4.4770002365112305,144.177001953125,303.80999755859375,82.87210083007812,42098.69921875,19100.939453125,582.65576171875
2025-05-29,518.745361328125,5912.169921875,19.18000030517578,4.423999786376953,145.69700622558594,305.6099853515625,83.63906860351562,42215.73046875,19175.869140625,584.9557495117188
2025-05-30,517.92724609375,5911.68994140625,18.56999969482422,4.415999889373779,143.7790069580078,303.6000061035156,83.7652816772461,42270.0703125,19113.76953125,584.301513671875
2025-06-02,522.0179443359375,5935.93994140625,18.360000610351562,4.461999893188477,143.81500244140625,311.6700134277344,82.9857177734375,42305.48046875,19242.609375,587.5928955078125
2025-06-03,526.0985717773438,5970.3701171875,17.690000534057617,4.460000038146973,142.45199584960938,308.9100036621094,82.83954620361328,42519.640625,19398.9609375,590.943603515625
2025-06-04,527.5652465820312,5970.81005859375,17.610000610351562,4.364999771118164,143.83700561523438,310.8999938964844,84.18431091308594,42427.73828125,19460.490234375,590.7850341796875
2025-06-05,523.5942993164062,5939.2998046875,18.479999542236328,4.394000053405762,142.73199462890625,309.3299865722656,84.2427749633789,42319.73828125,19298.44921875,587.9298095703125
2025-06-06,528.7125854492188,6000.35986328125,16.770000457763672,4.510000228881836,143.54200744628906,305.17999267578125,83.17085266113281,42762.87109375,19529.94921875,593.96728515625
2025-06-09,529.4908447265625,6005.8798828125,17.15999984741211,4.48199987411499,144.6909942626953,306.6199951171875,83.2585678100586,42761.76171875,19591.240234375,594.5026245117188
2025-06-10,532.9928588867188,6038.81005859375,16.950000762939453,4.473999977111816,144.5399932861328,306.7099914550781,83.68732452392578,42866.87109375,19714.990234375,597.8733520507812
2025-06-11,531.1968994140625,6022.240234375,17.260000228881836,4.4120001792907715,144.83799743652344,308.3699951171875,83.94068145751953,42865.76953125,19615.880859375,596.1680908203125
2025-06-12,532.444091796875,6045.259765625,18.020000457763672,4.35699987411499,144.2030029296875,312.20001220703125,84.94438171386719,42967.62109375,19662.490234375,598.5374145507812
2025-06-13,525.7593994140625,5976.97021484375,20.81999969482422,4.423999786376953,143.19400024414062,316.2900085449219,84.12584686279297,42197.7890625,19406.830078125,591.8457641601562
2025-06-16,533.0726318359375,6033.10986328125,19.110000610351562,4.452000141143799,144.09100341796875,311.7799987792969,83.27806091308594,42515.08984375,19701.2109375,597.4767456054688
2025-06-17,527.87451171875,5982.72021484375,21.600000381469727,4.39300012588501,144.72900390625,311.94000244140625,84.29149627685547,42215.80078125,19521.08984375,592.3712158203125
2025-06-18,527.78466796875,5980.8701171875,20.139999389648438,4.396999835968018,145.37600708007812,310.260009765625,84.43767547607422,42171.66015625,19546.26953125,592.2819213867188
2025-06-23,531.034423828125,6025.169921875,19.829999923706055,4.320000171661377,146.2239990234375,311.0799865722656,84.55459594726562,42581.78125,19630.970703125,596.7274780273438
2025-06-24,539.1549682617188,6092.18017578125,17.479999542236328,4.293000221252441,145.92799377441406,306.19000244140625,85.16852569580078,43089.01953125,19912.529296875,603.3196411132812
2025-06-25,540.5333251953125,6092.16015625,16.760000228881836,4.293000221252441,144.95700073242188,307.1199951171875,85.27571105957031,42982.4296875,19973.55078125,603.65771484375
2025-06-26,545.5874633789062,6141.02001953125,16.59000015258789,4.252999782562256,144.9040069580078,306.7799987792969,85.70448303222656,43386.83984375,20167.91015625,608.380615234375
2025-06-27,547.4553833007812,6173.06982421875,16.31999969482422,4.2829999923706055,144.69400024414062,301.2200012207031,85.15876770019531,43819.26953125,20273.4609375,611.4032592773438
2025-06-30,551.001220703125,6204.9501953125,16.729999542236328,4.230000019073486,144.51699829101562,304.8299865722656,85.99681091308594,44094.76953125,20369.73046875,614.3265380859375
2025-07-01,546.3566284179688,6198.009765625,16.829999923706055,4.250999927520752,143.8000030517578,307.54998779296875,86.21004486083984,44494.94140625,20202.890625,614.127685546875
2025-07-02,550.1621704101562,6227.419921875,16.639999389648438,4.293000221252441,143.40199279785156,309.25,85.66231536865234,44484.421875,20393.130859375,616.9116821289062
2025-07-03,555.575927734375,6279.35009765625,16.3799991607666,4.3480000495910645,143.5260009765625,307.1400146484375,85.065673828125,44828.53125,20601.099609375,621.7738037109375
2025-07-08,551.700439453125,6225.52001953125,16.809999465942383,4.414999961853027,145.89199829101562,304.1600036621094,84.14624786376953,44240.76171875,20418.4609375,616.8023681640625
2025-07-09,555.6058959960938,6263.259765625,15.9399995803833,4.3420000076293945,146.8489990234375,305.5199890136719,85.02653503417969,44458.30078125,20611.33984375,620.5010986328125
2025-07-10,554.8068237304688,6280.4599609375,15.779999732971191,4.3460001945495605,146.11399841308594,306.20001220703125,85.08522033691406,44650.640625,20630.66015625,622.2510986328125
2025-07-11,553.5582885742188,6259.75,16.399999618530273,4.422999858856201,146.28799438476562,309.1400146484375,83.91150665283203,44371.51171875,20585.529296875,620.0635986328125
2025-07-14,555.5659790039062,6268.56005859375,17.200000762939453,4.427000045776367,147.2949981689453,308.010009765625,83.73544311523438,44459.6484375,20640.330078125,621.2467651367188
2025-07-15,556.0753173828125,6243.759765625,17.3799991607666,4.488999843597412,147.79200744628906,306.7300109863281,83.1485824584961,44023.2890625,20677.80078125,618.592041015625
2025-07-16,556.6446533203125,6263.7001953125,17.15999984741211,4.454999923706055,148.76100158691406,308.260009765625,83.26594543457031,44254.78125,20730.490234375,620.66015625
2025-07-17,561.1494750976562,6297.35986328125,16.520000457763672,4.4629998207092285,148.0030059814453,307.5899963378906,83.24639129638672,44484.48828125,20885.650390625,624.4583740234375
2025-07-18,560.610107421875,6296.7900390625,16.40999984741211,4.432000160217285,148.44200134277344,308.3900146484375,83.37354278564453,44342.19140625,20895.650390625,624.0010375976562
2025-07-21,563.5167236328125,6305.60009765625,16.649999618530273,4.372000217437744,148.43099975585938,313.1300048828125,84.11690521240234,44323.0703125,20974.1796875,625.1842651367188
2025-07-22,560.60009765625,6309.6201171875,16.5,4.335999965667725,147.40899658203125,316.1000061035156,84.6255111694336,44502.44140625,20892.689453125,625.2737426757812
2025-07-23,563.1571655273438,6358.91015625,15.369999885559082,4.388000011444092,146.78500366210938,312.17999267578125,84.1560287475586,45010.2890625,21020.01953125,630.59326171875
2025-07-24,564.3557739257812,6363.35009765625,15.390000343322754,4.4079999923706055,146.3489990234375,310.2699890136719,84.00930786132812,44693.91015625,21057.9609375,630.802001953125
2025-07-25,565.7141723632812,6388.64013671875,14.930000305175781,4.386000156402588,147.0050048828125,307.3999938964844,84.53749084472656,44901.921875,21108.3203125,633.4667358398438
2025-07-28,567.4821166992188,6389.77001953125,15.029999732971191,4.420000076293945,147.81300354003906,305.4100036621094,83.98975372314453,44837.55859375,21178.580078125,633.3076782226562
2025-07-29,566.6031494140625,6370.85986328125,15.979999542236328,4.329999923706055,148.47900390625,306.25,85.40798950195312,44632.98828125,21098.2890625,631.63720703125
2025-07-30,567.3623046875,6362.89990234375,15.479999542236328,4.375999927520752,148.44200134277344,300.9599914550781,84.96785736083984,44461.28125,21129.669921875,630.841796875
2025-07-31,564.3557739257812,6339.39013671875,16.719999313354492,4.360000133514404,149.2259979248047,302.9599914550781,85.01676177978516,44130.98046875,21122.44921875,628.4754028320312
2025-08-01,553.2386474609375,6238.009765625,20.3799991607666,4.21999979019165,150.77200317382812,309.1099853515625,86.22540283203125,43588.578125,20650.130859375,618.1743774414062
2025-08-04,563.44677734375,6329.93994140625,17.520000457763672,4.199999809265137,147.34300231933594,310.9100036621094,86.46104431152344,44173.640625,21053.580078125,627.5704956054688
2025-08-05,559.6212768554688,6299.18994140625,17.850000381469727,4.196000099182129,146.79299926757812,311.1600036621094,86.72614288330078,44111.73828125,20916.55078125,624.3887329101562
2025-08-06,566.6630859375,6345.06005859375,16.770000457763672,4.21999979019165,147.55999755859375,310.5,86.22540283203125,44193.12109375,21169.419921875,629.17138671875
2025-08-07,568.5808715820312,6340.0,16.56999969482422,4.24399995803833,147.1929931640625,313.1199951171875,86.078125,43968.640625,21242.69921875,628.6443481445312
2025-08-08,573.8847045898438,6389.4501953125,15.149999618530273,4.284999847412109,146.83700561523438,313.04998779296875,85.70503234863281,44175.609375,21450.01953125,633.5462646484375
2025-08-11,572.1866455078125,6373.4501953125,16.25,4.2729997634887695,147.66400146484375,308.54998779296875,85.80320739746094,43975.08984375,21385.400390625,632.29345703125
2025-08-12,579.3782958984375,6445.759765625,14.729999542236328,4.293000221252441,148.125,308.2699890136719,85.37120056152344,44458.609375,21681.900390625,639.02490234375
2025-08-13,579.6680297851562,6466.580078125,14.489999771118164,4.23799991607666,147.75799560546875,309.2099914550781,86.078125,44922.26953125,21713.140625,641.2123413085938
2025-08-14,579.2185668945312,6468.5400390625,14.829999923706055,4.293000221252441,147.1199951171875,307.25,85.4399185180664,44911.26171875,21710.669921875,641.27197265625
2025-08-15,576.6715087890625,6449.7998046875,15.09000015258789,4.328000068664551,147.6909942626953,307.42999267578125,84.83119201660156,44946.12109375,21622.98046875,639.7706298828125
2025-08-18,576.4417114257812,6449.14990234375,14.989999771118164,4.341000080108643,147.26400756835938,306.95001220703125,84.58573150634766,44911.8203125,21629.76953125,639.63134765625
2025-08-19,568.620849609375,6411.3701171875,15.569999694824219,4.302000045776367,147.91600036621094,305.2699890136719,85.07665252685547,44922.26953125,21314.94921875,636.1612548828125
2025-08-20,565.2447509765625,6395.77978515625,15.6899995803833,4.296000003814697,147.7310028076172,308.3599853515625,85.26319122314453,44938.30859375,21172.859375,634.470947265625
2025-08-21,562.6278076171875,6370.169921875,16.600000381469727,4.329999923706055,147.3179931640625,307.2900085449219,84.84101867675781,44785.5,21100.310546875,631.925537109375
2025-08-22,571.3076782226562,6466.91015625,14.220000267028809,4.260000228881836,148.38600158691406,310.5799865722656,85.4693832397461,45631.73828125,21496.5390625,641.6299438476562
2025-08-25,569.6596069335938,6439.31982421875,14.789999961853027,4.275000095367432,147.21499633789062,309.8299865722656,85.22393798828125,45282.46875,21449.2890625,638.8060302734375
2025-08-26,571.9469604492188,6465.93994140625,14.619999885559082,4.257999897003174,147.82200622558594,312.0799865722656,85.1748275756836,45418.0703125,21544.26953125,641.4807739257812
2025-08-27,572.825927734375,6481.39990234375,14.850000381469727,4.23799991607666,147.46200561523438,312.7099914550781,85.07665252685547,45565.23046875,21590.140625,642.9423828125
2025-08-28,576.4118041992188,6501.85986328125,14.430000305175781,4.206999778747559,147.3159942626953,315.0299987792969,85.63629913330078,45636.8984375,21705.16015625,645.2192993164062
2025-08-29,569.7395629882812,6460.259765625,15.359999656677246,4.2270002365112305,146.7899932861328,318.07000732421875,85.02755737304688,45544.87890625,21455.55078125,641.3713989257812
2025-09-03,569.409912109375,6448.259765625,16.350000381469727,4.210999965667725,148.54800415039062,328.1400146484375,85.32125854492188,45271.23046875,21497.73046875,640.06884765625
2025-09-04,574.5639038085938,6502.080078125,15.300000190734863,4.176000118255615,147.97999572753906,326.69000244140625,85.97174072265625,45621.2890625,21707.689453125,645.4181518554688
2025-09-05,575.3929443359375,6481.5,15.180000305175781,4.085999965667725,148.375,331.04998779296875,87.28255462646484,45400.859375,21700.390625,643.5488891601562
2025-09-08,578.19970703125,6495.14990234375,15.109999656677246,4.046000003814697,148.343994140625,334.82000732421875,88.44552612304688,45514.94921875,21798.69921875,645.1298217773438
2025-09-09,579.8378295898438,6512.60986328125,15.039999961853027,4.073999881744385,147.36399841308594,334.05999755859375,87.94288635253906,45711.33984375,21879.490234375,646.6212768554688
2025-09-10,580.027587890625,6532.0400390625,15.350000381469727,4.0320000648498535,147.39199829101562,335.260009765625,88.44552612304688,45490.921875,21886.060546875,648.4906005859375
2025-09-11,583.4036865234375,6587.47021484375,14.710000038146973,4.011000156402588,147.33200073242188,334.760009765625,89.03687286376953,46108.0,22043.0703125,653.8796997070312
2025-09-12,585.9806518554688,6584.2900390625,14.760000228881836,4.060999870300293,147.2239990234375,335.4200134277344,88.65249633789062,45834.21875,22141.099609375,653.660888671875
2025-09-15,590.994873046875,6615.27978515625,15.6899995803833,4.033999919891357,147.66600036621094,338.9100036621094,88.8594741821289,45883.44921875,22348.75,657.1409301757812
2025-09-16,590.4954223632812,6606.759765625,16.360000610351562,4.026000022888184,147.40499877929688,339.5899963378906,89.0467300415039,45757.8984375,22333.9609375,656.2361450195312
2025-09-17,589.3168334960938,6600.35009765625,15.720000267028809,4.076000213623047,146.41299438476562,336.9700012207031,88.82005310058594,46018.3203125,22261.330078125,655.4208374023438
2025-09-18,594.6306762695312,6631.9599609375,15.699999809265137,4.104000091552734,146.89100646972656,335.6199951171875,87.90347290039062,46142.421875,22470.720703125,658.4832763671875
2025-09-19,598.6559448242188,6664.35986328125,15.449999809265137,4.138999938964844,147.94700622558594,339.17999267578125,87.73591613769531,46315.26953125,22631.48046875,661.74462890625
2025-09-22,602.2000122070312,6693.75,16.100000381469727,4.14300012588501,148.09500122070312,345.04998779296875,87.42052459716797,46381.5390625,22788.98046875,664.8753662109375
2025-09-23,598.2000122070312,6656.919921875,16.639999389648438,4.119999885559082,147.72500610351562,346.4599914550781,88.03158569335938,46292.78125,22573.470703125,661.256103515625
2025-09-24,596.0999755859375,6637.97021484375,16.18000030517578,4.146999835968018,147.61300659179688,343.32000732421875,87.69650268554688,46121.28125,22497.859375,659.1522216796875
2025-09-25,593.530029296875,6604.72021484375,16.739999771118164,4.171999931335449,148.75100708007812,344.75,87.69650268554688,45947.3203125,22384.69921875,656.1112670898438
2025-09-26,595.969970703125,6643.7001953125,15.289999961853027,4.186999797821045,149.86099243164062,346.739990234375,87.61764526367188,46247.2890625,22484.0703125,659.8701782226562
2025-09-29,598.72998046875,6661.2099609375,16.1200008392334,4.140999794006348,149.40499877929688,352.4599914550781,88.33712005615234,46316.0703125,22591.150390625,661.7246704101562
2025-09-30,600.3699951171875,6688.4599609375,16.280000686645508,4.1479997634887695,148.59500122070312,355.4700012207031,88.08087158203125,46397.890625,22660.009765625,664.21728515625
2025-10-01,603.25,6711.2001953125,16.290000915527344,4.105999946594238,147.9969940185547,356.0299987792969,88.30834197998047,46441.1015625,22755.16015625,666.4806518554688
2025-10-02,605.72998046875,6715.35009765625,16.6299991607666,4.0879998207092285,147.08299255371094,354.7900085449219,88.56548309326172,46519.71875,22844.05078125,667.248291015625
2025-10-03,603.1799926757812,6715.7900390625,16.649999618530273,4.11899995803833,147.14999389648438,357.6400146484375,88.39734649658203,46758.28125,22780.509765625,667.2384033203125
2025-10-06,607.7100219726562,6740.27978515625,16.3700008392334,4.1620001792907715,149.6060028076172,364.3800048828125,87.69515228271484,46694.96875,22941.669921875,669.6312866210938
2025-10-07,604.510009765625,6714.58984375,17.239999771118164,4.126999855041504,150.33099365234375,366.260009765625,88.19955444335938,46602.98046875,22788.359375,667.1486206054688
2025-10-08,611.4400024414062,6753.72021484375,16.299999237060547,4.129000186920166,152.05099487304688,372.29998779296875,88.26878356933594,46601.78125,23043.380859375,671.1268920898438
2025-10-09,610.7000122070312,6735.10986328125,16.43000030517578,4.1479997634887695,152.67999267578125,365.42999267578125,88.19955444335938,46358.421875,23024.630859375,669.1826171875
2025-10-10,589.5,6552.509765625,21.65999984741211,4.051000118255615,152.96499633789062,369.1199951171875,89.62372589111328,45479.6015625,22204.4296875,651.0960693359375
2025-10-13,602.010009765625,6654.72021484375,19.030000686645508,4.051000118255615,152.05599975585938,378.0899963378906,89.57426452636719,46067.578125,22694.609375,661.0865478515625
2025-10-14,598.0,6644.31005859375,20.809999465942383,4.021999835968018,152.4340057373047,380.7900085449219,89.861083984375,46270.4609375,22521.69921875,660.2789306640625
2025-10-15,602.219970703125,6671.06005859375,20.639999389648438,4.046000003814697,151.7310028076172,387.3900146484375,89.66327667236328,46253.30859375,22670.080078125,663.2102661132812
2025-10-16,599.989990234375,6629.06982421875,25.309999465942383,3.9760000705718994,150.9739990234375,396.45001220703125,90.33580017089844,45952.23828125,22562.5390625,658.6936645507812
2025-10-17,603.9299926757812,6664.009765625,20.780000686645508,4.006999969482422,150.1199951171875,388.989990234375,90.19733428955078,46190.609375,22679.970703125,662.4326171875
2025-10-20,611.5399780273438,6735.1298828125,18.229999542236328,3.9860000610351562,150.89999389648438,403.1499938964844,90.54350280761719,46706.578125,22990.5390625,669.3222045898438
2025-10-21,611.3800048828125,6735.35009765625,17.8700008392334,3.9630000591278076,150.7740020751953,377.239990234375,90.9885482788086,46924.73828125,22953.669921875,669.3121948242188
2025-10-22,605.489990234375,6699.39990234375,18.600000381469727,3.953000068664551,151.89300537109375,377.2799987792969,91.04788208007812,46590.41015625,22740.400390625,665.83251953125
2025-10-23,610.5800170898438,6738.43994140625,17.299999237060547,3.990999937057495,151.95399475097656,378.7900085449219,90.42481231689453,46734.609375,22941.80078125,669.7808837890625
2025-10-24,617.0999755859375,6791.68994140625,16.3700008392334,3.996999979019165,152.6020050048828,377.5199890136719,90.4643783569336,47207.12109375,23204.869140625,675.2546997070312
2025-10-27,628.0900268554688,6875.16015625,15.789999961853027,3.996999979019165,153.06100463867188,367.010009765625,90.77096557617188,47544.58984375,23637.4609375,683.2211303710938
2025-10-28,632.9199829101562,6890.89013671875,16.420000076293945,3.9830000400543213,152.69200134277344,364.3800048828125,91.0083236694336,47706.37109375,23827.490234375,685.0357666015625
2025-10-29,635.77001953125,6890.58984375,16.920000076293945,4.058000087738037,151.7310028076172,363.0,90.08855438232422,47632.0,23958.470703125,685.3648071289062
2025-10-30,626.0499877929688,6822.33984375,16.90999984741211,4.0929999351501465,152.7220001220703,370.1300048828125,89.56437683105469,47522.12109375,23581.140625,677.8270874023438
2025-10-31,629.0700073242188,6840.2001953125,17.440000534057617,4.10099983215332,153.89999389648438,368.1199951171875,89.29735565185547,47562.87109375,23724.9609375,680.050537109375
2025-11-03,632.0800170898438,6851.97021484375,17.170000076293945,4.105999946594238,154.19500732421875,368.7799987792969,89.07401275634766,47336.6796875,23834.720703125,681.3267822265625
2025-11-04,619.25,6771.5498046875,19.0,4.089000225067139,154.20399475097656,362.32000732421875,89.27253723144531,47085.23828125,23348.640625,673.2506103515625
2025-11-05,623.280029296875,6796.2900390625,18.010000228881836,4.1570000648498535,153.5570068359375,366.510009765625,88.2998046875,47311.0,23499.80078125,675.583740234375
2025-11-06,611.6699829101562,6720.31982421875,19.5,4.0929999351501465,154.072998046875,366.07000732421875,89.0938720703125,46912.30078125,23053.990234375,668.3351440429688
2025-11-07,609.739990234375,6728.7998046875,19.079999923706055,4.0929999351501465,152.947998046875,368.30999755859375,88.90528106689453,46987.1015625,23004.5390625,668.9931640625
2025-11-10,623.22998046875,6832.43017578125,17.600000381469727,4.110000133514404,153.81700134277344,378.3800048828125,88.88542938232422,47368.62890625,23527.169921875,679.432373046875
2025-11-11,621.5700073242188,6846.60986328125,17.280000686645508,4.119999885559082,154.14599609375,379.8699951171875,89.29238891601562,47927.9609375,23468.30078125,680.9877319335938
2025-11-12,621.0800170898438,6850.919921875,17.510000228881836,4.065000057220459,154.0749969482422,385.989990234375,89.45120239257812,48254.8203125,23406.4609375,681.3666381835938
2025-11-13,608.4000244140625,6737.490234375,20.0,4.111999988555908,154.71299743652344,382.8699951171875,88.71668243408203,47457.21875,22870.359375,670.0599975585938
2025-11-14,608.8599853515625,6734.10986328125,19.829999923706055,4.1479997634887695,154.63299560546875,375.9599914550781,88.21047973632812,47147.48046875,22900.58984375,669.9503784179688
2025-11-17,603.6599731445312,6672.41015625,22.3799991607666,4.132999897003174,154.5850067138672,371.6499938964844,88.42884063720703,46590.23828125,22708.0703125,663.7088012695312
2025-11-18,596.3099975585938,6617.31982421875,24.690000534057617,4.123000144958496,155.2729949951172,374.3500061035156,88.39906311035156,46091.73828125,22432.849609375,658.1353149414062
2025-11-19,599.8699951171875,6642.16015625,23.65999984741211,4.132999897003174,155.54800415039062,374.9599914550781,88.22040557861328,46138.76953125,22564.23046875,660.6777954101562
2025-11-20,585.6699829101562,6538.759765625,26.420000076293945,4.105999946594238,156.99200439453125,374.8500061035156,88.56780242919922,45752.26171875,22078.05078125,650.6075439453125
2025-11-21,590.0700073242188,6602.990234375,23.43000030517578,4.063000202178955,157.36900329589844,374.2699890136719,88.83580017089844,46245.41015625,22273.080078125,657.08837890625
2025-11-24,605.1599731445312,6705.1201171875,20.520000457763672,4.038000106811523,156.68800354003906,380.20001220703125,89.34201049804688,46448.26953125,22872.009765625,666.759765625
2025-11-25,608.8900146484375,6765.8798828125,18.559999465942383,4.001999855041504,156.93899536132812,380.0799865722656,89.57030487060547,47112.44921875,23025.58984375,673.03125
2025-11-26,614.27001953125,6812.60986328125,17.190000534057617,3.997999906539917,156.22999572753906,383.1199951171875,89.96733856201172,47427.12109375,23214.689453125,677.6775512695312
2025-12-01,617.1699829101562,6812.6298828125,17.239999771118164,4.0960001945495605,155.92799377441406,389.75,88.42586517333984,47289.328125,23275.919921875,678.2658081054688
2025-12-02,622.0,6829.3701171875,16.59000015258789,4.085999965667725,155.5570068359375,387.239990234375,88.46570587158203,47474.4609375,23413.669921875,679.5220947265625
2025-12-03,623.52001953125,6849.72021484375,16.079999923706055,4.057000160217285,155.8070068359375,386.8800048828125,88.71473693847656,47882.8984375,23454.08984375,681.8751220703125
2025-12-04,622.9400024414062,6857.1201171875,15.779999732971191,4.107999801635742,155.10699462890625,387.1300048828125,88.23660278320312,47850.94140625,23505.140625,682.3736572265625
2025-12-05,625.47998046875,6870.39990234375,15.40999984741211,4.138999938964844,155.14199829101562,386.44000244140625,87.82819366455078,47954.98828125,23578.130859375,683.6697998046875
2025-12-08,624.280029296875,6846.509765625,16.65999984741211,4.171999931335449,155.33999633789062,385.4200134277344,87.53931427001953,47739.3203125,23545.900390625,681.6159057617188
2025-12-09,625.0499877929688,6840.509765625,16.93000030517578,4.185999870300293,155.843994140625,387.3999938964844,87.62896728515625,47560.2890625,23576.490234375,681.027587890625
2025-12-10,627.6099853515625,6886.68017578125,15.770000457763672,4.164000034332275,156.83799743652344,389.04998779296875,87.96764373779297,48057.75,23654.150390625,685.5443115234375
2025-12-11,625.5800170898438,6901.0,14.850000381469727,4.140999794006348,155.7899932861328,393.239990234375,87.84811401367188,48704.01171875,23593.859375,687.1395263671875
2025-12-12,613.6199951171875,6827.41015625,15.739999771118164,4.193999767303467,155.56700134277344,395.44000244140625,87.00140380859375,48458.05078125,23195.169921875,679.7514038085938
2025-12-15,610.5399780273438,6816.509765625,16.5,4.182000160217285,155.88800048828125,395.79998779296875,87.0611801147461,48416.55859375,23057.41015625,678.7244262695312
2025-12-16,611.75,6800.259765625,16.479999542236328,4.14900016784668,155.01499938964844,395.8900146484375,87.53931427001953,48114.26171875,23111.4609375,676.8699340820312
2025-12-17,600.4099731445312,6721.43017578125,17.6200008392334,4.151000022888184,154.7779998779297,399.2900085449219,87.45963287353516,47885.96875,22693.3203125,669.4219360351562
2025-12-18,609.1099853515625,6774.759765625,16.8700008392334,4.116000175476074,155.4949951171875,398.57000732421875,87.87799835205078,47951.8515625,23006.359375,674.4769287109375
2025-12-19,617.0499877929688,6834.5,14.90999984741211,4.151000022888184,155.58599853515625,399.0199890136719,87.55000305175781,48134.890625,23307.619140625,680.5900268554688
