date,mrdi_short,mrdi_long,ma20_mrdi,ma60_mrdi,risk_score,is_latest,display_roled
2011-01-03,2.8926326106449247,1.7607701364996655,2.973587042714204,3.597943172981076,0.413114298056147,0.0,0
2011-01-04,3.370475503739569,2.092913948665594,2.692870484969732,3.5501524824956467,0.4843301882182902,0.0,0
2011-01-05,2.464195245573753,2.343144945816639,1.874204833983697,3.396010443794211,0.4126416200012025,0.0,0
2011-01-06,3.622466450617946,2.4858603449306504,1.2559974157812184,3.0239369933668683,0.5375686322445276,0.0,0
2011-01-07,1.7852924001630532,1.7629770162797131,0.9199257820875218,2.715786855810253,0.3036642348005215,0.0,0
2011-01-10,1.9381578017358585,1.2248870866341572,0.6788909729166378,2.821560403713813,0.280048569496459,0.0,0
2011-01-11,1.3579333928020805,1.067971928439814,0.8372956646336048,2.912987341641197,0.2113164489583102,0.0,0
2011-01-12,2.26191775275646,1.7526800676649623,1.4673482289476147,3.149075438053367,0.3501010595392607,0.0,0
2011-01-13,1.9635937392699685,1.195472541275208,1.6165502820393534,3.149220477972236,0.2804482316984902,0.0,0
2011-01-14,3.131555114369295,2.025530069555985,1.9948745776470769,3.33452512902381,0.4558286965755327,0.0,0
2011-01-18,1.8667827734955036,1.3903321086816876,1.6927467690081173,3.179993843071748,0.2848969837784012,0.0,0
2011-01-19,3.8442296081369,2.6737474821812963,1.63525189295527,2.661471996147183,0.5730490569227807,0.0,0
2011-01-20,3.0759770562280115,2.680598510036032,2.0071010328324124,2.873431044980551,0.4984839662160875,0.0,0
2011-01-21,3.5509007801928347,2.0333810931375336,2.17045428626996,3.066214673124299,0.5182152174182464,0.0,0
2011-01-24,2.9442966519421434,1.8858427022260456,2.2267845992076736,2.75721818219236,0.4455778127562957,0.0,0
2011-01-25,2.190302479296433,1.41554525623417,2.145791662512176,2.7479544705930343,0.3324000410178835,0.0,0
2011-01-26,2.5374144158992333,2.106568544820973,2.0027511395010387,2.8061211519938745,0.4193611326814129,0.0,0
2011-01-27,3.5812162490291253,2.2961786022854347,2.4493173171219498,2.9030589904188604,0.542141780120036,0.0,0
2011-01-28,5.80853302368608,4.754921364955235,2.827759462827618,2.793350245559896,0.924250538703488,0.0,0
2011-01-31,2.3023463008164757,1.452452565479097,2.804873801266194,2.8662731410370514,0.3345932847082698,0.0,0
2011-02-01,2.44632971513718,1.8778744205659064,2.56356542215129,3.2879513787254098,0.3800970192011498,0.0,0
2011-02-02,2.383644199478392,1.7462344885374252,2.1284125115456334,3.595838571823853,0.3642218274740715,0.0,0
2011-02-03,1.913488202166236,1.426562763302426,2.0389799871308765,3.328748672536643,0.2942006736178102,0.0,0
2011-02-04,2.391789609438784,1.9329535107840272,2.2205621137384366,3.739618850952001,0.3787445551589998,0.0,0
2011-02-07,2.8637563462227544,1.477799749281601,2.0726404418965045,3.7905140032722593,0.3920259187879796,0.0,0
2011-02-08,1.988233152546528,1.601978543594328,2.1530899534615826,3.8522025484205527,0.3144853498382045,0.0,0
2011-02-09,1.810594690185541,1.269953182405982,1.975833625524528,3.247898573209603,0.2725112515994733,0.0,0
2011-02-10,1.4979029605723992,1.4404279690056974,1.977627275371934,2.84644342578142,0.2540829232289845,0.0,0
2011-02-11,3.04304278881344,2.3045259177989887,1.9444444322582224,2.730657086912982,0.4705040818071525,0.0,0
2011-02-14,1.3541448381060672,1.1754571715862974,1.734835296269241,2.6817365022553514,0.220388295007057,0.0,0
2011-02-15,1.929576155470056,1.3484905646421987,1.790368195539723,2.2600915731666893,0.2900579053829485,0.0,0
2011-02-16,1.8754517210292767,1.164552513241671,1.4438945246924506,2.0823044848910968,0.2711882807388829,0.0,0
2011-02-17,2.1562556847823124,1.5794281216378758,1.33991296857296,2.3041508767400725,0.329460330177534,0.0,0
2011-02-18,2.0986705962744834,1.4186230002870155,1.0775378684998125,2.450018403520541,0.3119475114282534,0.0,0
2011-02-22,5.335166944576852,4.873247708177798,1.7083961735220694,2.124661580765044,0.8824789126678527,0.0,0
2011-02-23,2.860774246467217,2.1986970698903585,2.018288681477281,2.3667943783057117,0.4427533889945199,0.0,0
2011-02-24,2.8643848818761177,1.8975936294700289,1.9276718571046865,2.138819816960188,0.4209891497397393,0.0,0
2011-02-25,2.837257420370284,2.5119800562709425,1.9011457104082223,2.2338946452982014,0.4634554113604503,0.0,0
2011-02-28,2.996552157288179,1.8983268157345048,1.5490188216832534,1.8399560897608376,0.4340360702832654,0.0,0
2011-03-01,3.982935234686596,2.626619539612503,1.7027046102468455,1.6977384331077097,0.5845058252155975,0.0,0
2011-03-02,2.315141040939052,2.306566643343179,1.4077847864680673,1.737960316881886,0.3970375923939833,0.0,0
2011-03-03,3.400132138101007,2.195106327992013,1.3184686616781711,1.9178796444550363,0.4955126432369721,0.0,0
2011-03-04,2.775323618664312,1.5624799674905627,1.496025721992106,1.5531448375007024,0.3876161436465236,0.0,0
2011-03-07,2.746685938631923,2.385034864811754,2.251351880647228,1.657632706533054,0.4452260874899355,0.0,0
2011-03-08,2.264918136688656,1.3374837604582497,1.8475731118543253,1.7179675594930564,0.3209110352740904,0.0,0
2011-03-09,3.680522082502325,2.2946441304391327,2.3402540518394117,1.851244034361185,0.5303892238893677,0.0,0
2011-03-10,4.9124278658212805,2.232749583644364,2.366984757216521,1.6416370043049031,0.6478472947213737,0.0,0
2011-03-11,2.00048032075199,1.8798002184989249,2.178051275899855,1.905257762018254,0.3355105023317538,0.0,0
2011-03-14,4.710646930190712,2.1534546502913927,2.155595629683156,1.828528833856576,0.6221537054049224,0.0,0
2011-03-15,4.425483475300743,3.7331290830726576,2.2813504985062982,2.0311534775048816,0.7107996098924281,0.0,0
2011-03-16,4.471119416954735,3.849121989326782,3.178563636908533,2.8792025882964807,0.730798092710545,0.0,0
2011-03-17,5.06284778589002,3.130107383376776,2.6511246181577444,2.7640486361673924,0.7454180188753574,0.0,0
2011-03-18,3.3795796283184023,2.49058785363558,2.2385222605604627,2.283574664740023,0.5293470306509123,0.0,0
2011-03-21,4.2903377248826775,3.021083658295912,1.6535233284659725,1.9030041025575688,0.660861089651287,0.0,0
2011-03-22,1.8283990207980272,1.3257194726563248,1.398246041715893,1.633376808099283,0.2860261658013532,0.0,0
2011-03-23,1.6566834491665217,1.3996131021615796,1.4020861770259765,1.5799598745849064,0.2759029294839353,0.0,0
2011-03-24,2.304024280756737,1.7420831941318229,1.4058331453917878,1.4679668928824945,0.3673157282714172,0.0,0
2011-03-25,1.106961261286503,0.8401997458797196,1.5786612877746171,1.4984590486954652,0.1767340474872568,0.0,0
2011-03-28,2.026401180449375,1.9344618965207192,1.103466805434282,1.8521252568354096,0.3553203291851783,0.0,0
2011-03-29,1.4185514317914052,1.285447788401732,1.3379910567237967,1.8606631890554808,0.2432233346442425,0.0,0
2011-03-30,2.2352286401917136,1.444569590393019,1.7744714871579113,2.087610361617999,0.3380362290653873,0.0,0
2011-03-31,2.3962521936922614,1.6091683255632203,1.955748892584184,1.9522745151383367,0.36894296174281,0.0,0
2011-04-01,2.1421704382076205,1.5992874121542755,2.1167522987666945,2.0825400266950966,0.3430320477711296,0.0,0
2011-04-04,1.9146716526457284,1.306412913710436,2.4466276851538464,2.2940296173833863,0.2964919586646279,0.0,0
2011-04-05,3.889289235889761,2.4076732242361385,2.0888635100113864,2.343032522254121,0.5820470500185381,0.0,0
2011-04-06,3.52026336737312,2.4476780501263566,1.8984553666598272,2.812950069943696,0.550224472660479,0.0,0
2011-04-07,0.845067128870372,0.5190564618776005,2.175520043709828,2.8578765128922954,0.1265012568958544,0.0,0
2011-04-08,1.585487499340289,1.43002587192217,1.942994721520979,2.642818225036611,0.2751496858846635,0.0,0
2011-04-11,3.001406933739755,2.0091213359136826,2.7817809034359486,2.970726196684806,0.4630178709027611,0.0,0
2011-04-12,2.800493556254466,1.6851124374663973,2.812360099561491,3.134367203060622,0.4163149296269374,0.0,0
2011-04-13,3.071993406693857,1.7626052808056172,3.466549146177145,2.6700103560874906,0.4495576352682081,0.0,0
2011-04-14,2.0129084450244243,1.3615419317228927,3.7427845883794486,2.5960962949457573,0.311695160122181,0.0,0
2011-04-15,3.259731740354494,2.272451117796761,3.411055213265447,3.0318764397196425,0.5103625727746385,0.0,0
2011-04-18,2.5224440070384126,2.1109991172196305,2.09679793653082,2.284919785492791,0.4241488429053223,0.0,0
2011-04-19,2.1009272141840123,1.7756969433175012,1.870849794683229,2.519636503026887,0.3547179795004335,0.0,0
2011-04-20,4.224702113994798,2.343442459534051,1.6235489854708929,2.37541910284572,0.6115694533642699,0.0,0
2011-04-21,1.4303709627803465,1.0236468772277616,1.7862371833624555,2.369555204130459,0.2261432817160018,0.0,0
2011-04-25,2.326836393468556,1.7192877685015922,1.403139867590308,2.600183206846081,0.372358367791514,0.0,0
2011-04-26,2.9983189940787094,1.7803732546335176,1.5908566214597464,2.427685212677811,0.4443554377177675,0.0,0
2011-04-27,3.244665260618091,2.0795436683026245,1.741824642413931,2.730942883670303,0.4935371169943022,0.0,0
2011-04-28,2.601439918073973,1.8377072187986985,1.888657584955986,3.0092484488788838,0.4098229946478946,0.0,0
2011-04-29,2.6899383070407823,1.5084982414938175,1.9755207755787263,3.1091909296521165,0.3912957764229147,0.0,0
2011-05-02,2.829259139436662,1.9781744696924828,1.747694471671226,2.7194378136618687,0.4440163639351192,0.0,0
2011-05-03,1.7411323885062853,1.4580336277553652,1.9013940157328304,2.966456806400225,0.295962716645886,0.0,0
2011-05-04,2.8498723917506283,1.3676614798683304,1.8635096809920355,2.383282850942071,0.3999812079915134,0.0,0
2011-05-05,4.471446534089647,2.6702249198210675,2.411233308988058,1.845491601207487,0.6869621073848584,0.0,0
2011-05-06,2.020936669138099,1.5856748217121803,2.4364311765219964,1.7074306217263602,0.3521021029793404,0.0,0
2011-05-09,2.3226189878619383,1.9069743412822853,2.239562855543818,2.033820743551122,0.418580354867832,0.0,0
2011-05-10,2.276280839266884,1.7024350574009033,2.3905828545871954,1.7821516878883563,0.3974459892422728,0.0,0
2011-05-11,2.629085019040664,1.7019931805038229,2.0361240843839608,1.8114181632221575,0.4368612741245157,0.0,0
2011-05-12,2.2769973525126663,1.4994982235268282,1.5145411275126894,1.6674216939764357,0.3804918131457515,0.0,0
2011-05-13,1.7745659825874671,1.465376751033891,1.5469925587836093,1.6600805533449772,0.3214432368070794,0.0,0
2011-05-16,2.9810962596955983,2.2735372668472755,1.6632272784942042,1.7630106122491165,0.5241997770696198,0.0,0
2011-05-17,2.931955571050162,2.558328816753368,1.4027494699854477,1.8523515878117072,0.5426097102587973,0.0,0
2011-05-18,2.7090772065094337,2.1279281516988666,0.8807020284963741,1.9478545106660223,0.4815589362876096,0.0,0
2011-05-19,1.546160672724973,1.3913621185130594,1.0169237338846615,2.2167107534708763,0.2902101701592365,0.0,0
2011-05-20,2.828933707474209,2.433549684785088,1.209979554943286,2.126946734833077,0.521568875522705,0.0,0
2011-05-23,2.434333652095023,1.1213570723089168,1.2460748376892874,2.3844755016758783,0.3671656385477004,0.0,0
2011-05-24,1.7192941474670551,1.2609976471362463,1.4498863227329173,2.3944303562627454,0.2986865412042437,0.0,0
2011-05-25,1.485406648301662,1.183494932112424,1.593674577305695,2.382294727391607,0.2659477185725521,0.0,0
2011-05-26,3.3022671932920846,1.8592554739786364,1.3888524012284056,2.5897329558705247,0.5264533427185062,0.0,0
2011-05-27,2.0264377577594845,1.1213122091354997,1.3987992807597935,2.392913790984305,0.3214113869759091,0.0,0
2011-05-31,2.85301289039203,1.3369793041664737,1.2779361798141111,2.060841311566726,0.432224706532433,0.0,0
2011-06-01,3.957760129582017,3.044821956064455,1.713939842527722,2.051197220935161,0.6994900278966996,0.0,0
2011-06-02,4.446967093892272,2.737242059179464,1.838726875439572,1.5786415552559785,0.7285421257669714,0.0,0
2011-06-03,2.8701225346265087,1.575337662153579,2.054276671072771,1.483486664811626,0.4541509922304463,0.0,0
2011-06-06,3.275274212317641,2.165178432815887,1.883095046520799,1.5753702000286536,0.5491042384105426,0.0,0
2011-06-07,1.9957909738984003,1.440464610684104,1.428606840355293,1.4601621433644891,0.3447630694775487,0.0,0
2011-06-08,2.376246955395243,1.6040491841594222,1.6646643152092242,1.7953583539132365,0.4011669074097593,0.0,0
2011-06-09,2.001063480879347,1.3952741533347353,1.6321135792809351,2.2520326892561,0.3415612061423157,0.0,0
2011-06-10,2.6821643720738373,1.5607160165778255,1.929449058635122,2.8502021486966065,0.4318418934686477,0.0,0
2011-06-13,2.7717167728229293,1.488952570955764,1.9074184732818864,2.734397305896186,0.4358625279478199,0.0,0
2011-06-14,3.44557595294913,1.856250672456753,1.6446843573665946,2.221704622198957,0.5422745663394066,0.0,0
2011-06-15,4.120709557079003,3.0699173537730147,1.845346526325249,1.4938954591443014,0.7198728180308394,0.0,0
2011-06-16,3.733978100606057,2.267445687646798,2.151295690814169,1.7550413794770534,0.6091376122648213,0.0,0
2011-06-17,2.833904009933519,1.8530106329963627,2.137419861818344,1.9487829470190323,0.4733962196301786,0.0,0
2011-06-20,2.2590441455657984,1.9962884018695344,1.6560984155401917,2.174946679575741,0.4209453390252033,0.0,0
2011-06-21,3.405318993077848,1.9198513299046756,1.2895621617302349,1.9696666572612611,0.5430978340543167,0.0,0
2011-06-22,2.0019976413773284,1.0518417044196955,1.1876885971649012,2.0221967403589987,0.3128386318982805,0.0,0
2011-06-23,4.573930690577133,2.898510353412381,1.310024505445992,1.7000573487956183,0.7547782756171626,0.0,0
2011-06-24,4.129919598304976,3.077920206819424,2.025509375911257,1.9609561310668675,0.7201861453918998,0.0,0
2011-06-27,3.166403587623082,2.0027921827443294,2.423773066035146,1.8709540819703547,0.5221957421844797,0.0,0
2011-06-28,4.546542648807307,2.505744767880524,2.100304678592885,1.519742908283462,0.7149133992362073,0.0,0
2011-06-29,2.530302530473069,2.161855052340224,1.9984260726248948,1.340280951851337,0.4622815379151693,0.0,0
2011-06-30,3.358327870276346,2.1271079600839844,1.5209555489081092,1.401563955966315,0.5540926343706964,0.0,0
2011-07-01,2.8114230588077307,1.4674019615849816,1.5140175558146085,1.429243121829833,0.4375599148723511,0.0,0
2011-07-05,3.901433289624748,2.5354574499410654,1.5830185514063155,1.5545086605280745,0.6491018904442785,0.0,0
2011-07-06,2.5440828288566246,1.55034907698747,2.0097663172268536,1.639522865324346,0.4146270491183841,0.0,0
2011-07-07,2.279932486492,1.505092954288285,1.783432853204225,1.5464211408527295,0.3812896506061797,0.0,0
2011-07-08,3.683904390080541,2.4311281060835355,2.113700583668716,1.5823169302793478,0.6160193982807376,0.0,0
2011-07-11,3.9079904514636703,2.766697652935312,2.1644300903170643,1.5320652385400344,0.6692452007127503,0.0,0
2011-07-12,3.3901882980307803,2.3298894031581727,2.3813241902328195,1.966771762099276,0.5746766880036308,0.0,0
2011-07-13,3.087599325776949,1.588035582202146,2.7467106215980324,2.447645464165199,0.4785692204157084,0.0,0
2011-07-14,3.510062339463182,2.447932158797465,2.539922522781659,2.162772369910256,0.597990001414749,0.0,0
2011-07-15,2.5771884889323204,2.0356718829433915,2.7073339043466924,2.431289591436531,0.4590665701428297,0.0,0
2011-07-18,3.0162146788247965,2.6379468329144293,2.898992689817574,3.042568498252276,0.5587150474121145,0.0,0
2011-07-19,5.348553972059688,4.611534095483294,2.806365170427888,2.3853478200746543,0.980679825768816,0.0,0
2011-07-20,2.1241680598724217,1.7893503738289016,2.420319346987108,2.228072610980814,0.3859403257556621,0.0,0
2011-07-21,2.9505870355079358,2.2548546816187063,2.311019325315755,2.2694590867677307,0.5173701783641187,0.0,0
2011-07-22,3.796298444600476,2.324473945213639,2.2547075672635084,1.8690522308192012,0.6170923006676423,0.0,0
2011-07-25,3.3849787019535094,2.773911946881057,2.8262543488317524,2.476508695348372,0.6092958477062008,0.0,0
2011-07-26,2.341649010070528,1.783181739899331,2.621064183964835,2.723781296887678,0.4100638298018781,0.0,0
2011-07-27,3.940848973129364,2.603523192372301,2.614750151862455,2.622082215864688,0.6566368886005909,0.0,0
2011-07-28,1.2270827013348988,1.1655131096502511,3.1208745429696494,2.722083466961313,0.2343458463996439,0.0,0
2011-07-29,3.3478144320589087,2.428301087388628,3.706320767513861,2.9395796515837094,0.5760632340587208,0.0,0
2011-08-01,3.593739952864724,2.184612288847691,3.550526785149023,2.605819623088738,0.5828325430521522,0.0,0
2011-08-02,6.238534170391204,3.797802179056319,3.33005363807504,2.625609668608922,1.004078425361712,0.0,0
2011-08-03,1.6420519280492598,1.4554594070679128,3.1651236825941798,2.502511086710585,0.3026760560108733,0.0,0
2011-08-04,6.529466423327052,5.624599271058311,4.339410306702645,3.357140079906634,1.1780117222993651,0.0,0
2011-08-05,8.51551153203058,4.557346925169421,3.806816338071719,3.352767716205681,1.2705939513753146,0.0,0
2011-08-08,8.627801506443683,8.297410178415213,5.30176450619234,4.694670132174629,1.5627005252899269,0.0,0
2011-08-09,7.929732103878539,6.941871111947373,4.798036741891668,4.403359534494975,1.3481527459110008,0.0,0
2011-08-10,5.775034373433671,5.910419486057691,5.386742067652566,4.633579044064099,1.0399297425510896,0.0,0
2011-08-11,6.03708246925874,5.437040965514118,4.752697137965433,4.516536683771369,1.0211206219656024,0.0,0
2011-08-12,2.8538695300984886,3.179798267009069,4.496711670576509,4.3977648765421495,0.5334864211824601,0.0,0
2011-08-15,2.2772622014079618,2.074096239635664,3.625543657745488,4.098559709533334,0.3871100131624559,0.0,0
2011-08-16,1.6613702627349198,1.9905450236584648,4.108261970478976,3.7818651265721233,0.3221824921750694,0.0,0
2011-08-17,1.80392861398584,2.4621233164078107,3.965991182551648,3.488776390796718,0.374883069035435,0.0,0
2011-08-18,3.3301491266503365,5.139920107820388,5.538892913872937,4.364039524242011,0.7415941653356926,0.0,0
2011-08-19,1.8973260749468757,1.9666436648245835,5.275473982022888,4.405037614030925,0.3423995882486843,0.0,0
2011-08-22,2.94809231538469,2.074126505040318,5.030425601716307,4.57265640688169,0.450250910767897,0.0,0
2011-08-23,4.3182336895739,3.783873887495912,4.043070680858748,4.039430452447356,0.7216322382745604,0.0,0
2011-08-24,3.995770654697922,3.884504716928003,3.3122864633785123,3.890378922802367,0.6996647559446163,0.0,0
2011-08-25,1.5495958161876802,1.868724740948239,3.5733422177158745,3.6722814220918463,0.3015145363721567,0.0,0
2011-08-26,3.781916783208844,3.4608685089610027,3.2546912785708013,3.702540032759841,0.6442474922174052,0.0,0
2011-08-29,2.9241258009077296,3.0780373949846687,2.8089681110495577,3.49494839206111,0.531622126870247,0.0,0
2011-08-30,2.8980594887574496,2.912337909919702,3.0207285929382706,3.88147539706746,0.5153658126812003,0.0,0
2011-08-31,1.833374177484541,2.1894354122663566,2.9612692608222435,3.7976843552435535,0.354939260724323,0.0,0
2011-09-01,1.879947766464546,2.321955384276839,2.27907679405968,3.7056062897068567,0.3703618232691833,0.0,0
2011-09-02,2.7119776216816427,3.644394558751894,2.6457153627061096,4.08134790977928,0.5588329960819315,0.0,0
2011-09-06,1.567122985321589,2.2458515525160223,2.417918423253946,4.337243577455497,0.3345792893593831,0.0,0
2011-09-07,3.808271328600224,3.409863401181669,2.1333614199561555,3.81633373506474,0.6441967119781344,0.0,0
2011-09-08,1.913057684695616,2.2025613476692105,1.6465435564578128,4.142129392884251,0.3646418720167516,0.0,0
2011-09-09,3.0384641269031234,3.007417589684561,2.373348484925549,3.8723383351505327,0.538015724191182,0.0,0
2011-09-12,2.4990293414907927,2.6622160644802944,2.081822766879604,3.800071971393361,0.4583146841639165,0.0,0
2011-09-13,2.31613001479128,2.185805422889319,2.340297678923481,3.994241604679612,0.4011747195256367,0.0,0
2011-09-14,1.9406866464770027,2.878986074289099,2.606813464564488,4.161139033943007,0.4251310733324583,0.0,0
2011-09-15,1.7983064167003893,2.2956074936112927,2.3435685190993767,3.7518079649480183,0.3638549860495197,0.0,0
2011-09-16,1.215527543852054,1.7038872076064868,2.705236201620066,3.8915265667441656,0.2592544252418197,0.0,0
2011-09-19,3.2843511898983047,3.7472140544306978,3.138260494879474,3.8418984229646673,0.6289464692431799,0.0,0
2011-09-20,1.774711152255826,2.082052492664804,3.157519877787971,3.982280436971996,0.3480573775135361,0.0,0
2011-09-21,3.146470384941322,4.197690583186634,3.6453682963588254,4.750897915046308,0.6644143199754452,0.0,0
2011-09-22,4.721207729319472,4.74018650244411,4.727594879145002,4.959218750251055,0.8610393289181084,0.0,0
2011-09-23,4.066570394008204,4.630659472040795,5.059176551945595,5.375060213480636,0.7894155220809009,0.0,0
2011-09-26,3.021224011342988,3.7297595638302137,4.647055644486591,4.896692074401896,0.6117316735061367,0.0,0
2011-09-27,2.8878603812076307,3.486703360017729,4.194995972827459,4.642376736337386,0.5778900156759861,0.0,0
2011-09-28,2.9298028631810884,2.882625145813294,4.711070665636642,4.758998885397553,0.5320967396206114,0.0,0
2011-09-29,3.170495949249136,3.70703298190343,4.43788981026846,4.174940823219772,0.6298136521381211,0.0,0
2011-09-30,2.1971879531208365,3.5009313954856616,4.640335454867151,4.492300269080737,0.5192231415534634,0.0,0
2011-10-03,2.601966106655204,3.816305933954936,4.539826990941996,4.511773988772969,0.5863602595975422,0.0,0
2011-10-04,2.921914691829824,4.159135353250308,4.003461331424515,3.961467476850062,0.6472087020794787,0.0,0
2011-10-05,3.527398672016566,5.133715033973616,4.4018826914546025,4.251737115538233,0.7919424499566843,0.0,0
2011-10-06,1.7750901872459834,2.119999264453775,4.388060974074349,4.01113669934311,0.3590866675220061,0.0,0
2011-10-07,2.4292234394781302,3.2682614731027817,5.211968360050036,4.499832524223245,0.5269960007326552,0.0,0
2011-10-10,3.230643763815217,3.4317072931009625,4.0741617383377,3.9946863073685406,0.6210258753285929,0.0,0
2011-10-11,2.0853480634355286,3.2500001656346864,4.811698201527418,4.698465154560629,0.4970543218918482,0.0,0
2011-10-12,1.4334562382333926,1.6867221582219882,4.061329718824797,3.717445752870234,0.2915274314528456,0.0,0
2011-10-13,2.5440317474784844,2.6516089432863894,3.694023627728265,4.097312508333723,0.4873425671211413,0.0,0
2011-10-14,1.720986697170941,2.056008032740947,3.3676252099872337,3.9625840982376026,0.358366845905386,0.0,0
2011-10-17,2.22996854124448,3.169785531510395,3.7157404079978544,4.10507376039812,0.5128314628314536,0.0,0
2011-10-18,1.7246662813039082,2.2970806409227738,3.183673697013641,3.84999347795254,0.3884079890234146,0.0,0
2011-10-19,1.8318405064532532,2.5748623538548903,2.9013180796090694,3.695454480721607,0.4257757894038502,0.0,0
2011-10-20,1.8282253662601144,2.351353059280293,3.542338831032965,3.513715213137022,0.4055474797109881,0.0,0
2011-10-21,1.9722858600291395,2.7477962519327748,3.453991284784901,3.106926202604094,0.4606434456717103,0.0,0
2011-10-24,2.3450598609892723,2.8973703465801144,2.6229112477466643,3.148130375659763,0.5149299091567752,0.0,0
2011-10-25,1.7255529273992922,3.144169997303269,1.7172888453541566,3.315359608048619,0.4786015566864664,0.0,0
2011-10-26,2.253866181792077,3.154465285993619,2.9996833895006247,2.6317618157256293,0.5326436756122205,0.0,0
2011-10-27,2.825884409742135,4.030839785103155,3.5347523320556102,2.728244460120211,0.6761831589509588,0.0,0
2011-10-28,1.4979185577250875,2.095201868418592,3.2850228903995182,2.2763366304319805,0.3543911882599893,0.0,0
2011-10-31,3.4590376826625366,4.865864475436816,3.39613317192508,3.3390329922415205,0.8210542322776606,0.0,0
2011-11-01,8.966795093432637,5.308593465106752,2.882245574957933,3.7538274873176944,1.383303837264691,0.0,0
2011-11-02,1.7321502909166444,2.589141412390281,2.4296871258953274,3.841935828204868,0.4190785652936171,0.0,0
2011-11-03,1.6855464066435752,2.023751117737994,2.3664476326273785,3.482901917745432,0.3662720146961009,0.0,0
2011-11-04,1.965510747520316,1.9365947475997785,2.4972764256169624,3.8097050272505375,0.3866057218544186,0.0,0
2011-11-07,1.959730498396569,2.575897391192419,2.259082027256441,3.372065934750366,0.452501560646476,0.0,0
2011-11-08,1.751496094485855,2.055150172406205,2.6243907631489534,3.3696637958485844,0.3798929761433661,0.0,0
2011-11-09,4.317407955779297,4.663208441979006,2.715701609881966,2.9933746622827155,0.8964477609026571,0.0,0
2011-11-10,2.53505439377715,3.390571605971355,2.8183042462960954,2.8466145865411456,0.5911479817419485,0.0,0
2011-11-11,2.3378986308032363,2.6227075456097206,3.3019582581399782,2.8628066901670994,0.5051751395974953,0.0,0
2011-11-14,2.140489612203313,2.611872820481123,3.168255068897582,3.2205605932789547,0.4843910911044459,0.0,0
2011-11-15,1.2476056213224398,1.566166656102101,2.7977759660111645,3.3488231844306577,0.2895412340321927,0.0,0
2011-11-16,1.8630961613353705,2.072008626707192,2.57473624298485,3.046538123492906,0.4051634568387792,0.0,0
2011-11-17,3.4516821632639423,3.823887164881216,2.641235293102041,3.123398353776408,0.7491159726382397,0.0,0
2011-11-18,2.5848654787472447,3.30328333963446,2.5716669419230285,3.373765535003859,0.608156028252758,0.0,0
2011-11-21,2.756946881219917,3.283958609375196,2.659935357363397,3.2355138383215167,0.6270481395129609,0.0,0
2011-11-22,2.268511468298052,2.62222109565054,2.1715704451493814,3.311416758449342,0.5095159799923613,0.0,0
2011-11-23,2.00626784970666,2.1113206394281456,2.367977327409672,3.4329162600086773,0.4303192722403411,0.0,0
2011-11-25,2.4878676259738395,2.5060490779641125,3.1517898730757508,3.67496112560274,0.5228971751557145,0.0,0
2011-11-28,3.591669176619328,3.193744629826824,2.725836230990444,3.196593437519816,0.712261712882514,0.0,0
2011-11-29,1.9662821026345692,2.110774359173964,2.830151985373928,3.284795403260074,0.4283579391424063,0.0,0
2011-11-30,3.763930139783449,4.073525873609339,2.1596053987024075,3.072491398977753,0.8256984029297894,0.0,0
2011-12-01,1.7169922453005784,2.015224759662665,2.042586178772355,3.226967953907704,0.393955618015106,0.0,0
2011-12-02,1.5276769961686274,1.7785086664812997,1.9764386595044523,3.287942438187752,0.3489665913951416,0.0,0
2011-12-05,1.928823010411257,1.9463096734799703,1.8468441337292705,3.5925476479757004,0.4086228811469825,0.0,0
2011-12-06,1.6361439944588154,1.726955564890584,2.247492148096632,3.531067802804668,0.3547385687842406,0.0,0
2011-12-07,2.202876320103526,3.005186333785577,2.015704796335368,3.317643293758982,0.5512397335468704,0.0,0
2011-12-08,1.7882917917851064,2.507379877712017,2.4526641475052373,3.3085617079633014,0.4548551196208301,0.0,0
2011-12-09,2.2245953241716285,2.7462724579723727,2.080176231494351,3.174588973343501,0.5258502564085913,0.0,0
2011-12-12,3.0275445420330827,3.5373085496616223,2.9114956520031936,3.2827057200121863,0.6941840531269482,0.0,0
2011-12-13,2.3414402576399067,2.9447272073133988,3.5637635462403363,3.7812587458990823,0.5592827084268113,0.0,0
2011-12-14,2.9528666953750817,3.887731122124701,4.487686764056953,3.945956728670765,0.7239912096153136,0.0,0
2011-12-15,0.9262912594043508,1.5463385085773669,4.622510442305325,3.991728768906918,0.2625650148275235,0.0,0
2011-12-16,2.3107115728952943,2.236108416169999,3.5923565385901832,3.6854066264779934,0.4815615931420197,0.0,0
2011-12-19,1.6583744834806375,1.941696437524688,3.707462101969379,4.049361912337123,0.3827946041856459,0.0,0
2011-12-20,2.741904045898138,3.394050183020429,2.8508768996585165,3.495053193545846,0.6527984847018603,0.0,0
2011-12-21,2.8921429265549268,4.036396537417006,3.332659756128446,3.7690771772870297,0.737998234077542,0.0,0
2011-12-22,2.9721936180141806,2.875979435339268,3.157336349003532,3.7877271465051834,0.6206377557746773,0.0,0
2011-12-23,1.5829196273384545,2.1690905778588565,3.02931538440883,3.25411314937858,0.3995759861952523,0.0,0
2011-12-27,1.6556460442344825,1.7280415372892273,3.018356644963675,2.90041210377377,0.3593695403719918,0.0,0
2011-12-28,2.492629855398854,3.213221291939938,3.1072823212963967,2.734066246286157,0.6072857737515367,0.0,0
2011-12-29,1.4163198347700878,1.391351987234413,3.637705010350207,3.009004737938408,0.2980100130935674,0.0,0
2011-12-30,1.8550577475441945,1.3452607697136656,3.666460532124169,3.0375785719876114,0.3394791062850898,0.0,0
2012-01-03,3.3488871792126718,4.033954755596827,2.783147934109381,2.6869563226511213,0.7885698721007535,0.0,0
2012-01-04,1.8071413047803937,1.9889272560314344,2.810548487056089,2.69988825987501,0.4058901721129915,0.0,0
2012-01-05,1.6839484595812029,1.6446033237004498,2.615852084313126,2.4509227211227045,0.3553487433860113,0.0,0
2012-01-06,1.979594903373742,2.120176064596801,2.788801598838277,2.978728816585233,0.4382081466845955,0.0,0
2012-01-09,2.3470902703334247,2.809905957925442,2.4018990600344603,3.1683175161251538,0.5520061114795429,0.0,0
2012-01-10,1.2446134536213866,1.533134027721854,2.11402478918432,2.976135634412827,0.2974398657955408,0.0,0
2012-01-11,1.597448612267875,1.717662843843684,1.928623268930225,3.271476799042951,0.3543572114411107,0.0,0
2012-01-12,1.1966267930834784,1.404030289378129,2.0159427794246496,3.2554382581863432,0.2783026648277823,0.0,0
2012-01-13,2.223413223102683,2.8078172438086635,1.8798092974463068,3.0963020814869173,0.5389136690067531,0.0,0
2012-01-17,1.909032523709475,2.403300267234868,1.7939029542976586,2.8733658598829392,0.4618914385428654,0.0,0
2012-01-18,3.53057415771051,3.5699361337341573,2.038058532936398,3.1436228862730755,0.7583775029892579,0.0,0
2012-01-19,1.9505858868716413,2.1000894410669875,2.7774005983517287,2.702497448445853,0.4345270204603196,0.0,0
2012-01-20,2.312640748617885,3.345651906776661,2.3828592392424044,2.985632637807132,0.6103941277762964,0.0,0
2012-01-23,1.5149378234067308,1.432364012189372,2.3561022076423286,2.7004715557917995,0.3170760838500712,0.0,0
2012-01-24,0.9410800826574328,1.347718890605167,1.9204028549912648,2.6369098912431546,0.249146388332841,0.0,0
2012-01-25,3.534913730988386,4.17740983496181,2.284105400698964,3.222012589814825,0.8365282111522436,0.0,0
2012-01-26,1.6810648387404623,2.101524259623139,2.535682461031981,3.1112913353565435,0.411478679554323,0.0,0
2012-01-27,2.115237084339447,2.359298521458908,3.19459801578748,3.3015911682112,0.4856621228631241,0.0,0
2012-01-30,2.82082324536834,2.4460792595938075,3.101091276450308,2.7362430176446884,0.580336147807696,0.0,0
2012-01-31,2.149726587244848,1.3706159296900944,3.084578636461416,2.5908057483407387,0.3855287683791413,0.0,0
2012-02-01,1.7001178716558325,2.04951556444044,3.29205320588851,2.7353469696006902,0.4216514018317036,0.0,0
2012-02-02,1.4439990133381164,1.6654399539115687,3.769071505926013,2.5450045247715627,0.3492597981630295,0.0,0
2012-02-03,3.7674239177507456,3.359903321942452,2.94358836983206,2.551520455429973,0.7951881990356919,0.0,0
2012-02-06,2.4428923428138205,2.114658637915533,2.669850756412018,2.5126163267745687,0.5080840305619048,0.0,0
2012-02-07,2.326657742465109,2.2228640130870145,2.4022447724589,2.529112486156624,0.508502746584236,0.0,0
2012-02-08,2.180190828492291,1.5704740468078433,2.062863692459936,2.518835480403973,0.4161378494248296,0.0,0
2012-02-09,2.917202698676709,2.555354948775541,1.869807071631772,2.159258113354153,0.6131266397588164,0.0,0
2012-02-10,4.261616905434221,3.122322980201964,1.895731773621776,2.3356758836870077,0.8230876880279965,0.0,0
2012-02-13,2.435304874982424,2.0910435403989887,1.8894263798801405,2.3644189086583696,0.5072567055425862,0.0,0
2012-02-14,2.021856294223487,2.4112429114714757,1.7503651954278885,2.5518351460623063,0.5026438244093487,0.0,0
2012-02-15,4.926313222870016,2.9532342596498427,1.9214589703653115,2.183549499651232,0.8670232675062083,0.0,0
2012-02-16,2.286790439010278,2.1240942583602838,2.0101130048458944,2.4868167562119434,0.4929204311888321,0.0,0
2012-02-17,2.686779010384962,2.328552815169277,2.3212392945722318,2.403746240714957,0.5607022582924424,0.0,0
2012-02-21,4.187178332640846,3.5510779051327286,2.859606781891166,2.444921738561001,0.8644193966871312,0.0,0
2012-02-22,2.4944460861821263,1.838851859032065,3.023318117854587,2.6332749646071165,0.4866038708787225,0.0,0
2012-02-23,2.5021227035572235,2.296638284693384,2.553001232095252,3.3007384542383376,0.5427111415741307,0.0,0
2012-02-24,1.9104675469134276,1.71162305841203,2.481753085473354,2.582533493743954,0.4102306883352912,0.0,0
2012-02-27,5.1220055069765245,3.768065880343824,3.1703821806025507,3.138369718815257,0.9898765690714476,0.0,0
2012-02-28,3.252427512324252,2.542276662237607,2.930371797960565,2.8557858743576943,0.6467107502895889,0.0,0
2012-02-29,5.311566251816553,4.8168806243718185,3.160403331635343,3.177244790030672,1.1217407045784051,0.0,0
2012-03-01,3.2210069232294845,3.050421327370016,3.90452429290864,2.9697588171626923,0.6958682896964836,0.0,0
2012-03-02,1.698593288199148,1.8524308998746817,4.038951319284683,2.8403546588991384,0.3964117417026278,0.0,0
2012-03-05,3.344946098965348,2.572520833356338,4.430512074849954,3.183979396939248,0.6521218816457603,0.0,0
2012-03-06,3.9347658245485313,3.196995679888123,4.163682000729943,3.317646100368807,0.78783999645674,0.0,0
2012-03-07,2.7752675973265952,2.431581949913036,3.627003712474158,2.840909076770805,0.5771135144396844,0.0,0
2012-03-08,2.24896473347923,2.191276289077324,3.733818366247202,2.968708984206504,0.4968576455614585,0.0,0
2012-03-09,1.9016756065119127,2.063154755332622,3.574899341746739,2.8140723777508714,0.45009437241175,0.0,0
2012-03-12,3.185463761440136,2.930780977906377,3.7628415559243855,2.972270322531956,0.6896566687572344,0.0,0
2012-03-13,3.682137749979298,2.458926191543868,3.5045194236608594,2.9321591416842097,0.683486771520196,0.0,0
2012-03-14,4.767066358044695,4.19483023684642,3.9788260210008137,2.962068613855419,1.0015096084657955,0.0,0
2012-03-15,2.8730096249197987,2.7049786470229744,3.867605961331667,3.121517749677268,0.6250431335270394,0.0,0
2012-03-16,2.232985392207652,2.148207603754446,3.7981081313771976,3.001160250155229,0.4984259795439474,0.0,0
2012-03-19,2.355965172536973,2.5302353889523688,3.5970222977863773,2.917304409514619,0.5581590195759057,0.0,0
2012-03-20,1.851088885577643,1.9169252297829928,3.3761402528927364,3.222452121826803,0.4298450130957365,0.0,0
2012-03-21,2.0864912801681825,2.1760121007677315,3.467095094997969,3.312505554672507,0.4872132560680884,0.0,0
2012-03-22,2.0894031352059708,1.3794916640490726,3.451417424084454,3.157056782995511,0.3897110444887868,0.0,0
2012-03-23,3.0531421967196746,2.238076157684264,2.8717791866076867,2.9335716314860383,0.596762193618648,0.0,0
2012-03-26,3.027072174615098,2.275056930236697,2.826301508543321,3.3555337322065464,0.6003983162196044,0.0,0
2012-03-27,2.5207358260744197,2.679127593842924,2.779342980828157,3.327656884343733,0.5969537099965416,0.0,0
2012-03-28,2.0932888194435875,1.6382489843204664,2.4833020078314885,3.386098754618651,0.4232228745456398,0.0,0
2012-03-29,2.238752247035221,1.7595248136716737,1.713003665332799,3.1895914715541567,0.4535515920047482,0.0,0
2012-03-30,3.869634126178778,2.782991955861845,1.7745882980267416,2.8830425467856893,0.7520255003734155,0.0,0
2012-04-02,2.7011956298672617,2.59223142528529,1.8449650565287212,3.1617053275724647,0.6052412481403656,0.0,0
2012-04-03,5.001669588867007,4.4088599602589,2.576337035368397,2.8794322645738983,1.0582261454144142,0.0,0
2012-04-04,4.054052631455495,3.599361461720809,2.422248148839327,3.725663450860362,0.8609031866370682,0.0,0
2012-04-05,2.149421254696789,2.270463610623476,2.1882000420432446,3.756023743260896,0.5009091166212517,0.0,0
2012-04-09,4.181425485823302,3.5649389076520106,2.480925897177226,3.716929518370532,0.8698380597989078,0.0,0
2012-04-10,4.060364782910237,2.22033938065972,2.56857703953618,3.8539493846702015,0.6922175183158613,0.0,0
2012-04-11,2.9198957901956373,2.708009198565765,2.390739621389828,3.2069244615430064,0.6342532238991605,0.0,0
2012-04-12,3.054164891573549,2.5257728962901163,1.9187741504753295,2.950800329804101,0.6257498204052313,0.0,0
2012-04-13,3.217141237385763,2.60753678357957,2.403516735612565,3.4261668720374514,0.6526308978319209,0.0,0
2012-04-16,4.29883064326208,3.8866680672631535,2.4438637287902734,3.310753594700719,0.9214768248383636,0.0,0
2012-04-17,3.786760529345395,2.904588918692373,2.4445736713431785,3.536716412241271,0.7479680537442819,0.0,0
2012-04-18,1.9886306755063328,2.199057242144313,2.4302173053726293,3.833889043838964,0.475525759236568,0.0,0
2012-04-19,2.5652543865077124,2.4948653108370253,2.3655475244446067,3.789171143357678,0.5714339365059139,0.0,0
2012-04-20,3.658246363024972,3.035871442094147,2.310767568580148,3.8742942541435847,0.7532698609022639,0.0,0
2012-04-23,1.6479429989649614,1.4274522898409117,2.736782093316643,3.9857695911662057,0.34672873613086,0.0,0
2012-04-24,3.0341366584781184,2.6069984777902224,2.912560611590622,4.089061122234001,0.6357674147072855,0.0,0
2012-04-25,3.968923322760439,3.579283144977854,2.196299307493146,4.061784140526022,0.8525420711658709,0.0,0
2012-04-26,2.6979577466563702,2.3616400328856124,1.9453504530874024,3.777259255139594,0.5707012357226822,0.0,0
2012-04-27,1.5389810648942852,1.659670499600262,1.93175391953434,4.020292560647253,0.3641729824181295,0.0,0
2012-04-30,2.284533861181556,2.088818961508218,2.1498885820219296,4.067579746037871,0.4942585552126209,0.0,0
2012-05-01,1.7853878419313371,1.9705986237079425,2.108064738147891,3.796053446920945,0.428067558817632,0.0,0
2012-05-02,1.838586302244108,1.8784265244212592,2.4677325167177684,3.458556032995376,0.4221716721805281,0.0,0
2012-05-03,2.181345874584249,1.9392422920385692,2.3622892617705724,3.851841708416536,0.465107235696958,0.0,0
2012-05-04,3.3264000080182328,2.81705563292854,2.686662197665273,3.695775090630152,0.6919322115027309,0.0,0
2012-05-07,1.3602236664444127,1.4490012211385888,2.450228976947407,3.523750538454164,0.3201293342825992,0.0,0
2012-05-08,2.508630128553807,2.453935682445412,2.816887609907958,3.356462421127985,0.5635604552214992,0.0,0
2012-05-09,1.6935734636979851,1.4893827805058086,2.659817633796812,3.6848556965248873,0.359714709740396,0.0,0
2012-05-10,2.3695674775344866,2.64610723709759,2.577747832592794,3.3550628606372257,0.5730237535425072,0.0,0
2012-05-11,2.0908704062069208,2.089567988472924,2.4255116944850545,3.397887507702122,0.4752033478898295,0.0,0
2012-05-14,2.175210462702887,2.222651109183027,2.313594617968495,3.952995725498488,0.5004233797891886,0.0,0
2012-05-15,1.5545257779887984,1.6265948495624845,2.86347861981556,4.125447088510965,0.3623634971956549,0.0,0
2012-05-16,1.5668907909167569,1.622588532594321,2.768121483843397,4.331717261320004,0.3631443483969762,0.0,0
2012-05-17,4.01898118205945,3.073756288528429,2.44078215855446,4.251641147934351,0.7964994380537487,0.0,0
2012-05-18,3.0063735049588933,2.6567561612593167,2.45143740993459,4.146069648526253,0.6401474774483382,0.0,0
2012-05-21,3.631756706936171,3.648529159913669,1.830988149688206,3.6867807451229218,0.8292382607197227,0.0,0
2012-05-22,2.208963358492456,2.4509721229430976,1.968362846392706,4.073995299273532,0.5332141113598845,0.0,0
2012-05-23,3.0503649577430445,3.2613318321603386,2.418664373063582,4.166942647774087,0.7209853812725238,0.0,0
2012-05-24,2.5913856523176158,2.8683772287544524,2.7165911015240445,3.2501726874932246,0.6256901320109838,0.0,0
2012-05-25,2.912362544953788,2.428059243330352,2.602042554891985,3.2738729663450408,0.6039149764215693,0.0,0
2012-05-29,2.974016324950548,2.367984834635477,2.604702899308292,3.430987538203751,0.6035079340026469,0.0,0
2012-05-30,3.6158534388008494,3.352698082958052,3.132254671196384,3.42526835498866,0.797850335481711,0.0,0
2012-05-31,2.132444654297676,1.8232568961422744,3.1377644620259137,3.0563404278463318,0.451046667738792,0.0,0
2012-06-01,6.209427402467474,4.913700490665852,3.4326090352834013,3.189048393510089,1.2405412712202424,0.0,0
2012-06-04,2.815065838227301,3.390036577446319,2.9244349696294947,3.096067334248031,0.707799086138783,0.0,0
2012-06-05,3.190202313583373,2.748039866250282,2.682911458047907,3.267304196780977,0.6653108478078056,0.0,0
2012-06-06,3.82244213847546,3.2784323323611115,1.6365857311760716,2.993252740502149,0.7953847736387365,0.0,0
2012-06-07,2.9750699796153133,2.80530466595488,1.6105352856950548,2.886648232125158,0.6507879364639281,0.0,0
2012-06-08,1.8657956362351116,1.651954202672751,1.7734687673176996,3.2455565611032817,0.3947067250824216,0.0,0
2012-06-11,2.22461666874592,2.247662535126816,1.800488433249959,3.5818185638900006,0.5053894028835442,0.0,0
2012-06-12,2.6641195676294225,2.726563334392787,1.400825942915582,3.22737365369053,0.6095943598838801,0.0,0
2012-06-13,2.0738781031888878,2.458935189710879,1.7579424898111564,3.614452404713916,0.5166212314183246,0.0,0
2012-06-14,3.0098785850558785,2.6988445417073312,1.8998974570259288,3.3940398470061406,0.6409803857610662,0.0,0
2012-06-15,2.078088131636207,1.6916961119623537,1.5520242549846168,3.352047805143857,0.4210772406892927,0.0,0
2012-06-18,4.667509039537409,3.823811368621444,2.1122593526119355,3.0298518876994214,0.9487866360740752,0.0,0
2012-06-19,2.453095558130392,1.9877485186867152,1.690390291604816,3.1328088018208766,0.4959097522487226,0.0,0
2012-06-20,3.0788678303634813,2.9960003028340423,2.1094426759107594,2.934214622883505,0.685103691478087,0.0,0
2012-06-21,4.146548375574891,3.632939705801717,1.0196214624735298,3.1637248334392023,0.8723980558792837,0.0,0
2012-06-22,3.1749374566693747,2.6256253865361416,1.4542406528545029,2.757955620254996,0.6484601820064648,0.0,0
2012-06-25,2.9418283991696708,3.060780952016047,1.6270816998770807,2.877745427627544,0.6793927967886371,0.0,0
2012-06-26,2.2694542150135084,2.3409025815749875,1.3042580499120948,2.9320149591849565,0.5215718340003177,0.0,0
2012-06-27,1.7031582191192067,1.4965083703489672,1.2950144655497662,2.968933304511538,0.358868971834322,0.0,0
2012-06-28,2.766257825805997,3.3664123092167797,1.489579137454205,3.593011964471902,0.6999241570681944,0.0,0
2012-06-29,4.66497137990164,4.354086525917862,2.0082457682328307,2.6877754453651552,1.0119831434143778,0.0,0
2012-07-02,3.2024354850168724,3.602931593792158,2.330183501236076,3.150696675498022,0.7710963679544762,0.0,0
2012-07-03,2.7088787269852497,2.5171282843983005,1.7767349064206617,2.645049281463211,0.5862468425943037,0.0,0
2012-07-05,2.275628450141597,2.757479405045263,1.904995959724475,2.657220759080736,0.5724794091779819,0.0,0
2012-07-06,3.138229982253567,3.205115993994345,2.1357307333190376,3.010604390849891,0.7151272291125532,0.0,0
2012-07-09,1.9378420663911795,1.846553360625921,1.9536790432236395,3.128338003439433,0.4250904529416635,0.0,0
2012-07-10,1.6740502455416493,1.910708129217054,2.238098798679523,3.0908015518403724,0.406482013167836,0.0,0
2012-07-11,1.941436013375855,2.5945533391408038,3.004763559780828,3.219131694216785,0.5185205505569002,0.0,0
2012-07-12,1.5374622942749332,1.7136545842944393,3.104893210478922,3.605471282262349,0.3681958468052886,0.0,0
2012-07-13,2.813194156866726,2.347785680336413,2.864964986227978,3.272058683125733,0.577242814289501,0.0,0
2012-07-16,1.2572640130650183,1.8060029749703288,3.0029445038954283,3.173785318890792,0.3526344198461936,0.0,0
2012-07-17,1.9607857435053435,2.1330418693063837,3.0669756660204457,3.1889509941239256,0.464457674850612,0.0,0
2012-07-18,3.367954827804804,3.5765395873267054,2.5387507174569026,2.87099413260005,0.7953841086334901,0.0,0
2012-07-19,2.358574096273069,2.810894074891208,2.269622300706802,2.613687445075639,0.5953127739794954,0.0,0
2012-07-20,1.4444162041801205,1.8306358280958488,2.4289216703540832,2.759726448911996,0.378236746753723,0.0,0
2012-07-23,3.0617214013414946,2.653278192754248,2.637893773584399,2.931113442780002,0.6482560348704101,0.0,0
2012-07-24,1.9318780755154328,1.7676058318562415,2.639957151342955,2.9540938513571677,0.4207236568851538,0.0,0
2012-07-25,3.8722037991078975,4.361302347003994,2.414122816808169,2.821418743121519,0.9427691941672832,0.0,0
2012-07-26,2.46959265298503,2.098466094217819,2.38521689857472,2.8797500300845136,0.5162861221409523,0.0,0
2012-07-27,4.876600646234368,5.482533870455277,1.7300834025709124,2.385260087228334,1.177658842543046,0.0,0
2012-07-30,2.2744970687582837,2.915031916525821,1.766150972974342,2.600460243011278,0.5936615693812026,0.0,0
2012-07-31,2.437960061339468,1.943339215137068,1.8010320114141398,2.3941900236536267,0.4898359607379968,0.0,0
2012-08-01,2.427639904418869,2.795142544877231,2.2601732284808245,2.21116599657715,0.5986730124403736,0.0,0
2012-08-02,3.571912300395468,4.187390540765974,2.395970576447943,2.2794787075184884,0.8897501054948442,0.0,0
2012-08-03,2.605901474371895,3.6709780830480536,2.5639514495521256,2.3673832467471736,0.7297181975898392,0.0,0
2012-08-06,2.134271628410695,2.117426774596073,2.2652355853755224,1.9922759676134516,0.4898639071686418,0.0,0
2012-08-07,2.724381137035391,2.7634628039072795,3.040665657056244,1.8226969317272728,0.6344060289524411,0.0,0
2012-08-08,2.145155207563256,1.7707982673265767,3.056037595369948,2.3745278430857057,0.4591749050295385,0.0,0
2012-08-09,1.8814963530205384,2.57721062454681,3.8093378777979994,2.7418008748916995,0.5372691412943809,0.0,0
2012-08-10,1.564676015747568,1.8424672144266705,3.455902065470936,2.880625104094348,0.4099706301011582,0.0,0
2012-08-13,2.5700286375030483,2.7857972593001,3.714812326693292,2.936763905653967,0.6435829776149042,0.0,0
2012-08-14,3.2111721809300504,3.1752876891304007,3.809886323368981,2.494100584175542,0.7662792909770197,0.0,0
2012-08-15,3.1750182043435933,2.916333996334004,4.029581011574567,2.130467272011415,0.7299904624053551,0.0,0
2012-08-16,1.600351167120518,1.555909476296053,3.5543979513890624,2.117808188608202,0.3785991382277808,0.0,0
2012-08-17,2.191813165993584,2.2182862402714187,3.6018327529643908,2.501558347175753,0.5293467272905886,0.0,0
2012-08-20,1.5316659058013693,1.5494868957515742,3.816629208547423,2.216074989030913,0.3698298683090751,0.0,0
2012-08-21,1.864214753382747,1.817780434548762,3.968698273058056,1.9250096935395704,0.4416831602425961,0.0,0
2012-08-22,2.8699339530542467,2.9013450464994386,3.6130891853560367,2.310640104312868,0.6949619900011164,0.0,0
2012-08-23,3.031957710351397,2.8710940068431,3.477738147678594,2.4525082446263475,0.7101482570734963,0.0,0
2012-08-24,1.1256621436455942,1.241319672769861,2.4789549934544857,2.560082164831271,0.2853885194155393,0.0,0
2012-08-27,2.0813393055085414,2.1889838309528047,2.735672460787064,2.145312761155991,0.5145189213287826,0.0,0
2012-08-28,0.8015474234861809,1.0701331708309323,2.744732762220582,1.6109633514761132,0.2262951757619923,0.0,0
2012-08-29,1.643498084274153,1.3867891451454208,2.73020370273376,1.4493971091144242,0.3639344173302845,0.0,0
2012-08-30,1.5241063355459838,1.5598025623410985,2.7038031880435427,1.346914942806695,0.3714228423448515,0.0,0
2012-08-31,3.787143935809508,2.9734498821704807,2.117934514413184,1.579424167550843,0.8110895718277795,0.0,0
2012-09-04,2.0923771713905093,2.698773620318619,2.4311811157369814,1.8488516138982207,0.578986670453348,0.0,0
2012-09-05,1.5541214006428088,1.234415077712049,2.274766260155729,1.943259776048976,0.3346056413948804,0.0,0
2012-09-06,2.809850701494204,2.6686070087124545,2.2163814164010147,2.031716767677567,0.659097219460173,0.0,0
2012-09-07,4.890321133767144,3.6013630655977744,2.6475541696732106,2.8967914858202706,1.0140063529254255,0.0,0
2012-09-10,3.845190356548224,3.508218801505585,2.823754673781344,2.482603247694935,0.8811391115218397,0.0,0
2012-09-11,2.0079853320596697,1.8718901888432031,2.760949952007195,2.4153465329632446,0.4650785338332568,0.0,0
2012-09-12,2.5928833839509826,2.4648795706210938,2.6321496673151805,2.601759066960106,0.6064650321798748,0.0,0
2012-09-13,3.3628214660122056,2.747625739397027,2.63543001528922,2.7214961649868097,0.7308837342372262,0.0,0
2012-09-14,4.315133798434557,3.736350790618983,2.90130197436182,2.922582454927392,0.9629240078886508,0.0,0
2012-09-17,3.4163686704312948,2.5227216840051683,2.588145588246133,2.966356663683794,0.7084036975123851,0.0,0
2012-09-18,1.785503812320376,1.6979355286120663,2.3513874208606027,2.7163102956512124,0.4172631342275811,0.0,0
2012-09-19,1.3046537692951028,1.286278405629222,2.221425041776826,2.89511421632546,0.3105433500833018,0.0,0
2012-09-20,1.8714122388371224,1.4161621002891474,2.2042311112305097,2.741945824941085,0.3922951668708403,0.0,0
2012-09-21,1.0996934311685995,1.1134272961910112,2.178374312823739,2.7668875520895493,0.2656742319775517,0.0,0
2012-09-24,1.8911560057982355,1.805281494067836,2.1685248563682293,3.082482801566026,0.4433138248851476,0.0,0
2012-09-25,2.408766979191157,1.834678659797706,2.418778687664137,2.5361841293963208,0.5070581143372894,0.0,0
2012-09-26,2.5250165236818063,2.526386845609875,2.226452519733225,2.46270818735568,0.6062789114042211,0.0,0
2012-09-27,3.071872652055664,2.7886888905462137,2.2571557718105897,2.2602427595360743,0.702282620203468,0.0,0
2012-09-28,1.4582198679974905,1.3180359424355608,2.248321018059566,2.5775549885933584,0.3326606112452149,0.0,0
2012-10-01,2.708219846145091,2.2344090427673278,2.429826905512825,2.4917998324381334,0.591366570862234,0.0,0
2012-10-02,1.898023947837513,1.8617270269524144,2.163354411600753,2.40299406603408,0.4511065226974263,0.0,0
2012-10-03,1.7049605568370558,1.862798073055776,2.044012146368681,2.7026798770208584,0.4288221755498593,0.0,0
2012-10-04,2.268263330213032,1.8068586914914515,2.457231374266865,2.522134136967145,0.4872961752257625,0.0,0
2012-10-05,3.1639866830175807,2.6146323048336653,2.207005161619076,2.7834375806442635,0.69140753986885,0.0,0
2012-10-08,3.132463630760081,2.917698637173832,2.0751346020277097,2.7213199762886804,0.7253060534025775,0.0,0
2012-10-09,3.088405260826152,2.769332658894863,2.0890635256028105,2.7076353191468097,0.7018034632148623,0.0,0
2012-10-10,2.4401329289770284,2.377024426905538,2.164185630306477,2.458963667058221,0.5779125126716398,0.0,0
2012-10-11,2.159163123588764,1.930042411725986,1.991487811921384,3.295870518528324,0.4898943195398868,0.0,0
2012-10-12,2.2895450097972128,1.7268438883289536,2.568287005144488,3.068462825478828,0.4798510832574848,0.0,0
2012-10-15,3.5383624915307763,1.8105828912361803,2.3780383274295893,2.777479187451086,0.6352321529578535,0.0,0
2012-10-16,2.885961247609436,2.4267172889250053,2.109614042544752,2.9761027042375847,0.6358371628769539,0.0,0
2012-10-17,2.801265503147237,3.640085999239576,2.39680050579847,3.914550649300816,0.7763746067036654,0.0,0
2012-10-18,3.158153507602269,2.6008786955167618,2.976058942147969,4.117344251317678,0.6890257627412139,0.0,0
2012-10-19,3.637187907417718,2.800134006666054,3.550124567467144,4.221160723482514,0.7693411938564332,0.0,0
2012-10-22,1.5395990150688013,1.5892036224764388,3.1178852586754244,3.694738483094596,0.3757153150364492,0.0,0
2012-10-23,6.618454010145193,4.139747675787893,3.209393127669351,3.745619878360934,1.2784051670174603,0.0,0
2012-10-24,2.9057881677954955,2.698558627759088,3.2179246418936724,4.153693579363966,0.6701760224830149,0.0,0
2012-10-25,2.489214796338321,2.500039640759751,3.5888862124054133,4.142739962912682,0.5973804120268522,0.0,0
2012-10-26,2.8375490353643813,2.5288651863221987,3.051632831001989,3.912624583162624,0.6412957855253971,0.0,0
2012-10-31,3.291238349184374,3.0716571924572085,3.131902386767981,3.665135859759449,0.7609453186002826,0.0,0
2012-11-01,4.006937270882649,2.6718599222079256,2.950297834938334,3.361288855006033,0.7944371818512093,0.0,0
2012-11-02,3.541093180145067,2.606333831709482,3.4438512247696917,3.7281695368850776,0.733324284378694,0.0,0
2012-11-05,3.092153717989619,2.484965666480522,3.346666016945189,3.398145481087916,0.6661949279052178,0.0,0
2012-11-06,3.677474632266684,3.2170644833572064,3.0818733162947045,3.5473345619572743,0.8246499614571913,0.0,0
2012-11-07,5.202974880180385,3.5658777327956663,3.579247825225311,3.8612388546237177,1.0434968325911682,0.0,0
2012-11-08,5.273132865874025,4.1265526626193205,3.234407125571504,4.055804386793153,1.0960561187109814,0.0,0
2012-11-09,2.491676643658113,1.582376382100111,2.9590761276539057,4.03877904019495,0.4727825304948773,0.0,0
2012-11-12,2.996423017894383,2.58766583298861,2.932081407910177,4.056584575618153,0.6527325866382407,0.0,0
2012-11-13,1.3012946938444254,1.4326113403179563,3.32972325936932,4.448303210841099,0.3213938025736877,0.0,0
2012-11-14,2.770948021403845,1.9258419646062923,3.332658079228293,4.484564988377509,0.5462570134217795,0.0,0
2012-11-15,3.014985515770271,2.1568692507272424,3.64190172426675,4.642312921316574,0.6019077908226043,0.0,0
2012-11-16,3.53418385436439,2.791204604406029,4.259851119109015,4.800811768510616,0.7378440430938953,0.0,0
2012-11-19,3.724422676429942,2.8742613208069883,3.706370028137282,4.469709108436265,0.7693103740733258,0.0,0
2012-11-20,1.7618099539331094,1.6631237442113198,3.44288207470787,4.359953540974475,0.401182006129502,0.0,0
2012-11-21,2.036272932966061,2.0706867865557776,3.1965335611514574,4.285547059742489,0.4819119571307909,0.0,0
2012-11-23,3.3032704396901886,2.669379360466167,2.983235143142835,4.347303285322308,0.6970699795052787,0.0,0
2012-11-26,1.993624010281548,1.781853464006703,3.0726263182647786,4.162829296903452,0.4416766380364779,0.0,0
2012-11-27,2.8278031834884447,1.8762745305082975,2.9608641813048098,4.136662353849316,0.546526344501719,0.0,0
2012-11-28,3.478937677941463,2.52134293882282,2.570145268497218,3.6713225102968687,0.6985300790404496,0.0,0
2012-11-29,1.1788663409545397,1.1060349721057832,2.5834126971377542,3.602718399107716,0.267605037044483,0.0,0
2012-11-30,1.914776672255052,1.9183663025907391,2.334182608316499,3.6176790537896233,0.4496252584588009,0.0,0
2012-12-03,1.9704150505230305,1.8119624813277375,2.1820471242883213,3.5007804016146795,0.4427793004250483,0.0,0
2012-12-04,2.5739152566558685,1.8717042392281804,1.8127857896177515,3.538766943208753,0.5175822951797485,0.0,0
2012-12-05,3.800094769584528,3.9443558483006016,2.222581894146961,3.2499317682568454,0.9091729276803936,0.0,0
2012-12-06,2.070989736626024,1.7440601787777072,1.8040648350395376,3.6762267800467914,0.4470983106501726,0.0,0
2012-12-07,2.712254637531584,2.960621838844512,2.081613428450456,3.662040100170386,0.6691616313567428,0.0,0
2012-12-10,1.310700255269257,1.0714784562638782,2.251825206606473,3.932268001155257,0.2789681807218821,0.0,0
2012-12-11,2.5213341736818813,1.7863856714564463,2.190418404655755,3.4569802384522985,0.5026752599558509,0.0,0
2012-12-12,2.161485963370485,1.9007058120253577,2.2275506397258185,3.9071369261283855,0.4765775031445505,0.0,0
2012-12-13,2.777899558777463,2.522825055239482,2.635085569583563,3.818904941785743,0.6223858735898203,0.0,0
2012-12-14,1.944645732652798,1.919986626798316,2.5936168666292887,3.926651231016332,0.4547195584934199,0.0,0
2012-12-17,3.1576694979149407,2.6785029613175566,2.560426202718362,3.848825910942333,0.6840841618101969,0.0,0
2012-12-18,4.400997170810083,2.3907402875145283,2.565668971174284,3.672691908925726,0.7823693310719158,0.0,0
2012-12-19,3.153234118596322,2.78159908467924,3.2032177567041566,3.8608523044968006,0.6926484573484878,0.0,0
2012-12-20,2.743086727248255,2.114677960440399,3.3324084420399074,3.839323181599838,0.5648404486293166,0.0,0
2012-12-21,2.182031654026739,1.7707616444636889,2.956517908877949,3.930570612008737,0.4602637092975469,0.0,0
2012-12-24,1.228866809212115,1.2484164312411556,2.6641252509724302,3.823385210536409,0.2902550237761598,0.0,0
2012-12-26,2.640508915727707,2.4123028008347647,3.3136332226067484,4.042100087642313,0.5902810754949595,0.0,0
2012-12-27,2.3637606324611977,2.064149075694928,3.1856568242232743,4.213607429153249,0.5166319244641939,0.0,0
2012-12-28,3.888486128807145,3.690031740064278,4.144368233519591,4.376582068380704,0.8862733893018924,0.0,0
2012-12-31,4.62376900942421,4.107771984082521,2.812588120539496,3.9112211505127874,1.002419591391177,0.0,0
2013-01-02,4.36879447134496,3.501400485370933,2.6035096695135973,3.80536397893172,0.9004977729569987,0.0,0
2013-01-03,3.395509873413011,2.6495649223948554,3.151228906905456,3.911169427023631,0.6910684496872271,0.0,0
2013-01-04,2.60944214934316,2.867237986927414,3.356036146218664,4.003737857237523,0.6331343334400841,0.0,0
2013-01-07,1.5227618208110263,1.6404340935314328,3.3148767812453106,4.129643399478137,0.3654472409235079,0.0,0
2013-01-08,3.6303894023260623,2.476037985148712,2.965154146382339,3.9256057801049664,0.6950577948523131,0.0,0
2013-01-09,2.186320795606322,1.9919150483137025,2.782309975998237,3.632888702410014,0.4800761938787821,0.0,0
2013-01-10,3.5012873217769958,3.37617204914808,3.225263435614129,3.950698061323774,0.7916854086535746,0.0,0
2013-01-11,2.8409111694103286,2.749674105127456,3.607980458425627,4.213104654042267,0.6436283698802014,0.0,0
2013-01-14,1.7961471021043114,1.9136834070970932,3.408495081807536,4.242615820075969,0.428446031056351,0.0,0
2013-01-15,1.9931137278519904,1.6472941766311888,3.151945612647688,4.217101007696023,0.4169488807943042,0.0,0
2013-01-16,2.55959119743608,2.038348174754726,2.6751365102658675,4.266756486535355,0.5259810682031529,0.0,0
2013-01-17,2.7480457542018564,2.2808116677278623,2.933797231523444,3.997394161623236,0.5760520297280807,0.0,0
2013-01-18,3.651928520615873,3.3091583139870684,3.48012273872692,4.416566197552916,0.7996812231613601,0.0,0
2013-01-22,1.940648324511189,1.2505205995693218,3.54351749681292,4.324245162275576,0.3625760227829206,0.0,0
2013-01-23,3.053749669885408,2.9825216245018358,2.778964599297848,3.8866078221754887,0.6951448042373007,0.0,0
2013-01-24,3.336517333050365,3.506718695945075,3.177792539026079,3.964077727115657,0.7927502326836786,0.0,0
2013-01-25,4.663760115773596,4.951662696932006,3.421497796665302,4.250905176536156,1.1064526771677028,0.0,0
2013-01-28,1.714670965362228,2.064507263205114,3.2651754956659107,3.950892172356561,0.4366817250911566,0.0,0
2013-01-29,2.769565677340468,2.281548787520368,3.285209110336256,3.831260429675204,0.5763480062866407,0.0,0
2013-01-30,2.3433029764428275,2.016132904921788,3.4064077714188894,3.830843275587617,0.4981440563434988,0.0,0
2013-01-31,1.4791840398428877,1.5652577553803722,3.1166621152069105,3.746910927065586,0.3502869574019925,0.0,0
2013-02-01,2.9367169332466254,2.598541158875134,3.14406247474014,3.979413638111037,0.6330933761843534,0.0,0
2013-02-04,3.342012993142048,3.4593278210307346,3.6016786079096623,4.226396767912148,0.7819745586707897,0.0,0
2013-02-05,2.231990000059035,2.051008256988766,3.1260493283298443,3.8413238570856176,0.490483382525525,0.0,0
2013-02-06,3.072909524851392,3.10389603394826,4.227773876379521,4.414784505238423,0.7095919031741866,0.0,0
2013-02-07,1.7899126784297188,1.7352090572538086,3.929419173078507,4.493872017641454,0.404412882278313,0.0,0
2013-02-08,2.119466536335225,1.6096094249265442,3.329584565654616,4.499575971750266,0.4243558599440472,0.0,0
2013-02-11,2.916360681901686,2.5572508976595474,2.5314248139566247,4.127182549586537,0.6258537514997776,0.0,0
2013-02-12,2.7720392695888827,3.6577176598907175,2.770175898608841,4.634415831361387,0.7451750750348679,0.0,0
2013-02-13,2.611063849622933,2.4918263730471755,2.3314800448675896,4.0448205432902,0.5851132042983251,0.0,0
2013-02-14,2.644379114924593,1.9484445941973312,2.5464410990526725,3.705369390368101,0.5221276516102966,0.0,0
2013-02-15,2.9293513486392264,2.0443232661346795,2.4584103165820124,3.7032838896639815,0.5644196781918893,0.0,0
2013-02-19,1.6996270581741495,1.899134789066588,2.471462821953507,3.9235485634462055,0.4156979207430818,0.0,0
2013-02-20,5.240321470584906,4.140803516917256,3.511802109468908,4.432799670911021,1.0651924547850031,0.0,0
2013-02-21,3.010735042209699,1.8462436221214376,3.57054732254539,4.243114273969322,0.5472111747964048,0.0,0
2013-02-22,2.556517894642252,2.0521657238704374,2.865546922630183,4.023290246548169,0.5235567345223895,0.0,0
2013-02-25,6.964146265890792,6.650758388083508,3.680336042623933,4.949075804506186,1.5514525421177447,0.0,0
2013-02-26,4.1442106984095,4.599429508729657,2.592874352042562,4.156285571812897,0.9995603244639292,0.0,0
2013-02-27,2.9522245357343384,2.653024774970401,2.544603535541039,4.096021799356469,0.6367600014811706,0.0,0
2013-02-28,1.680936687322284,1.6393962052327806,2.96428234319082,3.961283511819148,0.3781856963036059,0.0,0
2013-03-01,2.350851281375067,1.5639328527512484,3.015912536209192,4.053900278989438,0.4408846937263018,0.0,0
2013-03-04,2.544074463778426,2.663223082436058,2.755710261440749,3.822822764878362,0.5956861083413438,0.0,0
2013-03-05,2.0580259099619256,1.5604577449559192,2.501052122706884,3.58999530222318,0.4101462570989383,0.0,0
2013-03-06,2.3319650563829843,1.7336345505434925,2.3632840445215795,3.4336257541763544,0.4605693514602796,0.0,0
2013-03-07,1.7115253180664234,1.880243390728365,2.1967864100228502,3.4478340772789755,0.4114433752451511,0.0,0
2013-03-08,2.2287554225477737,2.511015980912807,2.05856883642681,3.5608166991940053,0.5433382349547072,0.0,0
2013-03-11,2.242421923696299,2.712480130505083,2.0798612393151843,3.70484114077832,0.5691417089339617,0.0,0
2013-03-12,2.2210539143832806,2.156229257619469,2.5562792331744744,3.789219682606245,0.4996601289774274,0.0,0
2013-03-13,1.7826988889704238,2.003017449172505,1.9163723965765371,3.446018947013458,0.4339377679230715,0.0,0
2013-03-14,0.8040046534246639,0.9151569185701658,2.289165592324726,3.3539892410086423,0.1971313759084666,0.0,0
2013-03-15,2.5506474558036394,1.836354466927705,2.4109370533851693,3.3256879539697586,0.4965310568884103,0.0,0
2013-03-18,4.197224200971023,4.221116555155,2.497263936872507,3.5192087499599816,0.975363566846668,0.0,0
2013-03-19,2.045348274444428,2.1786138033724067,3.042106159106776,3.619973238439036,0.4899738031501563,0.0,0
2013-03-20,2.3356792070181718,2.724508409000096,2.088289524685003,3.3567877529039243,0.5880675090214664,0.0,0
2013-03-21,2.6601368747587912,2.9520232826905284,2.02944381100552,3.497224999174942,0.651550331262395,0.0,0
2013-03-22,2.468949273256732,2.55881464580249,1.882914994760458,3.5291478171259625,0.5828858785896651,0.0,0
2013-03-25,1.589883918665645,1.0387934677938069,1.802988064079672,3.07913693255554,0.3019000568902502,0.0,0
2013-03-26,2.1184193309643486,2.3420910438703446,1.5496791773498095,2.783566272013688,0.5178085380936909,0.0,0
2013-03-27,2.493449244650555,2.0082017385017745,1.7009267136216224,2.935370706058751,0.5191946099623679,0.0,0
2013-03-28,1.4145219267676865,1.538416637754067,1.6492826926416435,3.1899747338277527,0.3426833342979409,0.0,0
2013-04-01,2.89470105830482,2.519854736162419,1.4919322113437994,3.462410009490972,0.6254793643807243,0.0,0
2013-04-02,4.052928363940593,3.500494820677506,1.4660757813679457,3.346233004192205,0.8724166064203931,0.0,0
2013-04-03,2.973169321318752,2.3095833511038206,1.9046915631058412,3.8987402448708033,0.6088335530698352,0.0,0
2013-04-04,3.548512744698588,2.7690568496120926,1.99715740212021,3.992470656062416,0.728162788325434,0.0,0
2013-04-05,5.853114590957308,7.024093432380275,3.247431077402633,4.423531198607599,1.4739746987063258,0.0,0
2013-04-08,3.2485879437291167,4.207737492523978,3.753435741228609,4.384755257144586,0.8641837396301009,0.0,0
2013-04-09,1.7493379868565933,1.5608580286568543,3.38826397507162,4.224746943570044,0.3810268967337935,0.0,0
2013-04-10,4.183384760638727,2.8658546499480977,2.756655140371179,3.898666659164525,0.8075053864027887,0.0,0
2013-04-11,1.7186466291511318,1.6429372195650764,3.440716804025945,3.822652520258024,0.3874359968651042,0.0,0
2013-04-12,7.92457566903242,5.334360457801278,4.190555394074184,4.221279633058942,1.4902890562428253,0.0,0
2013-04-15,11.493341668471732,11.08631893307042,6.395657246962933,6.407763877203956,2.5532541107337794,0.0,0
2013-04-16,3.048098334342431,4.257838944784763,5.007374208501112,5.600771507000971,0.8336084825258503,0.0,0
2013-04-17,3.32799501457101,3.5667189308005094,4.900903975027455,6.118239807754065,0.78134036643177,0.0,0
2013-04-18,2.7024138586326387,2.343035370289623,5.117516127289656,5.8775875411548695,0.5686102817037473,0.0,0
2013-04-19,3.58382703098072,3.99063418788724,4.365212824113979,4.91442420385068,0.8592284885054109,0.0,0
2013-04-22,2.675832643482286,3.467340976214834,4.281930198453101,4.4457998574792645,0.6996003109956523,0.0,0
2013-04-23,2.387484504496364,2.23027397701365,4.277999626809344,4.443669658550856,0.5214274387141462,0.0,0
2013-04-24,2.553919530412786,2.400091512682073,4.366523325000504,4.183535072471489,0.5594841907471608,0.0,0
2013-04-25,2.474179650525661,2.4773336086730504,3.5188319299588837,3.994151998831234,0.5601313513864019,0.0,0
2013-04-26,2.108646731431904,1.90055480015758,3.728401087961507,4.126953228881325,0.4522864451317917,0.0,0
2013-04-29,2.666985697619846,2.890954836279011,3.3357274525169376,4.0632515525898105,0.6304198465431488,0.0,0
2013-04-30,1.468937232728337,1.194679714668854,3.680698278727211,3.947575816519578,0.299840598356668,0.0,0
2013-05-01,2.871482664478364,2.1947189305974644,3.5415299779866367,4.0282794360603855,0.5693680974488367,0.0,0
2013-05-02,1.987565286644418,1.4637263355880297,3.2778249118257548,4.057582633489305,0.387499390139822,0.0,0
2013-05-03,5.067234960807297,3.5480792683291527,2.765218148328882,3.649258033838344,0.9658212822356848,0.0,0
2013-05-06,1.6383893599291033,2.183716948759287,2.8293038871519216,3.3953619504680748,0.4358048602200565,0.0,0
2013-05-07,2.0997463067013684,1.9777258523581749,3.2395354383450723,3.662940688257167,0.4606930366110644,0.0,0
2013-05-08,1.9528773834280664,2.019701714034599,2.523492382196922,3.4410764355264742,0.4503193216129598,0.0,0
2013-05-09,2.8883228640982104,2.628084675459169,2.911537738230205,3.613589613679852,0.6238712018626824,0.0,0
2013-05-10,3.38961754605601,4.111280754166924,2.586857093573065,3.311588651114227,0.8569211135393316,0.0,0
2013-05-13,2.5949366193824925,2.780595204046519,2.67042324504679,3.5354947753508803,0.6119707432373357,0.0,0
2013-05-14,2.767489320331276,2.3342971706416997,2.6184833879530887,3.656343532007607,0.5768668533006929,0.0,0
2013-05-15,2.7002237804249174,3.0911013948879598,2.6855920506598787,3.791447396731869,0.6605401041100714,0.0,0
2013-05-16,2.3915803328414964,2.34967223146094,2.639962876300444,3.37045953305442,0.5384324342710731,0.0,0
2013-05-17,2.6800727085899707,2.7717051490242803,2.3941928694974024,3.5174476568556807,0.6200259831066537,0.0,0
2013-05-20,2.655426516161574,3.27139580935575,2.2227160429085293,3.312923324060621,0.6773905524463257,0.0,0
2013-05-21,1.9161429328701645,2.440582264805851,2.402672616466905,3.0447132807597987,0.498403638531958,0.0,0
2013-05-22,4.289094958058155,3.002957623757058,2.8418692803767747,3.4096794887177344,0.821805168183695,0.0,0
2013-05-23,1.9821372125495995,2.481427842467109,2.935318930296588,3.265933539313437,0.5116969681637551,0.0,0
2013-05-24,1.3128719390455643,1.5336418220916053,3.050744749395857,3.087044926735711,0.3256632976120382,0.0,0
2013-05-28,3.9788580831303335,3.95247171764112,3.9210240122304327,3.3399379152713027,0.9030881680169284,0.0,0
2013-05-29,3.0177194989219984,3.1796773013717767,3.7696884823702126,3.1979722638687686,0.7068854386230821,0.0,0
2013-05-30,2.7383575127469237,3.1337870682251547,3.553955266749125,2.9094078440015023,0.6714151506678454,0.0,0
2013-05-31,3.6410693944206223,3.148732982943017,4.588361247503821,3.495462770001886,0.7699484671525691,0.0,0
2013-06-03,2.842212351507408,2.872148361319732,3.780253074821666,3.212437187197187,0.6509859560106193,0.0,0
2013-06-04,3.422864458250722,3.1666571429471224,3.996830728317932,3.321294831114182,0.748728535156838,0.0,0
2013-06-05,3.0937386107255755,2.1328402714423578,3.869794549183432,3.6809620012231528,0.5888945098459901,0.0,0
2013-06-06,2.512412910254961,3.05269897843789,3.762617059381829,3.7007059367493698,0.6375277714518583,0.0,0
2013-06-07,3.2378473842247963,3.922305788090037,3.814309916964849,4.116581100594742,0.8201807535132574,0.0,0
2013-06-10,1.6571845153912823,2.243458041625072,3.856945798124543,4.117729978197611,0.4482423482376412,0.0,0
2013-06-11,2.2930248372287387,2.6159964840145795,4.097359988379248,4.357134648259424,0.5613366908509754,0.0,0
2013-06-12,4.970125173505856,5.499374449963309,5.035479629250894,4.312127789489344,1.1929710656397332,0.0,0
2013-06-13,3.634523544007644,3.738521233445726,4.506841184505344,3.957691732124272,0.8384011825708884,0.0,0
2013-06-14,2.554969664259897,2.8076341623038736,4.820943815887741,4.017805998521188,0.6109350454111931,0.0,0
2013-06-17,1.9197300322075104,2.5293296291302383,4.970557360515342,4.397268466942096,0.5094452777060527,0.0,0
2013-06-18,2.0898453524767926,2.2456059437086067,4.980800002400217,4.295163199711997,0.4936030122461639,0.0,0
2013-06-19,4.800904306241231,4.723506503211823,5.072043763502222,4.406073802445642,1.0727851590356292,0.0,0
2013-06-20,5.303238283154631,6.788861026988734,5.740746765069495,5.82211085426054,1.3586969752794036,0.0,0
2013-06-21,3.288306987660168,3.4854913152179234,5.900709729706353,5.755060504952504,0.7560588723338018,0.0,0
2013-06-24,2.258289026362546,3.160700722047588,5.6459969580176255,5.975418738946254,0.6107765457487763,0.0,0
2013-06-25,2.3553948000986877,2.881892655882522,4.784006089817702,5.669908349101322,0.5875419700138653,0.0,0
2013-06-26,3.701136023132885,4.752382256559788,5.004177519407361,5.397762086571918,0.9491072152304644,0.0,0
2013-06-27,2.2533739975410088,3.19566508803738,4.906401936613122,5.313228817884689,0.6138691127540294,0.0,0
2013-06-28,2.779165523240994,3.506623576527162,3.6789777133247807,5.10976986817617,0.7053011267330993,0.0,0
2013-07-01,2.2924455428631845,3.0071844248415056,3.702482441100138,5.662165018286664,0.5954476322841288,0.0,0
2013-07-02,1.2949504815311297,1.6406902190500805,3.478324437611476,5.79789207846956,0.3294427611528138,0.0,0
2013-07-03,1.615814700259926,2.364461554038293,3.215194267602005,5.740411580953294,0.4488791306063553,0.0,0
2013-07-05,3.9742179411330154,4.127350783748507,4.238150491572884,5.907290093481963,0.9028600068409948,0.0,0
2013-07-08,3.924675254204221,3.839477198084391,3.506688205900395,5.57333888076459,0.8634295813969701,0.0,0
2013-07-09,1.24088851347498,1.6956076677288312,2.900710503181624,5.009109537212794,0.3303967672932225,0.0,0
2013-07-10,1.6380768261847378,1.924621198090685,2.9568648906960986,4.210974248344471,0.398763787555762,0.0,0
2013-07-11,4.744965158352612,5.624750269234959,2.249839523664207,3.773569651152557,1.160273417783656,0.0,0
2013-07-12,1.1537023632063297,1.617854220271877,2.6054598181091158,3.806499253449498,0.3119005937669982,0.0,0
2013-07-15,1.0620476202003073,0.9493723188681928,2.742620397915524,3.918740131279477,0.2228449280297346,0.0,0
2013-07-16,1.8167755398071903,1.853470665659557,2.98391999661288,3.712747682155004,0.4085194102165343,0.0,0
2013-07-17,2.20759249412909,2.337705342117076,2.820127876014168,4.018421016229507,0.506579292927279,0.0,0
2013-07-18,2.823346617122898,2.6283598976522478,2.337586716642407,3.873595964230864,0.6048565298823052,0.0,0
2013-07-19,4.768628611227283,4.575369772349694,3.10987102419498,3.6310775380393294,1.0363930908753445,0.0,0
2013-07-22,2.3524396678947985,2.8753809627402567,3.1558020470212464,3.590180208637721,0.5846799793460331,0.0,0
2013-07-23,2.5313123821064143,2.613722540192456,3.146113235551761,3.7765099016086072,0.5721099628492186,0.0,0
2013-07-24,3.303920261677004,3.7682699079834223,2.4818144795282056,4.2151667199453655,0.789092299313797,0.0,0
2013-07-25,1.8097286293457528,2.187437132963836,2.9958498041867165,4.154337942446758,0.4468738908060649,0.0,0
2013-07-26,2.83358409391075,2.8432843273791555,3.232713495603807,4.198452974702904,0.6306257438320972,0.0,0
2013-07-29,2.011299549692803,2.592562120257383,2.594179741032769,4.426561622485793,0.5158212474859586,0.0,0
2013-07-30,1.6189358453384128,1.4769479993266486,2.1162957979165515,3.9975691953998007,0.3427839317493337,0.0,0
2013-07-31,1.0166719930404946,1.0238735073211134,2.1396566315613703,4.026258630139908,0.2278452751468811,0.0,0
2013-08-01,2.8052194976841105,2.673755684971111,2.610592357778638,4.250022867516553,0.610706164616029,0.0,0
2013-08-02,3.740873264498031,4.109135478555446,2.4116456275945226,4.111318468424459,0.8789422359713619,0.0,0
2013-08-05,1.4638480655498611,1.8565060277681389,2.5136085691606063,4.0211885626274775,0.3734522425209796,0.0,0
2013-08-06,2.0531577032332398,2.0553009990176254,2.281147783742841,3.9190190080755576,0.4586586659985814,0.0,0
2013-08-07,1.953597280214311,1.889495729380003,2.479224700417069,3.933553089471526,0.4285644836672998,0.0,0
2013-08-08,1.8609017810197328,2.44522120508114,2.3118359257852465,3.774727267742481,0.48485838069175,0.0,0
2013-08-09,1.1563278809617694,1.3059041503480002,2.282380804489144,3.899133620427749,0.2759307203533424,0.0,0
2013-08-12,2.242656220434057,2.787885356254203,2.701674575243393,4.077563726721599,0.5654505290451204,0.0,0
2013-08-13,2.6512197724574644,2.9771511715095134,2.9883759534017504,3.923633225010112,0.6306314819814024,0.0,0
2013-08-14,2.188134397493811,2.755934502981667,3.058359470771124,3.949814229161778,0.5559575056088867,0.0,0
2013-08-15,3.829542478458357,4.37669038367653,3.5352306268354567,4.128509900251611,0.917618675753285,0.0,0
2013-08-16,2.160143313626172,2.6620467525988563,4.374935157069182,4.051807748249086,0.5404481146314436,0.0,0
2013-08-19,1.5150757394417904,2.194181028041567,4.633748997873677,4.196578454383229,0.4177175091476098,0.0,0
2013-08-20,1.8935564277249328,2.2322863713198933,4.454520399249496,3.998667069733696,0.4617853060037413,0.0,0
2013-08-21,1.6107755678111728,2.4508646333892123,4.288633728444828,3.856229464673859,0.4580600737941686,0.0,0
2013-08-22,2.9862297400956823,3.827162306521025,3.856340167907293,3.965478382431817,0.7645127142464071,0.0,0
2013-08-23,2.3674603857282395,2.787986665098913,3.569530819785387,3.731083459422489,0.5770051760155296,0.0,0
2013-08-26,1.82699254561522,1.7764226309211562,3.697669619248213,3.534035295979364,0.4009463283003515,0.0,0
2013-08-27,3.905121192355171,2.6176380817573897,3.4658757482717766,3.591969409240045,0.7176079896496611,0.0,0
2013-08-28,1.8516880363196664,2.4956955901660542,3.315644030143315,3.687430720681177,0.4885423081659554,0.0,0
2013-08-29,2.5429688437900464,2.375478384809656,3.285011435668762,3.512556667593585,0.5465952818651911,0.0,0
2013-08-30,1.8901135679082557,2.027544383283345,3.2461109005996778,3.366098043519315,0.4372259309602829,0.0,0
2013-09-03,2.84854559578228,3.080598976724515,3.517443994664708,3.726432596451165,0.6618800421086468,0.0,0
2013-09-04,2.5683760345931548,2.51830674082386,3.330175987529871,3.346020277545142,0.5661327845776788,0.0,0
2013-09-05,1.812442784285464,2.301210920384805,3.438876428682073,3.2624114079484747,0.4614527452347933,0.0,0
2013-09-06,1.3290213484145108,1.6121660298749136,3.5686042616011475,3.5157438001558705,0.3294773138387136,0.0,0
2013-09-09,2.211875210188539,1.9661420425113705,3.14286305992435,3.503165558167023,0.4636033723694083,0.0,0
2013-09-10,2.4403280814212747,2.716811653377577,2.684770888750942,3.504236089165174,0.5762097650227784,0.0,0
2013-09-11,2.9261386128593245,3.228281867875734,2.00564362735002,3.655278286649972,0.6892177951570982,0.0,0
2013-09-12,2.542373425626825,2.939977508352157,1.5462836310264487,3.634506263292271,0.6147930093851988,0.0,0
2013-09-13,1.381347637385447,1.4691112128758617,1.788492941966528,2.8483361130742684,0.3188749822522291,0.0,0
2013-09-16,3.081006674938393,3.378127543389584,1.684672714508879,2.173271459543107,0.7232114636387315,0.0,0
2013-09-17,1.8190695395997425,1.8581340605006675,1.989765507715955,2.3174957271681857,0.4108771401161355,0.0,0
2013-09-18,4.548168364658554,4.604691756630968,1.8373170427909655,2.45952544011835,1.0169830124691717,0.0,0
2013-09-19,2.533783937238414,2.4137297176336583,2.087143316343617,2.6104280080748423,0.5488290424119455,0.0,0
2013-09-20,4.308856767816148,3.958916384317716,1.95407212991821,2.8989026253030303,0.9162600733410454,0.0,0
2013-09-23,2.617114415332932,1.884253531316591,2.0430657953751723,2.8454040888332965,0.4956364690515303,0.0,0
2013-09-24,2.574047395387313,2.1527260239874866,2.327501770869404,2.5359255596803774,0.5225223349847641,0.0,0
2013-09-25,1.8040447103828092,1.6619755912419785,2.732837812731508,2.304118999442674,0.3841425392402967,0.0,0
2013-09-26,1.93354731021392,1.944589138465371,2.6873393790162603,2.288683263217327,0.4308268258810536,0.0,0
2013-09-27,2.6720085477692983,2.4053135141012785,2.2254710543185428,2.591796659157936,0.5623770486480895,0.0,0
2013-09-30,2.606813010424057,2.650316933494159,2.7379363078652457,3.1298596903333507,0.5841902374188988,0.0,0
2013-10-01,3.1955764169728726,3.1898636047258946,3.671504493011897,3.4181289610519383,0.7092243676728969,0.0,0
2013-10-02,2.253308681879238,2.675472086244052,3.423397751266965,3.5836483968522046,0.5499665775705391,0.0,0
2013-10-03,2.9081249640820594,2.488619271965857,3.4206913152776406,3.724705167005687,0.5969496507097973,0.0,0
2013-10-04,1.854151253402255,1.6567690519364129,3.536659695762999,3.417140373264388,0.388801470526061,0.0,0
2013-10-07,3.6762848534832937,2.9527465506625017,3.2935788623590367,3.3621894067282474,0.7320205297545053,0.0,0
2013-10-08,3.703454570509925,2.730395860776253,3.0925517781041,3.121493844348064,0.7088599370413413,0.0,0
2013-10-09,2.5121512543889915,2.465705674725914,3.675905050332721,2.9726741034630524,0.5526362969116011,0.0,0
2013-10-10,4.474415097619321,3.7610404935178248,2.9189528585894378,2.417544587237001,0.9105132961384464,0.0,0
2013-10-11,2.129287856739924,2.2313652216277875,2.9406730689438683,2.413088127599632,0.4849623545218977,0.0,0
2013-10-14,2.128075856660026,1.9387902772144456,2.893128012027108,2.7642511833621035,0.4506008204978163,0.0,0
2013-10-15,3.4991198993697004,3.329038017278513,3.0869407539614824,3.10791550871749,0.7574233517411815,0.0,0
2013-10-16,4.434458183863597,4.389926762526865,2.74803779282298,2.8386155771850223,0.9734076767285282,0.0,0
2013-10-17,3.70712806991986,3.937886253794441,2.888754187637702,3.035973141388065,0.8447121940977698,0.0,0
2013-10-18,3.7665668633102527,3.6384768013359103,2.8458408594373856,3.302496718652161,0.8163703827331792,0.0,0
2013-10-21,0.6251524940994855,0.7200588135679082,2.8383253762603133,3.197146145236593,0.1489171230097208,0.0,0
2013-10-22,2.818509026493868,2.7859207061249776,2.835838540224226,3.4487270154898013,0.618195773570599,0.0,0
2013-10-23,5.021259128923939,3.632342809938601,2.988934735633691,3.40622633848051,0.9445391306054424,0.0,0
2013-10-24,2.214821678635864,2.191696329882016,2.5155631146119086,2.9894591409429934,0.4847325670545254,0.0,0
2013-10-25,1.3032412213791145,1.616548519917485,2.594819646920582,2.7583294559960883,0.3237831805594128,0.0,0
2013-10-28,1.4044411817210412,1.5318027161665393,2.589409224777506,2.683319660206025,0.3246324466744205,0.0,0
2013-10-29,2.5244615625266245,2.4113194281979915,2.499527716671976,2.639157147817568,0.5440018018365655,0.0,0
2013-10-30,2.095254220606321,2.356645763904538,2.2277412625901705,2.2574573770186155,0.4925588981352685,0.0,0
2013-10-31,2.244592367726639,2.0166749350587825,2.3953911314858822,2.2618310586422843,0.4689829005387305,0.0,0
2013-11-01,2.683196946779401,1.8047630358771736,2.2924897078634685,1.87421349012305,0.4906148627385812,0.0,0
2013-11-04,1.315293967254231,1.4689323619003598,2.7598727012663584,1.8961124148542223,0.3079961174666764,0.0,0
2013-11-05,1.9644345226717732,2.185034852990116,2.614706977914469,1.9459959543805208,0.4589782401021746,0.0,0
2013-11-06,2.390272505671096,2.778283704402384,2.666659327474584,1.7535230234634498,0.5763967598156838,0.0,0
2013-11-07,3.496556483659934,2.295973740194296,1.9149114470772817,1.5863796402078678,0.6406013559910742,0.0,0
2013-11-08,4.333384877178548,2.977873688036508,1.9498142243467096,1.946855895650749,0.815222116976581,0.0,0
2013-11-11,2.4158355387290014,2.053536414019673,1.9481020496671204,2.137296970649172,0.5005117915104089,0.0,0
2013-11-12,2.0145476100054496,1.9285117207387528,2.3918773053023203,2.3545830231232743,0.442656898939775,0.0,0
2013-11-13,2.1060174366226354,2.1046622837548496,1.6576976158108914,2.266776589858437,0.4731211373937515,0.0,0
2013-11-14,2.1716479112851244,2.1982056568094213,1.8622604312722035,2.403585182085484,0.4937417331893085,0.0,0
2013-11-15,2.227090240111677,2.0041633202626543,1.851264840456314,2.2514375163993776,0.4767790150858995,0.0,0
2013-11-18,2.8116382401388385,2.6704909062381823,2.295451346799676,2.341827983012996,0.6185017430823403,0.0,0
2013-11-19,2.305422735039494,1.9317002705904536,2.705585633766644,2.447374633009645,0.4766520364104938,0.0,0
2013-11-20,3.071281984454527,3.1879282858573963,3.0660376829868445,2.843642105113352,0.7076284705413884,0.0,0
2013-11-21,1.7934644286935677,1.618568055686718,2.818157901077912,2.7894781366552097,0.384494428569315,0.0,0
2013-11-22,2.516718730737635,2.3390268292064684,2.5834741681310702,2.7633659311500978,0.5475563089790367,0.0,0
2013-11-25,1.3767941375378068,1.4283361777796084,2.496342210471034,2.6073259342171142,0.3171272275654315,0.0,0
2013-11-26,2.152910614482369,1.880074900887922,2.5112739405414017,3.046872219442057,0.454121928878985,0.0,0
2013-11-27,1.6869242793803043,1.6546327351837853,2.213785618750574,2.9477749049647537,0.3772808395101231,0.0,0
2013-11-29,3.1968757724057806,2.767099278635394,2.5739852744692158,2.79035478239453,0.6714172504359518,0.0,0
2013-12-02,2.399820105053208,2.6167737766804957,2.7602686439366777,2.952340901404172,0.567792566494939,0.0,0
2013-12-03,1.9352507450964092,1.7094206372812912,2.700123955061777,2.605791812581531,0.410505638295278,0.0,0
2013-12-04,3.3094539209110168,2.546588101008136,2.223870266888229,2.4499833730224814,0.6574805834851823,0.0,0
2013-12-05,1.5749488428451706,1.6977341213538628,2.8519357475279667,2.721379497330766,0.3703134776977844,0.0,0
2013-12-06,3.2184937584570465,3.0581768586450564,2.270810477187543,2.259057043413013,0.7081498055047627,0.0,0
2013-12-09,3.082476640565999,2.5947539003359714,2.448977890867597,2.389334437720587,0.6387240821155162,0.0,0
2013-12-10,1.8580828482292504,1.7523272029979915,2.4346239843601523,2.4675953586755246,0.4072646359152246,0.0,0
2013-12-11,2.6983484931160286,2.611220111814334,2.269066018627273,2.1052502306854888,0.5992929262739469,0.0,0
2013-12-12,2.416244927967855,2.6712943788875667,2.162159440303557,2.4811618692684814,0.5760058726951471,0.0,0
2013-12-13,2.454488506996676,2.025869169611784,2.631945146273183,2.363401638850076,0.5038393441133842,0.0,0
2013-12-16,2.4890234905773183,1.9642519835300063,2.592017361936216,1.9530930782644524,0.5002765275327651,0.0,0
2013-12-17,2.600953739570568,2.2258014188365145,2.5901907153474317,1.716829308972603,0.5432472277141551,0.0,0
2013-12-18,3.624573251832342,3.341117963113755,2.0557690567223146,1.9616670662780609,0.7853339583504158,0.0,0
2013-12-19,3.9684618279517743,3.2293688357023647,2.25442469883464,2.5214345754097933,0.809168637410514,0.0,0
2013-12-20,3.3997415809970697,3.2661513400494204,2.6450201762461023,2.1798593839577443,0.7522549395052496,0.0,0
2013-12-23,1.8437689489818585,1.7910180260819972,2.404583778607234,2.2164612733902,0.4102958384738013,0.0,0
2013-12-24,2.266705499545935,1.4341391409108033,2.0705279086311696,2.4657022600673364,0.4136722659203881,0.0,0
2013-12-26,1.8682099501113536,1.6983605037702678,1.9111393371259555,2.4435641867495232,0.401976909117955,0.0,0
2013-12-27,1.2340094533202286,1.086166100979425,1.7703776356483318,2.797603113683336,0.2613040029961756,0.0,0
2013-12-30,3.241544967023689,2.7139496113031742,1.6711135563822512,3.1054033357692785,0.6699468856473747,0.0,0
2013-12-31,1.9793196507660789,1.477412465777841,1.7996427274911602,3.039748146947772,0.3897575805745393,0.0,0
2014-01-02,2.797436042733015,2.0874154612705618,1.9757479889164316,3.264499767554553,0.5507790139494828,0.0,0
2014-01-03,2.8585446368160787,2.567273339047087,2.2069280464216354,3.1524148284626627,0.6141377908614529,0.0,0
2014-01-06,1.7099025291529082,1.1126225541055583,2.2673553183907296,3.110110030737241,0.3173579402913588,0.0,0
2014-01-07,2.4790439122839127,1.9539832973480704,1.9550197770010211,2.716313686657668,0.500401547351712,0.0,0
2014-01-08,3.445036993653796,2.690633823060116,1.9601174507916277,2.160400264347039,0.692464994399967,0.0,0
2014-01-09,1.6600887279970713,1.4554054219841193,1.973286960891768,2.1707007988977947,0.3524588373707571,0.0,0
2014-01-10,3.0045761988320603,2.497928267468364,2.4863434107762776,2.3847302623679343,0.6218139083912899,0.0,0
2014-01-13,4.030429982940606,2.2681054298815218,2.5773976712619007,1.462161789128134,0.7061513668024941,0.0,0
2014-01-14,3.636614250465056,2.71038019744778,2.4073052963937656,1.8760634118890849,0.7156216962569006,0.0,0
2014-01-15,2.569889475147217,2.1125636837225303,2.328126916494638,2.144257922899565,0.5290190785075676,0.0,0
2014-01-16,1.847659522265701,1.664354218234151,2.2340299286026237,2.032393211774179,0.3975428531559013,0.0,0
2014-01-17,2.5818618179692026,2.6374838865650005,2.380969280455515,2.6719432389002598,0.5923633147383802,0.0,0
2014-01-21,2.794572482803346,2.504179199496948,2.4728291116700607,2.3589465799322085,0.5997271627327128,0.0,0
2014-01-22,2.15021759079557,1.8364156815215416,1.9832009176184744,2.1927528931670106,0.4507650854465678,0.0,0
2014-01-23,3.720627041606894,2.823320488870108,2.1492939869222005,2.2120449976714083,0.7381021333206916,0.0,0
2014-01-24,7.989067305564405,5.294924162125652,2.823992869906007,2.3110242286359552,1.4681374107714085,0.0,0
2014-01-27,4.06400109988241,3.55105567418658,2.578103760348486,2.149308716531797,0.8528990835015653,0.0,0
2014-01-28,2.5470662792344005,2.5319111174616773,2.5716236752950508,1.9448382486253044,0.570314800335407,0.0,0
2014-01-29,3.052218545798107,2.662699472212944,2.856402522013824,1.8353925742441584,0.6400599679680244,0.0,0
2014-01-30,4.391553932130069,3.581278339720424,3.051649781940996,2.1173662247213128,0.8917497587717456,0.0,0
2014-01-31,1.907262268770645,1.92323434423874,3.33166857326279,2.1954877644730786,0.4329857273649912,0.0,0
2014-02-03,4.047463769624819,3.055628433294571,3.6162619403738594,2.301401262947937,0.7976170148909156,0.0,0
2014-02-04,3.2302938893514064,3.0207586485538678,3.599729187373516,2.415344136320793,0.7053763215384119,0.0,0
2014-02-05,2.5884177281857585,2.3316964611994453,3.41416766393243,2.225631859135512,0.5547160962929671,0.0,0
2014-02-06,2.471739454973891,2.300605713434704,2.7561602332754638,2.0187435987699893,0.5384593599906078,0.0,0
2014-02-07,2.8828913007443675,2.425663697471642,2.749811058205175,2.049693627022039,0.5975770201676998,0.0,0
2014-02-10,1.4016624185999171,1.4209275826703431,2.565872079949487,2.100659716420494,0.3190943743586175,0.0,0
2014-02-11,2.910959620086491,1.9193346867700825,2.311364163458314,1.7481106912095377,0.5407581978433045,0.0,0
2014-02-12,2.141582057270275,1.6629163157370046,2.084685358831321,2.1807529959293768,0.427485237496734,0.0,0
2014-02-13,1.896781054484859,1.7240122074020303,2.351339856299466,2.36016371191518,0.408308427110242,0.0,0
2014-02-14,2.296402951910177,2.327919853488695,2.272523688544724,2.453269501909121,0.5227803978886756,0.0,0
2014-02-18,1.9012172495748372,2.1251329776017065,2.701360855211169,2.9806590768802685,0.4561972749165141,0.0,0
2014-02-19,2.4731195437954723,2.5036105352663416,2.563944987754767,3.134415003718255,0.5626023377004117,0.0,0
2014-02-20,1.617942724644241,1.3151213762903136,2.3335909250441915,2.9517322561333645,0.3349089296462073,0.0,0
2014-02-21,1.4760051344427572,0.9476727645847992,2.115855942221732,2.960949497766942,0.2757340996953575,0.0,0
2014-02-24,1.736397941750894,1.350682006819659,2.31795622902148,2.9442613338238246,0.3522515063846813,0.0,0
2014-02-25,2.2794285416581497,1.5411084860124549,2.2553183212010155,2.677055863590741,0.4389577531866187,0.0,0
2014-02-26,2.454788115189411,2.0276091328329464,1.936417790648288,2.8307243018139747,0.5164146085065807,0.0,0
2014-02-27,1.86956985710874,1.4221464026997854,1.997723665243449,2.774012230251974,0.3788065576379301,0.0,0
2014-02-28,1.675844761994994,1.8235812762672683,1.9333541087424344,2.7794332662305785,0.4047157135243207,0.0,0
2014-03-03,3.378542484458178,3.424519181531803,2.0819652532214072,3.050628007332058,0.7860115511009463,0.0,0
2014-03-04,3.1791532805393605,2.5744506341419213,2.574437982061756,3.1225431210233507,0.6626882277452082,0.0,0
2014-03-05,1.8296985757671675,1.6116507903210069,2.350849241676399,3.08120938195441,0.3968297673570878,0.0,0
2014-03-06,2.89686870278834,2.3773286713233386,2.555387964589513,3.033951923475054,0.607583089689653,0.0,0
2014-03-07,2.491743030728604,2.0199796841353552,2.225163704422926,2.962890507936731,0.5196586944216822,0.0,0
2014-03-10,0.8683374191847791,0.8267020231476975,2.038051053070505,2.767253942363944,0.1956704658384033,0.0,0
2014-03-11,1.0136532647928995,1.0466921867235426,1.8980384152788532,2.8132266632293743,0.2381095286740712,0.0,0
2014-03-12,2.371036019136054,1.889536023895354,1.9286024730690217,3.2291837850744765,0.4906153980129745,0.0,0
2014-03-13,2.7274708905895166,2.484366823157748,2.2565182581216447,3.29743868253666,0.6012691555699534,0.0,0
2014-03-14,2.664793723030705,2.832615757798129,2.499400488663573,3.478407866669364,0.6355797360159954,0.0,0
2014-03-17,2.4755336469443283,2.6194128707325137,1.9967041410712787,3.0922958873913857,0.5890117063876312,0.0,0
2014-03-18,2.466536301457676,2.1220527696834512,1.6610705762338551,3.4051029617149364,0.5289476076626944,0.0,0
2014-03-19,4.132848180226381,2.737513310876584,1.8152443980998012,3.678526365894186,0.7891474001181681,0.0,0
2014-03-20,3.8323785922291496,3.146086361051088,1.7564468008255048,3.641114170742905,0.8039169088319733,0.0,0
2014-03-21,3.4050547130975715,2.884901912131009,2.4413538103499577,3.861250553487433,0.7249177304901857,0.0,0
2014-03-24,3.907605970792792,3.249727973918965,2.878289221048254,3.823298712240301,0.8246706101795864,0.0,0
2014-03-25,1.851339669188112,1.9825489306059547,3.002229951757274,3.938354212984892,0.4432983585017378,0.0,0
2014-03-26,2.6246570529839923,2.418283364708314,3.3692185549448457,4.012077363410572,0.5818769918990598,0.0,0
2014-03-27,2.2368614801578945,1.7313186875286184,3.733081820703848,3.97083696676962,0.4567620365032554,0.0,0
2014-03-28,1.6293775532035302,1.5549127618545109,3.6449556192165686,4.091502641239963,0.3675973645122467,0.0,0
2014-03-31,2.585582007383766,2.1602289769515317,3.662635950360642,4.128548928216148,0.5468490292159993,0.0,0
2014-04-01,3.0615456170490494,2.947264127762223,3.2503702849242067,3.824181628909058,0.6937468792856218,0.0,0
2014-04-02,2.713754864383181,1.4077955039497525,3.1618265788834043,3.613796869978093,0.4719029066862145,0.0,0
2014-04-03,2.3419925034747675,2.823888229057084,3.493934728987905,3.9685176395036743,0.5982935454038976,0.0,0
2014-04-04,4.546445875905548,4.010514451787013,3.863179744773056,4.00038465478716,0.9867425251015904,0.0,0
2014-04-07,2.071704678896377,1.9584332350781792,3.9038741625022215,4.240638356157914,0.4651815489810098,0.0,0
2014-04-08,2.3760365346586223,1.907151940795763,3.748543291050487,4.31746046891688,0.4932685598997082,0.0,0
2014-04-09,3.5546630852433263,3.014784627365809,3.397290425481127,3.817059389382972,0.7571399886440053,0.0,0
2014-04-10,3.576492518398635,3.436122069989868,3.7917793510783846,3.974559587656701,0.8096186063689166,0.0,0
2014-04-11,2.631533284241585,2.29702454689012,4.110151662797104,4.348755062985536,0.5710372073551366,0.0,0
2014-04-14,1.818816742973502,1.6947312165409685,3.925631015421284,4.66081524985182,0.4098236708930795,0.0,0
2014-04-15,3.4037372043641323,2.7773961845847555,4.401569623844766,4.694294113181699,0.720148400896015,0.0,0
2014-04-16,3.5525117777809068,2.8922958032945467,4.094433185111713,4.221423028188367,0.750853951830574,0.0,0
2014-04-17,4.124514691381944,3.258136561932128,3.879968473319273,4.411042803943867,0.8598950771387359,0.0,0
2014-04-21,1.4680245282867128,1.1830787677017045,3.405485460478746,4.534102434370313,0.3088404475277297,0.0,0
2014-04-22,1.8925126252811144,1.8589855890961144,2.447806925224985,4.197544089346102,0.4377785163586306,0.0,0
2014-04-23,1.936681054859639,2.1745796465085974,2.4648638666167084,3.8880911606665376,0.4803160600211125,0.0,0
2014-04-24,1.986836938054274,2.0868588810923496,2.1240407854513803,3.901455934470536,0.4756529950765462,0.0,0
2014-04-25,4.414024421620298,3.390317132998756,2.244182473121017,3.907853466914976,0.9039508828649274,0.0,0
2014-04-28,2.579313483055319,2.231380772724165,2.218526698696355,4.283779865108513,0.5579343751393029,0.0,0
2014-04-29,1.42000034681266,1.1751779554046038,2.5131829671938366,4.2866387382499616,0.3008365721361713,0.0,0
2014-04-30,2.2985385448180344,1.33005683902587,2.85049549546222,4.111654193073543,0.4190221190779014,0.0,0
2014-05-01,2.534415237736286,2.063559358135418,2.711303951676418,3.757710289609148,0.5329080704987981,0.0,0
2014-05-02,2.413512287642234,1.6756846663238276,2.48352854808342,3.654378824151098,0.4731202590710438,0.0,0
2014-05-05,2.326460735431212,1.8017662373789984,2.063303394715421,3.205121468038074,0.4807543186793945,0.0,0
2014-05-06,2.2051538141454903,2.231370354043806,2.2244589653454763,3.516350303560829,0.5178503273401724,0.0,0
2014-05-07,3.6963414502514937,3.0720842250248865,2.452073064162836,4.034456448385125,0.7886968979399456,0.0,0
2014-05-08,2.0232722361890785,2.4772050954223315,2.7912164451769206,4.189646267748361,0.5261792691531615,0.0,0
2014-05-09,2.071036086127024,1.873106933016612,2.6032676723773247,3.948396571110083,0.4599301403233556,0.0,0
2014-05-12,2.468097565783101,2.279767061247016,2.4675907205645737,3.812846120785317,0.5537538143487142,0.0,0
2014-05-13,2.3894022187444004,2.211884737803747,2.439775144813988,3.6488706014764714,0.5366682480158755,0.0,0
2014-05-14,2.735681016523688,1.8344558691753727,2.482099125612153,4.068421678490039,0.5315693574671186,0.0,0
2014-05-15,2.850871644563313,1.783992832446471,1.9473345656675407,3.814334148205329,0.5387889277475801,0.0,0
2014-05-16,1.907450501319466,1.465427217143639,2.1751690281298903,4.054562761143241,0.3927628612990408,0.0,0
2014-05-19,2.341043692823073,1.944930869738849,1.98005596201388,3.890635220135472,0.4994254002663508,0.0,0
2014-05-20,2.2026745433617645,1.7742559084158616,2.615594673429209,4.214934457462138,0.4632908045383507,0.0,0
2014-05-21,2.131908485418916,1.8313375582151337,2.875214626286735,4.299449332537611,0.4619521646586786,0.0,0
2014-05-22,1.4684031769096664,1.1720499123163477,2.4315291704501285,4.163309360667448,0.3075743712330803,0.0,0
2014-05-23,1.997308407022344,1.5530803724366722,2.588956444310556,4.2151339491300295,0.4134761428193655,0.0,0
2014-05-27,4.352365906351075,2.9077527370077867,2.5623582800310247,3.790696869082411,0.8432323620986333,0.0,0
2014-05-28,2.976357121699163,1.976696592961924,2.681696756253928,4.143107858169539,0.5752459839995545,0.0,0
2014-05-29,1.8574051841284664,1.3033526180666613,2.498159861588659,4.148581802325537,0.3672704208525171,0.0,0
2014-05-30,0.852669248134748,1.1701776673398825,2.4721292804980592,4.249959686399576,0.236499651815746,0.0,0
2014-06-02,3.093591887708608,1.8866625227797515,2.417308000689706,4.252973360483807,0.57796943684983,0.0,0
2014-06-03,3.404075358543983,2.522809826872777,2.555523243034549,4.236232334899508,0.6890263765453196,0.0,0
2014-06-04,1.2454694312735857,0.8646541420332646,2.411477073545914,4.054963084521781,0.2451663303413724,0.0,0
2014-06-05,2.158791409319806,1.7940307761475205,2.2708951071603973,3.702246694045233,0.4600143053499082,0.0,0
2014-06-06,2.087783229580349,1.654198720415219,2.421387473275405,3.7957599921922,0.4352869361847273,0.0,0
2014-06-09,1.9376487964649576,1.9685703753936672,2.1822779162720565,3.6286987325276936,0.4554357910094447,0.0,0
2014-06-10,1.5195222674304405,1.16541108173,1.7988672821949252,4.094758460109057,0.3122326579176651,0.0,0
2014-06-11,2.4341380851386547,1.771057216391604,2.168237028608408,3.6010812425881715,0.4887907478748984,0.0,0
2014-06-12,3.383882973272385,1.9700856693111808,2.280200838257238,3.3968683356875737,0.623592096332864,0.0,0
2014-06-13,2.0110760481534053,1.2092839729078548,2.247073031458447,3.273542648121844,0.3751715104991094,0.0,0
2014-06-16,1.81191894121946,1.369824066077573,2.2283494434695603,2.874022818826192,0.3712989420833261,0.0,0
2014-06-17,2.628641330750229,1.8744580093055545,2.0158870283884625,3.031781395883982,0.5252670076830739,0.0,0
2014-06-18,4.2706553544906525,2.893461722933087,2.093251484658484,2.694056472105739,0.8353459178993835,0.0,0
2014-06-19,6.327416746182791,4.119091574297048,2.019966208906755,2.4325659055310163,1.2177191985208933,0.0,0
2014-06-20,2.382525617344167,1.9120962163608457,1.9750529133311967,2.2260432490310524,0.5027934688437095,0.0,0
2014-06-23,1.4708970138903408,1.0635345210998557,1.75599546219786,2.12294963142652,0.2965249219517605,0.0,0
2014-06-24,3.1269934066394653,2.2826788000957,1.7343523350957224,1.8577920766780591,0.6329617003132956,0.0,0
2014-06-25,1.542285889974344,1.2368746969004178,1.6858439532894671,1.9913214008685656,0.3253691536777287,0.0,0
2014-06-26,1.2633578886568668,0.8889570609673292,1.646869895538476,1.9205228695214367,0.2517752662739367,0.0,0
2014-06-27,1.3433165757194845,1.1376749665821562,1.7970894990271398,2.0564110093124595,0.2905613222135956,0.0,0
2014-06-30,2.6055578330694997,1.7722612845345456,2.209333174920929,2.047444427859803,0.5120048076930613,0.0,0
2014-07-01,2.0798503891189526,1.7435294542748356,2.3342038155460325,2.359290201126335,0.4477460971723278,0.0,0
2014-07-02,2.8540296675612336,1.832235105322254,2.1792651182775677,2.4766241276362737,0.5478847757495628,0.0,0
2014-07-03,1.5679834053802777,0.952179318672968,1.9934297517538668,2.2925894210122117,0.2945403629139997,0.0,0
2014-07-07,3.0187289174812126,2.5578108748908583,1.4561176043199264,1.892357145325552,0.6530984024498403,0.0,0
2014-07-08,2.79556198391881,2.554832397135187,1.5428237073040332,2.3033958832334376,0.6269146174097812,0.0,0
2014-07-09,2.3371946908451493,1.2427789539587926,1.5256577982070056,2.5447441787743825,0.4180757737377188,0.0,0
2014-07-10,2.284411178687533,1.6262294711913752,1.4612603441402772,2.3431200990045338,0.4574951591005654,0.0,0
2014-07-11,2.3897554339564,1.90787788295096,1.4047880316486985,2.4130596539587885,0.5051967810181452,0.0,0
2014-07-14,3.799852163498385,2.266168775312569,1.1552146162256016,2.531528663614857,0.7121677057185514,0.0,0
2014-07-15,2.331794746023552,1.6948958447576212,1.5378953097603452,2.4222797885752074,0.4731497844665556,0.0,0
2014-07-16,3.230619546073486,2.3243900244522253,1.995398430599692,2.486021041990161,0.6527031102716159,0.0,0
2014-07-17,9.287561541565916,6.33736042844882,2.9151880653570164,2.2254912273031966,1.82401988330428,0.0,0
2014-07-18,3.8655484187619296,3.397929804272398,2.3663283689512844,2.265084288071654,0.8490307080889866,0.0,0
2014-07-21,1.5265423771671711,1.3631254217133262,2.433364269512385,2.033227115709543,0.3391226881095444,0.0,0
2014-07-22,1.2500535653344464,1.0797884872508587,2.387870809172884,2.381514120246644,0.2739750331558449,0.0,0
2014-07-23,6.4168521239065255,4.449033111488824,2.134517360997772,2.2590841447929444,1.268562868350786,0.0,0
2014-07-24,3.242048782380453,1.7665650883622823,2.1934833934694398,2.074800572534885,0.5840454711322489,0.0,0
2014-07-25,3.767178439139661,2.996362221918776,2.440940870862196,1.913722038178114,0.7901817324495555,0.0,0
2014-07-28,1.3636665064199365,0.9100957824505408,2.5584496538432524,1.7398858122892304,0.2654044062004397,0.0,0
2014-07-29,2.065103244724,1.5640434281388853,2.781022213854246,1.8029091035004488,0.4238845444392477,0.0,0
2014-07-30,3.956774578666412,2.509338058322298,2.6934381229464117,1.75247839545074,0.7545624421694557,0.0,0
2014-07-31,6.980838301007537,4.605228802706725,3.779256626356549,2.0895737256091342,1.341642423107841,0.0,0
2014-08-01,2.4470882098089914,1.7319370029188523,3.680713999802979,2.1489797036236205,0.4840367972673192,0.0,0
2014-08-04,2.3628069376699963,2.330811009708283,2.6178535034631247,2.285862699962374,0.5442621400337904,0.0,0
2014-08-05,2.214427095273986,1.942997823975485,3.127473598243432,2.453909270271745,0.4818901056838783,0.0,0
2014-08-06,2.2865163143397527,1.656817141836234,2.8585986787060844,2.1693917275743613,0.456774149304426,0.0,0
2014-08-07,3.1027808015873304,1.875268315556758,2.711685015561072,2.214114640922791,0.5789519847431752,0.0,0
2014-08-08,3.3425442971203663,1.8421858347137867,2.558198561578962,2.1793318839508977,0.6036455887383176,0.0,0
2014-08-11,2.101660669189401,2.284992652958701,2.1322572638906845,1.932186427193237,0.5140292155448802,0.0,0
2014-08-12,1.7117080807568046,1.7174427000169208,2.184101665885289,1.8362186275789207,0.4017884511103662,0.0,0
2014-08-13,2.463161753991878,2.01435876308794,2.536962579441038,1.6480588016556073,0.5240684448205308,0.0,0
2014-08-14,2.0571931828616097,1.8194038033011235,2.6577330095192533,1.6438422549235483,0.4545356533136047,0.0,0
2014-08-15,3.450486233571323,2.703346629046023,2.167408460803719,2.1086738999547787,0.7207192611819748,0.0,0
2014-08-18,2.929852388106446,2.203436765937272,2.145328980850328,1.803645055855556,0.6009658251097572,0.0,0
2014-08-19,1.5436772318842673,1.0340993408230743,1.941029805931856,1.692243584231425,0.3014630015890708,0.0,0
2014-08-20,2.253199007869406,1.741691791814257,1.0336422604678224,1.242964884406099,0.4678110447262424,0.0,0
2014-08-21,4.130761622462068,2.065118549356737,1.2463877949703086,1.1822841227290757,0.7236736194746398,0.0,0
2014-08-22,1.9565383741468645,1.661540363564096,1.7788306857044405,1.2547039250362664,0.424834358733365,0.0,0
2014-08-25,2.4667861932273354,1.9575560355297976,1.6414107896812935,1.358219867295469,0.5191397457332648,0.0,0
2014-08-26,1.3101109633628842,1.4675738915793133,1.5334545498152992,1.5147713194910133,0.3271016568173551,0.0,0
2014-08-27,1.4515503648401762,1.3225146703060058,1.6959867998237457,1.8016081623770368,0.325969796736639,0.0,0
2014-08-28,1.6225753554822826,1.4102145065625282,2.848107494956158,1.6925303106629446,0.3561958637956506,0.0,0
2014-08-29,1.6501494032721091,1.2713842539633908,2.7136395724449978,1.5865647818588164,0.3426997035118676,0.0,0
2014-09-02,4.577422885687105,3.545965727322235,2.041315094576765,1.5529969963500276,0.9495511976128568,0.0,0
2014-09-03,4.5841382447539365,2.513704533942572,2.4310429834231586,1.5032050578621166,0.8225868551755503,0.0,0
2014-09-04,3.264330883517612,2.4121437917574675,1.9545887700176925,1.3454752567025003,0.6604695388218901,0.0,0
2014-09-05,3.169066449843465,1.473823746314694,2.273823707447904,1.297277131499715,0.5369696064152645,0.0,0
2014-09-08,2.831998687280095,2.164826637898889,2.135661333610317,1.4039420518914727,0.5816602951835789,0.0,0
2014-09-09,3.769110878584309,2.17808729984958,1.7620887154615754,1.609198034679963,0.6897024313082113,0.0,0
2014-09-10,1.890950767302357,2.0006399420175733,1.868701696082595,1.7881772105781717,0.4550470753238633,0.0,0
2014-09-11,2.685041510860972,2.026040826497505,1.8025911680506104,1.9651527220828493,0.5483007876681385,0.0,0
2014-09-12,3.651771369578921,2.6020309263997894,2.2049274251460105,2.1739161124020603,0.7272828761327156,0.0,0
2014-09-15,3.920676781326284,3.222811405385858,2.434861848594802,2.3306143353454667,0.8323754095308324,0.0,0
2014-09-16,2.462412685528927,2.4105575063658664,2.2360618808572403,2.2682977522563994,0.5691864649431726,0.0,0
2014-09-17,1.853326458458659,1.3346242681826197,2.288385671091649,2.219649002111647,0.3707944541326996,0.0,0
2014-09-18,5.17106624760969,3.05835651950224,2.336066406505494,2.3122042557286244,0.9546627243606274,0.0,0
2014-09-19,3.2252333048545068,2.708680563482414,2.0667371722889807,2.4805890991422395,0.6916380461905524,0.0,0
2014-09-22,2.145497933629217,2.3948292367435418,2.65317555528764,2.585994826595085,0.5312983174641475,0.0,0
2014-09-23,2.1573004671972584,1.8976889231316127,2.824341499799724,2.706089094284289,0.4729397203413411,0.0,0
2014-09-24,2.0999982937497874,2.272144598436184,2.665264310638316,2.8117921214119104,0.5126028948585941,0.0,0
2014-09-25,4.020942957641985,3.313597360079943,3.207274549031927,2.95444666154988,0.8569442221872109,0.0,0
2014-09-26,3.247661057741241,2.0521855748896507,2.9049811997589607,2.665008643971211,0.6173342869764523,0.0,0
2014-09-29,2.7358354370339657,2.01182990616048,3.4435041208617774,2.9155667854896583,0.5543091520529352,0.0,0
2014-09-30,2.0845912247721543,2.4665753193580344,3.56190123606988,2.780026231322717,0.535380058545586,0.0,0
2014-10-01,5.216037305670365,3.0954767213534478,3.197344532053687,2.856980120473996,0.9643342001908516,0.0,0
2014-10-02,2.983344020193718,2.405992071474878,2.7209586050317607,2.8201753438314765,0.6284873037046933,0.0,0
2014-10-03,4.417923402707457,3.614569175964593,2.477705156281521,2.77918089671373,0.9367108156074232,0.0,0
2014-10-06,4.241603051402857,3.0493598903992805,2.8977692932664825,2.866408013769143,0.8483694318343957,0.0,0
2014-10-07,4.525458746585492,2.9091257931739136,2.6037125437770454,2.941672522090286,0.8606715824639335,0.0,0
2014-10-08,4.368587790802542,2.9121028830412445,2.313823572660849,2.4966704253841754,0.8439121849371338,0.0,0
2014-10-09,3.973266387034127,4.702499855088544,3.5547833267435363,3.41228832258962,1.0159478579346917,0.0,0
2014-10-10,8.481595696911752,7.95762061649314,4.583752357781977,3.395020156301603,1.9108652036390428,0.0,0
2014-10-13,3.262789573957435,3.3251744168848028,4.68696538955133,4.272237498270724,0.76704385385556,0.0,0
2014-10-14,4.251545424015144,4.090999995763214,4.498946416429821,3.546652078890735,0.9702141455115798,0.0,0
2014-10-15,5.04294817659085,5.086097284634976,4.907686478333697,3.938086047968269,1.1702762354390914,0.0,0
2014-10-16,5.728151903705991,4.883531066191085,4.831490758536627,3.7705927025942687,1.2164173370134082,0.0,0
2014-10-17,2.978951713441239,3.7516345056880778,4.123495525015749,3.3780912833510954,0.7786208766124196,0.0,0
2014-10-20,4.213873972910036,4.358764754003779,2.8137731196808997,2.705461131352599,0.9834037159683144,0.0,0
2014-10-21,3.689117779897978,3.620218290805058,2.0609656387827258,2.2906316420856467,0.8375246380395323,0.0,0
2014-10-22,2.2216907989080377,2.7363878563951687,2.802345888408469,2.22389073254486,0.5709124129345795,0.0,0
2014-10-23,2.313772846522717,2.309574916094946,1.991286118556389,1.9642116565153,0.5313784264711889,0.0,0
2014-10-24,2.2436260130207346,2.126354089660627,2.0108717418958872,1.6757150700813237,0.5017274563720593,0.0,0
2014-10-27,1.050785070953044,1.576122985418236,1.908341922316724,1.8560947403329755,0.3043910404704049,0.0,0
2014-10-28,2.2569230704325203,2.4844867336791467,1.956018332138043,1.8873240573632208,0.5460333425027261,0.0,0
2014-10-29,3.2922594241866614,2.7343010833509784,1.6360380722862788,1.7018476529522126,0.6900681064371242,0.0,0
2014-10-30,3.878583098121063,4.583566978232771,1.807730984207213,2.053360233684044,0.9746997310098258,0.0,0
2014-10-31,4.829978194912404,4.475704234150419,1.6921153205817705,2.0986509735836285,1.0626266340176271,0.0,0
2014-11-03,6.790671494802975,5.578918003610065,2.0359312952143696,2.620222846787399,1.4057319839141773,0.0,0
2014-11-04,1.5151869609182866,2.103712360204246,2.343736760576274,2.760685273998432,0.4164819375447866,0.0,0
2014-11-05,3.922619007416957,3.422435665890562,2.369681796494295,2.6732851320291964,0.836670213299143,0.0,0
2014-11-06,2.52137943149318,2.819894624440172,2.955677167657735,2.684625518516786,0.6117961785153594,0.0,0
2014-11-07,4.643484829732818,3.3390008413531644,3.902362146048351,2.714313086994556,0.90205962709112,0.0,0
2014-11-10,3.00413120233923,2.5290722084235044,4.6103044112353135,2.5865171325196523,0.6276206131201894,0.0,0
2014-11-11,2.3355649343401765,1.788640686449526,3.7447830802569344,2.6191575478616955,0.4667484869310642,0.0,0
2014-11-12,1.4944086580921612,2.074425410807018,4.283185449523602,2.7819462193986952,0.4101963422031339,0.0,0
2014-11-13,2.064716549233147,2.2307057060544118,4.615668770450967,2.899535066062493,0.4907347766471894,0.0,0
2014-11-14,3.375782470851306,2.881099196158494,4.085421947437495,2.873148620065898,0.7107068129028812,0.0,0
2014-11-17,1.822502790711786,2.401533311106822,3.741003068348965,3.008797284381981,0.4849035022434289,0.0,0
2014-11-18,2.1053491174352885,2.2658288608797745,3.72091648164734,2.84284827977812,0.4993424026044718,0.0,0
2014-11-19,2.04787445576745,1.9954522155539829,3.745848074137354,2.9345690753268627,0.4607674106655717,0.0,0
2014-11-20,2.15389518618701,2.4720364264910777,4.034642254593187,3.049849812472492,0.529273276152888,0.0,0
2014-11-21,1.7551816446865312,2.0524628986489737,3.722052988726365,2.919485799059388,0.4358474134716582,0.0,0
2014-11-24,1.877917790612916,2.109000747695557,3.422455563684374,2.888959858468339,0.4559199768665792,0.0,0
2014-11-25,1.891184877945504,1.951406896985848,3.918727748991997,3.127737628679972,0.43850729250374,0.0,0
2014-11-26,2.140981231097334,2.736463908181417,3.89685958942342,2.8345040528683216,0.5595036870488526,0.0,0
2014-11-28,4.686925324315765,4.075883036514753,4.044373305157372,3.079574450862105,0.9901187783218924,0.0,0
2014-12-01,5.764780409571993,5.335213231151196,4.47607628004646,3.503981158794553,1.2434272725446651,0.0,0
2014-12-02,2.698464719492744,2.5128708521861283,2.968075261441078,3.076985137994188,0.5838901605605373,0.0,0
2014-12-03,2.519000645055188,3.1215702569162804,2.990341720379708,2.953889531804511,0.6376545271994325,0.0,0
2014-12-04,1.5951681703732612,1.6129925767628932,3.537556116868695,3.1951173937612567,0.3603821807043664,0.0,0
2014-12-05,2.1704464253773863,2.404065369196687,3.5735760545084108,3.2879946229833603,0.5153382136821042,0.0,0
2014-12-08,3.785602959324293,4.475915667821326,3.633182437913624,3.772782665051215,0.9314692832400706,0.0,0
2014-12-09,3.700393436042831,3.8645226618339032,4.4681087134830655,3.863317487197054,0.8496837441449104,0.0,0
2014-12-10,3.336849912337469,3.621530297256877,4.49922211775652,4.2631991690612026,0.7824854173195108,0.0,0
2014-12-11,3.7049418032756223,3.995684066265452,4.911509287789293,4.661810468105539,0.8657840683409406,0.0,0
2014-12-12,4.012586843596388,3.995857974508524,4.720670947366322,4.513074870427107,0.8981796152836498,0.0,0
2014-12-15,3.7405913367176384,3.6648936365493903,3.8617297887752655,3.760873770369856,0.8301375858964337,0.0,0
2014-12-16,3.133296695942825,3.95417268431056,4.718590990854308,4.0888257265800885,0.8006832335283708,0.0,0
2014-12-17,3.322528264252433,4.003594835489275,4.296471824819512,3.431570516416386,0.8264832121068726,0.0,0
2014-12-18,4.927189855640811,5.730937204427893,3.731438962663173,3.3860438194832705,1.1859441187753803,0.0,0
2014-12-19,2.839262903448165,3.339740949146292,4.226117168211289,3.4758019585650417,0.6878246061297707,0.0,0
2014-12-22,2.8438021140957783,4.029022904361787,3.692894026956633,3.2598002145132283,0.7701317142800123,0.0,0
2014-12-23,3.903503736149964,3.4736562356358385,2.8551738412484764,2.431264474063053,0.8129064429444651,0.0,0
2014-12-24,1.6443842549055148,2.049823164358807,3.300458088587314,3.277636290900243,0.4120833357424248,0.0,0
2014-12-26,2.190108958158604,2.4878292069332204,3.724978887184344,3.127635824595867,0.5200761115006381,0.0,0
2014-12-29,1.7264751710908892,2.087512869803311,3.839319783371348,3.6086633868586095,0.4249801838526893,0.0,0
2014-12-30,1.4516327272790788,1.8304281285369652,4.076121348348326,3.4700700109030422,0.3662590491707325,0.0,0
2014-12-31,3.270143876465668,4.146401310761766,4.651263315228875,3.4875019518817347,0.8278073734716369,0.0,0
2015-01-02,2.5024414009361573,2.629049843541916,4.256628935322641,3.45109217455891,0.5688863354245415,0.0,0
2015-01-05,3.004052653051964,3.5027536400022248,4.31103109158803,3.805628333106839,0.7240857473148542,0.0,0
2015-01-06,3.192357578035049,3.3478959631686678,5.08833047578977,4.450279280780083,0.72501721024508,0.0,0
2015-01-07,2.4904005812517966,2.5883389456288266,3.770390350323845,4.144250696251146,0.5628172751991534,0.0,0
2015-01-08,2.6012790689047964,3.1004515047115158,2.919487539171362,4.233995360032735,0.6349977443262209,0.0,0
2015-01-09,2.13247482804358,2.7591226408961727,3.1396644019435045,4.224522130835512,0.5463752125198109,0.0,0
2015-01-12,3.504597770443978,3.938660386865402,2.6789021358712795,4.0948078133428805,0.8271942472240736,0.0,0
2015-01-13,1.8718169831817464,2.0407969688470624,2.54186371989547,3.767014198784617,0.4343441600138392,0.0,0
2015-01-14,2.445459489250738,3.127631099812961,2.750531786652278,3.568248836067024,0.6222392138156982,0.0,0
2015-01-15,3.4961582793227755,3.943087150655993,2.654379606468075,3.709174783125941,0.8268540404710807,0.0,0
2015-01-16,3.242075857873046,3.3480927237361584,2.963971866189272,3.8305849836442936,0.7301412188754961,0.0,0
2015-01-20,3.637720529983287,4.373265343159727,3.575709778499603,4.229751834387166,0.8900953924629671,0.0,0
2015-01-21,2.5710344729329653,3.01720104655308,3.1270467554626133,3.9808110179048257,0.6203830100363564,0.0,0
2015-01-22,3.6628421984012576,3.851153017374893,3.2226038780358057,4.0076626897747305,0.8309615789058566,0.0,0
2015-01-23,3.4552646906823616,3.629107612169499,3.815467143021967,4.080722407884818,0.7834213435561471,0.0,0
2015-01-26,2.556285463398446,3.4047308859890504,3.308625208361047,3.888062351402418,0.6714312965196123,0.0,0
2015-01-27,4.384409600818226,5.556816457395031,3.499563932541179,3.9584186041568743,1.110263233427872,0.0,0
2015-01-28,3.816169170738544,4.640304988834782,3.7069346678411215,4.1143500052380615,0.9343168842308736,0.0,0
2015-01-29,3.0143564724859964,3.543807878860056,2.9485901251316635,3.721290918638096,0.7240565769365765,0.0,0
2015-01-30,2.836068261659795,3.7073565525068655,3.7451428666267335,3.9907723673897264,0.7240705393959693,0.0,0
2015-02-02,3.081436835486308,3.5740167104093308,3.041665458309477,3.682672119456859,0.7345838261257116,0.0,0
2015-02-03,3.629048841713892,4.038794513015264,2.2187235936555343,3.537562713540008,0.8455696975723059,0.0,0
2015-02-04,2.194042453154559,3.117917799320874,1.8312772788926817,3.790430780516678,0.5888375380164352,0.0,0
2015-02-05,2.239090537437904,2.745980834561079,1.9614178416019132,3.358536725175728,0.5508783637475618,0.0,0
2015-02-06,5.356003980572464,4.352074227870074,1.438402903451678,3.367858054296665,1.0491123376198812,0.0,0
2015-02-09,2.4640144182846644,2.56137535853065,1.6217222653046433,3.295191497231845,0.5468412762483874,0.0,0
2015-02-10,3.581745289592853,3.524339508540192,0.9455872337625864,3.0816959919572566,0.7720623221084411,0.0,0
2015-02-11,1.676184437105761,1.81514034786202,1.3291987335582311,2.784532729767179,0.3803464130047432,0.0,0
2015-02-12,2.096352616461034,2.3917307304373128,1.8060136394610984,2.467254854472069,0.4896466465642343,0.0,0
2015-02-13,2.8692213002848126,2.603175189256762,2.573342669786921,2.4373014451664416,0.5932106219417919,0.0,0
2015-02-17,3.996391883083826,4.002718569359439,2.5759053496792936,2.299687770693195,0.8695210567291024,0.0,0
2015-02-18,2.4018787909033783,2.9421678131434943,2.860369617494857,2.4023302437290805,0.5841831474824082,0.0,0
2015-02-19,2.375902598494243,2.3555523963826634,3.0582060573757404,2.2397684750994817,0.5141725388415957,0.0,0
2015-02-20,1.8614570803592525,2.519087595693559,2.892442313135503,2.24824462000316,0.4801695400110528,0.0,0
2015-02-23,1.7658500239221442,2.1067896674397244,2.669567847438552,2.148232904582167,0.4230277458649739,0.0,0
2015-02-24,3.119657066165897,3.3583404544072493,2.246415904034613,2.347883235736093,0.7055989203248483,0.0,0
2015-02-25,1.1372645380075874,1.7471739314742687,3.4638450284629583,2.464031573180318,0.3172552958319055,0.0,0
2015-02-26,2.79274864255262,3.1809856432150063,3.778846370567418,2.3072329225158503,0.6517000607028864,0.0,0
2015-02-27,1.9671670052179837,2.59292516668604,2.8495535895530817,2.7275125842988346,0.4994912580151087,0.0,0
2015-03-02,3.4622047637869686,4.00393103818284,4.246296320349368,2.4150014092847893,0.8148574797351672,0.0,0
2015-03-03,2.769752139977728,2.647671554791459,3.9314746909962377,2.0996364610800096,0.5881143369939811,0.0,0
2015-03-04,1.349625334033192,1.7652353322389427,3.4087042210488767,2.170786354903269,0.3412398367347271,0.0,0
2015-03-05,0.8845795524523956,1.4967588799529072,3.4524844018702656,2.1973057360875234,0.2626892508812257,0.0,0
2015-03-06,5.026297587847185,5.30317857827303,3.981845944531371,2.404442414406245,1.1143069715501646,0.0,0
2015-03-09,2.26313341651796,2.7385401363938136,3.483656038395479,2.4762994824401505,0.5419923692809067,0.0,0
2015-03-10,2.4456646864598435,3.2300014227882863,3.73716648750964,2.694691379658767,0.616770699963494,0.0,0
2015-03-11,1.7377819261715814,2.6248222818795632,3.5969707942784863,3.3751119106990606,0.4761038742712261,0.0,0
2015-03-12,2.8104462065547784,3.4806306471693462,3.127637372214356,3.257919480784866,0.6822290320836242,0.0,0
2015-03-13,2.176209788036395,2.654729029777698,3.242892212237649,2.854098701609744,0.5236288484108592,0.0,0
2015-03-16,3.1454436465622377,3.668875931392872,2.6944415748250816,3.155561704530702,0.7375301415372066,0.0,0
2015-03-17,2.2867747811036825,2.8253986398288253,3.215879146965526,2.734915638927561,0.5543416079639452,0.0,0
2015-03-18,3.3688498882779725,4.210301968376434,3.2840193866963885,3.2047740429622835,0.8221553071117783,0.0,0
2015-03-19,2.9386767293527125,3.206573866606868,3.37417642808187,3.628887430712492,0.6636620837663274,0.0,0
2015-03-20,2.435462817856949,2.83337538775636,3.062590953782242,3.141475600505207,0.5702105434970316,0.0,0
2015-03-23,1.8697546012749888,2.011312999044764,2.749321693633429,3.2388554401483045,0.4189428234021597,0.0,0
2015-03-24,1.4504746510747497,2.046993387581954,2.553395097075505,3.335722178638532,0.3808731588959059,0.0,0
2015-03-25,5.392923480991956,5.540633649295189,2.0583413028426367,2.5888052110322133,1.1711535795673478,0.0,0
2015-03-26,2.9850866631905144,3.467417217193159,2.37980650193147,2.6461335146753857,0.6941992605582894,0.0,0
2015-03-27,3.547768321327893,4.314067753945622,1.9426731664741863,3.071366773411903,0.8471960483396839,0.0,0
2015-03-30,2.3851514807786685,2.898402739232829,2.0433729211675447,3.371900896240534,0.5693455134203838,0.0,0
2015-03-31,1.909000237365595,2.571442820027515,2.34653098769932,2.959908610308506,0.48454944389255,0.0,0
2015-04-01,2.0601674035364845,2.433945277868036,2.5077889068200667,3.1704425166467747,0.4837944463968258,0.0,0
2015-04-02,1.5594986095007672,1.9200917017034824,2.3337371598993912,3.48894754823612,0.3751273668544654,0.0,0
2015-04-06,2.52971555748978,2.691580861360341,2.566504123087489,3.143166961368213,0.5599835052002735,0.0,0
2015-04-07,1.6866246449292135,2.041966864672088,2.43569819383495,2.8023047831372305,0.4017330703027264,0.0,0
2015-04-08,2.122102651892336,2.214531188123306,2.402027701628002,3.008901461136658,0.4650223820557708,0.0,0
2015-04-09,1.9122747005087704,2.3669424090662883,2.221869978749653,3.4390004184323613,0.4616778273805392,0.0,0
2015-04-10,1.5711504436067565,1.4681092462585177,2.078831573576413,3.530193794541656,0.3246049150346514,0.0,0
2015-04-13,2.582395292172956,2.323608196977647,1.8179371656554173,3.251328458125664,0.5232651215886617,0.0,0
2015-04-14,2.261714862903996,2.211470646258211,2.320446485626394,3.4842565236502794,0.4785385237171078,0.0,0
2015-04-15,2.06117519928922,2.029971210163509,2.6943257426444647,3.736734138332608,0.4377823466120077,0.0,0
2015-04-16,1.967461669035724,2.682044097345475,3.4564783178553373,4.11860433038457,0.5033343537876088,0.0,0
2015-04-17,2.8199148919062016,3.702331050215061,2.807962882145039,3.453975025285452,0.7051402807134778,0.0,0
2015-04-20,2.2377739796339577,2.9689328733585225,2.40615725366832,3.5761916718677336,0.563120057220411,0.0,0
2015-04-21,2.320022267361016,2.4233702248710847,2.099933240642342,3.4332377167176724,0.5086570034774829,0.0,0
2015-04-22,2.37656954046625,2.8193488150782686,2.9048713882447474,3.537557872534745,0.5597336238436912,0.0,0
2015-04-23,2.724940869775917,3.2066826233425867,2.642411137475037,3.8171067895628608,0.6388043030123398,0.0,0
2015-04-24,5.004104523914609,5.402464126534222,2.9464907289965923,3.910538131773359,1.1166853739182336,0.0,0
2015-04-27,3.7435624119192834,3.5378880016627665,2.811087540430419,3.256014255250665,0.7776203188291745,0.0,0
2015-04-28,3.0637786922616987,2.834152897116166,3.182567352949156,4.028623068928464,0.6293835754075444,0.0,0
2015-04-29,2.2302361883976065,2.5405445002920874,3.133000770177611,3.9331408894432576,0.5129135290895681,0.0,0
2015-04-30,3.56443638380011,3.4758323077228765,3.242793354817921,3.373025179140792,0.752710498533153,0.0,0
2015-05-01,3.277944282651066,2.9698258210369333,3.0722834820738334,3.795515006169827,0.6662173373838144,0.0,0
2015-05-04,2.627492427528393,2.6454233917499432,3.074602747096239,3.492201840385224,0.5644015401064404,0.0,0
2015-05-05,3.065027290290369,3.228899600657073,3.468232101014264,3.3495614428878397,0.6747829537987483,0.0,0
2015-05-06,2.416079952287579,3.372639888834956,4.537290283888341,3.9692015267981775,0.6268100892002254,0.0,0
2015-05-07,2.890011243790608,2.8880098080691554,3.5367619185895167,3.4108852096090647,0.6183005780503108,0.0,0
2015-05-08,2.9542598408741143,3.136572743096256,3.479768287274328,3.551031874081432,0.653191162088208,0.0,0
2015-05-11,2.9816203113487334,4.056614275477435,4.205001108637462,4.013279978661692,0.7614327350553066,0.0,0
2015-05-12,1.6188640549271782,1.528197876298181,4.36110847571741,3.6097707292936807,0.3360759144020967,0.0,0
2015-05-13,2.7268087669150525,2.622970300692297,4.882312829889632,4.41404932429045,0.5716912552536604,0.0,0
2015-05-14,2.596989469413347,2.6217321162942357,4.16586732708688,4.236673800360943,0.5586544561819148,0.0,0
2015-05-15,2.231665484747555,2.8482137147329465,4.03114309341692,3.83641735172001,0.5483435290858718,0.0,0
2015-05-18,2.523042349462921,2.707188191365906,4.171964879148969,4.228683496737401,0.561110742037428,0.0,0
2015-05-19,2.2668908962036283,2.1139121190431838,4.425783218224158,4.57083448521561,0.4676219195081221,0.0,0
2015-05-20,1.9377182385955265,1.129617545235746,3.842831034577491,4.467820118984617,0.3220322418285999,0.0,0
2015-05-21,2.4713562406198166,2.697828766115087,3.42590017120216,4.065932402829747,0.554903349997779,0.0,0
2015-05-22,1.5035756033353829,1.859770388384104,3.7846280850987775,3.2017806436588816,0.3626540704657869,0.0,0
2015-05-26,4.677176684695793,3.557077158569736,3.073837764713997,3.253777660251511,0.8725559330211838,0.0,0
2015-05-27,4.829487769028317,4.329008722886281,2.898064791104683,2.6478667562705303,0.9762212626019128,0.0,0
2015-05-28,1.6741104243172795,1.6436017234497982,3.141633054085348,3.182960840731079,0.3547996762913582,0.0,0
2015-05-29,1.8718332291427933,2.235748386171792,3.8282389188346735,3.5657872140495064,0.4423553181079005,0.0,0
2015-06-01,2.6191389220400088,2.708013254415944,3.0671370427779245,3.0545207943199384,0.5707505228580528,0.0,0
2015-06-02,2.484755162023656,3.001350122061861,2.7431844333363418,2.728917747200415,0.5910465402359337,0.0,0
2015-06-03,3.268283902032929,3.404254430832727,2.6910603965324063,2.817392759470137,0.7150844453206255,0.0,0
2015-06-04,2.110421765285586,2.0788866183459658,2.132421126791166,2.6104309020305703,0.448062800065743,0.0,0
2015-06-05,2.689549754339128,3.391887245935549,2.7451852698347814,2.829863133648744,0.6565511451325842,0.0,0
2015-06-08,3.405863029623861,2.886311032560637,3.4147757249003017,3.2750652636825315,0.6696595561590859,0.0,0
2015-06-09,2.9983546403897696,2.4629639257624034,2.748316820132283,3.152091831064397,0.5805804040156581,0.0,0
2015-06-10,2.4551485978297043,2.415388994806428,2.278649509236873,3.80689798086656,0.5211626545617319,0.0,0
2015-06-11,4.02583460088286,3.973438983668576,1.9149446726140815,3.480560096396895,0.8560469773997866,0.0,0
2015-06-12,1.787378092004309,1.8980891121249368,2.6065023318130884,3.815090473285665,0.3954458602490475,0.0,0
2015-06-15,2.8183676944617315,2.480290908285505,2.770015833290206,3.8577248446591015,0.5646917330030582,0.0,0
2015-06-16,1.7239696276844088,1.7636230140585951,2.3061516627598766,3.5517938653908847,0.3737103574269599,0.0,0
2015-06-17,1.86870653101354,2.6723848141963504,2.0372863446392384,3.680957817142247,0.4924162088769029,0.0,0
2015-06-18,2.6855440908002066,2.475913874777509,1.6865009124152848,3.716988001064761,0.550996033080549,0.0,0
2015-06-19,2.4023020082526223,2.4329384596959422,1.799123672001158,3.57442271884398,0.5188656766641897,0.0,0
2015-06-22,3.085714291253086,3.0070780273375237,1.918128474072796,3.924029275894721,0.6529282524111537,0.0,0
2015-06-23,2.2755000462764903,2.190871544121416,2.513399666248821,3.7137330300126905,0.4784309117486645,0.0,0
2015-06-24,2.2764919145641263,2.337408491414541,2.7226733182415632,3.470351250859614,0.4953528199560487,0.0,0
2015-06-25,1.18872948759312,1.282552809086584,2.685722812928645,3.391669682920096,0.2657808243710227,0.0,0
2015-06-26,3.938427728964787,4.159872844509121,3.729809588948509,3.6001767449474875,0.8703051923130959,0.0,0
2015-06-29,6.392398876965554,5.922320285275043,3.5467535203247738,3.650163627500948,1.3142076368926074,0.0,0
2015-06-30,1.6182078127499024,2.336818642167814,3.0908388018169086,3.35695017757684,0.4287552509460148,0.0,0
2015-07-01,2.3399493142652283,3.163502379661021,2.54227457888082,3.579171258069597,0.5952611647227748,0.0,0
2015-07-02,2.0678813171203045,2.0018749805562943,2.4318555342185344,3.841719221925729,0.4350044843173968,0.0,0
2015-07-06,3.0530638672623205,3.2739568466452287,2.659732782945624,3.5848907796033784,0.6787624697290002,0.0,0
2015-07-07,2.8484558950302263,3.058680523998601,2.471375681073895,3.3104944079025707,0.6337479654822313,0.0,0
2015-07-08,3.0409445653256197,3.380113075611036,3.06933509305476,3.5752389221877103,0.689734232237305,0.0,0
2015-07-09,4.133280971947385,4.4351971984079706,3.7483364507382255,4.059147688659551,0.9186767531985078,0.0,0
2015-07-10,2.896204327818709,3.299121768040179,3.280285465652393,3.830475122543267,0.6656437807790734,0.0,0
2015-07-13,2.969352360988926,3.933776565257854,3.0752069913411844,3.439550478876493,0.7456194012275739,0.0,0
2015-07-14,2.08677041204223,2.0143727938529543,3.1094670543943184,3.433961066183843,0.4380550704695558,0.0,0
2015-07-15,1.5980672813257684,2.14754424073108,3.2518652430825914,3.1208708881043163,0.404769741524915,0.0,0
2015-07-16,3.0008892236089437,3.624360346119032,4.112838391699637,3.001014366985635,0.7133033110027801,0.0,0
2015-07-17,3.805404668391305,4.528147465539934,4.867300211685672,3.350710927609354,0.8970775017278023,0.0,0
2015-07-20,3.957947489379966,3.022236283737547,5.49083669800783,3.2399563974484096,0.740150217350715,0.0,0
2015-07-21,2.954352936408594,3.282316357085319,5.556388514040007,2.7222240311638464,0.6698022141846356,0.0,0
2015-07-22,3.3480848478357865,4.257315275839576,5.75825355848638,3.269192953042977,0.8205155770318182,0.0,0
2015-07-23,3.123136935961468,3.6313461251833057,5.157785268419008,3.1656694558620027,0.7298123746887791,0.0,0
2015-07-24,2.655944213715344,2.429080081052265,5.307733203695118,3.3231807614075377,0.5453040068637613,0.0,0
2015-07-27,2.0468728299687022,2.9653097431207245,4.766471230626339,3.044968093143864,0.5452236701505974,0.0,0
2015-07-28,3.05187814501016,2.852359846402222,4.80253161387716,3.0524970651413743,0.6335867554488992,0.0,0
2015-07-29,1.7099678578846436,1.7750710628900628,5.100634971914491,3.320842793522104,0.3752192115766609,0.0,0
2015-07-30,1.7223852797229005,2.285827980420935,5.193651919771672,3.6276518219650074,0.4348544546049103,0.0,0
2015-07-31,2.4182627949648534,2.4750127697163844,5.42771486161386,4.353212560130511,0.5317681628246567,0.0,0
2015-08-03,1.526344500019998,2.109020943604797,5.184853998083414,4.525744411765469,0.398316856702227,0.0,0
2015-08-04,1.7057208803018749,2.3087807005436205,4.760865244414847,4.497621426202032,0.4396149318938626,0.0,0
2015-08-05,1.963029406160476,2.329490909921794,5.314983436918372,4.991611572955724,0.4683861852080941,0.0,0
2015-08-06,3.16172354485911,3.0511159851380416,5.3727774634045895,4.920427577142535,0.6740712082322879,0.0,0
2015-08-07,2.310429620887406,2.63370012572776,5.249111581817864,5.374506670780622,0.5388935748430284,0.0,0
2015-08-10,3.733625335823661,3.0938706147316477,4.388328896824556,4.8899882989826455,0.7376435336516339,0.0,0
2015-08-11,2.788013062243057,3.3184817275881127,4.657052475952988,4.948499760836467,0.6663762999986051,0.0,0
2015-08-12,2.920408318538352,2.678480586884836,4.107496881876233,4.803980454977041,0.6066044397918676,0.0,0
2015-08-13,2.535160609286271,3.1513196220266075,3.532161215366534,5.024260969143502,0.6212764582669177,0.0,0
2015-08-14,1.6280084663920242,2.0307702604552857,3.4472320879492417,5.279894942439653,0.3997778752808084,0.0,0
2015-08-17,2.658261474453944,2.318548831544326,3.299193964829245,4.697888961847709,0.5384565772096979,0.0,0
2015-08-18,2.2718182104086373,2.9530715503536986,3.0816771956918982,4.808898859729024,0.5715374914757082,0.0,0
2015-08-19,2.714756197475245,2.359720678402073,2.789458749722377,4.565599749625179,0.5489713808760632,0.0,0
2015-08-20,4.333509987010733,4.566227450471291,4.014746065851268,5.622219121694058,0.9665383422189264,0.0,0
2015-08-21,6.631478935300597,8.656125869930854,5.582413806556046,6.425002863913754,1.656395493246788,0.0,0
2015-08-24,7.069233700226076,8.345843687447292,6.477884169142911,7.262306673219553,1.653059848536666,0.0,0
2015-08-25,7.716753864893534,9.371228291169125,5.929827418829508,6.616145185354947,1.822133360515295,0.0,0
2015-08-26,7.757818276781929,8.356675326093274,5.501150910110773,5.575164755644403,1.6982316875570511,0.0,0
2015-08-27,3.627274658769999,4.337814778665019,5.317256641669155,4.881913314427941,0.8423445557751502,0.0,0
2015-08-28,2.445909986685413,2.6877673829440774,5.182091222426024,4.447279305322116,0.5413767702101987,0.0,0
2015-08-31,1.9723544918090836,2.746836903104186,5.611487770620229,4.816016552195402,0.5015837671043331,0.0,0
2015-09-01,3.5454286567047526,5.376622790204596,5.550447743232518,4.708813011164197,0.948188426299762,0.0,0
2015-09-02,3.4600002606649984,4.092474286703734,5.063531224591805,4.215637185715316,0.7963580712742728,0.0,0
2015-09-03,2.5348119469189627,2.8453863239864705,4.739363686383566,4.378397927549777,0.5663481604491263,0.0,0
2015-09-04,1.8126521309000572,3.220020936226744,5.004705006471515,4.700066081349085,0.5374080604149314,0.0,0
2015-09-08,3.810338924320781,4.418370604480883,5.038807550805,4.052016311963333,0.8671077869261774,0.0,0
2015-09-09,2.841143097175819,3.022169308332063,4.757359010892388,3.7599705043782032,0.6161260332145719,0.0,0
2015-09-10,1.383216843984225,2.1290725336917165,4.306193061309425,3.6628212440458063,0.3734384675839533,0.0,0
2015-09-11,1.4069660117771772,1.9483165831927047,4.289976086187871,3.467479238011123,0.3555737635614102,0.0,0
2015-09-14,0.9499429305485826,1.263868346197047,4.873265110648518,3.889000056399694,0.2343111339663197,0.0,0
2015-09-15,2.2858499773602774,2.8526940533836576,4.579617065472506,3.4975952658113045,0.5427593696374311,0.0,0
2015-09-16,2.3990855176745063,2.15661833958303,4.296947093904671,3.4619718339236454,0.4760989174302809,0.0,0
2015-09-17,2.6199145533023933,2.75960388040304,3.9149763037154086,3.518614991517619,0.5651075603428044,0.0,0
2015-09-18,2.5994868336526413,3.5421690341083982,4.246485314079578,3.4052045415767846,0.6539098541845155,0.0,0
2015-09-21,2.502589528775097,3.5294350708525437,4.830402127294937,3.1384759087497915,0.6428626194850414,0.0,0
2015-09-22,2.370484312665453,2.7233357037960317,4.483702197064591,3.378927256474709,0.5396890430255836,0.0,0
2015-09-23,1.2553048214273437,2.054729076890623,3.304544310819617,2.8529077306242865,0.3542276666109341,0.0,0
2015-09-24,2.9571960951790994,2.3960694895812944,2.863034617970795,2.8906750019432352,0.5614065067726807,0.0,0
2015-09-25,3.191363502174341,4.83088198214247,3.4860724096283264,2.9813130139494906,0.8550772155473023,0.0,0
2015-09-28,3.298118454365381,4.5927117492530485,4.377366348798433,3.731129367986865,0.8336631779868177,0.0,0
2015-09-29,2.623850834984468,3.4646107072093733,4.520505463540413,3.650997257791996,0.6423849648695089,0.0,0
2015-09-30,2.872103559128559,3.8204592232423886,3.564081337008684,3.396737401520585,0.7062541031179002,0.0,0
2015-10-01,1.7933643644852646,3.2362722659113983,3.1071703757169677,2.90405668413219,0.5354332994911976,0.0,0
2015-10-02,3.6641948612991393,3.343739069442061,2.954294729313618,2.86630232976277,0.7338322134092947,0.0,0
2015-10-05,2.2252610947962776,3.289422384719232,3.17158360006262,2.6443650275496884,0.5843581402465092,0.0,0
2015-10-06,2.0253390985202087,3.1723966682299003,3.558789559590011,3.1412034812621417,0.5515272060458963,0.0,0
2015-10-07,1.2706694641253096,1.9643560286792352,3.639425337958664,2.982987899543774,0.3431598187813761,0.0,0
2015-10-08,1.50699066244548,2.213780827053483,3.693121364484972,2.907729910208173,0.3942093357902128,0.0,0
2015-10-09,2.279168359043636,2.7927348466001827,3.620425183734052,3.296583896884372,0.5350043274818426,0.0,0
2015-10-12,1.5190863913471593,2.154279721559585,3.9334295697334394,3.402198473527668,0.3904555458375363,0.0,0
2015-10-13,1.5869238376854602,2.651642839581961,3.8756633529467854,3.973471020410512,0.4520953459126245,0.0,0
2015-10-14,5.15429318238433,6.895315787132384,4.198112300096856,4.74172571174898,1.2686372410738165,0.0,0
2015-10-15,2.4002388647754715,3.1476990306163173,3.945512633144173,4.636380049692035,0.586371010269192,0.0,0
2015-10-16,1.3746863401649003,1.4063613066445002,4.067245474726646,4.234087071638529,0.2949493342073652,0.0,0
2015-10-19,1.4098816313204607,1.7366656449240492,3.627172794125504,4.032273113856228,0.3347101457607671,0.0,0
2015-10-20,1.9150009695102952,2.092803446466186,3.9819207527551534,3.9562432748062895,0.4255082578844726,0.0,0
2015-10-21,2.223739412480941,2.721001340645867,4.248429731263168,4.184598451928914,0.5259350268270753,0.0,0
2015-10-22,2.346962152284084,3.9024428126624335,5.181447781733778,4.510307937141848,0.6678791937565587,0.0,0
2015-10-23,4.485898783823592,5.558733404573908,4.561187420607062,4.681470273564236,1.0674034830470758,0.0,0
2015-10-26,2.219681129581017,3.163550745381212,4.549850828431708,4.620815640701394,0.5732797656516802,0.0,0
2015-10-27,1.3088193695157089,2.0455545020711456,4.504464000030278,4.995620875136198,0.357712767770093,0.0,0
2015-10-28,2.496507992726439,3.688374376088063,4.190496373249114,4.515710793864723,0.6590071626052871,0.0,0
2015-10-29,3.878006570500119,4.824540182002261,3.9772882413926585,4.6378120862962735,0.9238727187613568,0.0,0
2015-10-30,1.789046309877407,2.2916115640522032,3.4549877374665168,4.406766385839618,0.4333966125756659,0.0,0
2015-11-02,1.6673812188235673,2.7274752638207342,3.263865828634936,4.216753377723367,0.4684469810473513,0.0,0
2015-11-03,2.2600853477808087,2.2276356921123077,3.289165439573663,4.045620237717537,0.4807309910380984,0.0,0
2015-11-04,1.8785301979910685,1.7911035040651686,3.355927250163,4.288047756730977,0.3929808815834925,0.0,0
2015-11-05,2.037766255160748,2.888878722097904,3.3489117829520234,3.983201293078187,0.5294302593500649,0.0,0
2015-11-06,3.6521160686038994,4.613209239820369,3.2244952463701275,4.153359867651348,0.8863939470776834,0.0,0
2015-11-09,3.6502363861498943,3.441287494613029,2.8822495949768623,4.629320433134529,0.7586578239727451,0.0,0
2015-11-10,2.2559683999443783,3.119641719192418,2.4275526644222456,4.17503089381601,0.5769219081284456,0.0,0
2015-11-11,0.7686115323076463,1.297167447193898,3.442700320867816,4.301590070165673,0.2220567019732268,0.0,0
2015-11-12,1.5625920997096323,2.4772906176770024,3.3382674315201486,4.437153311523908,0.4340454873500278,0.0,0
2015-11-13,1.6440803411568183,3.2006012195383406,2.9576339565604086,4.471993328527608,0.5213379473541462,0.0,0
2015-11-16,1.5684182653033982,2.675391158052133,2.606315427579601,4.666291572435946,0.4562175831431418,0.0,0
2015-11-17,2.3434144835926256,2.2112464458594507,2.816639300638815,5.030795340945612,0.4872655133744579,0.0,0
2015-11-18,2.1319770116786185,2.86685449523932,2.92239400626405,4.521554826090458,0.5363627297926601,0.0,0
2015-11-19,1.695971780819451,1.6728230087620128,2.9897394041125613,3.6377678129868114,0.3605333865769183,0.0,0
2015-11-20,1.937052234618048,2.1604265616520326,2.317682753340033,3.8466469954923777,0.4389696050749763,0.0,0
2015-11-23,1.6585228527107003,2.217398786298616,2.2777730426166483,3.901955529593662,0.4158575707717603,0.0,0
2015-11-24,1.5849481532898693,2.050027719736907,2.1068007159486606,3.9675745432073417,0.3898999069418065,0.0,0
2015-11-25,1.5021264294847876,1.880823667878328,1.980296492129912,4.286113685861476,0.3627696123043362,0.0,0
2015-11-27,1.7552379063600247,1.657237254403623,2.2727525944586904,3.504619934276473,0.3650743381630508,0.0,0
2015-11-30,2.111973235086468,2.421928509266498,1.9255965947301408,3.34129670299446,0.4860881014334299,0.0,0
2015-12-01,3.429977760497828,2.699949940451727,1.943101020830708,3.7129988356164154,0.6689401653805298,0.0,0
2015-12-02,3.15732478322406,2.86470712112682,2.352940632870066,3.556080336938386,0.6570525542662735,0.0,0
2015-12-03,6.78584579366089,5.600911427254798,2.3463418558789866,3.258655050482119,1.323640389140082,0.0,0
2015-12-04,4.22170884317216,4.235831093054267,2.035477335738737,3.471453669165838,0.9051333573832916,0.0,0
2015-12-07,2.4639267966989595,2.453274508064806,1.5576786684136488,3.2291588383113754,0.5262118940114449,0.0,0
2015-12-08,2.619808079005168,2.923449436848731,1.7504606393569873,3.01510693390993,0.5937329539949733,0.0,0
2015-12-09,3.288788129463575,3.2224079239122063,2.056309594902007,2.679840341579252,0.6967056897200987,0.0,0
2015-12-10,3.6650774117997775,3.062771150490696,2.2752558288810483,3.0161713607149525,0.7190018248516918,0.0,0
2015-12-11,4.206171849146327,3.771543161326849,2.401208705101981,3.1525095066030646,0.8530385014309563,0.0,0
2015-12-14,3.2907088234616477,3.522371628166041,2.5715532512758283,3.547551033922697,0.7295075207796489,0.0,0
2015-12-15,1.815539420362404,2.2481914573289843,2.3774570252321388,3.106308321257637,0.4356109639484169,0.0,0
2015-12-16,3.1702937719811275,2.6840039346526607,2.260100857501635,3.2163477127330014,0.6257086463252715,0.0,0
2015-12-17,4.021239535129863,3.674371628579991,2.218346783555996,2.956856254915923,0.8229939595516838,0.0,0
2015-12-18,3.6413367157032632,4.035958668211978,2.331824896605757,2.788942342545905,0.8368438196785709,0.0,0
2015-12-21,3.0534553503174,2.7494530802358383,2.3538044974417307,2.6229920641798308,0.6327370460766688,0.0,0
2015-12-22,1.935011140465196,2.1614363573559285,2.34840694365504,2.697347551358222,0.4465172896117563,0.0,0
2015-12-23,1.8507536154589228,2.5712182786159428,1.8139249259450605,2.7056653271133166,0.4818370217788242,0.0,0
2015-12-24,1.3136435549093592,1.41618657325791,1.7963622983467942,2.446307437794902,0.2975710224700416,0.0,0
2015-12-28,2.5790176096536244,1.795902956466234,1.9232126732362624,2.413749780904873,0.4772216395064185,0.0,0
2015-12-29,2.5742543388633523,2.7415263303294064,1.708626522509779,2.662835177196825,0.5794692226216785,0.0,0
2015-12-30,1.376367336085793,1.494975233808353,1.901317700883839,2.396827614276317,0.3129932157842504,0.0,0
2015-12-31,1.8303453770347735,1.9239054034691316,1.8200256673422024,2.0585323523187067,0.4092564363019589,0.0,0
2016-01-04,3.233248592290371,3.454046981127514,1.649421712279716,1.9830842881139576,0.728973477379343,0.0,0
2016-01-05,2.820131428790654,2.9355427169286843,2.403934036878937,1.853954860202785,0.6274441444571536,0.0,0
2016-01-06,3.6900256367293935,3.6068620535528906,2.711397046279436,1.9107726929883184,0.7955351522192676,0.0,0
2016-01-07,3.877364257523048,4.056988259421197,3.7191943386380335,2.352815344322569,0.864941708178967,0.0,0
2016-01-08,2.897673785609042,2.3574796021954207,3.5209328466585856,2.4453030250725765,0.5731015565101043,0.0,0
2016-01-11,3.1684414340639795,3.9681060461727418,4.095270972160423,2.550007853644896,0.7777529762765327,0.0,0
2016-01-12,2.908109216226943,2.724479524213709,3.90487081210396,2.605980638691649,0.6141276312592316,0.0,0
2016-01-13,4.145688559621893,4.632976962336361,4.739768775293715,3.3118165396350663,0.9564372865521876,0.0,0
2016-01-14,3.3662027908943246,3.3637125832122043,4.086203837414635,2.8953204044479186,0.7333722696298137,0.0,0
2016-01-15,4.183005866159226,4.88038858154621,5.132918343553071,3.233281079556001,0.9871069583355097,0.0,0
2016-01-19,1.9699875944201208,2.804715125841282,4.75044208753588,3.025283585668541,0.5198240288161441,0.0,0
2016-01-20,3.8935116100162457,4.483458662240702,4.169433378994618,3.5558064330917545,0.912370392553158,0.0,0
2016-01-21,2.2674799570519366,2.872837167592436,4.18365160128935,4.057409069324056,0.5597513351049559,0.0,0
2016-01-22,3.787775296758864,4.242746392836846,3.828176549288735,3.628221365106758,0.8746835099701892,0.0,0
2016-01-25,2.329458654814974,2.83524125529786,4.579253986643881,4.041684556015914,0.5624493419521547,0.0,0
2016-01-26,3.3967423375189374,3.742935709301372,4.0014569101490585,3.728567519474512,0.7776773152227063,0.0,0
2016-01-27,3.2738582403556955,5.001420010794175,5.124014375992786,4.628402991862168,0.900815758834814,0.0,0
2016-01-28,2.447149621438708,3.593435818571422,5.035266136798127,3.8869356489960376,0.6576034898703187,0.0,0
2016-01-29,5.012775322505919,5.487044511315789,4.21728289104118,3.784990150500653,1.1222105315149602,0.0,0
2016-02-01,5.428426260069607,3.708926530450525,4.232823401615043,3.971213420404061,0.9545704725957062,0.0,0
2016-02-02,3.2304528187149786,3.7926727672620815,4.307848349507457,4.383032154877869,0.7397231013818161,0.0,0
2016-02-03,3.4020461114792298,4.370871451702964,3.961200989655745,4.274135701732591,0.8198045147744711,0.0,0
2016-02-04,3.828889035401988,4.089510044794483,3.6501013805007663,4.12308388174278,0.8328257823992968,0.0,0
2016-02-05,4.145104817254515,5.752882865757858,4.242795140829645,4.871112792482707,1.0428918648897043,0.0,0
2016-02-08,3.355504636272098,3.6460866975711377,4.699205949497851,5.014048551173913,0.7468671331626404,0.0,0
2016-02-09,2.07749115509408,2.0708839483507284,4.318813242044283,5.078773548004796,0.4422861901180552,0.0,0
2016-02-10,2.47849886067461,3.402414553170931,4.168276345122223,4.907031718245725,0.6281802308525626,0.0,0
2016-02-11,6.323111830213286,6.184989087022748,3.928774202874278,4.790067037123887,1.3083716589656107,0.0,0
2016-02-12,4.035305718427725,4.692384248710865,4.165820027856265,4.636380920023189,0.9108199208209178,0.0,0
2016-02-16,4.84446024491261,5.239425041244646,3.5167175520103733,4.025303808321525,1.04916158327862,0.0,0
2016-02-17,2.348393053509918,3.0945880937908257,3.452594587262102,3.9384502494967255,0.5675068742079973,0.0,0
2016-02-18,2.9654772469452872,3.563353072646522,4.14584027304744,4.26316458311566,0.6800523810547725,0.0,0
2016-02-19,2.352808227562849,2.485421079696965,3.745299589427244,4.223387516326973,0.503257611178068,0.0,0
2016-02-22,2.632497062170552,3.071745721759877,4.168988733454916,3.978733175941875,0.5939749226914477,0.0,0
2016-02-23,1.839009356349974,2.3820820030077585,4.264982701726839,4.082396908072094,0.440027565877684,0.0,0
2016-02-24,1.9844575976882737,2.2711720353380955,3.785430673035821,4.024067876709164,0.4430405098311275,0.0,0
2016-02-25,2.338243160176777,2.996903823310816,4.472231497932187,4.218116150017617,0.5569701570320172,0.0,0
2016-02-26,2.7306323213681947,3.134576331836462,3.866379700161626,3.956067223845115,0.6115389944766033,0.0,0
2016-02-29,1.5997468804142272,2.1827722841614223,3.266341724847469,4.079565038399887,0.3951596636339554,0.0,0
2016-03-01,3.2879882526316937,4.468857233326086,4.27158244512535,4.106300594392442,0.8103220552634598,0.0,0
2016-03-02,2.9151658518682466,3.12477361819646,4.209563061311185,4.05694445791095,0.6292625434073387,0.0,0
2016-03-03,1.610949733890458,2.394259156798148,3.993605814973406,3.92262928184141,0.4188220020821828,0.0,0
2016-03-04,2.0055394184938256,2.357839641740312,3.4805583977915275,4.1097467052501,0.4550741436763158,0.0,0
2016-03-07,1.842828087843159,2.972671703745745,3.818068401515661,4.52498074239304,0.5071077002356593,0.0,0
2016-03-08,2.598490290789433,3.601205856970508,3.7247658410689546,4.293404071883246,0.6521706884234478,0.0,0
2016-03-09,2.341010172965833,2.9666029279849595,4.026426305614852,4.03207655592742,0.5579666456166276,0.0,0
2016-03-10,2.3904745011873145,2.710314962615102,3.992922351409197,4.272248261520235,0.5357863672062292,0.0,0
2016-03-11,2.104491864914713,2.8695560005299243,4.576227796276421,4.038493883036049,0.5231785386547916,0.0,0
2016-03-14,2.2180916474274563,2.2863427623028727,3.0677472202246183,3.621931738604199,0.4728120278343102,0.0,0
2016-03-15,1.1170410256343737,2.3427274955453408,3.113408610215353,3.34261672793051,0.3649832273415757,0.0,0
2016-03-16,3.0052760635578024,3.031139839262891,2.917200378697553,3.9880911390611895,0.6335157816723294,0.0,0
2016-03-17,2.161958675009186,2.9333064468494108,2.927250204943057,4.431807874069935,0.5359091365810008,0.0,0
2016-03-18,2.633626671765937,3.339497064818855,3.2326801146867363,4.443582802777536,0.6279317864003251,0.0,0
2016-03-21,1.7039187449553597,1.6581603441973862,2.8142099034001262,4.032291601731358,0.3527532116308631,0.0,0
2016-03-22,1.6689687685645187,1.6913325474014562,2.8799136219093726,3.583577864386034,0.3526726402467448,0.0,0
2016-03-23,3.4242732682331565,3.3342409585706174,2.4452656299379374,3.4869544894584403,0.7091141367268446,0.0,0
2016-03-24,1.437994843410556,1.6836052170746132,2.8899582082309103,3.4382687214792425,0.3308054948785297,0.0,0
2016-03-28,2.3631535938850057,2.439802309489642,2.3715589042678604,3.383872216675156,0.5088121845704999,0.0,0
2016-03-29,3.1465215241037128,3.4054971404528733,2.6202136230395165,3.576513981217934,0.6941911946325565,0.0,0
2016-03-30,2.5870028098042823,2.616034694437919,1.9283853111507416,3.5334594559353207,0.5511649664838241,0.0,0
2016-03-31,1.3091466004165837,1.8452726157857964,2.340594605667171,3.9177343876246105,0.3344475742996384,0.0,0
2016-04-01,1.5413222628697505,1.6730049305822954,2.5291031187104203,3.6909846101670514,0.3405629702984741,0.0,0
2016-04-04,2.173590534772768,1.923009446010228,2.9020979145811103,3.6970188414625618,0.4338026367348091,0.0,0
2016-04-05,2.1395984316774395,2.4430152232354923,3.2309547707753428,4.090874024464778,0.4856009925831172,0.0,0
2016-04-06,2.2502151488572038,2.7633661255249966,3.134164467312385,4.253209910127342,0.5340023773744678,0.0,0
2016-04-07,3.096418801474001,2.7700228061874084,3.1690116783730806,4.23555127962,0.6238721020822726,0.0,0
2016-04-08,2.288499011195141,2.631535687592756,3.954608735196869,4.260295086566442,0.5238707072239375,0.0,0
2016-04-11,2.071176047865373,1.839725207742335,3.5778145728204,4.762185265458096,0.4158938800348756,0.0,0
2016-04-12,2.780362155822876,2.950782582083526,3.406784414342809,4.7584958850114765,0.6099956015011947,0.0,0
2016-04-13,2.5500409381052207,3.121223178889423,3.631639627795885,5.138518971165977,0.6053830410207668,0.0,0
2016-04-14,2.457459639206937,2.23605539703323,3.4293859188178804,4.842161585527974,0.5010076565224434,0.0,0
2016-04-15,1.584220400531047,1.6535946989174837,2.954301727399978,5.415112184170819,0.3459426645167266,0.0,0
2016-04-18,1.9343658937238264,2.519116679432948,2.67871884818437,5.675869180086176,0.4765420614674681,0.0,0
2016-04-19,3.5663427218983013,3.69784465558235,2.631652885020626,5.724182428224224,0.7761031786388519,0.0,0
2016-04-20,2.378345967421488,2.4963361291204142,2.558037063791784,5.847362807117348,0.5208525727747071,0.0,0
2016-04-21,2.6246192443082856,2.461710307163737,2.4526798422200846,4.776303734906028,0.5430505897483886,0.0,0
2016-04-22,3.7717445569241774,4.862817704780253,2.8542938647035583,5.184879627411676,0.9219815105869622,0.0,0
2016-04-25,3.3261342762291424,3.626189695810493,2.465913680563029,4.642686093358297,0.7549433963871826,0.0,0
2016-04-26,2.366451957172649,2.958895026896976,2.875240360010545,4.261375442144884,0.578003371845023,0.0,0
2016-04-27,3.245459154892927,3.873207323586577,3.05914865344516,4.726289553292302,0.7727686989356446,0.0,0
2016-04-28,3.0881651587891272,3.293852515758934,3.3655469865187646,4.840295660058244,0.6930663221984252,0.0,0
2016-04-29,5.085225410330559,6.146835984100278,4.073255473517921,4.94783800763619,1.196247874094448,0.0,0
2016-05-02,2.2681014696774406,2.8931970138309238,4.127437243062814,4.930553395830981,0.5498371832327178,0.0,0
2016-05-03,2.223614847134935,2.1625724931643937,4.0118139826445685,4.485207134531582,0.46664451034489,0.0,0
2016-05-04,1.930273941611232,1.5804413304166067,3.9533562156673128,4.343605496956592,0.3731886261431431,0.0,0
2016-05-05,1.4841072619572326,1.6340352085711638,3.6728932070539777,3.907479383949205,0.3319399885982987,0.0,0
2016-05-06,2.5157992187868623,2.361319489705433,3.525596360692966,3.855590549595435,0.5187838950178657,0.0,0
2016-05-09,2.7971306679354653,2.744870417764405,3.261158066939692,3.9510626961659354,0.5896370280550498,0.0,0
2016-05-10,2.647826722818379,2.3571571193957706,2.96961266062462,3.5350978326059,0.5322468236522384,0.0,0
2016-05-11,2.9529545881790176,2.634716502904441,3.1999897129146007,3.2747771976425684,0.5942183062814108,0.0,0
2016-05-12,3.223791404399352,2.8434800511610265,3.380298208231304,3.4744843527948426,0.6451848307075687,0.0,0
2016-05-13,3.2958699352616048,2.93105638611129,2.95305216016264,2.855444197686978,0.6621889743437405,0.0,0
2016-05-16,2.382971443122911,2.3224294085261685,2.734736873493838,2.9625596285731834,0.5006106630089201,0.0,0
2016-05-17,2.258383520411915,2.109424465710373,2.2946817811604525,2.5591413297512142,0.4645969155556934,0.0,0
2016-05-18,4.62365114389191,4.928320458251758,2.212066548941505,2.4016482054742645,1.0119968680097875,0.0,0
2016-05-19,2.067280959791416,2.5276491187002064,2.550900628445313,2.370702957345535,0.4869951175888057,0.0,0
2016-05-20,3.627175628634768,3.3099436491027623,2.091002020191421,2.119039625897708,0.7346557501515207,0.0,0
2016-05-23,1.5472905966907455,1.583327061511579,2.207250093719162,1.9520325464852668,0.3316412475351579,0.0,0
2016-05-24,2.926161235969325,2.8882507978135523,1.9845585060963808,2.3065220194273115,0.6178129925601894,0.0,0
2016-05-25,1.9332280246487783,1.82369207116958,1.7444620663969987,2.0124658483021456,0.4067613279261168,0.0,0
2016-05-26,2.202207143250848,2.347715443298388,2.6572977579391504,2.187368476255703,0.4921407718789133,0.0,0
2016-05-27,1.5750169098359297,1.8555688134224704,3.155688752626885,2.328090363303132,0.3707740002861159,0.0,0
2016-05-31,3.2470406180532736,3.077996018394185,3.4100525208920627,2.1175720053257017,0.6847845716315193,0.0,0
2016-06-01,1.902386234632719,1.9850387049097784,3.413546085881003,2.2012259345677414,0.4205536787796774,0.0,0
2016-06-02,2.2075680514998144,2.546263867541935,3.343531368346921,2.6734128312761105,0.5138752146052686,0.0,0
2016-06-03,4.175172816453318,4.417101685925768,3.24433992719309,2.75767146556984,0.9294369003869768,0.0,0
2016-06-06,3.53806833511328,3.866673129966786,3.267726592836515,3.640956344729242,0.800773222192011,0.0,0
2016-06-07,2.043880188549853,2.206403925026431,3.1139883087579,3.225615084200415,0.459684694815105,0.0,0
2016-06-08,2.4228900088424106,2.209995952344248,3.052936699446423,3.047467851738527,0.5017360178436777,0.0,0
2016-06-09,1.5862171523332274,1.5694647859052275,3.097660912768013,3.282603619417716,0.3415357917614022,0.0,0
2016-06-10,3.5237766869970715,3.0823687728203635,3.336009358550068,3.5846498537393914,0.7156749460971139,0.0,0
2016-06-13,5.39251783839129,4.250756335903911,3.9054763079107393,3.7006011901507865,1.0276206044731715,0.0,0
2016-06-14,1.824866119290207,1.6013704831498576,3.547072088187567,3.084196338872401,0.3652560201417079,0.0,0
2016-06-15,1.383441510492092,1.3276133222175397,3.524333567507127,3.250659661447708,0.289109569993386,0.0,0
2016-06-16,2.3198593509887093,2.349125513090831,3.990407138402525,3.586264503777413,0.4980045862483468,0.0,0
2016-06-17,3.8121248084403327,4.244461724204876,3.592579830911182,3.210113212745999,0.8596366120049102,0.0,0
2016-06-20,2.093200199094186,1.9591322646886788,3.3229643948869265,3.330764837613592,0.4329455886478139,0.0,0
2016-06-21,2.6136849331612497,2.737651500974628,3.586943953101659,3.447183513215012,0.5730978877555045,0.0,0
2016-06-22,3.24788712813142,3.377012860951623,3.561069085863111,4.04459914115859,0.7094600873208354,0.0,0
2016-06-23,3.493485695440471,3.122734838904212,3.308580133688883,3.346003476953232,0.7079299917039386,0.0,0
2016-06-24,7.728402705550223,8.369184018080913,4.682583092016502,4.43100920304202,1.6882363379803729,0.0,0
2016-06-27,7.0281463433659885,8.44285034827078,4.369497030625376,4.205992780279456,1.6073024383815735,0.0,0
2016-06-28,3.438717394658422,3.288273722569292,4.139054119839681,3.3439985265844454,0.704185505312484,0.0,0
2016-06-29,3.2152859011070127,2.8143090880654515,4.021096963435785,3.100472624177098,0.6303490066780453,0.0,0
2016-06-30,2.765741844822072,2.9902197140725684,3.7387349520521034,3.183474072483511,0.6036426282045391,0.0,0
2016-07-01,3.221095514386065,3.262119307162948,3.3605881650359777,2.693132479168601,0.6792488483587589,0.0,0
2016-07-05,2.4948149848683068,4.162783327251761,3.3329607980734144,2.928861193465558,0.7026058964307469,0.0,0
2016-07-06,2.2393300113659533,3.361886921889901,3.607945049710521,2.9496381717715723,0.5902428897654476,0.0,0
2016-07-07,1.419765290515855,1.892952382632653,3.114048684167324,2.7400714486283477,0.3484895655022353,0.0,0
2016-07-08,3.1908957840776297,2.9742111479106343,3.1323396703402047,2.825452107146173,0.645120562131718,0.0,0
2016-07-11,2.363249195397924,3.8086436793400753,3.432484357939521,2.824535555716768,0.6510315970280438,0.0,0
2016-07-12,3.4844009168663046,4.365335433744629,3.028813648279072,2.5620200345005,0.826719280028646,0.0,0
2016-07-13,3.503011518491256,4.352547712989854,2.732971340517295,2.2227083963857286,0.8272260171580668,0.0,0
2016-07-14,2.233650789615858,2.626667742922055,2.792552191841455,2.1480166566523167,0.5113729165693648,0.0,0
2016-07-15,2.443263197379384,3.29019537343513,3.2886032906290645,1.898726159102846,0.6045132139995542,0.0,0
2016-07-18,1.441975814833595,1.9491516156502544,2.2853504514882608,2.1147701511307737,0.357567835472287,0.0,0
2016-07-19,1.6427093383174765,2.389286178807024,2.348497148081185,1.7843172420808575,0.4256194265136314,0.0,0
2016-07-20,2.109184713868165,2.456498332871882,2.63008267539177,2.316920755771987,0.4803004687977509,0.0,0
2016-07-21,2.068410579677799,2.660956677187776,3.1414888666414607,1.9997649542851563,0.4982933110895419,0.0,0
2016-07-22,1.7351509079571703,2.74951754068561,2.845156327157248,2.3302085639649195,0.4740151950266926,0.0,0
2016-07-25,1.6174099140984843,1.9303503337750043,3.5468182364490053,2.7410626349795075,0.3733601866633131,0.0,0
2016-07-26,4.189734899681472,5.127475296264909,3.721694280123929,3.710625552851796,0.978917087851778,0.0,0
2016-07-27,2.68629940370416,3.459001623943633,3.4950553549535086,3.72830576132614,0.6461414105261272,0.0,0
2016-07-28,1.4172487961687548,1.8935511122799435,3.204861765649182,3.490857138859736,0.3482984252499241,0.0,0
2016-07-29,1.913375276067462,3.0213566938169056,2.87542169072677,3.5634035814614773,0.5203826021985211,0.0,0
2016-08-01,3.914534287673488,4.637219052988322,3.03499145243645,3.72337881482343,0.8977190201629005,0.0,0
2016-08-02,2.889495005313734,2.726057786009837,3.5062829201601,3.540280107403386,0.5875193090582975,0.0,0
2016-08-03,1.5384672747074732,2.402915051912682,3.193258744980989,3.5639578390066955,0.4153888785435449,0.0,0
2016-08-04,1.412930401375878,2.136282515988721,2.851669569963099,3.893139890280541,0.3738871873115879,0.0,0
2016-08-05,2.2264414203586105,3.5854433905657195,3.392615773934484,4.116642962794035,0.6127849116033783,0.0,0
2016-08-08,1.4214205070409671,1.6392755055828705,2.568507065933185,4.140996416562432,0.3211699734864668,0.0,0
2016-08-09,1.4048977679051164,1.6565356786865657,2.7709246513146737,4.079466613330705,0.321351640561807,0.0,0
2016-08-10,1.026381352326574,1.8738406121390827,3.190515113923003,3.767958534190474,0.3063127300254509,0.0,0
2016-08-11,1.9302608616661117,3.013674662546135,3.21144758851489,4.0652122442289205,0.5210467932262043,0.0,0
2016-08-12,1.950220197783359,2.8728718943400238,3.374958432613236,3.804869559162997,0.5078958119105831,0.0,0
2016-08-15,1.9146662066750888,2.365379572544508,3.3105094345942963,4.147729223263278,0.449572383554404,0.0,0
2016-08-16,1.5999303179551452,1.7643749827249526,3.5357718582381046,3.6209979587088177,0.3527968572391189,0.0,0
2016-08-17,1.3283207935255712,2.267753376602969,3.522487641356882,3.684717855055962,0.3794622596641263,0.0,0
2016-08-18,1.3118305585226857,2.332091937256492,4.248873380265263,3.2484867211003605,0.3847225299562087,0.0,0
2016-08-19,1.978717893659661,2.3407079162527347,3.8307373129555953,3.3573925821469524,0.4534216985421695,0.0,0
2016-08-22,1.8798699018976976,2.299182851096818,3.5107559053562736,3.3193449485751554,0.446875744043976,0.0,0
2016-08-23,0.6483174143665985,1.576502529571285,3.175918656575833,3.293683521679932,0.2412321084363643,0.0,0
2016-08-24,2.3082090621762377,2.031347759194697,2.746390582134916,3.41600585101198,0.4848763643022793,0.0,0
2016-08-25,1.125388131335041,1.1101874464910484,2.9327500660313284,3.228551561893398,0.2532402902975538,0.0,0
2016-08-26,1.8943429881228684,2.937310562528472,4.1337766547388215,3.2695956401380544,0.5414700939210642,0.0,0
2016-08-29,2.986431054484078,3.65257509761372,2.289991318991107,2.94461950310878,0.7481836904608603,0.0,0
2016-08-30,1.6782925153774648,1.7667543404553387,2.5078969557390822,2.6133541949177785,0.3896379848816135,0.0,0
2016-08-31,1.6281646021142455,1.8497272847045176,2.167188347419142,2.523589920734668,0.3926339450386625,0.0,0
2016-09-01,0.994979999911712,1.6101522883317652,2.2679421700038147,2.6940569073351432,0.2916628818940987,0.0,0
2016-09-02,2.7236262535533,2.8582028575410763,1.678497044392638,2.4725635685357554,0.6313576103861791,0.0,0
2016-09-06,2.4084659631157708,2.8060847518613543,1.404438934424983,2.6525830587509454,0.5883371433642213,0.0,0
2016-09-07,2.46694320566964,3.4878756496718304,1.0887498384099117,3.3438047152758124,0.6687776472680043,0.0,0
2016-09-08,2.5074678675337005,3.0903339647124723,1.8411918090767565,3.226439975165618,0.6307298347264911,0.0,0
2016-09-09,6.067694055594602,6.6871934114308935,2.457232678420839,2.857861907970449,1.41748667169848,0.0,0
2016-09-12,2.122952704045494,1.9743961296064525,2.361221663350266,3.091368844261254,0.4566952867466811,0.0,0
2016-09-13,3.1042503275447277,4.0194161706032405,2.9027542004831064,3.324455493757118,0.7894700423093646,0.0,0
2016-09-14,1.8717787411149136,3.247459334462255,2.456215044615385,2.8780587142474707,0.5645528660360927,0.0,0
2016-09-15,1.6809364014272208,2.0648145057239264,2.7664999152902907,2.993022837247373,0.4154941814245438,0.0,0
2016-09-16,1.9768918463047984,3.14644842188348,2.693524495975798,3.601403550782179,0.5658073847208713,0.0,0
2016-09-19,1.2152814341816758,2.018367762425753,2.5480690708833365,3.049897008255442,0.3568639360960211,0.0,0
2016-09-20,0.9980798070365172,1.4127030905089424,2.3636648999069694,4.124398582982701,0.2667654318411109,0.0,0
2016-09-21,2.8723947740542366,3.285407021579948,2.0027443814265675,4.354474937637979,0.683892907891102,0.0,0
2016-09-22,2.178369218220404,2.7877457734035485,2.018662006272035,3.9480681915238094,0.5504732665202053,0.0,0
2016-09-23,2.0109209706987428,2.298213271228394,2.1638237965618803,3.808823264152336,0.4785843414943857,0.0,0
2016-09-26,2.956468393609757,2.680101160709966,2.1579798261016503,3.53980681542579,0.6285373353142869,0.0,0
2016-09-27,2.5569318262012057,2.767257783830442,2.1218841685007632,3.978924146964276,0.5918790630821515,0.0,0
2016-09-28,1.7977702987978708,1.4178957893797075,1.7861102080614837,4.399533782829228,0.3594410140786619,0.0,0
2016-09-29,3.572207454602349,3.636393836442348,1.9956437367250663,4.8633077173600245,0.8022190016771915,0.0,0
2016-09-30,2.238132137101034,2.0662023372532774,1.86751496409017,4.672908428479585,0.4798275717548938,0.0,0
2016-10-03,1.3164908374320698,1.388172025494805,1.9929515186787168,4.630635807314111,0.3008078433243791,0.0,0
2016-10-04,5.273140835886774,4.154260560884757,2.999691872377892,4.640593944640153,1.0261107286414937,0.0,0
2016-10-05,2.0008335952022893,2.4497038991010327,2.6034699878507244,4.318971285750203,0.4831947773489219,0.0,0
2016-10-06,1.7116179710814583,2.072098632278196,2.7104922931251925,4.76513945582707,0.4108243706080315,0.0,0
2016-10-07,0.9511542689998174,1.1712851441937169,3.0627042677273417,4.540135882138326,0.2304256531361122,0.0,0
2016-10-10,2.945656298244714,3.285265664795763,2.838148901557282,4.307942936660384,0.6768508357491836,0.0,0
2016-10-11,3.0197439801544324,3.058488890715897,2.422351662122748,3.963574366338501,0.6606289447211527,0.0,0
2016-10-12,1.6926651031286657,2.0647371619186097,1.8831762253937812,4.090810131042244,0.4079496799777521,0.0,0
2016-10-13,2.2031195754362,2.570521330507725,1.395809338981176,3.438190487615277,0.5299835216924784,0.0,0
2016-10-14,2.621030541854943,2.641753391070069,1.8165378464694173,3.945064657041902,0.5857772428929964,0.0,0
2016-10-17,1.514432726702701,1.1145688379596874,1.56802755385144,3.676705068572553,0.2942104088719454,0.0,0
2016-10-18,1.6223997553175442,1.5098790209158277,1.6019723408264426,3.2798560135582453,0.3491234039216141,0.0,0
2016-10-19,1.80663028074036,1.6299608274778992,1.861639723819933,2.485193805599771,0.3832480092950452,0.0,0
2016-10-20,2.0795726977581217,2.069365875860117,2.3681410226899264,2.8051617393194768,0.4619027787908136,0.0,0
2016-10-21,2.044080950410141,1.912644987428064,2.165722704726893,2.8274061045085626,0.4409747597856981,0.0,0
2016-10-24,2.652619487597584,2.182982462683959,2.4888055273746,3.439121914812917,0.5493629772831707,0.0,0
2016-10-25,1.7614688613956606,1.5228002719608689,2.741737740791364,3.208765727477076,0.3726684679712821,0.0,0
2016-10-26,2.5907946037095475,2.34855852288906,2.946834011828789,3.3242503250187387,0.5598170243348761,0.0,0
2016-10-27,2.400806373944006,2.5780002533503605,3.268285832311168,3.627667783528461,0.5619235701661951,0.0,0
2016-10-28,1.948993186465204,2.0380629646909423,3.299499011700486,3.8265125937983298,0.450288046853972,0.0,0
2016-10-31,2.384818754354521,2.250139007122327,2.8154444901347566,3.645042972630089,0.5247975201929291,0.0,0
2016-11-01,1.799698889556921,1.6204954736940682,3.110865338823756,3.753614554900655,0.3877027968418944,0.0,0
2016-11-02,2.9078868879808444,1.988629856305204,3.0030858908620366,3.832614328147121,0.5587738090167137,0.0,0
2016-11-03,3.52761629022216,3.565156790204882,3.609029856508485,4.525917164355869,0.8017185146236727,0.0,0
2016-11-04,2.082888169435004,1.585294001233967,3.1505272637906567,4.194292340481668,0.4175280742112845,0.0,0
2016-11-07,6.046314721958654,3.5075083369188937,2.7961612365614923,4.121163012611015,1.0635600852097715,0.0,0
2016-11-08,1.7367345049947105,1.5600511326995643,2.328757825018748,3.78754908908224,0.364867988075687,0.0,0
2016-11-09,9.38177203897502,7.9091230775178625,3.426792813001108,3.953446900326992,1.8355050164256328,0.0,0
2016-11-10,6.343552292424369,7.365506985686554,4.582224922383041,4.810883241183898,1.4227431522772869,0.0,0
2016-11-11,5.960149261390764,6.61614738576995,4.470691067548981,5.292344548866757,1.2761056174091374,0.0,0
2016-11-14,3.054977309462187,4.913505202808271,5.216061105745815,5.616537897435978,0.8104625780970258,0.0,0
2016-11-15,3.639351023142793,4.006627406477589,5.073894453467519,5.428919231116489,0.7746666869065262,0.0,0
2016-11-16,2.43952381478766,3.0054949274127187,4.674986164084205,5.177915682278579,0.552316068319515,0.0,0
2016-11-17,2.4131773573448125,2.697349698705829,4.584451835637647,5.041540668333748,0.5178644728981879,0.0,0
2016-11-18,2.804300045463024,3.5359858718595354,5.128187941951244,5.242487504082414,0.6432812412421485,0.0,0
2016-11-21,1.9477790981836332,2.084648980020558,5.087731593427188,4.760153075216122,0.408432860326845,0.0,0
2016-11-22,1.4122334777744847,1.656304475697998,4.833505517597092,4.841962901147608,0.3110991288643215,0.0,0
2016-11-23,2.599352234605476,2.764463106758154,4.833536174486292,4.9889598537079936,0.5432493441720951,0.0,0
2016-11-25,3.422438660649814,3.6094025395224354,4.920544351735893,5.01981349336388,0.7121252962004503,0.0,0
2016-11-28,2.1659125176201908,2.425332592644074,4.268396846351798,4.682912731796786,0.465252850877607,0.0,0
2016-11-29,2.096663641092438,1.8672351987679807,4.075378619321119,4.474408660064145,0.4007220432929348,0.0,0
2016-11-30,2.817727924185709,3.923790891054792,4.608776689499246,5.27390698657563,0.6846838436009475,0.0,0
2016-12-01,5.880487425297141,7.366562103171416,5.783346733822868,5.855193313617862,1.3254899291247082,0.0,0
2016-12-02,1.9902040990098089,2.321060378157149,5.302865263466614,5.036349056276647,0.4356688972331037,0.0,0
2016-12-05,2.3209793117759228,3.145477234104512,5.376392974766939,4.54652680718662,0.5531398203477939,0.0,0
2016-12-06,1.2179431746894556,1.660404909340522,5.119721494096253,4.696065631327781,0.2912693932870685,0.0,0
2016-12-07,4.6057335864575535,4.37836461328891,4.795093870019171,4.473300282188187,0.9062127124589774,0.0,0
2016-12-08,2.2603327338840287,2.584435866151124,4.491634580875586,4.668427655150925,0.4894949109276801,0.0,0
2016-12-09,2.312764856702992,2.698065897749078,3.321906221709758,4.691629642720134,0.5063639801130954,0.0,0
2016-12-12,2.381789931102878,3.1534694184059653,3.339020206564172,4.969915676705493,0.5599872126224281,0.0,0
2016-12-13,2.386818865033772,2.496208864444963,3.0686739300492185,4.7114274586117935,0.492966357763721,0.0,0
2016-12-14,2.842799051410205,3.5446641480282435,3.0454727120323506,4.686849974521753,0.6458602447260668,0.0,0
2016-12-15,3.595297826301152,4.814506135268589,3.238696779878832,5.161559420132045,0.8508819715072119,0.0,0
2016-12-16,2.4253839330779594,2.575296334811106,3.4077745884636887,5.443086195652643,0.5049126966271751,0.0,0
2016-12-19,2.2243617719945368,2.0005328755817957,3.022047546169336,5.306390557890987,0.4259468355489826,0.0,0
2016-12-20,1.715517095674976,1.665422287073436,3.052208996476492,5.255866099999119,0.3410946964535181,0.0,0
2016-12-21,1.673834860426885,1.7649434060808695,2.9889893728885224,5.348629473053598,0.3471875919157694,0.0,0
2016-12-22,1.3221786517662255,1.682857767088294,2.726628603560324,5.210420857657707,0.303905734898486,0.0,0
2016-12-23,1.0574366281811192,1.162503577066114,2.294901390917015,5.0752849550774055,0.2242145657841088,0.0,0
2016-12-27,2.2731299550349973,2.14284158688564,2.1147319009901877,4.701821618080674,0.4453989166087077,0.0,0
2016-12-28,2.541136207258209,2.161203692626188,2.423946489189342,4.557356524740001,0.4738448053774103,0.0,0
2016-12-29,1.9572796471204112,1.6405817328381722,2.036293346195788,4.479011580387134,0.3625016850176448,0.0,0
2016-12-30,2.850863729807052,2.538399011431829,2.018859046330319,4.204258405540934,0.5432876046275957,0.0,0
2017-01-03,2.8787453695796392,2.986713326125074,1.541124724436316,4.19882517442531,0.592105236152928,0.0,0
2017-01-04,2.0286464620140787,2.548945485350992,1.9420181547773057,4.127204977226762,0.4628887965059067,0.0,0
2017-01-05,3.2349134022963524,3.239716678069842,2.4449583930342373,4.242033927689998,0.6533922948863243,0.0,0
2017-01-06,3.3812680745609605,3.1876924870868875,2.1090570761906937,3.700501222532918,0.6625517774948808,0.0,0
2017-01-09,3.3925378045539394,3.641694142885122,3.1501294555378028,3.641024402804472,0.7103074092942505,0.0,0
2017-01-10,1.9247769661267324,2.12802891082094,3.0189552565112936,3.623525620767097,0.4093552442944973,0.0,0
2017-01-11,1.3735860569024243,1.4101663747771256,3.0024241846552,3.645037131037181,0.2809871308587163,0.0,0
2017-01-12,1.7820867642043214,1.915769268740766,2.675618437459577,3.410318064009524,0.3734094977425451,0.0,0
2017-01-13,1.420283966805555,1.6854721796595649,2.7863205036095,3.3878348009679327,0.3138966050234645,0.0,0
2017-01-17,2.5675816938287235,2.767368997878134,2.866118790630147,3.251147914634341,0.5387358689724526,0.0,0
2017-01-18,3.242684386909135,3.500805439416645,2.338436501459635,3.2506199821406847,0.6809835952174467,0.0,0
2017-01-19,3.002603816911109,3.498658141697799,2.2411653683596344,3.6154834355669694,0.6569708772815396,0.0,0
2017-01-20,2.469482385438215,2.3574859109853823,2.489141520087266,3.567078739272786,0.4869075966900053,0.0,0
2017-01-23,2.2926090328114923,2.4498635730173537,2.595877184817148,3.314401502336356,0.4788691357708886,0.0,0
2017-01-24,2.4398528081029025,2.718990712851173,2.9508373508564985,3.267008860141388,0.5211080426180967,0.0,0
2017-01-25,2.475675553554396,2.651471726534566,2.5797234432337155,3.0096253329327043,0.5193175112471284,0.0,0
2017-01-26,2.3357203366958967,2.062521102875119,2.577787726332138,2.991086985616942,0.4445915983991103,0.0,0
2017-01-27,1.9185644781036009,2.389634935260021,2.48715482981352,2.95632565006228,0.4370518716178246,0.0,0
2017-01-30,2.533395393309863,2.083896404780038,2.106454248326707,2.85003683927586,0.4710826289212561,0.0,0
2017-01-31,2.824883325431892,3.427165145251184,2.9254985948067707,2.8932360379291517,0.6531840360518821,0.0,0
2017-02-01,2.00937756077184,2.8340864071642007,3.0719526889780977,3.1875076349360234,0.5055680408481082,0.0,0
2017-02-02,1.2093490936643867,1.276537054097268,2.912474764646221,3.1689952744569068,0.2599317974665112,0.0,0
2017-02-03,2.435531892082368,2.367054691211169,2.7146936921659246,3.155251362349186,0.5024243021396589,0.0,0
2017-02-06,2.3847933858794272,2.53436039346295,2.4240232458076827,2.866405707651042,0.5143405894584452,0.0,0
2017-02-07,1.7543147641821797,2.1535836133918704,2.5491451573053,2.178934143504856,0.4082495747412137,0.0,0
2017-02-08,2.2571673536318277,2.6748480323299613,1.994252702733515,2.85564412924978,0.515346101118829,0.0,0
2017-02-09,3.012906160433475,2.940095781753248,1.868578764169724,2.6895783634547668,0.6227601176849737,0.0,0
2017-02-10,2.005687347513,2.467415578626149,1.4882851533356658,2.7887317632444257,0.4723156317211489,0.0,0
2017-02-13,2.294484953691504,1.975295665656612,1.5139652851930645,2.14824079249458,0.4527620591358539,0.0,0
2017-02-14,1.7908811246582497,1.454141415456042,1.5571477494239507,2.228304753522498,0.354838105324454,0.0,0
2017-02-15,4.246450428411974,3.621152001306819,2.17692548193867,2.629719581202022,0.8558350667157351,0.0,0
2017-02-16,1.7567238493214865,1.4960187960070033,2.2118259663969155,2.844916159604733,0.3538432477090411,0.0,0
2017-02-17,1.8774465621884533,1.75220517670626,2.29500496752382,2.5414972860694456,0.3940081811449202,0.0,0
2017-02-21,1.8233731703596328,1.7468294892149514,2.316742678719061,2.563823776115915,0.3873193375603663,0.0,0
2017-02-22,1.028814522647196,1.4579125703492728,2.7380099135385985,2.9885647688883266,0.2673412788261289,0.0,0
2017-02-23,2.428742030461896,2.3230529994425018,2.701956225458745,3.257085602141345,0.5155255862615791,0.0,0
2017-02-24,2.1233933409244536,1.92031395471802,2.785737325801505,2.950214962113147,0.4392758258983337,0.0,0
2017-02-27,2.432741365962071,2.204008648159525,2.9189333032401894,2.87739572339562,0.5036783657836077,0.0,0
2017-02-28,2.1243250338741086,2.2354897908985936,3.044288855376913,3.344982710303666,0.4719486230733837,0.0,0
2017-03-01,4.372837780837301,3.1154642590030317,3.468089817584465,3.211536936539966,0.8102179738143044,0.0,0
2017-03-02,4.181309759876983,3.6390669192228975,3.1811275673930224,2.971772331526907,0.842934677716032,0.0,0
2017-03-03,1.7932280694390337,1.7924391116620526,2.891117198869579,3.295671846990817,0.385455234219157,0.0,0
2017-03-06,2.0905720778063763,1.9879261884829456,2.60749715954866,3.384461070490356,0.4388581128400187,0.0,0
2017-03-07,1.777696169972912,1.443487658343521,2.4184250056436394,3.029906399601901,0.3476636973873345,0.0,0
2017-03-08,2.24887546681399,1.6110182864108218,2.3680350367150966,3.1635586995471296,0.4175893179384853,0.0,0
2017-03-09,1.699671142643473,1.5942269723916953,2.912304425172312,2.8341288122521027,0.3545268518675517,0.0,0
2017-03-10,2.1073957123428184,1.6914128318955748,2.312869622272909,2.5392778783056555,0.410098015651255,0.0,0
2017-03-13,1.9795579483363508,1.736347898501121,2.001353389230716,2.33235531034228,0.4004660312713266,0.0,0
2017-03-14,2.6820650650953564,1.7501601104649347,1.761156612722647,2.228046463766153,0.4803393678823344,0.0,0
2017-03-15,4.103615546478488,3.1039930313284088,1.5394048784721932,2.571580994504572,0.7789696967829332,0.0,0
2017-03-16,2.907377886864249,2.47543443386549,1.2820597678731676,2.526633859194245,0.5804417305820038,0.0,0
2017-03-17,1.2775683608563482,1.152125664633422,0.992248173948764,2.493732512315345,0.2617100192338759,0.0,0
2017-03-20,1.9098264127598603,1.924808793158752,1.1410821193535758,2.6394828619291046,0.4121530571515215,0.0,0
2017-03-21,4.755798003891035,2.5971475310209784,1.3980191049582018,2.7686289014075176,0.7837520392811188,0.0,0
2017-03-22,2.886056434282461,2.500329578436505,1.3366496714071958,2.9079363996795697,0.5711227816768547,0.0,0
2017-03-23,1.4495335175114283,1.1711997483431982,1.588048711928573,2.932273856975647,0.2781069168601446,0.0,0
2017-03-24,1.748934048836997,1.536846721342786,1.900155843470059,2.68416991211709,0.3483354395882941,0.0,0
2017-03-27,1.6766938957006436,1.6600208897409694,1.9282460274583444,2.6428319053736864,0.3532343156275903,0.0,0
2017-03-28,2.4086382216460973,1.511088938901448,2.2533255602267466,2.560047243387479,0.4171664402497034,0.0,0
2017-03-29,2.3660464306778177,1.982562168870745,2.7009398528513384,2.986560900691734,0.4612680687388745,0.0,0
2017-03-30,1.805746045575686,1.621619702029926,2.197329569552644,2.552480529062533,0.3632517829077822,0.0,0
2017-03-31,2.090509134257485,1.6140958411748956,2.0256780028912904,2.601166877025445,0.3933342957334681,0.0,0
2017-04-03,1.8108225837943528,1.872695589410504,1.7849719937207635,2.4263838098698907,0.3897456011941942,0.0,0
2017-04-04,2.3597860233733576,2.286220964353649,1.7540514493205204,2.3184461887728,0.4919666869090635,0.0,0
2017-04-05,2.507563101769947,2.09368854655438,1.4613820451047017,2.395012358283384,0.4880870068253283,0.0,0
2017-04-06,2.069692506583403,1.9187385627226263,1.792568561056878,2.263335252115351,0.4225571163100811,0.0,0
2017-04-07,1.903013441341335,1.4032091417976946,1.619933312133958,2.260898103683931,0.3512243486681717,0.0,0
2017-04-10,2.8318086221206964,2.536669015730395,1.6200019408141144,2.2647865816783272,0.5689988664179124,0.0,0
2017-04-11,3.13598296044118,2.6616954740700605,1.9684499704397085,2.587195707182763,0.6148814125391118,0.0,0
2017-04-12,3.192385329143451,2.831743942205995,2.3564125887821827,2.5297042668009384,0.6385648800708654,0.0,0
2017-04-13,2.9714798398729427,2.819312591348156,2.1811664384673746,2.438406228938641,0.6133406831151015,0.0,0
2017-04-17,2.531631993925348,1.5450650526641447,2.0165648777530127,2.620511867076192,0.4340061037154703,0.0,0
2017-04-18,3.6403236518804793,2.580007916968988,1.7939115328956154,2.453918436632566,0.6610963524788667,0.0,0
2017-04-19,3.485856350847071,2.73813309447888,2.070741841626191,2.201615554103505,0.6606957089329621,0.0,0
2017-04-20,2.5638293089287902,1.7585230304459205,1.6366402555854798,2.268138402036492,0.4595519589958913,0.0,0
2017-04-21,1.9027081868571445,1.547387210138209,1.7163550610902236,2.2544089808018204,0.3660891874110743,0.0,0
2017-04-24,5.847293213028779,4.281238267399064,1.8858009470684944,1.8282789810762496,1.0666753231919754,0.0,0
2017-04-25,3.3861683494836248,3.0448224223924703,1.7305522202027108,2.1967758376544784,0.6761508087885288,0.0,0
2017-04-26,3.182554872288988,2.6054249313862843,1.8825203041717693,2.2220933604122743,0.6090087706290548,0.0,0
2017-04-27,2.4747713803711964,2.2598954363288386,1.8605027269893413,2.249214523909602,0.4977376481850691,0.0,0
2017-04-28,3.56646020448933,2.492883002444793,2.31775064101636,2.4396220866494014,0.6383680391680353,0.0,0
2017-05-01,3.557933723575283,2.794568348772658,2.411425530127888,2.432077287041812,0.6743382333779466,0.0,0
2017-05-02,2.810502544453045,2.187092454471949,2.544738745814229,2.536630733700436,0.5305681684982976,0.0,0
2017-05-03,3.812443043738337,2.1618481497668127,1.754863395263716,2.157494378396233,0.6365405907465327,0.0,0
2017-05-04,2.439338749559041,1.906195656786904,2.087315638115199,1.9028162214047213,0.4613198515410005,0.0,0
2017-05-05,1.2448221087452944,1.2580712893677275,1.8253449640249029,2.107505384884236,0.2648986500136197,0.0,0
2017-05-08,2.225470774619294,2.2530070656354244,2.275821396401524,1.9751491078942405,0.4739788676619835,0.0,0
2017-05-09,2.5982769208775065,2.106078854347851,2.556231040299427,1.7841197421598278,0.4991980103886258,0.0,0
2017-05-10,3.744324576513847,2.804993536126527,2.7090158322182765,1.5651880302677204,0.6956147608209947,0.0,0
2017-05-11,2.2161608269752167,1.5853153272231664,3.2959897835049192,1.7213753511585876,0.4039773575430187,0.0,0
2017-05-12,2.2850758642104227,1.9049109926724368,3.154894198994601,2.524012266219683,0.4444695422017464,0.0,0
2017-05-15,2.314306277890936,1.989748696582748,3.113091510447162,2.210778828642385,0.456403540030698,0.0,0
2017-05-16,2.747646789670835,2.228344379211064,2.902426693601455,2.29230801506218,0.5280190124470356,0.0,0
2017-05-17,9.037523137014215,7.846828641541954,2.526937724192312,2.005424833979521,1.770995604363908,0.0,0
2017-05-18,4.042822494095765,3.2222592896661078,2.2539767317694364,1.936933612873847,0.7635652372948445,0.0,0
2017-05-19,3.2205971713085955,3.4148124762533647,1.808102699884041,1.9872249174531744,0.6953746578310387,0.0,0
2017-05-22,1.9142634972481352,1.6805634537012883,1.9661769664063171,2.133173000400685,0.3774515193366272,0.0,0
2017-05-23,1.94551081463103,1.4715978362895996,1.81993522229878,2.140074396314531,0.3593280490983323,0.0,0
2017-05-24,2.5182897846811856,2.2511100719292725,2.062980276825431,2.644681335057068,0.5006885334968753,0.0,0
2017-05-25,2.048451208421997,1.513963028849291,1.768724205311634,3.092969171073275,0.3746939120702504,0.0,0
2017-05-26,1.8037214615434964,1.2979135227961305,2.099472180769478,2.8590548304244554,0.3263154892473628,0.0,0
2017-05-30,2.190577404587485,2.0025231964061887,2.3954497694116235,2.844641046460654,0.4400891561702685,0.0,0
2017-05-31,0.8439397565820077,0.8192857119429996,2.666890772628,2.699828521303679,0.1744582796296469,0.0,0
2017-06-01,2.441302107149775,2.447599461176188,2.154514457796978,2.34073384604555,0.5126365067904227,0.0,0
2017-06-02,3.8639790908798535,2.754014996887552,2.582389446600508,2.6163711769683915,0.6963285734328685,0.0,0
2017-06-05,2.416791835964115,1.96652033814256,2.591160546590914,2.665082552803629,0.4605936973130554,0.0,0
2017-06-06,2.135005904653406,1.6491942103233896,3.073975591163104,2.5746882430786946,0.397846602831777,0.0,0
2017-06-07,2.000160535720585,1.6406248437918869,2.9792946870900283,2.465193836873818,0.3825389604304831,0.0,0
2017-06-08,2.433624839154878,2.446595723560124,2.73254199583396,2.752991155595277,0.5117119911343917,0.0,0
2017-06-09,8.435567976301218,7.15677274763704,2.379563777277204,1.8669464948891288,1.5785836174748484,0.0,0
2017-06-12,1.9165914960771289,1.941723813717087,2.5500713858193373,1.4174241014960318,0.3909962971917691,0.0,0
2017-06-13,1.7005493982900324,1.630093086071957,1.9543777105540103,1.4787045679399655,0.3489221160803185,0.0,0
2017-06-14,4.583674545034482,3.030627825852289,2.536050930175452,1.418144883368935,0.8008552797081627,0.0,0
2017-06-15,2.046421107792708,1.6710031135043104,3.2555636813143227,1.6950036109887412,0.3901180883637085,0.0,0
2017-06-16,3.091736251229652,2.8061682090149165,2.7205200787489545,1.5062260181815716,0.6182379842442567,0.0,0
2017-06-19,3.574536085497425,2.9103261670695995,1.9305189862993184,1.4919615642483428,0.6805628822392007,0.0,0
2017-06-20,2.860913150269125,2.351673560072383,2.314879979476004,1.586143653888434,0.5469859708239131,0.0,0
2017-06-21,2.3765853894854776,2.7959307970936296,2.0893421256299343,1.5104926545061306,0.5406741619953284,0.0,0
2017-06-22,1.1077815290037567,1.0385534613194471,2.09941128324676,1.5950074246463857,0.2249069247589974,0.0,0
2017-06-23,1.3940856591630857,1.5636880887413025,2.014605763578424,1.6558961755282244,0.3093309057918606,0.0,0
2017-06-26,2.3103222715066303,2.1561071487335703,2.609865590641168,1.8759361592577648,0.4723312744856252,0.0,0
2017-06-27,5.50118134956206,3.654716473055264,2.998797889719291,1.7232367287348425,0.973156021340612,0.0,0
2017-06-28,2.442509494216715,1.9299432480505492,2.8794859878012526,1.51446982602606,0.4635525092534775,0.0,0
2017-06-29,3.9211445551058017,3.1774852257028328,2.777358460883106,1.2939362688344924,0.7522887715845095,0.0,0
2017-06-30,1.6318244576171077,1.670301032174478,3.4547745419604725,1.469774301693734,0.3487155356252943,0.0,0
2017-07-03,3.668701162901586,4.230604834175159,4.545211074243968,2.053261586459434,0.8326866919073457,0.0,0
2017-07-05,2.3366526633008613,2.8286512910066994,3.903596537205982,1.7264121581764866,0.5440888952748952,0.0,0
2017-07-06,3.4145535357384107,2.5155081345973014,3.772831815655457,1.4472575732427806,0.6293386201645064,0.0,0
2017-07-07,2.2022786478657705,2.311257102241792,3.55924725679732,1.8219194929681204,0.4764637307429353,0.0,0
2017-07-10,1.8835461906321724,2.128147223598178,2.0013541457283432,2.04964991038038,0.4230138932859485,0.0,0
2017-07-11,0.9310830801122788,1.4053092558871012,2.153107746711584,2.1092054131604794,0.2452976277829904,0.0,0
2017-07-12,2.4363458227226937,1.825104735963455,1.9160939894060367,2.123740152214668,0.4521425448556834,0.0,0
2017-07-13,1.7149972979239867,1.6053960778227334,1.6494638655621487,1.8188955209524744,0.3511201571469126,0.0,0
2017-07-14,2.168614225559644,1.8157143399369888,1.676824647254448,1.91675250724918,0.4220388469459655,0.0,0
2017-07-17,2.2584182488593245,1.770312133744159,1.221391022086704,1.6419226815378294,0.4271630049789537,0.0,0
2017-07-18,2.173656439551336,2.134222367421861,1.4072582258642985,1.7265968610216351,0.4558410491007466,0.0,0
2017-07-19,1.6453498653982148,1.603823787439963,1.5178050217257282,1.0648526640863705,0.3438495120519507,0.0,0
2017-07-20,1.0905656959334236,1.0655746415184286,1.3423974884933365,1.304708042430715,0.2281694915738916,0.0,0
2017-07-21,2.053302057810733,1.6693118428657765,1.5215617278383675,1.3131104545466157,0.3949813841503227,0.0,0
2017-07-24,2.62342403640188,2.408036260119137,1.508379400864542,1.153825427550146,0.5329253535503978,0.0,0
2017-07-25,3.208879626628044,2.218738059765505,1.9033837893042045,1.267218172514838,0.5772042038700165,0.0,0
2017-07-26,3.063699546985984,3.298673734126971,2.0197539109035008,0.7784754269454562,0.6723416781633993,0.0,0
2017-07-27,2.939765693705518,3.059394232892285,1.6290970680554244,0.9170963071746756,0.6342710779841768,0.0,0
2017-07-28,1.7637443286937011,1.8429603967256216,1.881090882463669,0.9434784461768057,0.3813024868486255,0.0,0
2017-07-31,1.783895887788738,2.025785537934985,1.975081278793011,1.398906775665977,0.4022772313811609,0.0,0
2017-08-01,1.8091256985527269,1.3328426409129748,2.6870825164571586,1.5011171187192982,0.3338386123927735,0.0,0
2017-08-02,1.3574561733469772,1.8156386209103077,2.435522980423844,1.8532957886378596,0.3342724953422473,0.0,0
2017-08-03,2.101253756350568,2.0626834626656736,2.5230469410566223,2.1850280425338173,0.440611163163761,0.0,0
2017-08-04,2.4141403440280333,1.9175080187152576,2.6992955240607186,2.813444325365956,0.4597543309536394,0.0,0
2017-08-07,2.3027590735234087,2.1315354977411114,2.6489443360635594,2.6184205802548366,0.469617474505179,0.0,0
2017-08-08,1.9279776435172653,2.0197953577070917,2.6276150333468244,2.761097324569329,0.4173447469228621,0.0,0
2017-08-09,2.6146378516487387,1.9908841644760835,2.643191665928012,2.8043020782383867,0.4891156991479409,0.0,0
2017-08-10,5.691063747286662,7.545373870952177,4.292498971768197,4.277847669840631,1.3818018230323887,0.0,0
2017-08-11,2.2425814837320264,2.2837594197353868,4.318169619435701,3.129809262220531,0.4738729132068625,0.0,0
2017-08-14,3.299638087779185,3.564555787889177,2.979501211789534,2.5796613575106577,0.718166694683094,0.0,0
2017-08-15,2.741100686438699,2.030602980928572,3.04357671209335,2.581586800002975,0.5012783773015138,0.0,0
2017-08-16,2.196056212672364,1.7356055403958468,3.0055620097173588,2.583839367360147,0.4127453016146249,0.0,0
2017-08-17,4.800261830807653,4.742006490530979,4.172122739487591,3.4594055111991757,0.9883047546013096,0.0,0
2017-08-18,3.064704470389568,2.565964699097879,3.756301531650424,3.2081015066046352,0.5837002298495598,0.0,0
2017-08-21,1.926102444032709,1.932773579884497,3.5670323570640603,3.077943667805316,0.3996344934123707,0.0,0
2017-08-22,2.73998294868086,2.096864190815017,3.331592992729624,2.987347419389907,0.501651705286914,0.0,0
2017-08-23,2.49820622377042,1.9919941315263128,2.9673437413880737,2.9262224653913296,0.4655967488981705,0.0,0
2017-08-24,2.042735332149854,1.661762111751984,2.446040621461257,3.108697460543743,0.3840844095273836,0.0,0
2017-08-25,2.2857061376645498,2.277450394192756,1.7390043554214083,2.857837840228624,0.4725897218351886,0.0,0
2017-08-28,3.2351471747087786,2.0921110086405603,1.40076571688121,2.8972693967780456,0.5530057148366747,0.0,0
2017-08-29,2.1352140125199286,1.8101407554840927,1.620868049668426,3.1109084771741418,0.4089654779883477,0.0,0
2017-08-30,2.874411084129389,2.58428864638509,1.5054716012854714,2.63954895329118,0.5656545886849701,0.0,0
2017-08-31,2.959055907047767,2.3964637879364186,1.9951496392353023,2.452451192882246,0.55527670286021,0.0,0
2017-09-01,2.2451853417196004,1.8342721324213027,2.323141970620985,2.6248290780715555,0.4229507376297146,0.0,0
2017-09-05,4.271364850561653,3.829557006648337,2.8142435048864627,2.4278951389467864,0.8394660396909595,0.0,0
2017-09-06,2.5921470279173358,2.1037986672052886,2.048635939023495,2.337660068192466,0.4868844477790106,0.0,0
2017-09-07,2.281520893225429,1.8120118148399271,2.180924993697215,2.47335365611266,0.42447464313402,0.0,0
2017-09-08,2.316678756254378,2.45699919719046,2.420265553801597,2.452402507194261,0.4942243484907049,0.0,0
2017-09-11,3.687576463735209,2.2841248097981985,2.164314608046448,2.0531691060737605,0.6285127160688574,0.0,0
2017-09-12,3.2005592550013118,2.146717889158983,1.7350476483350268,2.289339293119047,0.5623307577815218,0.0,0
2017-09-13,2.2599397977070192,1.525915091813811,1.8526007278638463,2.2102544162136724,0.3981008019676422,0.0,0
2017-09-14,3.058926631652476,2.6569233076359686,1.458906158327162,2.0993037526584204,0.5994398221107605,0.0,0
2017-09-15,2.749944070155528,2.1364428859709386,2.391979521627496,1.754184832462277,0.5130661892778006,0.0,0
2017-09-18,3.3263089521164195,2.720305738571565,2.095731249365491,1.653024700129696,0.6345400328667359,0.0,0
2017-09-19,0.9168578583555576,0.8002518563330742,1.9569471192177288,1.80504727239804,0.1800694146574593,0.0,0
2017-09-20,3.0209887208869937,2.793161849664209,1.7787742947890504,1.8883314129271724,0.6093362921407319,0.0,0
2017-09-21,3.0536175984715026,2.1250413049836654,1.882034890573802,1.288339184841277,0.5443888025886752,0.0,0
2017-09-22,1.3053349439348618,1.195981242632093,2.113879655269633,1.3348309263331086,0.2621695029298528,0.0,0
2017-09-25,3.0146556617972617,2.716898267164068,1.93859353724654,1.362024503200547,0.600846695839127,0.0,0
2017-09-26,2.785289239981676,1.7862475495613814,1.7260431641728178,1.2613533094755431,0.4809757884070524,0.0,0
2017-09-27,4.025795981476556,3.2973544144456124,2.2774020470338217,1.8620676042269373,0.768488910321513,0.0,0
2017-09-28,1.6546045258617037,1.7071727795648677,2.447577257763452,1.646563954641247,0.3519020088694332,0.0,0
2017-09-29,2.431138317954645,2.079789167179785,2.7054842700139807,1.2915086657381665,0.4731533529061709,0.0,0
2017-10-02,2.4777410069157826,1.9449576209020056,2.66903111805032,1.2774812691043047,0.464328066377621,0.0,0
2017-10-03,1.121574164953174,0.937466635673124,3.040004691163815,1.3942920527570726,0.2160278562085061,0.0,0
2017-10-04,0.6123001749099453,0.6568613082055904,2.7474258306632238,1.3571615696720147,0.133932250773463,0.0,0
2017-10-05,2.5081976396363475,1.7304927775654202,2.8682511762456544,1.3499795835178658,0.4502718879878883,0.0,0
2017-10-06,1.872731152988836,1.5160810417808088,2.4709769138351905,1.60914139505819,0.3591400949865148,0.0,0
2017-10-09,2.2065578555660808,2.029124145111374,2.134516557293672,1.978268312078171,0.4480293984720599,0.0,0
2017-10-10,1.2995986774551913,1.071876329621429,2.2337627822720263,1.7820535119556702,0.2512544775958206,0.0,0
2017-10-11,1.2185771990527456,1.010850761429778,2.2247503876112305,1.8879731847499088,0.2364814796715485,0.0,0
2017-10-12,1.2297542825902867,0.6416443370828734,1.8345741845476309,1.929385976215446,0.1997701432510107,0.0,0
2017-10-13,2.048788511816149,1.5830392779360651,1.4167792506835857,2.0379331835360643,0.3856274684605679,0.0,0
2017-10-16,2.0564147484622888,1.9320857006013912,1.22220734902781,2.313030454823753,0.4234771197843806,0.0,0
2017-10-17,2.077745090637108,1.487654804055138,1.376145613205767,2.50930694721018,0.3802816188674697,0.0,0
2017-10-18,2.575125606190436,2.9128147367406743,1.8585667921992763,2.7693520990810025,0.5820705497706673,0.0,0
2017-10-19,2.058538300542755,1.7459833013308588,1.7243497071871394,2.4106474926142587,0.4049545648857866,0.0,0
2017-10-20,2.6746266113008503,1.8094468205315697,2.107008469222144,2.1697839035988604,0.4785889660217162,0.0,0
2017-10-23,3.144606371128572,2.8575484428890188,2.5905157134586894,2.3440260008600755,0.6383311184159447,0.0,0
2017-10-24,2.757478303750294,2.852569859188955,3.1390551712648564,2.58999893671972,0.5956775693401122,0.0,0
2017-10-25,3.8417233233164336,2.1428354378163417,2.928049638984047,2.324003371645877,0.6401640033017719,0.0,0
2017-10-26,2.418758644283545,2.104966808654726,3.179310876306389,2.630439607575807,0.4813551790779258,0.0,0
2017-10-27,6.2091696667651295,5.60325466223847,2.797184861897949,2.014600884233975,1.2433134969906612,0.0,0
2017-10-30,2.737372819320569,2.052260336693244,2.9006727254043483,2.265034283807341,0.5049360457560543,0.0,0
2017-10-31,1.8359798613666247,1.5908098195989298,2.8247504311329323,2.0155974634970413,0.3608128595803244,0.0,0
2017-11-01,2.2379231098672294,1.9755569278294005,2.953417481179128,1.740774278571396,0.4435733421232919,0.0,0
2017-11-02,2.285695334477064,2.135665150814277,3.23158534271748,1.9903346344755088,0.4658111117472853,0.0,0
2017-11-03,2.429172578682506,2.3107869731847823,3.2521660846820013,3.062277013798296,0.49930508305048,0.0,0
2017-11-06,2.2547960927978967,1.8335404280069152,3.079267507921588,2.986082431012573,0.4312041922041036,0.0,0
2017-11-07,1.9514876532437524,2.13946116912133,3.221560240920627,2.3141262999669987,0.4340678144514827,0.0,0
2017-11-08,1.4464782003545953,0.990574444061146,3.0167402396947574,2.140209548087876,0.2600711666200093,0.0,0
2017-11-09,3.344342293953916,2.327559727166552,2.689181200237238,1.763981942616485,0.6154205303317681,0.0,0
2017-11-10,4.167831923953805,2.879629998861558,2.5867302791374427,2.1862581509924297,0.7810577387617018,0.0,0
2017-11-13,0.8585343007059024,0.8362694839599216,2.320901315294871,1.9906533154169912,0.1874621103518978,0.0,0
2017-11-14,1.8713287849144609,1.4079920036834987,2.1418855402715438,2.1379738123675303,0.3656320195326283,0.0,0
2017-11-15,3.4335402404243447,2.518515352081846,2.3787787073286752,2.2520262928765016,0.6641441608996044,0.0,0
2017-11-16,3.1182133226776823,2.311718223912409,2.2823312126029824,1.9547654036567776,0.6056888792520567,0.0,0
2017-11-17,3.773579049881691,2.834983363421484,2.455261617965872,1.9186596365013835,0.7368636997492453,0.0,0
2017-11-20,3.819445819184241,3.059600615353065,2.699638949737416,2.289262496656737,0.7655210499081078,0.0,0
2017-11-21,2.76178908488604,1.850536377306613,2.804652090985742,2.446629873141076,0.5160523572834304,0.0,0
2017-11-22,2.539544926141537,1.9454549352814856,2.6637984374264936,2.183903532262362,0.4997868634810567,0.0,0
2017-11-24,2.3643129992466125,1.832354109273064,3.117378082464337,2.2513974869320585,0.4674908822956539,0.0,0
2017-11-27,2.695395397619917,2.1417802849861,1.8029738282821093,2.1758535360539333,0.5384290682114801,0.0,0
2017-11-28,5.511524879280296,3.322378463337916,1.722820625174743,2.3414707633484664,0.9825548031494752,0.0,0
2017-11-29,6.730073949427725,5.971564253190251,1.8805189751472369,2.5997613290907515,1.3702315420226705,0.0,0
2017-11-30,5.210060546811158,4.012464062740155,2.448735213915725,2.953838780776282,0.9828022049770404,0.0,0
2017-12-01,3.019260315036292,2.314110525857724,2.736993709931491,3.1869485081246407,0.5776459152487458,0.0,0
2017-12-04,3.2068715217630173,3.47527324587415,3.857300526482786,3.229018473551844,0.7189419231382037,0.0,0
2017-12-05,3.2711413592775718,2.214785702218499,3.760462666243624,3.040658674760257,0.595544615593065,0.0,0
2017-12-06,1.813867287136816,1.5424574157916529,3.295022184248643,3.088395363233233,0.3628000985564643,0.0,0
2017-12-07,2.848327063974125,2.21881052297822,3.3260815860610524,3.181603364707153,0.5597693884041158,0.0,0
2017-12-08,2.800124233609423,2.112101260517328,3.2758936079158,2.972193950074315,0.5431311403420971,0.0,0
2017-12-11,1.6406933219593354,1.555553212552522,3.340718367405892,2.783932279626101,0.3511854325891961,0.0,0
2017-12-12,2.225360567279692,2.4576851612913706,3.772757298355843,3.2000160231955985,0.5123652160324117,0.0,0
2017-12-13,2.932236405542654,2.541878051888404,3.8568026795540806,3.417880529387726,0.6029584963802546,0.0,0
2017-12-14,2.553463318961911,1.965967291696321,3.845200362531496,3.234418420345117,0.4994228827486223,0.0,0
2017-12-15,3.328308224114405,2.357141576478875,3.955503051763612,3.208452008609353,0.6296924934386263,0.0,0
2017-12-18,3.5514821752911234,2.658016874955531,3.430891385429087,3.178650893000256,0.6867121117325046,0.0,0
2017-12-19,3.754981362101155,2.2205928868525584,3.423500000949601,3.183876449726472,0.6653982753963568,0.0,0
2017-12-20,3.164794866462498,2.7409917333096554,3.20239852073728,2.7393280931099238,0.65105936088265,0.0,0
2017-12-21,1.8609273392642545,1.9401357105927304,3.4292734751428187,3.0728811994301317,0.4169170258970769,0.0,0
2017-12-22,1.4119641748116656,1.005136361818607,3.635577404521396,3.2268537037042884,0.2678661748158183,0.0,0
2017-12-26,1.906356551779891,1.5402628919518868,3.478188155951827,3.2999308112443027,0.3806723663064545,0.0,0
2017-12-27,2.511282738997468,2.1951378004881112,3.03998538170054,3.2607245102961357,0.5187103607344956,0.0,0
2017-12-28,1.6365597358026995,1.1109345769552506,2.4627351475147643,3.2100352520056723,0.3048606495227436,0.0,0
2017-12-29,2.69131541183493,1.4911570724074024,2.029020536008334,3.2801511264680303,0.4664895171581702,0.0,0
2018-01-02,5.033978083871663,3.890591730873135,1.9380734303248688,2.979856221585994,0.9672113485023236,0.0,0
2018-01-03,2.505713355744115,2.049709004680786,1.9844671222207584,2.6965658727045905,0.4931817177431908,0.0,0
2018-01-04,1.9914357865380616,1.744204193199535,2.1594631118265197,2.727486487535162,0.4039158213802689,0.0,0
2018-01-05,2.4049239464778167,1.9771021178597927,2.464628086979025,3.0304339603271893,0.4743654642527218,0.0,0
2018-01-08,1.9103938683945163,1.5185407453759818,3.114126212875815,2.887685480548948,0.3714225130165652,0.0,0
2018-01-09,3.036126907494825,2.8082896189331064,3.068660275557224,3.184405472634759,0.6312821499109791,0.0,0
2018-01-10,2.319657177511231,1.7912756291855814,3.0254541373486767,3.299654571932242,0.4455343614709159,0.0,0
2018-01-11,4.2177403517073,2.888863461276504,2.8590028594649683,3.3578504694708453,0.7718847573044281,0.0,0
2018-01-12,3.7038770231232343,3.1941540598119147,3.478641999583973,3.793311964983953,0.7460650077882784,0.0,0
2018-01-16,3.640776264995668,3.437258166890971,3.816507499193552,4.024014043239513,0.7642370438832654,0.0,0
2018-01-17,4.042419823070624,3.785113536629946,4.127205460425736,4.32733288745054,0.8452935461395583,0.0,0
2018-01-18,3.399425092820945,2.728860950623326,3.713488958779061,3.9382152144909335,0.6636957259860534,0.0,0
2018-01-19,2.460723367977483,2.2392012330889512,3.3767679204525294,3.799936408930828,0.507815758591964,0.0,0
2018-01-22,2.440539966348231,2.3126992203227936,4.115175534599738,4.0834752092574105,0.5131859500829336,0.0,0
2018-01-23,2.2321234495841606,1.9974620136861625,4.082670604183599,3.9950126802401087,0.4571399922886549,0.0,0
2018-01-24,4.394795394716962,3.355464043672332,4.162606591397592,4.576827368967264,0.8388063438023938,0.0,0
2018-01-25,3.7098005380778303,3.64412925104928,4.119620328651816,4.793281657784887,0.7923155402381308,0.0,0
2018-01-26,3.474533795710624,3.3051865377114726,4.33314774369409,4.747553209478006,0.7349747562026057,0.0,0
2018-01-29,6.10450043410394,4.669817320784498,5.204679843692099,5.384649487917812,1.1453440019967365,0.0,0
2018-01-30,4.507348382591493,3.2915478787725605,4.873746422472755,5.170571734735786,0.8292450993475107,0.0,0
2018-01-31,2.89762143357426,3.1029172250734702,4.518673465810649,5.116342182592878,0.6367558939575997,0.0,0
2018-02-01,3.605090105252269,3.641836007379556,4.29511258109238,5.300699249157153,0.769253698606192,0.0,0
2018-02-02,7.646419118875503,5.452083694773294,4.91001201712652,5.755079035557861,1.3664562703157026,0.0,0
2018-02-05,17.557553351702076,18.03865026079093,9.926583393952852,9.49154725587198,3.658456585785816,0.0,0
2018-02-06,4.940572999338041,5.537019833509317,8.366052171872223,8.418590713956727,1.0679223398508109,0.0,0
2018-02-07,3.279273838650401,3.9525609742799097,7.009161907496305,7.364123789821287,0.7374903205679338,0.0,0
2018-02-08,6.657195653946349,6.5908415549678665,7.086067266731408,6.793105911735203,1.3280450199734324,0.0,0
2018-02-09,3.007649020379609,3.856379268479313,6.468980592282345,6.293453727241153,0.6902645470533468,0.0,0
2018-02-12,2.650516277612825,3.622116511286488,5.758458101568131,5.96638029778542,0.6312766221486059,0.0,0
2018-02-13,1.2623869547606985,1.3886447228201673,5.0276672057271545,5.4982419177808,0.2660965978536254,0.0,0
2018-02-14,4.587750683268308,4.3821947030812645,4.504937312816093,5.286558455308778,0.8987922006802773,0.0,0
2018-02-15,2.9179039473739063,3.4487649478648743,4.408704459926788,5.586907346444283,0.6396152453943991,0.0,0
2018-02-16,1.626141232411522,1.9864134117348968,4.39709535085793,5.715173723531107,0.3630743425944302,0.0,0
2018-02-20,3.615446780837431,4.025879505997051,4.42762428382875,5.797156456832734,0.7671110189909209,0.0,0
2018-02-21,2.6005191709244104,3.626418567630457,4.333020689336607,5.478603887772745,0.6268295562021862,0.0,0
2018-02-22,1.791970832290124,2.738286296695017,3.87789644528096,5.131185541826962,0.4565287121991799,0.0,0
2018-02-23,2.730783414781299,3.100920534704534,3.856511758468099,4.837522145189654,0.5855840613189502,0.0,0
2018-02-26,2.016901308068873,2.9700350415668377,3.666403703068416,4.616822079734068,0.5023308683983676,0.0,0
2018-02-27,2.699660896531777,3.101209619925925,3.159167643945819,4.748626322813366,0.5825704172070669,0.0,0
2018-02-28,2.3718931405124755,2.7409025570874554,3.142744713562854,4.460365400268097,0.513505661250717,0.0,0
2018-03-01,3.1004430302859194,3.335202209010498,3.893222804362328,4.74866108839322,0.6457988802142893,0.0,0
2018-03-02,2.596040268812693,4.176283554260984,3.942247550139096,5.058262812742582,0.6828782498036536,0.0,0
2018-03-05,1.7770951132950503,2.3020680424943416,3.147433487425897,5.079972415974372,0.4102621406014889,0.0,0
2018-03-06,2.715403241193659,2.425854810496184,4.44153979560679,5.167130249527497,0.5147317790518315,0.0,0
2018-03-07,1.9135112836807984,2.2077506959713107,4.079834112292416,5.194088506295603,0.4152411649319897,0.0,0
2018-03-08,2.377636435483041,1.9284562705600947,3.889719572457664,5.057348903158273,0.4317665367677593,0.0,0
2018-03-09,2.1698378622372383,2.499389856034476,4.301887117423547,4.954205277642703,0.4704413461105737,0.0,0
2018-03-12,2.18872952154756,2.831515122272009,3.6998376455602537,5.273934807109447,0.5066071854741455,0.0,0
2018-03-13,2.152803994548324,2.426471798736757,3.4748278876323946,5.213835037631637,0.4612410525543079,0.0,0
2018-03-14,2.104136297539481,2.6110632923644563,3.63747185658938,5.359470820082088,0.4755558798006777,0.0,0
2018-03-15,1.7258618337325222,2.5154869780468685,3.0063127396011557,4.857326555120133,0.428690096496738,0.0,0
2018-03-16,1.2566645154391158,1.6691102223382432,2.846984141855151,4.359855596811093,0.2953531389331452,0.0,0
2018-03-19,2.3226288288376598,2.8936927191920265,2.6863176451384736,4.485071643611219,0.5261254514955026,0.0,0
2018-03-20,1.286046007977558,1.683405055006599,1.9543756769585057,4.268197814303522,0.2997033176322723,0.0,0
2018-03-21,3.338165988264928,3.150530885621205,2.2972315005734494,4.391410450627724,0.6519696841598831,0.0,0
2018-03-22,3.4760824991861403,4.417426042022041,3.3030219603854567,4.842671218550959,0.7963642375231921,0.0,0
2018-03-23,4.004684532285606,4.280581570946245,3.72204299322934,4.776006904364171,0.8339138881658095,0.0,0
2018-03-26,3.1150439293334893,4.5108501953274045,3.3266527156532817,4.534344647324581,0.7719437516605829,0.0,0
2018-03-27,4.497940854769744,4.841356874531384,3.2252732934716346,4.236223007768244,0.9406475662450244,0.0,0
2018-03-28,2.9391384698538454,3.263632438496728,3.056102386518982,3.968361144970361,0.6250115576059435,0.0,0
2018-03-29,3.670239443197787,3.123346910252336,2.198475649447777,3.7145799848473735,0.6819910808070322,0.0,0
2018-04-02,3.096777497893485,3.5358282116200352,2.7640569203225738,4.011938253514937,0.6685836294439583,0.0,0
2018-04-03,2.395306477831032,2.799624897784214,2.7058416341471765,3.829146935600404,0.5238333760572872,0.0,0
2018-04-04,1.9390752511259344,2.2472577368776685,2.195718845007858,3.6460792810452487,0.4220809743515502,0.0,0
2018-04-05,2.48676156910308,2.860448827165145,2.338738305590883,3.4066231548731003,0.5390683009614551,0.0,0
2018-04-06,2.7978944327716944,3.390585729788372,3.039691184783152,3.424038549301097,0.6243325363066727,0.0,0
2018-04-09,1.0010948805208515,1.5068727487959412,3.5648399986913324,3.4723339707892267,0.2537708854163085,0.0,0
2018-04-10,1.8031496261875943,3.044578914556772,3.1197605085640085,3.3113674337360792,0.4912680190871356,0.0,0
2018-04-11,1.8689362587888896,2.590847325506461,3.032551788438334,3.3570160010419148,0.4507648944120331,0.0,0
2018-04-12,2.2561802168336342,2.6040540335208533,2.865411031436348,2.831392110026848,0.4899980307682987,0.0,0
2018-04-13,1.623953657328792,2.3345099805004703,2.7194276843198746,2.7344654654883995,0.4002923288466903,0.0,0
2018-04-16,1.2538568057681856,1.530356723754654,2.542691715581893,2.4298642674609128,0.2809167130840467,0.0,0
2018-04-17,1.927892612386643,2.6826063992880798,2.3386052336843326,2.294312234288564,0.4660219797623806,0.0,0
2018-04-18,1.9616633883500447,2.3642986909538397,2.4425753795984138,2.3403758657920144,0.4363970397814698,0.0,0
2018-04-19,3.62350146696009,4.7382297427940845,2.9963412918102548,2.489176966246637,0.8444718289203763,0.0,0
2018-04-20,2.00688470150826,2.621093887702746,3.353121266380331,2.499924218083861,0.4673831439710381,0.0,0
2018-04-23,1.951517041107475,2.2645431371823204,3.3365698467126754,2.5327477968778576,0.42508568807234,0.0,0
2018-04-24,2.9732050194083945,4.134230211677791,3.566510322721038,3.1790773718301515,0.7260226518964092,0.0,0
2018-04-25,1.344963160105073,1.531870680962554,3.297110919131708,2.8329098965149178,0.2936719054175723,0.0,0
2018-04-26,2.526370899712869,2.973004988405638,3.3357798962712235,2.211261332970367,0.5615306302117422,0.0,0
2018-04-27,1.7839893189520777,1.9922453318203983,3.189479791503609,2.3908911945353286,0.3854238797972955,0.0,0
2018-04-30,1.5248076431737838,1.9453605233985047,3.043689126776824,2.2728952342321005,0.3545578334400143,0.0,0
2018-05-01,2.246123148031021,2.90618877168975,3.531852172918167,1.8585784311259896,0.5264856727360403,0.0,0
2018-05-02,1.5566296973918408,2.08702299046462,3.4113407735976424,4.067264682029744,0.3724277726876276,0.0,0
2018-05-03,1.5102036569135442,1.9201787785875115,3.10988204070232,4.125328735354408,0.3504834378340026,0.0,0
2018-05-04,2.030295318440096,2.5506861861854118,2.638162618558662,3.6241893856813903,0.4679964885960052,0.0,0
2018-05-07,1.042391299638921,1.3881571129070895,2.72382387248646,3.310277206820738,0.2484199646592,0.0,0
2018-05-08,1.193743570378696,1.2072147190853495,2.763176477637359,3.5618201306368458,0.2448618963240684,0.0,0
2018-05-09,1.4148916323193137,1.610887373406093,2.809838937107195,3.229123894462228,0.3088755137606016,0.0,0
2018-05-10,2.998778052509896,2.786860900545176,2.753525065753672,2.9439417134218733,0.5896512232325951,0.0,0
2018-05-11,1.6615292309980128,1.7463902975009165,2.2870498779102197,2.333553353950465,0.3476638557129468,0.0,0
2018-05-14,1.8484454973842288,1.8519646372805465,1.9560794219906372,2.2860758098638563,0.3773585308570752,0.0,0
2018-05-15,4.183882072938329,3.1916879720782982,1.923943764946116,2.181078194313455,0.7505165628331107,0.0,0
2018-05-16,1.8612557040066589,1.875232454613432,1.9870253110696188,2.283455495126133,0.3810546340803649,0.0,0
2018-05-17,1.367509402370439,1.680354444458468,2.390840446025672,2.085758199494657,0.3146812382320824,0.0,0
2018-05-18,2.273088447541328,2.362657400390969,1.892984037890733,2.3055414000283108,0.4784711169287881,0.0,0
2018-05-21,1.747678869777234,2.4149857951924827,1.90358090234693,2.1418979884387688,0.4298758105239088,0.0,0
2018-05-22,1.5332430079555757,2.191158090284921,2.025959267367585,2.574192273589631,0.384640768346606,0.0,0
2018-05-23,2.5579831280814,1.742201905881329,2.2766476585200457,2.6489387168656906,0.4434798573868035,0.0,0
2018-05-24,3.048260500289905,2.4383957952590314,1.746211667668491,2.5968961909963904,0.5660122521256032,0.0,0
2018-05-25,2.5492721367875437,2.073494677140288,2.25093218324597,2.4322162454840863,0.4769071416286325,0.0,0
2018-05-29,6.689656636787014,5.18307938088561,3.140650416227858,2.284310915733476,1.2074631405876826,0.0,0
2018-05-30,3.5803480324471004,3.060715074218604,2.403723567571501,2.296636221248496,0.6758994675705712,0.0,0
2018-05-31,2.378765901352646,2.9687207412108942,2.295369682083268,2.095693242654947,0.5458054459860516,0.0,0
2018-06-01,2.8508052395311005,2.232162262606807,2.4915822449295275,2.145925088573264,0.5169811066636079,0.0,0
2018-06-04,2.3740549274951404,2.428132861779692,2.0405976060298854,1.8965161812966111,0.4894117563469233,0.0,0
2018-06-05,1.2593020309349108,1.4217218509848082,2.102404719369663,2.3713070023456844,0.2734394179072227,0.0,0
2018-06-06,2.1242604264879104,2.63375946998389,1.855749436943668,2.1830165977945786,0.4856160822965318,0.0,0
2018-06-07,2.8257326747068388,3.039077350031794,1.8386976705675904,2.1098368880036813,0.5979361811971757,0.0,0
2018-06-08,1.9477635977595609,1.8905109503532405,1.6401666708153655,2.137096381841612,0.3910196673673111,0.0,0
2018-06-11,1.1908465785583309,1.035389339598098,1.5557828192448644,2.0310915811192687,0.2295349162468482,0.0,0
2018-06-12,2.108130809284362,1.9637726719846864,2.064072961371379,2.1711822800785843,0.4198760407663207,0.0,0
2018-06-13,1.547150082499948,1.4654989797239295,2.159834869601622,2.472283451889029,0.3106585746315886,0.0,0
2018-06-14,2.515621532980032,2.5816571235256016,2.529106127832608,2.8467801757449,0.5256864982874683,0.0,0
2018-06-15,3.306073632523064,3.06750293279314,2.650812322651752,2.5011343803019663,0.6572100183333252,0.0,0
2018-06-18,1.1975211787740376,1.7979046944876962,2.52799954773206,2.93967434160313,0.3090992905228545,0.0,0
2018-06-19,2.6891825092444948,3.554731751901596,3.3356048891915338,3.4065094173783144,0.6441894827156448,0.0,0
2018-06-20,2.2716854535832267,2.705285266386787,3.457565051995722,3.341483063569889,0.5133964235802895,0.0,0
2018-06-21,2.3465911116942952,2.035900758747703,3.514497921497864,3.549294323860698,0.4518531012005529,0.0,0
2018-06-22,2.2177701186034864,2.022402017582123,3.1835878005665874,3.4963268167204142,0.4372128098177362,0.0,0
2018-06-25,4.0163933363966855,3.436197063566737,3.5735953496219257,2.8076530513431863,0.7683765118231753,0.0,0
2018-06-26,2.1059405531893587,1.5786802976329914,2.815657324654267,3.24475889593844,0.3798151006798202,0.0,0
2018-06-27,3.268241963432726,3.0034721310283694,2.997443663676496,3.4283711889769903,0.6596123553080517,0.0,0
2018-06-28,1.340957268951896,1.310290393439698,2.710506189577904,3.1717539044575056,0.2789109684979297,0.0,0
2018-06-29,1.913130913665648,1.7786273200797784,2.8545253313093584,3.0892668127779976,0.3885175093912414,0.0,0
2018-07-02,2.2360813098183323,1.9096325962737584,3.1136119278497607,3.273275533045667,0.4365683606014619,0.0,0
2018-07-03,2.934577818447381,2.284506408192758,3.3127644551886988,3.2191468091973,0.5499781539588131,0.0,0
2018-07-05,2.4210792701443755,2.4246005150837178,3.3748015147332744,3.148353189369054,0.5096709373433685,0.0,0
2018-07-06,2.2566181242363808,2.3844420614083,3.6319395060310895,3.359992404625386,0.4879524582906295,0.0,0
2018-07-09,2.615614338840263,2.406806107546507,3.117569436271556,3.394187467837644,0.5285960458662963,0.0,0
2018-07-10,2.293639736786036,2.0172656163341163,2.867815717816217,3.1999341968819595,0.4538644056245779,0.0,0
2018-07-11,3.3270686118222037,3.444545268104386,3.086013837696782,3.264983984641932,0.7120639049190891,0.0,0
2018-07-12,4.074665301108928,3.1696536355142806,3.237487923350878,3.347026570477716,0.7633981553539628,0.0,0
2018-07-13,2.3241312995057752,1.9556051656358229,3.274185373606912,3.3269879989151017,0.4507315059837506,0.0,0
2018-07-16,1.979079382057816,1.4563739312256578,2.780803274529343,3.1293137076724094,0.3621718551273635,0.0,0
2018-07-17,2.7133011687570674,2.011889935189849,2.4885375800941656,3.367838636751521,0.4981107286162414,0.0,0
2018-07-18,2.2220653393644407,1.9697377543346175,2.3115174821587656,3.4308105816990757,0.4412990698504655,0.0,0
2018-07-19,1.7804959023415146,1.7289620692774987,2.397772015033254,3.4551238590026188,0.3692118733887772,0.0,0
2018-07-20,3.800183399736615,2.87423608732402,1.9651737380173864,3.2100427076346336,0.7034882568550358,0.0,0
2018-07-23,4.035882097673899,2.9491174255009533,2.022064726417067,2.8534218878341355,0.7364094787226337,0.0,0
2018-07-24,2.9929445184691823,3.022519884110725,2.447367000920528,2.8981048830065097,0.6326696540966513,0.0,0
2018-07-25,3.27757822338982,2.5899213109170587,2.990618396594808,3.287000000843453,0.6182388748603156,0.0,0
2018-07-26,5.981060049121371,5.795363873301492,2.5019914609558587,2.7439743088399258,1.2144046214622817,0.0,0
2018-07-27,2.9130452775287083,2.951873845691352,2.5636697793898566,2.7279378655404374,0.6048420704090413,0.0,0
2018-07-30,2.561291735424475,2.6869722846543485,2.706021713696212,3.1520503459448044,0.5412760868045811,0.0,0
2018-07-31,2.125212304097534,1.9189286058312331,2.6816973635562835,2.912165520210268,0.4169932862752872,0.0,0
2018-08-01,3.083990038902991,2.9838662393258355,2.939014883492,3.037283941514377,0.6257261216688763,0.0,0
2018-08-02,2.599458493113865,2.899016818227872,3.071976061850749,3.327233065558782,0.5671348431979537,0.0,0
2018-08-03,1.8499932239913528,1.6540081108654916,3.2398341327892366,3.172255271610518,0.3612937522461478,0.0,0
2018-08-06,1.9149335982897664,1.5993919433404613,3.114893442026152,3.3450356415226854,0.3623204346841495,0.0,0
2018-08-07,1.5285653792124283,1.398028226394557,3.115946765069,3.280349199274972,0.3017684141200062,0.0,0
2018-08-08,1.255758471398309,0.8196647722507062,3.004689082954141,3.1170358025817,0.2138928614695529,0.0,0
2018-08-09,2.227691045958879,2.376721843879197,3.0124151273732966,2.934817737253332,0.4748852733227614,0.0,0
2018-08-10,3.0353189648603687,3.322434368772404,2.883121659266793,3.2546461779324893,0.6677403337493812,0.0,0
2018-08-13,4.154105943371716,2.823964850670316,3.2371422658579623,3.3669811798798586,0.7356185487729991,0.0,0
2018-08-14,1.956739271591874,1.91195659699374,2.871121407425154,3.413716459611784,0.4066842003322874,0.0,0
2018-08-15,3.869027466047176,3.332225500427211,3.239756720015256,3.7268325206461,0.7577602992013749,0.0,0
2018-08-16,3.8084955996909886,3.659401947357168,3.4530044304036385,3.721313874690292,0.7851425550675302,0.0,0
2018-08-17,2.8036520570544123,2.165616865302365,3.0964853476494865,3.5026837938277557,0.5325539717291627,0.0,0
2018-08-20,2.647113416506987,1.7746305905303814,2.9971066991432758,3.853525136077076,0.4748819699045712,0.0,0
2018-08-21,3.1562354598018265,2.4015207516641466,2.6173671819531186,3.6298860084551294,0.5957575844471534,0.0,0
2018-08-22,2.191897346882051,1.840227502822738,2.556738002785012,3.632653390757055,0.4318635406103955,0.0,0
2018-08-23,1.878540650281536,1.6922683388559834,2.2396906289468133,3.3849997752196943,0.3823823296560368,0.0,0
2018-08-24,4.500169972035217,3.053174607142682,2.029891401840558,3.014030092323976,0.8159312053342289,0.0,0
2018-08-27,3.2680024896568822,2.382096753160867,2.253927415865982,3.1915249350662536,0.6109524162922406,0.0,0
2018-08-28,1.926987715382303,1.3768699493541536,2.337262187883838,3.222958644912384,0.3573232237598188,0.0,0
2018-08-29,2.0030539932689733,2.224097529261455,2.2448279461305627,3.3078923215214227,0.4550796352906625,0.0,0
2018-08-30,2.176604071986848,2.1169526689127838,2.398363738714546,3.5452759920665304,0.462874062232425,0.0,0
2018-08-31,2.823326786068613,2.013746466596227,2.2981651425733407,3.427625573538514,0.5247507410253904,0.0,0
2018-09-04,2.488695205988312,1.8032216887018548,1.905218207216439,3.0862950307423915,0.4655477278228416,0.0,0
2018-09-05,2.988761923606757,3.128687201155368,2.126248693476356,3.2240528013715544,0.6614700631484078,0.0,0
2018-09-06,3.0568148041457586,2.884918923383028,2.5924170093420726,3.257239355147713,0.643047457616577,0.0,0
2018-09-07,3.519296747529082,2.2205372774947416,2.1962977189820365,3.471014160106174,0.6233209116001708,0.0,0
2018-09-10,2.4572561364971808,2.284896983419788,1.2580024056304415,3.569114474476329,0.5132881246351628,0.0,0
2018-09-11,3.2060089606785094,3.004426299596854,1.6117449586306771,3.3115522582055648,0.6721689251665273,0.0,0
2018-09-12,2.235374667236357,1.9084176018109984,1.7034043970468418,3.237206652390228,0.4488525671958502,0.0,0
2018-09-13,2.069929347826581,1.7060362466147847,1.8111979071762747,3.140996140271146,0.4091335413746499,0.0,0
2018-09-14,3.082704262206823,2.3851144394213857,1.9082215844354875,2.9983964723799863,0.5927692844925695,0.0,0
2018-09-17,2.922088731481399,2.8096713840503087,1.6780726364375798,3.079034766509652,0.6202227974813967,0.0,0
2018-09-18,2.464917390047306,2.228362001345888,2.1556034160417,3.1058537918076627,0.5081217768361693,0.0,0
2018-09-19,2.9327283344386954,2.7554142838739324,2.5783596228299217,3.2044591343402398,0.6156263366782286,0.0,0
2018-09-20,3.2063945334007142,2.3790913324742298,2.4112118848701707,3.027761490652443,0.605740747049601,0.0,0
2018-09-21,2.254604343642024,2.144823438819804,2.7731972583336257,3.3400376489058115,0.4760977239981894,0.0,0
2018-09-24,2.7483102033969438,2.1257214144207595,2.7739019802310843,3.3185518987838365,0.5283979102383057,0.0,0
2018-09-25,2.954576365414104,2.795339296229058,2.4958119862360726,2.992857468972463,0.6222745077065321,0.0,0
2018-09-26,2.22548903528864,2.1845567994085444,2.3238649869517376,2.946819625816574,0.4785270177043398,0.0,0
2018-09-27,2.047378075881289,1.889428915336592,2.3413738631328656,3.243772337120507,0.4273651303348728,0.0,0
2018-09-28,2.5518421060116085,1.9652907899440355,2.586621448357447,3.471434796887284,0.4909924584796437,0.0,0
2018-10-01,2.6452715800871878,2.864461338598311,3.0494947492773417,4.010942403060988,0.5974325861860554,0.0,0
2018-10-02,3.207719432070152,3.052534481012101,3.396757284827252,3.5635330245202312,0.6794408640276208,0.0,0
2018-10-03,3.865983361457612,3.0677815075812527,3.609783484941429,3.90141161411065,0.7535111144325493,0.0,0
2018-10-04,5.29459026750493,4.148948009787875,3.403953773230745,3.987148641621526,1.0014280068862644,0.0,0
2018-10-05,3.9858334966726217,3.3328335405638225,3.915355266754296,4.359941726922257,0.7762867531541504,0.0,0
2018-10-08,2.8014452398781127,2.6859315000206108,4.417313337011195,4.593896139044553,0.5823423272428649,0.0,0
2018-10-09,3.284754909628408,2.8064921807715533,3.4561462797625344,3.983526856032809,0.6461472457386491,0.0,0
2018-10-10,8.97744753279739,5.54488091281955,4.017932593102305,4.19077076545962,1.4902775509022388,0.0,0
2018-10-11,7.817807902107092,5.445913624849608,4.184281414532291,3.719992000614763,1.33903444285532,0.0,0
2018-10-12,3.29181154202926,3.6079959132080255,3.9131858056759183,3.837957449221194,0.702549154969679,0.0,0
2018-10-15,2.115955879121858,2.3971860105749982,3.792854412552522,3.393662600572145,0.4617218026827259,0.0,0
2018-10-16,4.037141150443752,3.513890175478511,3.0121688858477915,3.011589719839088,0.7682876942255278,0.0,0
2018-10-17,1.8864897184374847,2.304200477501743,2.8643770789714837,2.9239393113566226,0.4293992725911437,0.0,0
2018-10-18,2.3805423014474507,2.5597313119079264,3.434346130303711,3.1189677307633223,0.5048725222743964,0.0,0
2018-10-19,2.272660680456509,2.7266005196400545,3.697668734403262,3.6038163229023046,0.5120607584636978,0.0,0
2018-10-22,2.1440324596789613,2.6736268403471035,3.705217456738735,3.59022474570889,0.4938518504166617,0.0,0
2018-10-23,1.5181742458550256,1.2757281927624384,3.6595629686856266,3.781472137093042,0.284060742186833,0.0,0
2018-10-24,5.922171192835844,5.738972710972528,4.531334138280943,4.452653095497586,1.1742504888431182,0.0,0
2018-10-25,4.113341152533474,4.962386773770322,4.3257053817816296,4.173682764892294,0.9154384461684268,0.0,0
2018-10-26,3.799057468412454,4.615795454866894,4.622009793697388,4.61219695306408,0.8489291857873745,0.0,0
2018-10-29,2.8036510361265736,4.38986493084806,4.490296861117204,4.427183269534588,0.7373039847554732,0.0,0
2018-10-30,3.6241777188555497,4.090081324794824,3.902071021994213,4.13363329359135,0.7891525391851723,0.0,0
2018-10-31,3.1250318744964,3.619329507475107,3.270250559877425,4.011298608263287,0.6903041099275952,0.0,0
2018-11-01,4.096990176589373,4.957840840682136,2.92376013067444,3.807857768064903,0.923697742131262,0.0,0
2018-11-02,2.907877952505958,3.272719317442128,3.3573047576196973,4.25132059632407,0.6296329954449944,0.0,0
2018-11-05,2.4713461862791557,3.3135400456713526,3.024658502975252,3.823888645132245,0.5912531081933976,0.0,0
2018-11-06,1.1554312719280495,1.3099945696210231,3.0651324106937574,3.895568205967376,0.2511939756295607,0.0,0
2018-11-07,3.186877729620992,4.352250747255384,3.041902625763206,3.8547985788294974,0.7708096932016973,0.0,0
2018-11-08,1.254995781380213,1.4829922068957495,2.6867482457177454,3.9317920680130114,0.2791818507766259,0.0,0
2018-11-09,3.5774314839199906,3.361014278181904,2.365941761399561,3.670385852102304,0.7044212822371683,0.0,0
2018-11-12,3.670910366519611,4.743257094678694,2.055403033612429,3.3735897983764827,0.8590619149380105,0.0,0
2018-11-13,2.7679554291840933,2.811191999286491,2.53860209403882,3.457067155408969,0.5670610471456696,0.0,0
2018-11-14,2.038010355452926,2.544665383656139,2.7389358756961566,3.764354145865476,0.4675818880710229,0.0,0
2018-11-15,2.2199983661862617,2.661186638268098,2.1496175432213738,3.62405755058924,0.4976629978212527,0.0,0
2018-11-16,2.9647598294458484,2.7496484659517604,2.4593293731227304,3.710196029024247,0.5798169699601751,0.0,0
2018-11-19,3.205096254838041,4.330162664198975,3.220567475677503,3.9034728142862263,0.7699578424729616,0.0,0
2018-11-20,3.3575904386897,4.38608319605496,3.840419727647456,3.952675032133566,0.790765518651696,0.0,0
2018-11-21,1.8464827555253596,2.354775971258829,3.323140963588994,3.791865081221913,0.4288324692449068,0.0,0
2018-11-23,1.331574748735019,1.7434808469618217,4.461112214204703,3.9939023040528343,0.3140306875278964,0.0,0
2018-11-26,1.789115670800632,2.3957216488094075,3.479858335746713,3.709914728664789,0.4275398332483698,0.0,0
2018-11-27,2.120891860841769,2.149338831538149,2.610363466206686,3.595793966072828,0.4340058050530754,0.0,0
2018-11-28,4.353352791291501,5.456711097002903,2.063916702794382,3.556234338752309,1.0099102722219713,0.0,0
2018-11-29,1.2432836689917663,1.284939420781957,2.105224012251804,3.247986039503346,0.2659102092225337,0.0,0
2018-11-30,1.766856811113156,1.8014925201141256,2.297543058965245,2.869322516093781,0.3836265038134434,0.0,0
2018-12-03,2.697753641761892,2.852095425171452,2.6247690842778004,2.8883927660648787,0.5964012035580359,0.0,0
2018-12-04,4.06214411319938,5.066875237725404,2.536519672289548,3.214995880133418,0.9791404320197918,0.0,0
2018-12-06,2.8827699644587645,2.753947131880527,2.44352403608723,3.197257978635397,0.6064542431877755,0.0,0
2018-12-07,2.739855238208121,4.040506351073278,3.48051545697973,3.39404344270665,0.7258393838840622,0.0,0
2018-12-10,2.289248009379174,2.4577715973369862,3.408109630366704,3.40648432754275,0.5100352775078629,0.0,0
2018-12-11,2.4663414847857017,1.922575252617669,3.2227912027410177,3.420288712836648,0.4733183371139162,0.0,0
2018-12-12,1.411001656386916,1.7147635292818244,2.7648526619526392,3.206159580988494,0.3353577092294952,0.0,0
2018-12-13,1.33600379021958,2.3949772829101224,2.509032864042152,3.3666279871399603,0.3985394248243463,0.0,0
2018-12-14,2.86490185592325,3.992297631969077,2.8172409800006024,3.5401504699898503,0.734537536282435,0.0,0
2018-12-17,2.1460360460987693,3.5027309343065234,3.8313621293702513,4.047300063519791,0.6040152694177114,0.0,0
2018-12-18,2.5690230559369867,2.753562640864643,4.071303725384233,4.076874821481286,0.5718870815483452,0.0,0
2018-12-19,3.824241714879712,4.9863453442492895,4.576291325840489,4.438138882824238,0.9379698053719728,0.0,0
2018-12-20,3.446392573378377,4.233809965820656,4.430476515746792,4.569378306508139,0.8183446879392144,0.0,0
2018-12-21,4.533841149671485,5.24684074578257,5.00149442413904,4.89101840465775,1.0386161259600055,0.0,0
2018-12-24,3.048385553572241,4.488803818572879,5.46515376904136,5.473274011756718,0.7974683544051835,0.0,0
2018-12-26,5.6232731418275055,8.119990082846245,4.0194698426499205,4.144703234680221,1.4265097336787695,0.0,0
2018-12-27,4.146218214207753,3.720851649444368,3.5800213708326174,4.069347010978733,0.8190005142914516,0.0,0
2018-12-28,2.5037063434653706,2.912376494638628,5.056022517986579,3.990537758602213,0.5629245561270757,0.0,0
2018-12-31,2.792626770895868,2.4865683660078823,4.519439920958247,3.941031358477905,0.5496170025879925,0.0,0
2019-01-02,2.0240072715859574,2.0689873977840536,4.931858452298229,3.897785493588363,0.4257530192270756,0.0,0
2019-01-03,6.806708918474452,6.253201358646513,5.685427955589207,4.482351669392052,1.356581766333226,0.0,0
2019-01-04,4.396079712696446,5.011564691901259,3.928848145479947,3.87696522683692,0.9726788665134318,0.0,0
2019-01-07,2.126059689142894,2.36766515062532,3.445577593353363,3.5012591499572654,0.4647127523212568,0.0,0
2019-01-08,1.9752440108629743,2.7699990761404587,2.708319466629965,3.3037798425518905,0.4897365825460622,0.0,0
2019-01-09,1.7277888529274117,2.463535228359386,2.4962088582530573,2.60754632754868,0.4325072001006266,0.0,0
2019-01-10,2.798306050940016,2.470043186351206,2.8614054753948746,2.6861413974028494,0.5459375748128139,0.0,0
2019-01-11,1.8535100704019103,2.321334197544955,3.147654094343876,2.656905103388324,0.4312911862900112,0.0,0
2019-01-14,1.7390260316909203,1.765970447923012,3.0761028389013063,2.7116492591871566,0.362759961134782,0.0,0
2019-01-15,2.128252294260024,3.6300491611814607,2.7409486084621677,2.509537156345908,0.5933075973888005,0.0,0
2019-01-16,2.182039291156776,2.438721739133012,2.9446787755215658,2.383106533756699,0.4778349581031197,0.0,0
2019-01-17,1.311165641887588,1.4153288548516276,2.939432777334272,2.2626445097049266,0.2820344777545424,0.0,0
2019-01-18,2.520842891119432,2.9839905469082817,3.3857710086183013,2.0048569434490875,0.5689695860255725,0.0,0
2019-01-22,3.0606774332725903,2.452224025858276,3.3665554938235367,2.151940333139267,0.5717639413708253,0.0,0
2019-01-23,2.0675629481758717,2.3826084623977684,4.1186424360886535,1.8682875497038185,0.4600701782696466,0.0,0
2019-01-24,4.777875717136456,6.448530604719209,4.5251386761747,2.9732932890727355,1.1457077154778084,0.0,0
2019-01-25,3.7535277101072535,3.07492131908932,3.165340642712981,2.5336654133926224,0.6983726740352807,0.0,0
2019-01-28,1.5673772020291852,1.8538721328939132,2.542950064698082,2.223896930805258,0.3493513189796207,0.0,0
2019-01-29,1.8865437285545863,2.2975117625938206,2.66315145594192,1.9954373820482083,0.4280648581525368,0.0,0
2019-01-30,2.018632260962755,3.208938912409581,2.8032109176397326,2.231819132945902,0.5422714912059832,0.0,0
2019-01-31,3.145002825985293,4.417938442164116,3.2636584095547128,1.7446488886230922,0.7895621875753667,0.0,0
2019-02-01,2.532610005669471,2.549883152171853,3.829837180580661,1.8925586738350928,0.5324657260481668,0.0,0
2019-02-04,2.1747062470425567,2.1673372965460747,3.260258655885791,1.7464415961721438,0.4549418491295879,0.0,0
2019-02-05,1.8318036449807769,1.919708410019712,2.9828620751409014,1.9130214602205475,0.3978127671319517,0.0,0
2019-02-06,2.553321215499547,3.87083409433198,3.2419928196503345,2.485093152502532,0.6797084188954842,0.0,0
2019-02-07,1.5915338974599231,1.91899676662158,2.6584317675694167,2.5633310390115365,0.3748471259843949,0.0,0
2019-02-08,1.2760386156200336,1.6279999022849447,2.384619677403054,2.4854628919013213,0.3097639001488834,0.0,0
2019-02-11,1.816184936098158,1.6749608958755993,2.158262603353559,2.7936519024709456,0.3772302180239659,0.0,0
2019-02-12,1.7067071895915116,2.4273967244854613,2.8253094270846466,2.579525349658681,0.4425301305680851,0.0,0
2019-02-13,1.60189118386181,1.2103404688730963,2.9456346890663743,2.2047770051036486,0.3058375398696951,0.0,0
2019-02-14,2.1095436915597765,1.7468127120390131,3.286860523422916,2.325852382262941,0.4186175190583029,0.0,0
2019-02-15,2.881011278699994,3.631856318536573,3.167055441699516,2.1701343087000926,0.710852493302771,0.0,0
2019-02-19,2.892870658461875,2.22705151856539,3.176511349373053,2.93748005337546,0.5646782150783403,0.0,0
2019-02-20,1.5846189975407765,1.6042563080825205,3.06209193066702,2.9050579097190825,0.3496760162362227,0.0,0
2019-02-21,3.562118109386716,2.4880342141819263,3.240303225419124,2.5843717090691243,0.668613961842071,0.0,0
2019-02-22,1.6962432863816916,1.7842948630215334,2.788357008662327,2.705814420957606,0.3813475037669795,0.0,0
2019-02-25,2.5098240758885506,2.027401909371221,2.5487637548160027,2.7654798376507577,0.499910346340908,0.0,0
2019-02-26,1.4907099202380754,1.3955366437679828,2.8100181278369214,2.809985817210874,0.3170181999598228,0.0,0
2019-02-27,3.5549165619672847,3.04898087765754,2.511640605235427,2.015957805909538,0.726700206849103,0.0,0
2019-02-28,1.746271001767356,1.327817658916713,1.8252278587385296,2.002323022710444,0.3391296048477246,0.0,0
2019-03-01,3.755840599004614,3.123087388545435,2.188142268637997,1.991060632960048,0.7574582121211618,0.0,0
2019-03-04,2.746432741125156,2.5832816746255216,2.3481046894623483,1.83080697082806,0.5853439199019609,0.0,0
2019-03-05,0.7507612553314349,1.049095184557324,1.8942425669816747,2.2853861638428583,0.1960230976706411,0.0,0
2019-03-06,1.667507432995527,2.056309922805432,1.849869100373953,1.9437886829261344,0.4066281814573905,0.0,0
2019-03-07,1.812922547834488,1.9328723309695988,2.206719517547161,2.172712087519162,0.4102930284276697,0.0,0
2019-03-08,2.172843657457652,2.0644137780329688,1.677259163709511,2.272455399738248,0.4652639113516909,0.0,0
2019-03-11,2.5255764100453004,3.185329834104249,1.9076374848138435,2.531181501251463,0.623315375209027,0.0,0
2019-03-12,2.1838116875147064,2.80357140476555,2.267515117771628,2.4467776973512056,0.5441432632865729,0.0,0
2019-03-13,1.4510716648715745,1.6801525953285297,2.473775080126916,2.8207169675605126,0.3423755250292655,0.0,0
2019-03-14,2.490992333709416,2.3682569368121884,2.710586711047686,3.0067142844025025,0.5335530138360749,0.0,0
2019-03-15,2.554483870097173,2.9618676053428032,2.389380505475745,3.5183376722866715,0.6031532623564433,0.0,0
2019-03-18,1.0449144413094853,1.370992993013139,3.0301969943880738,3.682024550257972,0.2634644114582998,0.0,0
2019-03-19,1.6769533275526272,1.8820794982677795,3.033423760678004,4.592598517860623,0.389410905161864,0.0,0
2019-03-20,2.637674013537486,2.7987376146937155,3.3732584947222244,4.55666163426114,0.5955343148932641,0.0,0
2019-03-21,3.2651241124562795,3.3412617119930763,3.2271945615886333,5.344980375731884,0.7242576118712252,0.0,0
2019-03-22,4.229839970323069,3.55609982160877,3.6601758286385047,5.195478240634608,0.8571338343669298,0.0,0
2019-03-25,2.20876489493959,2.4209090178005974,3.379031096363012,4.11969488123326,0.5068100360182024,0.0,0
2019-03-26,2.173793389986127,2.1304997067118787,3.217750252704576,3.5498772509063525,0.4723127523619342,0.0,0
2019-03-27,3.073249020150943,2.732819440525099,3.2952839874686988,3.686486610747455,0.6384192446506176,0.0,0
2019-03-28,3.411686780437258,3.010665217416287,3.3385992022799744,3.2700054876042204,0.7142327051486708,0.0,0
2019-03-29,1.2621242352906494,1.59999170380041,3.2066378144241194,3.405632225271364,0.3152865208218779,0.0,0
2019-04-01,3.058297100516144,2.915778451004821,2.335802683700618,4.328301886577205,0.6630362263739348,0.0,0
2019-04-02,1.814005645621976,1.6531759420531666,2.5239560515956385,4.171692070544071,0.3852624206129207,0.0,0
2019-04-03,2.895558416094828,2.678106524077572,2.46126433846154,3.943172371907308,0.6190888148102001,0.0,0
2019-04-04,1.5981818822092664,1.8673661261901289,2.368408537864397,4.040781253598112,0.3825751723534544,0.0,0
2019-04-05,1.5879817236762617,1.5648010784859976,2.756348829659458,3.9027657075951567,0.3496101678884047,0.0,0
2019-04-08,2.1363096647370394,2.00499457848948,2.55321036050036,3.9672621316276513,0.4598145705932533,0.0,0
2019-04-09,2.292719496609431,1.6305198445215725,2.1473370968353374,3.910738439075652,0.4387368878905799,0.0,0
2019-04-10,2.118840466087261,1.9013527516503208,2.0677977369929774,3.886089367318256,0.4468920565011774,0.0,0
2019-04-11,2.505278090522204,2.2170830044906875,2.1641397458427294,3.555785201987312,0.5251370277920754,0.0,0
2019-04-12,3.2505239629570704,2.4707472063328706,1.6257706844675754,3.7055034587594458,0.6387277499159927,0.0,0
2019-04-15,1.5234681927478169,1.352401708978412,1.632928145397262,3.5666544338427446,0.3197772266834515,0.0,0
2019-04-16,3.045087395476468,3.704290725508803,1.950557577648821,3.447932022816586,0.7443033048938579,0.0,0
2019-04-17,1.9142592654907205,2.5771970776904025,2.785998854479663,3.755030883434624,0.4939987208119232,0.0,0
2019-04-18,1.750080162204663,1.5523274019548885,2.186324636769923,4.073452667979982,0.3672129819461333,0.0,0
2019-04-22,1.8727359362650624,1.576791770309428,2.2806912029422177,3.2705979727739947,0.3840930118670543,0.0,0
2019-04-23,2.3840586436454703,2.317147335590936,2.518602408795228,3.3996389657607247,0.5215023886086722,0.0,0
2019-04-24,2.6417570997618,2.2280143856537475,2.5143403875864725,3.721248130855145,0.5422086659662744,0.0,0
2019-04-25,3.057427393352362,3.4091340357878077,2.480727591852242,3.793977609099613,0.7161617288792851,0.0,0
2019-04-26,2.8884519701906286,2.5154031417586444,2.515154854610264,3.328144147008602,0.6022172719855274,0.0,0
2019-04-29,1.7494676037530044,1.4291039517200903,2.6351665013760277,3.117488456301463,0.3547941755463667,0.0,0
2019-04-30,3.202334163957185,3.5329503759364087,2.582124444284422,3.444875491161384,0.7461230850477607,0.0,0
2019-05-01,3.62355218733682,2.7752865157672137,2.192606736560678,3.444797773545233,0.715385290342962,0.0,0
2019-05-02,3.1269103915767005,2.5031917109269446,2.1776563278020427,3.482442439724668,0.6289269853261165,0.0,0
2019-05-03,3.1692436404323194,2.6326179222478494,2.18409881417128,3.007949125120269,0.6475211363361799,0.0,0
2019-05-06,5.451260851178064,3.4499929763579336,1.8935301637919983,3.094834913396407,0.987332797007478,0.0,0
2019-05-07,4.394241886842603,2.91166101666805,2.2593030856116862,3.614618632113813,0.8070966889835183,0.0,0
2019-05-08,2.6360727806781545,1.5960141039286002,2.0035068238557328,3.1838158379638366,0.4682750760934964,0.0,0
2019-05-09,2.0509088110507343,1.8016904059619252,2.0910563593046287,2.976486944664118,0.4234041588861137,0.0,0
2019-05-10,3.426655122781964,2.683757282096994,1.429984949520869,2.60893116182493,0.6729756159491522,0.0,0
2019-05-13,5.698840925840583,3.912865132393343,2.743706084125485,2.8058242717476936,1.0541609676693624,0.0,0
2019-05-14,2.5367402495271,2.090363654139383,2.264729205403217,2.976265244145812,0.5060221072052007,0.0,0
2019-05-15,3.157740795647202,2.588218752662681,2.352995800936739,3.0657434570839124,0.6284341491057797,0.0,0
2019-05-16,3.734170397534449,3.852086132060077,3.2598820167835583,2.9414234359997447,0.8266473074051162,0.0,0
2019-05-17,2.58004617444853,2.266752835367768,3.600277164447059,2.933461365349011,0.5295053919858799,0.0,0
2019-05-20,4.220618634194577,3.68514430834025,4.057047604721695,2.9853351338639342,0.8637785406908028,0.0,0
2019-05-21,1.498132741994543,1.5112858470777306,3.624897365658135,2.8822255389656624,0.3298215077864295,0.0,0
2019-05-22,1.9632173171638223,2.438884504993676,4.407051799590218,2.966763172622808,0.4811175632335678,0.0,0
2019-05-23,3.4236656646054304,2.997067078515586,3.986155628570805,3.2438956170774778,0.7050212015447044,0.0,0
2019-05-24,3.3607415806025824,2.7197258017276886,3.81565732342623,3.0120573359116314,0.6683530860053595,0.0,0
2019-05-28,2.738755776199179,2.777290093489461,3.951235801890448,3.3326819132049583,0.6044966294902974,0.0,0
2019-05-29,2.526576793122972,2.394603934649832,4.068370435197953,2.874529955515085,0.539793400767036,0.0,0
2019-05-30,2.866403512136461,2.5555935486689214,3.784198718275064,2.973263824778276,0.5987234791136358,0.0,0
2019-05-31,3.469369915287984,2.9873518497038325,4.349666696710339,3.07120760291299,0.7133791777734559,0.0,0
2019-06-03,6.579270161489221,6.468896604090965,4.693478884337262,3.0072140932138383,1.4229138047416805,0.0,0
2019-06-04,4.175577578206153,3.690885428531032,3.900216435697585,2.753823015729921,0.8593153926062629,0.0,0
2019-06-05,2.9622818767029075,2.899847447213185,4.053859446246113,2.7549890847962137,0.6393154325125985,0.0,0
2019-06-06,1.9803476034104373,1.9451022306266577,3.788981138251151,2.589410057331319,0.4280808561299579,0.0,0
2019-06-07,3.992208610572567,3.2753405316912927,3.3740691112867647,2.8104627628116843,0.7948378166836091,0.0,0
2019-06-10,2.93715115800952,2.7549686841691514,2.5088736909797387,2.6431854682516143,0.6212020230076234,0.0,0
2019-06-11,0.5671579184281706,0.6661445397581234,2.360637556485967,2.462213497926722,0.1341078134356436,0.0,0
2019-06-12,2.1840302527379185,2.537290053651674,2.7681795381290266,2.3735624101195816,0.5134809731556479,0.0,0
2019-06-13,1.785031449834531,1.6769817423644453,2.815643430848042,2.540668092590715,0.3778125693316896,0.0,0
2019-06-14,2.393343841375496,2.8995435892521173,2.8091912845258507,2.405603277574511,0.5752558887415531,0.0,0
2019-06-17,1.5884120512906676,2.258426507308301,2.8028903661207205,2.666628982133304,0.4170298258513324,0.0,0
2019-06-18,3.845950553008201,4.272048529621755,3.166811448155381,2.1617773297750764,0.8835344414884579,0.0,0
2019-06-19,1.916172484414722,2.043640010798423,3.583620887886536,2.1491454143623496,0.4312547709739988,0.0,0
2019-06-20,5.467650773291414,4.594344246578603,4.372535174254454,2.5225741314450336,1.090175188797151,0.0,0
2019-06-21,4.771943257227042,3.668788502339559,3.3993586646372878,2.352026630730212,0.9011791174876236,0.0,0
2019-06-24,2.6538239847124623,2.7504239589052024,4.337533290977678,2.996921868085582,0.5760912693389334,0.0,0
2019-06-25,2.078431174690861,2.2139329545592217,4.4690681386775175,3.124899250371359,0.4574991789503266,0.0,0
2019-06-26,3.521763991178994,4.03112599072347,3.9852792895715847,2.5664899803201493,0.8047180937114858,0.0,0
2019-06-27,2.998566902095909,3.1698613786920857,4.179366701172183,2.607015643860519,0.6612130662795777,0.0,0
2019-06-28,1.395738265217679,2.3234868833364946,4.054647738096527,2.924401394047302,0.4004572251641088,0.0,0
2019-07-01,3.975108694363718,3.938398055634726,3.3900556591613324,2.5695237015213674,0.8521669934835057,0.0,0
2019-07-02,3.757395345793416,4.065629091522498,3.5331273152376657,2.9696436912833457,0.8424058892873592,0.0,0
2019-07-03,3.1078819532191084,2.603119526825268,3.163796730113084,2.837345130554176,0.6150142298792705,0.0,0
2019-07-05,3.901146761803917,3.555397197830308,2.560180404739335,2.47240071451946,0.8029747059952188,0.0,0
2019-07-08,2.616954431939936,2.075832505846547,1.847514104788663,2.4510124155586643,0.5053697531248864,0.0,0
2019-07-09,2.098037259287976,1.9159625653638177,2.47692616993882,2.802838148569037,0.4322563928509093,0.0,0
2019-07-10,3.8282545629816367,3.5620759529761528,3.4440489955805416,3.2518619113383944,0.7958404755294146,0.0,0
2019-07-11,3.6990122927907714,3.2798702045250336,2.5226960058239976,2.565758685939105,0.7515415114434923,0.0,0
2019-07-12,2.309438794939524,2.6438039425789617,2.549134980381426,3.156207924180165,0.5333724260838114,0.0,0
2019-07-15,2.8099227295895384,2.1052935840384226,2.5703249272759563,3.2130600745906364,0.5293303442004746,0.0,0
2019-07-16,1.8626213428444252,1.9465329551937456,2.469763041325109,3.0785706781169293,0.410184109913788,0.0,0
2019-07-17,3.0237424806436377,3.3333013193327745,2.4456312886507607,3.361821932408354,0.6845418537691119,0.0,0
2019-07-18,2.508884954678333,3.4705790868816644,2.961589503773451,3.516082592620396,0.6438490839847852,0.0,0
2019-07-19,3.1228541854936496,3.080657054659371,2.07462835331043,2.974577060073135,0.6680265885938644,0.0,0
2019-07-22,2.069860555038374,1.994712105277849,2.3952264046411007,2.717539736451997,0.4376968905142978,0.0,0
2019-07-23,1.6282650101650853,1.559382256075068,2.293138451145204,2.341686532363108,0.3432649548629145,0.0,0
2019-07-24,3.031475334064556,3.950086890899262,2.930447118386793,2.6430338891138736,0.7517621086738777,0.0,0
2019-07-25,1.94513563900648,1.987768103757673,2.208879758150064,2.2930857917490206,0.4235121529603706,0.0,0
2019-07-26,2.435736378470658,3.0753761839930687,1.9794255022811251,2.927182559478961,0.5934310680581337,0.0,0
2019-07-29,1.7460940981964597,2.406359289955919,1.7693637302275729,3.0869961761307496,0.453715721942304,0.0,0
2019-07-30,2.063857392090469,1.9603825382640503,1.792468695452409,3.0005872069274147,0.4406490891633391,0.0,0
2019-07-31,3.8814411146147614,4.208149112908428,1.4856222964874632,2.8244908965966826,0.8851217109858018,0.0,0
2019-08-01,4.011873100308635,4.910794178888343,2.5643397477364247,3.346983734550113,0.9728198892682888,0.0,0
2019-08-02,4.957265269838431,4.071668167754922,2.865488174120545,3.1937330226305654,0.9738458369802372,0.0,0
2019-08-05,6.311375492283539,5.982346471828071,4.222979356071603,3.978104279241034,1.2991264652777683,0.0,0
2019-08-06,4.367417257262374,4.3372463483752,3.537160346499495,3.8289961742039913,0.9200550787842768,0.0,0
2019-08-07,3.47271063628808,4.891760663618648,4.406973364296407,3.9488333907981774,0.879762558488677,0.0,0
2019-08-08,3.066911228079956,4.334682136942639,4.196635116843696,4.0501588716835,0.7784932279562295,0.0,0
2019-08-09,1.7734836538817704,1.9907404473743973,3.720769086062386,3.6631031848688536,0.3957504734249932,0.0,0
2019-08-12,3.493529699176392,3.861308007192799,4.800634899437093,4.610143955454013,0.7732262575151497,0.0,0
2019-08-13,2.530686813565887,3.0361232746123403,4.348233642023431,4.045432096334646,0.5853368626302283,0.0,0
2019-08-14,5.6531140381513145,5.533216431245759,5.17245175380441,5.54563320798435,1.165150744332409,0.0,0
2019-08-15,2.5510108862475587,2.9730075090324237,5.0298646407416925,5.587424891124239,0.575980272111509,0.0,0
2019-08-16,2.580066012251281,3.0772430496652183,4.948297548873605,5.298491605088797,0.5899602764627538,0.0,0
2019-08-19,2.5360499816287194,3.069126348908192,4.248108483377509,4.19629285248315,0.5845748009864795,0.0,0
2019-08-20,1.504141414837989,2.196001702232574,4.863715813013124,4.971634342852927,0.3863240841664768,0.0,0
2019-08-21,1.665188570854576,1.7455406720223543,3.99204799753164,4.331631783068716,0.3554037433605422,0.0,0
2019-08-22,2.352678632201539,1.9912248176296743,3.988782154981725,4.170640196614436,0.4520569147121685,0.0,0
2019-08-23,3.4463022717201626,4.6366788531580685,5.027115177323394,4.556796464907419,0.84352189734175,0.0,0
2019-08-26,4.167596689507402,3.706730337139301,4.063133741682687,3.652807917199596,0.8197026460737376,0.0,0
2019-08-27,3.095975574751084,3.3309740200236178,4.612852126964936,4.528894125366879,0.6698044563921848,0.0,0
2019-08-28,2.3454230587137266,2.9452301121918167,4.468409146892696,4.411887191239739,0.5518944985930484,0.0,0
2019-08-29,2.384919163780931,3.599103489295157,3.0513745538566317,4.199977193750999,0.6248993084004744,0.0,0
2019-08-30,1.796235461808691,2.0453500905069646,3.3228207326832706,4.251664927275963,0.4004998160941303,0.0,0
2019-09-03,2.6526361169997275,4.160978909696112,2.918154848012705,3.89216310271267,0.7116907099717222,0.0,0
2019-09-04,2.0237622978364778,2.369284736177121,3.47128900413657,3.986538687511343,0.4580682778443575,0.0,0
2019-09-05,3.840192353170021,5.609581696201727,2.3668874231938126,3.392467722119896,0.9843047062723252,0.0,0
2019-09-06,3.1085595204846443,3.140308109866497,2.582360242095349,3.4936404035895885,0.6496929448818491,0.0,0
2019-09-09,3.204160210843212,3.4274461335008897,2.449807183535325,3.051079528359089,0.6896860215735076,0.0,0
2019-09-10,2.97567418531796,3.321211961052699,2.3407587065702278,3.157320783901276,0.6550159149239816,0.0,0
2019-09-11,1.7688478007951212,2.725775252023853,1.9918108347309291,3.3774014479627423,0.468289246784209,0.0,0
2019-09-12,2.1409208628495744,3.200371246782516,3.1185946759447734,3.161131560339948,0.557749580169193,0.0,0
2019-09-13,3.471665985586009,4.239057196811964,3.934634665012309,3.154543967408783,0.8042093831256659,0.0,0
2019-09-16,1.641021781975031,2.468227435970092,3.531548932844968,2.9228916615733835,0.4291122331112775,0.0,0
2019-09-17,1.2860686767141685,1.5087960576274642,2.8602405482662085,2.9425964000108147,0.2914275602080035,0.0,0
2019-09-18,1.739631963567914,2.126335113544246,2.8014140544333275,2.7489169433748177,0.403213280427106,0.0,0
2019-09-19,1.2135402709682874,1.393961219054724,2.794346060525642,2.680994690238232,0.2718561857527623,0.0,0
2019-09-20,2.620636868820336,3.9319131644335386,3.374121362418805,3.234035584583644,0.6842464215090885,0.0,0
2019-09-23,2.3012553137360587,3.890743424717463,3.0787153325654684,2.6323382132662814,0.6470380998695533,0.0,0
2019-09-24,2.4216435750335856,3.5020245282431848,2.62116586235178,2.88733052288462,0.6184432390508149,0.0,0
2019-09-25,3.000771678542047,4.662042219120992,3.4565124529205686,2.461628983355137,0.8003463705804995,0.0,0
2019-09-26,1.9364314514334264,2.8962161125644643,3.4164575100432057,2.796008288695231,0.5046373322976827,0.0,0
2019-09-27,2.3526719591972967,2.305256022864381,2.695186381298139,2.98478064174694,0.4851656830766056,0.0,0
2019-09-30,2.764139381991761,2.991277095174937,2.968616345611594,3.168405297139617,0.5998396147687249,0.0,0
2019-10-01,2.1667753721989915,2.7467293637635275,3.0040599433914754,3.190657239605922,0.5125811570783354,0.0,0
2019-10-02,3.230522593950395,4.131263897433309,2.2667079423585,3.328747713971961,0.7680282081004899,0.0,0
2019-10-03,2.7339109874731946,3.5741744756738183,1.6574459828952557,3.785680016381292,0.6581857985344954,0.0,0
2019-10-04,2.4410663938602446,2.770645899179444,1.352050657449825,3.893558814153751,0.5433301309706531,0.0,0
2019-10-07,1.876222141762189,2.240578419744228,1.1891684085194758,3.6552754371465994,0.4327113342181277,0.0,0
2019-10-08,2.718715782452384,3.3723208399489937,1.8522541846240932,3.7553789069517527,0.6402614468833343,0.0,0
2019-10-09,1.9760363645255,3.363077110669137,1.6031894372073598,3.4268871592605445,0.5615130629277552,0.0,0
2019-10-10,1.881829883194308,2.8579680867144464,1.87825462961124,2.812671352717863,0.4983922237901249,0.0,0
2019-10-11,2.561421162592872,4.304640680458299,1.5555503831995778,2.674890580542787,0.7298104692700925,0.0,0
2019-10-14,2.215589107579389,2.2243420360526667,1.753911144744143,2.921573073337272,0.4830123208083133,0.0,0
2019-10-15,1.864180179001374,2.34335298614304,1.7736536751211665,2.486978164257584,0.4561474250525236,0.0,0
2019-10-16,2.165228616422053,2.259308409448681,1.4817351287574192,2.521985534103277,0.4810507168838412,0.0,0
2019-10-17,0.9655797502944312,1.2164853891244434,1.3101265832116604,2.259694996023144,0.2365541475078972,0.0,0
2019-10-18,2.026337102414102,2.9079329935666336,2.6530634434153315,2.4048764050405,0.5338600417588927,0.0,0
2019-10-21,2.0722767873959103,2.6832825657339625,2.287222057452324,2.1949588642835645,0.5153267437694535,0.0,0
2019-10-22,1.3397167075975316,1.5113442013854943,2.494425078307976,2.370702624261381,0.3096039285026524,0.0,0
2019-10-23,3.1351261343745187,2.6879516001533164,2.3600184328870366,2.2943717958833525,0.6350240525116753,0.0,0
2019-10-24,2.9321988542274253,2.7775617013146063,2.496997186644408,2.5003778890518924,0.6217124403413379,0.0,0
2019-10-25,1.9932703760826247,2.43034967172479,3.0381171895173664,2.909899890665016,0.4830027583746605,0.0,0
2019-10-28,2.416810744949364,2.5806989356023657,3.2696694476008528,2.8074679432935685,0.5470382163582443,0.0,0
2019-10-29,1.8373375807577677,2.2299041023307327,3.2002446687725072,3.652195816757925,0.4441295345120495,0.0,0
2019-10-30,2.422305197385579,3.04787323764572,3.4327917625712825,3.096755613263328,0.5969191766902229,0.0,0
2019-10-31,2.7940330271834504,4.403061723881585,2.9480116770985454,2.7440233211227194,0.7820908329490681,0.0,0
2019-11-01,2.7629885233715754,3.231991052894524,3.2478094431818736,2.453002611110504,0.6550888392311696,0.0,0
2019-11-04,2.954363994954217,3.067664572520799,3.371596303299495,2.737348928689181,0.6595349113701856,0.0,0
2019-11-05,2.672992742704126,3.561615238822749,4.0102692487849305,3.2631026147899616,0.6796040518201472,0.0,0
2019-11-06,2.208375075854004,2.840397227244316,2.8064906800097638,2.6762976226922497,0.5507067081494017,0.0,0
2019-11-07,2.859567180426689,4.214358899217968,2.636121500629473,4.212684485160362,0.7696506242136546,0.0,0
2019-11-08,1.9504059758437955,2.0222318079966404,2.1475220268599555,4.197097211018916,0.435096984207965,0.0,0
2019-11-11,1.4880509560249984,1.4502475961189538,2.2065768685288543,3.572102080676321,0.3221913116799524,0.0,0
2019-11-12,1.1008174478030042,1.3626330049284638,1.6188817526069033,2.925060516529818,0.2689959542169317,0.0,0
2019-11-13,1.6303693620677608,1.777573893198088,1.7169488966198154,3.030556897300843,0.3751084387850564,0.0,0
2019-11-14,1.4619456538788436,2.0894138100520165,1.4781051225382045,2.558975240822908,0.3903110137947571,0.0,0
2019-11-15,1.5781587625344184,1.5206542450253089,1.8226694625328173,2.801575799072073,0.3432944626105277,0.0,0
2019-11-18,1.51629105568472,1.6650059555179146,1.4778004576998356,3.316718785528744,0.3518011780991978,0.0,0
2019-11-19,2.3829643287250724,2.2006623578981035,1.5864878884890092,2.638718069485817,0.5080813287285562,0.0,0
2019-11-20,2.3628511708355906,2.231019388863396,1.8215863457891857,3.087557715696368,0.5090622825327611,0.0,0
2019-11-21,1.897278565562224,1.866937686089256,2.0031356001154674,3.152379848701965,0.4168895202067106,0.0,0
2019-11-22,1.6318837343635135,1.3320013366978547,2.235956902368097,2.840570653367512,0.3290906669627986,0.0,0
2019-11-25,2.649948528547391,2.4469973161827983,2.484526683808332,2.9576846840635045,0.5649819329829671,0.0,0
2019-11-26,1.7131084518151831,1.4937975979978189,2.467685932360871,2.925608441059998,0.3557547070086141,0.0,0
2019-11-27,1.88502289023432,1.848372216500644,2.2572734518896618,2.7357887672960883,0.4134959790196423,0.0,0
2019-11-29,2.372352034668642,1.9402857101647375,2.1669063222450013,1.9758034216060685,0.4788344528373908,0.0,0
2019-12-02,3.9495302707251225,3.834913112774103,1.9237496567771148,2.1900518140338643,0.8622899893360244,0.0,0
2019-12-03,3.432203113548965,4.719472809100796,2.387802743804153,1.6900674299384584,0.8964091041849617,0.0,0
2019-12-04,2.865528993611473,3.4951542889525165,1.9626410472395317,1.9417448526371224,0.7023816899883568,0.0,0
2019-12-05,1.2075217529490525,1.333498958234712,1.7806768180748562,1.87690434678535,0.2809748869783797,0.0,0
2019-12-06,2.3548114978379004,2.361754132035869,1.8578274430154864,1.5576851966754433,0.5222262915853038,0.0,0
2019-12-09,3.4709508023451345,2.302325758511261,2.3215398289465745,1.5803220616640572,0.6428028515249329,0.0,0
2019-12-10,1.2866605259928228,0.9347676495769968,2.0576626408553387,1.3956107060366023,0.2470392277617453,0.0,0
2019-12-11,3.2005318831391354,2.764951797605096,1.9669814600321467,1.502843642535276,0.6618584732143623,0.0,0
2019-12-12,3.4122648043514734,4.575777615213412,2.4082820671308185,2.078578701484167,0.8809512111984374,0.0,0
2019-12-13,4.134119128971714,3.9648337586432536,1.8218707261046467,1.6806968272047589,0.8972804945260935,0.0,0
2019-12-16,2.706971564979093,3.460955547736672,2.598951265907628,2.262662577095595,0.680660772597373,0.0,0
2019-12-17,0.9922343413719672,1.0207968253315274,2.660570035013548,2.1483604792519784,0.2228085248918471,0.0,0
2019-12-18,1.551597308095769,1.6998177917503232,2.464663989593181,2.823058209607252,0.3604382028527,0.0,0
2019-12-19,1.6021706237959672,1.2544079100411696,2.60227372405873,2.2707574387787144,0.3179976874292564,0.0,0
2019-12-20,1.4647307290395386,1.7741333581148622,2.8498010323488008,2.5743623222446392,0.3585969669430506,0.0,0
2019-12-23,1.569277848923418,1.5830691663144911,3.0422275796695453,2.822735861881956,0.3504523877510564,0.0,0
2019-12-24,1.8023201300861769,1.5798959524796616,3.273195572808567,3.031815099238246,0.3767151500536987,0.0,0
2019-12-26,2.988847358020549,1.9266466336773933,3.5032142183150508,3.3920495704546223,0.5566741674793851,0.0,0
2019-12-27,2.134665523101646,2.2349357342628493,3.0496281421630136,3.2989146282740816,0.4905170470693898,0.0,0
2019-12-30,2.2886433169954805,1.7648796995314917,2.9472069467046405,3.4526841912379447,0.4575951833101213,0.0,0
2019-12-31,3.931379367663518,2.597739326417272,2.493288324487858,3.665883047702428,0.7390947021480273,0.0,0
2020-01-02,4.02216735311074,3.345353884951187,2.9086813115242856,3.4884183068280232,0.8305646101585706,0.0,0
2020-01-03,3.1639733479831715,3.2695594353886626,2.323521366957905,3.3910015313258506,0.7282258582017471,0.0,0
2020-01-06,4.924431023541749,3.486417969732124,2.615811956353165,3.330828519263976,0.9600398504550148,0.0,0
2020-01-07,3.904299255581929,2.836587543084132,3.3705610283689573,3.269409786274116,0.7689950736548592,0.0,0
2020-01-08,2.772164067770651,2.276787193096928,3.150465583108047,2.909816273878255,0.5744360990174424,0.0,0
2020-01-09,4.50996245627922,2.847081413580446,3.0859824806309284,2.882170765956312,0.8334802752156859,0.0,0
2020-01-10,2.4314717399765016,1.9363163557699912,3.308218218376971,2.9988360226477955,0.4927847359276333,0.0,0
2020-01-13,2.9546175636365484,2.1462908230413644,3.65332031441048,2.889869352855776,0.5764520956540604,0.0,0
2020-01-14,2.469806493857908,2.126950054622195,2.933345708228751,2.5781822548981466,0.5178776496031656,0.0,0
2020-01-15,2.256745578500667,1.9733730892999104,3.151299505705115,2.598350469571973,0.47643827097572,0.0,0
2020-01-16,2.5491114190439257,1.7231139386550534,3.0583729922616576,2.6395127030823757,0.4834212842709773,0.0,0
2020-01-17,2.1963073810056906,2.155309364905818,3.166764665951612,2.859742251239294,0.4890828065509558,0.0,0
2020-01-21,2.6821179902540413,2.66982444759156,3.1978616737169334,2.828900093208744,0.6013522091362037,0.0,0
2020-01-22,1.900340473135513,1.514185273479413,3.1201260983766246,2.400374928065549,0.3852314284576738,0.0,0
2020-01-23,1.7972971717425732,1.5484930013580658,3.1099869874653003,2.5525407065532195,0.3769387570058832,0.0,0
2020-01-24,3.2712691115861814,2.832605822523391,3.3001724889324846,2.6735964899117786,0.6936453266331721,0.0,0
2020-01-27,5.526571456187084,4.011242852369988,3.615171636621614,3.157722471998016,1.077881654132145,0.0,0
2020-01-28,3.107578434923985,2.370783239295446,2.777376299488037,2.932777466736285,0.6185628073671775,0.0,0
2020-01-29,2.7530853334874474,2.91730044219415,3.544993560548256,2.6996470392170564,0.6363973149290489,0.0,0
2020-01-30,2.6164976199566548,3.2304006141682104,4.253421039811649,3.22075993894021,0.6543623388848672,0.0,0
2020-01-31,4.823222491009749,3.5215692181250344,4.695430370369485,3.924303361586221,0.9316988905916946,0.0,0
2020-02-03,3.781266880881776,2.478842615368555,4.006031138762135,4.046648656454765,0.6999159094235744,0.0,0
2020-02-04,3.722809091927255,3.8402900995089775,3.65613986193796,3.475436398069694,0.8405522622748494,0.0,0
2020-02-05,5.848952492885313,4.520119734804854,3.364720558469107,3.7431932230626175,1.146813023478698,0.0,0
2020-02-06,2.5330217869799405,2.1403721664364577,3.847514495995149,4.102062826616352,0.5164360577485575,0.0,0
2020-02-07,2.9862069558871838,3.421425449890401,3.927994843039218,4.499628124321351,0.7060095661170247,0.0,0
2020-02-10,2.7688145622107045,2.4012635980359898,4.093669670305531,4.460740730842678,0.5711803720917357,0.0,0
2020-02-11,2.8333637909160045,3.1435250344882384,3.419873389131765,3.9987567392011383,0.6587527603836699,0.0,0
2020-02-12,1.9183805094110504,2.3635659594706646,2.880166787099232,3.732633600446696,0.4714678817888617,0.0,0
2020-02-13,1.4242684218320834,1.3692246713489191,2.7600822081473817,4.148173364899829,0.3083146456546493,0.0,0
2020-02-14,1.511247392720618,1.7194358780342678,2.978285290052112,4.003060374044372,0.3559889707799948,0.0,0
2020-02-18,3.1512508523501235,2.8269471333834946,3.453843610851439,4.391583501090126,0.6602458580753956,0.0,0
2020-02-19,2.813770361350259,2.5500228228226995,3.0193685326196467,4.562398383248704,0.5923317129315255,0.0,0
2020-02-20,4.599814599823295,3.74076893504974,3.7919496344689447,5.183183415540222,0.9101862364267912,0.0,0
2020-02-21,4.219793641119659,3.779187100015728,4.530421850817495,5.835044321931551,0.8725862206462288,0.0,0
2020-02-24,6.877343089905411,6.034592159673504,5.352660262396094,6.58143203754713,1.3850437477989384,0.0,0
2020-02-25,9.325395984249674,7.157825493411905,4.798224905394781,6.045433714441764,1.7397551683624712,0.0,0
2020-02-26,3.2060341115348887,4.383398532016334,5.548734929546689,6.12561268939889,0.8042285863662997,0.0,0
2020-02-27,6.858204707907231,6.519597377788789,5.803020562759784,6.2911758646840825,1.4005124730309009,0.0,0
2020-02-28,11.445364987823512,15.460353586710472,7.890938463137618,7.380557684163765,2.794930318229514,0.0,0
2020-03-02,9.451559626360597,11.008813623246306,8.375933673820048,7.230731412375122,2.0738593041645146,0.0,0
2020-03-03,5.830569083037005,7.052209493017365,9.030720787716554,8.252304380033374,1.2776084488356156,0.0,0
2020-03-04,5.1514068575208665,8.826941461071334,10.79044998320541,8.626311822851582,1.397544750683781,0.0,0
2020-03-05,3.926203178022007,5.652354690543987,10.331277444813123,8.842365359992986,0.9418740793756488,0.0,0
2020-03-06,8.62309462885857,16.26124271478278,13.963713839110245,10.798357677812204,2.445240323123484,0.0,0
2020-03-09,11.083831894270682,24.474022328479624,19.03308601887243,14.83612947934185,3.4784555671785493,0.0,0
2020-03-10,11.710715882597066,29.628347291613963,7.100216206996703,6.748983935056036,4.019363658674903,0.0,0
2020-03-11,7.61932269345162,12.440614114771163,7.433123753083303,7.030646702380344,1.9135954737982224,0.0,0
2020-03-12,8.470399716027991,14.96049220910442,9.796523195478956,7.849872684788363,2.223600926952653,0.0,0
2020-03-13,6.354004699145933,12.21569802501994,6.993821313710348,6.263122965613801,1.739911213849482,0.0,0
2020-03-16,7.683078474699613,15.542273609537473,10.083680252500043,8.644301962964775,2.131795098160836,0.0,0
2020-03-17,5.637662717908629,14.422656465668396,8.83850237559628,7.624204635613071,1.832329086226249,0.0,0
2020-03-18,6.712123206158146,15.93327793825092,12.413690448579343,10.251627062524582,2.023988236861151,0.0,0
2020-03-19,3.8495174317534815,7.835680953512458,10.421258665975335,8.7164005541922,1.0173692838418036,0.0,0
2020-03-20,6.423584940791484,12.629096755538896,11.258006986390692,9.925010942148926,1.6525498422177394,0.0,0
2020-03-23,5.506373760907198,10.537995485428349,11.124964509714712,9.899189647666663,1.3862086868887338,0.0,0
2020-03-24,6.077131825192973,14.181809494913873,7.664159201257354,7.988078156966156,1.7492249939436268,0.0,0
2020-03-25,2.2513558851682323,5.430161972224016,7.696006940015709,7.629867416357585,0.6639540972936999,0.0,0
2020-03-26,2.623014868424988,7.358632452697783,5.406275417430253,6.63644938779674,0.8662260813709209,0.0,0
2020-03-27,3.047796431181391,5.842071559560068,6.233914052336612,6.9893629082483,0.7600912023265762,0.0,0
2020-03-30,2.773645833627511,7.476288973326676,5.0589559833138535,5.832814329259009,0.8805160223555654,0.0,0
2020-03-31,2.526295567901718,5.0221960573539,5.249939471439332,5.582500463803613,0.6425440891962143,0.0,0
2020-04-01,2.1390455372028025,4.719010439593919,6.458730270962585,6.124027585756752,0.5856796794110701,0.0,0
2020-04-02,1.5741497096569583,3.2057127598934163,5.446106379158658,5.713474562088491,0.4071843444057543,0.0,0
2020-04-03,1.9182889644375665,3.8929123446154,6.479962236868808,5.9429500824113655,0.4949866694469726,0.0,0
2020-04-06,3.6704590829474335,9.84491419786148,12.633026176237648,5.327450611029877,1.1584585933130147,0.0,0
2020-04-07,1.0161711952357737,2.909529346311502,7.130709544883699,5.305138914608147,0.3370857945249882,0.0,0
2020-04-08,1.4481342391246668,3.7098498021107087,6.743227501269624,5.084083723113709,0.4415456524867147,0.0,0
2020-04-09,2.518577012749175,5.510696848297652,7.20244435763779,4.567210129762002,0.6841778805491585,0.0,0
2020-04-13,2.042782988634255,5.012509223602327,6.747711702471714,4.356744728056423,0.6032219383430797,0.0,0
2020-04-14,1.5966254960507538,3.905245193776871,7.72403276828459,4.426548895632999,0.4703623196204334,0.0,0
2020-04-15,1.6081141241238486,4.914278923786728,6.102148671670617,4.607173678736207,0.5610142178651817,0.0,0
2020-04-16,1.5190656682811678,3.205975098039312,9.667901990824149,4.675613707522052,0.4021807401752474,0.0,0
2020-04-17,2.0697591536041977,4.623193361578323,7.616507899445267,4.239415438619561,0.5706641111892319,0.0,0
2020-04-20,1.1664937442620629,2.9103498251045674,7.073130247197383,4.295887783399046,0.3487333797247308,0.0,0
2020-04-21,1.5351730147605722,3.7606109629363136,6.600578553697273,4.215968909092661,0.4527633936070436,0.0,0
2020-04-22,1.892495071305964,4.705061725239325,4.360684703619563,3.760277235289165,0.5642983703217664,0.0,0
2020-04-23,0.9221785577535292,1.7915398707534589,4.596292711399554,3.881018914898244,0.2303881239286347,0.0,0
2020-04-24,1.315450833737763,2.135440305443963,4.278517878974824,3.560683806803247,0.2912640785677959,0.0,0
2020-04-27,1.3296641882285631,2.966897923994896,3.649844814926504,3.390718679628005,0.366327962767681,0.0,0
2020-04-28,1.3073068760270368,3.394079817640373,2.363224523708566,2.975692569764316,0.4026101333103293,0.0,0
2020-04-29,1.2404176434153689,3.1321643423069228,3.494876324486875,3.063208690305411,0.3741588222895072,0.0,0
2020-04-30,2.1181492951620124,5.007442304620335,4.038316717588016,3.0190818235499197,0.6085742502431963,0.0,0
2020-05-01,1.6237632698449551,4.264205221947523,3.648745737055714,3.3826495602516253,0.5043862674374096,0.0,0
2020-05-04,0.9016594734254052,2.2501222629668507,4.600354195582175,3.23645439018586,0.2696053370331026,0.0,0
2020-05-05,0.7952030301556864,1.4999816889615822,3.5343239930687926,3.073534630123155,0.1946731432103586,0.0,0
2020-05-06,1.4427113663465962,3.7461341029978295,4.14493598363738,3.507640706165593,0.4443560828063863,0.0,0
2020-05-07,1.5221697479044425,3.894263389884095,5.032224333488898,3.401409552249256,0.4636523667681583,0.0,0
2020-05-08,1.3492586885992948,2.6252109592924824,4.3922188452226365,3.1620830885214963,0.3374389984978324,0.0,0
2020-05-11,1.152812231887996,2.9210339978839084,3.943528473396885,3.482220283918567,0.3486304281433398,0.0,0
2020-05-12,1.62797839866508,2.853188641872692,3.107346976813567,3.415732055462828,0.3791816838013615,0.0,0
2020-05-13,0.9625317568885526,2.3917956337946875,2.961271904514695,3.413272957216283,0.2868961799322669,0.0,0
2020-05-14,1.1397473843432426,2.721956968943885,2.3200779199072614,3.1905839053688587,0.3299138430803462,0.0,0
2020-05-15,1.481988051908819,3.448313478467353,3.687684447145709,3.4569486695591003,0.4208851232526644,0.0,0
2020-05-18,1.943205848862896,5.486559647931703,3.4135608274835008,3.697199037507066,0.6377279015374567,0.0,0
2020-05-19,0.9147034694873558,2.548952248503928,4.142163598905575,4.09225361391872,0.297819322182586,0.0,0
2020-05-20,1.4003757110987691,2.8099943062808306,2.858144643272228,3.738623528425926,0.3585025116421856,0.0,0
2020-05-21,1.261859900074703,2.728558192408705,2.681766196933061,3.3737643791953422,0.3405722115099753,0.0,0
2020-05-22,0.66832524418824,1.292437090700841,2.603254073966555,3.723426326434831,0.1667565530187082,0.0,0
2020-05-26,1.640575604046704,3.8753372999157705,1.876585561489093,4.367004989691683,0.472035344821189,0.0,0
2020-05-27,0.989461768932668,2.947406193466376,2.3094111679887117,4.24033370730117,0.3391211362716377,0.0,0
2020-05-28,1.0113644731744518,2.507138113706457,2.4272314995199094,4.801227539136559,0.3015318793400557,0.0,0
2020-05-29,1.2536080507072265,3.4621572985881417,1.745085298898259,4.877179209692501,0.4053802327211937,0.0,0
2020-06-01,0.7520006472536717,1.8153545065691667,2.229355547827441,4.722825114257381,0.219848190266086,0.0,0
2020-06-02,0.9250076465007188,1.892145985063385,1.8693646620138944,6.732043543053996,0.2412282375467294,0.0,0
2020-06-03,2.3523470478209147,5.15160530342032,2.760941516838237,11.29001157691872,0.6437675969605634,0.0,0
2020-06-04,1.5710192087090813,3.690291021050032,3.199307360106363,6.425902151950043,0.4522240812419616,0.0,0
2020-06-05,1.9569481581890549,4.624402359128407,5.390067680680191,6.731902590149087,0.5657749470811697,0.0,0
2020-06-08,1.5540463237639184,3.101134369903896,4.79662281364252,7.529100671850937,0.3983371442220919,0.0,0
2020-06-09,2.407647005322161,3.773563732882659,3.898416895366571,5.967200607272398,0.5251645864169211,0.0,0
2020-06-10,1.711279270529225,3.9705460171233526,3.1806845661320984,6.896081370999598,0.4882082733880678,0.0,0
2020-06-11,7.868327532550416,6.662960999922761,2.9874237226530407,5.238252514238755,1.1947154688079642,0.0,0
2020-06-12,1.7171270173999045,2.6964877773030795,3.2741504337458727,7.368831436829712,0.3715599369212377,0.0,0
2020-06-15,1.1134562578201443,1.7147116758303285,3.4550745926597344,6.085078780524843,0.2379193585289644,0.0,0
2020-06-16,1.2429913747618364,2.2009979267060023,2.581188128497843,6.385150263224244,0.2911833137530856,0.0,0
2020-06-17,0.8418429099625582,1.5566170367631122,2.8545599438794573,6.244994150587902,0.2030929456780411,0.0,0
2020-06-18,1.4289443636885395,2.003010096530214,2.731898451767653,4.555906457730369,0.2877085441783792,0.0,0
2020-06-19,1.5013697424217425,2.087323581201173,2.4068863140692747,4.781013695244087,0.30075580158562,0.0,0
2020-06-22,1.3964243376583108,1.6682316469744374,2.5662469840213404,4.461767356450868,0.2553622575843453,0.0,0
2020-06-23,1.3157630518872765,1.883331106153464,2.527658130219259,4.980653625107017,0.2683968641233904,0.0,0
2020-06-24,2.1661420228016026,2.5375330389206456,2.744694887771742,4.205888692315869,0.3916378259579227,0.0,0
2020-06-25,1.8424159748734696,1.8812081902406468,2.5078990227378384,4.250060238085851,0.3083889706411084,0.0,0
2020-06-26,2.0607747984490183,2.484284417630096,2.1372075407106226,4.210721038000414,0.3788484940289591,0.0,0
2020-06-29,1.479959906132322,2.3236712942892965,1.8162008008484605,4.114705470244538,0.3202065826562393,0.0,0
2020-06-30,1.52745159796831,2.172987286082391,2.144926869571649,4.491487475754036,0.3103876868666045,0.0,0
2020-07-01,2.5908149736692483,3.6242058025083623,3.1664317083552,4.01281343871431,0.5209792868116007,0.0,0
2020-07-02,1.6124287436686036,1.5693462807454974,3.550962670157116,4.189580508538066,0.2630210886052037,0.0,0
2020-07-06,2.2102546242774186,2.322628532071987,4.783987962935465,4.662006915438943,0.3758320939937484,0.0,0
2020-07-07,1.6132745514541171,1.8352566228997331,4.979706969476246,4.366027683986336,0.2868071281566352,0.0,0
2020-07-08,1.2500746798259028,1.6508747897487064,4.521967872008436,3.870388033746794,0.2426479881720863,0.0,0
2020-07-09,2.717806846117576,3.617503051979092,4.065819353388936,3.81833714072179,0.5300703098560573,0.0,0
2020-07-10,1.7143472859821582,2.205086764017236,3.3750922519965783,3.375272494871333,0.3275106240525715,0.0,0
2020-07-13,3.5481041544662664,3.5381359448018124,2.774978034148773,2.780493274501462,0.5863384039588715,0.0,0
2020-07-14,2.375668602876514,3.0275762155619024,2.390599992561285,2.977346148565161,0.4513399568015186,0.0,0
2020-07-15,1.4583957376398622,1.7643919677990016,2.5010583022067165,2.817839870345161,0.2686687591645418,0.0,0
2020-07-16,1.9017869484218812,1.953979990781724,2.114451272879876,2.889670943038351,0.3194106114200632,0.0,0
2020-07-17,2.134223619853022,2.3325826223027923,2.0271227775276244,2.5910894174714425,0.3709192268584228,0.0,0
2020-07-20,2.640550116206718,3.7642720366602136,2.4365634987186096,3.030907795025242,0.5372689995262796,0.0,0
2020-07-21,2.48658201979737,2.82457339227286,2.113567272651679,2.755554483784463,0.4416925903680057,0.0,0
2020-07-22,2.1612911141463043,2.1229547797110886,2.1233371432330466,2.90521891992715,0.3542837463192071,0.0,0
2020-07-23,2.9639727556025037,3.063937218337125,2.5708862033392514,3.0425759522460183,0.4994689021066766,0.0,0
2020-07-24,2.2127830377541784,2.070290361629985,2.631163806407935,3.0368115811220067,0.3535142492653071,0.0,0
2020-07-27,4.060993646645146,4.041208325859768,2.9812031345228007,3.527327611034118,0.6703482166380419,0.0,0
2020-07-28,2.552156512563582,2.41719029325602,3.3810296766896424,3.200480529088993,0.4103535548298645,0.0,0
2020-07-29,1.4126979189772355,1.9666946916803452,3.4840514438199555,3.210554467257222,0.2832293571734655,0.0,0
2020-07-30,2.7685525787574097,3.269136108626236,3.5907212855234576,2.9644471742395666,0.5028646525930298,0.0,0
2020-07-31,2.3951529030207044,3.066837723340325,3.422270224105569,3.5163530039267377,0.4563289970094251,0.0,0
2020-08-03,3.3831020731548325,3.0571265252125093,3.2572811028979007,3.1530906359165884,0.5308392018274202,0.0,0
2020-08-04,3.188944176186561,3.5735443742098485,3.875861418056655,3.805150638530381,0.5620946884029892,0.0,0
2020-08-05,2.426520271881222,2.855717561991352,3.684316269492783,3.865812682421287,0.439888451746541,0.0,0
2020-08-06,1.9744433152515892,2.3337623528911475,4.185945802235635,3.9301675139296126,0.3588338777277033,0.0,0
2020-08-07,2.979996448270584,2.9969678894809366,3.9145908192472687,3.3973370120972186,0.4947172003549822,0.0,0
2020-08-10,1.6599478049085292,2.558029746769613,3.8663021067750423,3.278058988634422,0.3548457374669576,0.0,0
2020-08-11,6.890227889566372,7.948513097873894,3.0508902654643664,2.592162538630735,1.2154178352336538,0.0,0
2020-08-12,2.6411391843756764,2.673792412167616,2.372944178795891,2.038287588182276,0.4333612400406062,0.0,0
2020-08-13,3.776357672473956,4.383644825597077,4.004589870018557,2.529286202646992,0.6696395106388102,0.0,0
2020-08-14,1.363606912161826,1.4168845946405837,3.1333310243947547,2.5193707672076195,0.2269911235420753,0.0,0
2020-08-17,2.088049788397408,3.2543655075477984,3.589975111792963,3.0924866122896244,0.4443522109436341,0.0,0
2020-08-18,1.9092481960578425,2.470950932408787,3.486771242810667,3.2476766856618284,0.3612747173882512,0.0,0
2020-08-19,3.949461065194787,4.2716201590293625,2.613482262122069,2.9312942412576986,0.6724157069046113,0.0,0
2020-08-20,3.487027853096709,3.542495391305568,2.7936365951835893,3.548733877998398,0.5732579442172735,0.0,0
2020-08-21,1.852520534002189,2.0702049034897403,2.589414173154948,3.0230194236827703,0.3213399204954096,0.0,0
2020-08-24,1.2792147947360006,1.6001646828853078,2.19127209247294,2.8906449744640352,0.2371157237729401,0.0,0
2020-08-25,1.7248871632859288,2.0519788617379846,2.796695758262244,3.0959066249122453,0.3102985370881416,0.0,0
2020-08-26,2.8498635186703094,3.5810004310708883,3.6036075644223446,3.638241848078376,0.529689570660568,0.0,0
2020-08-27,3.4687305678321296,3.123590920679172,4.786791110470709,3.99060164855909,0.5345382503527858,0.0,0
2020-08-28,2.746930744013141,3.2380386611198304,3.90888964637292,3.908021162836021,0.4915010980393666,0.0,0
2020-08-31,3.4191597505257234,3.82031685794349,3.3842234539349234,4.772882709761919,0.5930354249658139,0.0,0
2020-09-01,2.670814256313017,2.4791466633385517,4.21573072902898,4.741756595688676,0.4181862698915468,0.0,0
2020-09-02,3.551255401825006,3.5890450115134755,4.041130989365568,3.656367425717775,0.5821486143645915,0.0,0
2020-09-03,5.151815840267727,4.454528350593182,3.627776058140953,2.6041098813356216,0.7774299319441971,0.0,0
2020-09-04,4.954860850197722,5.588345754603856,3.616602539119923,3.4812278199236606,0.8640469835638998,0.0,0
2020-09-08,4.793190246553476,4.5149237436250615,2.685484413078175,2.8120522959286376,0.7563620586572675,0.0,0
2020-09-09,2.2665781861122123,2.462472529141021,2.1608942222009766,3.1553008386957253,0.3868784600964062,0.0,0
2020-09-10,2.189822679030756,1.9802808509391092,1.7193855282089476,2.759973607192882,0.338200559112488,0.0,0
2020-09-11,2.5409931713637737,2.403658405623037,1.255293589145985,2.7361282901468065,0.4018752135841874,0.0,0
2020-09-14,1.3138413056503808,1.5323898232305897,0.807547063559309,2.9743166962829912,0.2336240025123519,0.0,0
2020-09-15,1.7595653654486014,1.9628794097317823,1.381926910909881,2.715329911198755,0.3049082905583248,0.0,0
2020-09-16,1.7944277835993565,2.4449731178102536,1.7492672726534435,2.378334163295836,0.3504870154210115,0.0,0
2020-09-17,1.7833372159802383,2.313562012787312,1.6101031533186725,1.9897100210545164,0.3379458588642385,0.0,0
2020-09-18,2.019216229731424,2.0510291452914218,2.8616400074509603,2.303935910220836,0.3319263511113993,0.0,0
2020-09-21,3.319014626150063,3.8292697772539976,2.267177859118455,2.0351335877009324,0.5864464374011618,0.0,0
2020-09-22,1.7436464819928332,2.199523680848257,1.887218546824168,2.071746116588524,0.3248446814994219,0.0,0
2020-09-23,3.204589617802895,3.644645653423492,2.5889874710038976,2.114067369704581,0.5615352780646542,0.0,0
2020-09-24,1.06612344675574,0.9905483662652624,3.4656668687729035,1.8650132799474228,0.1670130001305953,0.0,0
2020-09-25,2.199097168405157,2.2712454542599265,3.085698083272264,1.4411572922015954,0.3648412996081428,0.0,0
2020-09-28,2.0945338728874185,1.9579460585341943,2.9151483532646383,1.2062833676017626,0.3291786850578375,0.0,0
2020-09-29,1.3879530268895648,1.5995300390852951,3.149057377633501,1.3033811551446317,0.2450806837365069,0.0,0
2020-09-30,2.067941178050489,1.8057227452964515,3.270221532038516,1.3072690667238689,0.3136373134005722,0.0,0
2020-10-01,1.7956622386635013,2.190036329301467,2.863328133309651,1.401389950833757,0.3278355089591503,0.0,0
2020-10-02,2.2659217118128576,3.2382660201476425,3.2404339377357925,2.219608541383848,0.4560375374101887,0.0,0
2020-10-05,4.163280584634244,3.089531635680322,2.255641689513853,2.358517479371064,0.5827365425072883,0.0,0
2020-10-06,2.151299504878452,2.319101940236441,2.253236565929155,2.079481125489086,0.3655844986180349,0.0,0
2020-10-07,2.070371695704994,1.7274438916082258,2.4775845650624717,2.8204794247842924,0.306833459321821,0.0,0
2020-10-08,1.9128785475895536,1.7170931228345416,2.3217310143811978,2.4995454582163927,0.2942918747586436,0.0,0
2020-10-09,1.6427866223433945,2.451344579916727,2.3314266031129005,3.0246595105438723,0.3398688975453158,0.0,0
2020-10-12,2.6678305480178026,3.58533584482062,2.4621076877655024,2.601404804595264,0.5166478280527833,0.0,0
2020-10-13,2.502979456695777,3.0579212817871824,2.182611450225476,1.9325712636732029,0.45743687783024,0.0,0
2020-10-14,0.9973472735556116,0.9551998096258564,2.2758216308810435,2.1454182911859343,0.15878601176194,0.0,0
2020-10-15,1.1456158490894703,1.3407818278379946,2.165129965616206,2.3948513890290357,0.2041209838391143,0.0,0
2020-10-16,1.1435147561319945,1.310853409374491,2.356559484223234,2.5010389173936107,0.2012961126637815,0.0,0
2020-10-19,2.4579895535639835,2.211728662561499,1.959706622912497,2.6435947238224284,0.3786302730309052,0.0,0
2020-10-20,1.5269194683056784,1.5836581225762012,2.3018924093646063,2.406606076099089,0.2539162697254512,0.0,0
2020-10-21,1.4491617225289954,1.61183002691346,2.584268767024375,2.885844707480327,0.2506932901681738,0.0,0
2020-10-22,2.7803482297100346,2.3874639731644764,2.817131871929353,3.206567848043405,0.4180876562869925,0.0,0
2020-10-23,1.9224205885819592,1.623825100324823,2.977363774714312,3.729828580395989,0.28667547109111,0.0,0
2020-10-26,3.709071811276524,2.2136826178810804,2.640908832444689,3.641097267578088,0.4710964182247462,0.0,0
2020-10-27,1.944021862263792,2.1545547780085705,2.666446851767084,3.102998701323262,0.3356146767944976,0.0,0
2020-10-28,4.088567697342729,3.539550723718842,2.676681165178333,4.340175637732989,0.6173706069379405,0.0,0
2020-10-29,2.5574131874432022,2.524193804066493,3.229521149846743,4.557863944675868,0.414289447447116,0.0,0
2020-10-30,2.6853003336061523,3.6121254375769327,3.0485773044644424,4.7303648010425015,0.5209705725968352,0.0,0
2020-11-02,3.137663713765808,2.4415770908277907,2.3164870690813704,4.137779393669229,0.44970943571035,0.0,0
2020-11-03,2.014996030314528,1.6840832098234284,2.582560624862085,4.188201430189988,0.2991805884728935,0.0,0
2020-11-04,5.511619033696169,5.61263132203235,1.4806777089453718,2.2667111463461493,0.9067937609187486,0.0,0
2020-11-05,3.38918255649869,3.308694655396056,1.7948947423296806,2.17520357314431,0.5448931203019252,0.0,0
2020-11-06,3.859351830211965,3.3920217406634428,2.342588505799573,2.7240667945835093,0.5870035196368331,0.0,0
2020-11-09,7.696126499646608,8.2796009010815,4.034037888892364,3.8701988959443088,1.2966689184100426,0.0,0
2020-11-10,6.156803959143323,5.594767343021786,4.265631539135783,3.8561254509736576,0.9458294324736108,0.0,0
2020-11-11,2.946796557817535,3.174127795209744,3.7204258830587618,3.894201508113852,0.4968348934138294,0.0,0
2020-11-12,2.6593641913920814,2.0720592612170847,2.79143748297214,3.2494081806611708,0.3779016885422906,0.0,0
2020-11-13,2.0499499323618684,1.6904838682536945,2.7921234410485645,3.8018012662757994,0.2995953163856639,0.0,0
2020-11-16,2.051644485340577,1.9931121064964523,3.0827048876144927,3.917910700103132,0.3266306547608275,0.0,0
2020-11-17,1.3853279031880976,1.2753894706844762,2.741366717604389,3.568101570777256,0.2142882900464853,0.0,0
2020-11-18,1.6829747886125517,1.7932304219078103,3.146120564358153,3.50216829279198,0.2820113971616093,0.0,0
2020-11-19,1.394659255187618,1.5257005062176583,2.7382409440478392,3.991039364547007,0.2372272594965458,0.0,0
2020-11-20,1.4481613445428865,1.1156733218377293,2.756938021064616,3.798013804951902,0.2046602939258891,0.0,0
2020-11-23,2.6451097766832827,2.8832375520303923,3.894061699445313,4.604678986898793,0.4489997686455049,0.0,0
2020-11-24,3.600860059013525,3.0673056557956384,4.359100596691262,4.560314698313247,0.5349604157251513,0.0,0
2020-11-25,1.7016840605689836,1.6871851000695013,3.757000602737009,4.301426805241998,0.2739433550956376,0.0,0
2020-11-27,1.996397365577772,2.370099211542724,3.970349576227595,4.071839596402702,0.3561323884690805,0.0,0
2020-11-30,1.8181534456862745,2.0002031049612508,4.365378686860265,4.414243766121489,0.3102598364593723,0.0,0
2020-12-01,3.927570777484408,4.150395187737542,3.618932070074614,3.792402916328236,0.6558696597867657,0.0,0
2020-12-02,1.845590103576132,1.6510705053176962,3.225158055231586,3.777425562299433,0.2815298956700985,0.0,0
2020-12-03,1.74065315471262,1.384499879334585,3.024263413719265,3.5240310027479564,0.2501319573461104,0.0,0
2020-12-04,3.003908410283701,2.9176660462561244,3.625802277417188,3.9526671360901777,0.478751994758135,0.0,0
2020-12-07,2.2685930334471736,2.186688260526597,2.692870631732974,3.719311159202831,0.3600652455670196,0.0,0
2020-12-08,1.284933306380259,0.9247878879533016,2.0470079787673288,3.647887947725859,0.1759791643663955,0.0,0
2020-12-09,2.4828981583994367,3.0519566702895227,2.488991436590842,3.632665233346801,0.4527833127331317,0.0,0
2020-12-10,1.4036036021162126,1.5979238326604566,2.01815368950894,3.4970804081725806,0.2446106274731722,0.0,0
2020-12-11,1.665595971614706,1.1504033994273182,2.040422826411078,3.1014505889629853,0.2238038138967131,0.0,0
2020-12-14,2.165907222843297,2.2697248891460218,2.4237963754371794,3.2821686654255444,0.3599886022315365,0.0,0
2020-12-15,1.998043522750124,2.136931860446371,1.965662786010804,3.2030897305973336,0.3359311249388178,0.0,0
2020-12-16,1.8956715378267115,1.464271940699161,1.9528912502578308,3.11108207140398,0.2685288299235443,0.0,0
2020-12-17,1.607410121427562,1.5785604713760466,1.8780376490360364,2.9397054945758003,0.2577248992281418,0.0,0
2020-12-18,1.7014688203993296,1.3691453179301796,2.0038623395879465,3.08599589618735,0.2459103762770583,0.0,0
2020-12-21,3.9902977539212734,2.646932141868944,1.9739939617907143,3.244631668023546,0.5264467877639721,0.0,0
2020-12-22,1.9992887235115024,2.0313849742459045,2.389112374629082,3.262653414783167,0.3266153390239337,0.0,0
2020-12-23,1.870061879890634,2.015744183665577,2.659305414292664,3.533209253494772,0.315811899021841,0.0,0
2020-12-24,1.820622495725993,1.4334223611263,2.2324769623977674,3.1228172526573603,0.2603148652119622,0.0,0
2020-12-28,1.624938777701955,1.673175824776795,2.42226967939137,3.080250890119204,0.2674334534898733,0.0,0
2020-12-29,1.522087604015841,1.3246211238251575,2.612095872923432,2.667310061404722,0.2288808782834442,0.0,0
2020-12-30,1.7589183728009583,1.7199466965686094,1.576366130896374,2.3318297988540717,0.2813573069241101,0.0,0
2020-12-31,1.8858973237210996,1.4023247935397365,1.3920292290453111,2.345176731676848,0.2622963334042283,0.0,0
2021-01-04,4.390305377266027,3.7154142525292624,1.8240093995747777,1.900559378618028,0.6507972127074328,0.0,0
2021-01-05,1.647206531562004,1.580622974310477,1.9510852455288807,2.2454878381264627,0.2608064451668152,0.0,0
2021-01-06,3.355106494444425,4.0685844201986825,2.282458445484891,2.714538583505884,0.6068952147489584,0.0,0
2021-01-07,3.727497186730541,2.913506871470997,2.1476248831582643,2.89263563014895,0.5310686743536059,0.0,0
2021-01-08,4.924249633612565,4.727822637765722,1.88201570435742,3.1211211713369784,0.7799027399056995,0.0,0
2021-01-11,3.3049587250495995,3.048466559908196,2.2681730101568363,3.484543418601738,0.5123297391096184,0.0,0
2021-01-12,1.1372725152087657,1.3905477002196134,2.665437103867471,3.44333009863822,0.2067364240344512,0.0,0
2021-01-13,2.2657984326928804,2.048886807586826,2.186199674086987,3.089648187563783,0.3475807435362317,0.0,0
2021-01-14,2.582503127544331,2.8261753709746755,2.5070187775660737,3.289436401954424,0.4399140667537004,0.0,0
2021-01-15,2.0363000836337117,2.073263821593809,2.312571701961602,3.104069005015859,0.3330425706417299,0.0,0
2021-01-19,2.027429487770808,2.3133096243955342,2.688501859750069,3.4644473214204945,0.3537898119846635,0.0,0
2021-01-20,3.2372369077375693,3.452801765170551,2.085744317025802,2.8286593239070066,0.5434334422997508,0.0,0
2021-01-21,1.6530698313067014,1.7349328540290412,2.3584706446913883,2.943223356711949,0.2749856403045126,0.0,0
2021-01-22,1.9404923680846415,2.16517686252766,2.10895146591173,2.92550785178298,0.334257824077022,0.0,0
2021-01-25,2.302405182764134,2.204016950971941,2.1440056981642788,2.9289145361852302,0.3640715932181015,0.0,0
2021-01-26,1.671344829200405,1.6112295238443923,1.9048718414798549,2.5801788761964115,0.2652917388797242,0.0,0
2021-01-27,11.310351009900003,7.527447409009522,3.080624137606826,3.086090158767226,1.4909946092420858,0.0,0
2021-01-28,2.80635362409124,2.9841204055527686,2.6479165793648787,3.028837598242408,0.4692271983323354,0.0,0
2021-01-29,3.437804783999749,2.243318735594578,2.8167724644088734,2.836051882757302,0.4492190131238265,0.0,0
2021-02-01,2.731717710831081,2.868418050781785,3.3728496179533787,2.9085899902663708,0.453516439140721,0.0,0
2021-02-02,2.297360005557488,2.231538263650352,3.1012924207369834,3.0656372594071364,0.3653280691746257,0.0,0
2021-02-03,2.837386951065429,2.906399755018651,2.9956346076315152,2.88965979504255,0.4645700004014748,0.0,0
2021-02-04,2.4425750343111767,2.779662941184432,3.5982160240739187,3.210803014393415,0.4246199892866364,0.0,0
2021-02-05,2.425859502464053,2.584378597361161,3.2396876380795057,3.3932680123555707,0.4065401181109904,0.0,0
2021-02-08,2.6321725090811667,2.4812076962151823,2.419186018326353,3.508897770009701,0.4123322497703814,0.0,0
2021-02-09,1.0198832628249344,0.8677547571935731,2.6449255732022485,3.2013385460271127,0.1514208500343103,0.0,0
2021-02-10,2.579996177127708,1.7672952169722462,2.2898893024719933,3.0490327335129828,0.3452514661437871,0.0,0
2021-02-11,2.8438893424226293,3.023010990642218,2.237017240144871,3.338688362806689,0.4765690977433302,0.0,0
2021-02-12,2.070819373981172,1.8933121637344683,2.3188035649250893,3.5935055563691063,0.3195188116772294,0.0,0
2021-02-16,3.677809153351785,2.999699078010958,2.56759120957392,3.64272765861204,0.5350640878564553,0.0,0
2021-02-17,3.5758323063916384,2.891901957957979,2.595198056416576,3.402065713213338,0.5180289903935046,0.0,0
2021-02-18,1.9116362984694852,1.560726315348009,2.4527544980177485,3.2690251866302,0.2782522782764869,0.0,0
2021-02-19,2.713201811561205,3.2750545487606457,2.563671570024366,3.6281140465304,0.4895858272816199,0.0,0
2021-02-22,4.672954492249189,4.339495324666546,2.8585070540545474,3.6438043632564,0.7270100285482954,0.0,0
2021-02-23,2.2372153986416823,1.8185097123012512,3.131587921852532,3.4538629233677693,0.325174319788358,0.0,0
2021-02-24,2.7203274136134423,2.2829645137029595,3.536090327823612,3.5408740333328184,0.4045692497517147,0.0,0
2021-02-25,5.941865924139687,5.758229047724123,4.12940229112031,4.37740739875409,0.9515087296342164,0.0,0
2021-02-26,7.580404413531411,6.914804805553586,3.3882820317706965,4.310413344203612,1.1729328020212968,0.0,0
2021-03-01,4.091847111779151,3.423330870801768,3.003078064091309,3.5168126308125243,0.6166194076644838,0.0,0
2021-03-02,3.066937340645402,2.581610869262165,3.218328491237248,3.4254800639693914,0.4697315120680061,0.0,0
2021-03-03,3.025477999350264,3.380716210079909,3.8667698301812834,3.6643499450593953,0.5375474361287023,0.0,0
2021-03-04,3.34553058520836,3.443572550191705,4.156210589464,3.683425957870823,0.5681986986307836,0.0,0
2021-03-05,4.031948338586228,2.957071964121585,4.209524802598624,3.835151812672257,0.5786851626896847,0.0,0
2021-03-08,4.523381901714084,5.245932966448016,5.1645050033995865,4.555869044842488,0.8286360521050425,0.0,0
2021-03-09,4.791392488031425,5.45960442498005,4.12226978760938,3.786733395194663,0.8774114830425723,0.0,0
2021-03-10,3.0896776833730355,3.142174218340567,4.360081604498847,3.731701293206858,0.5367812800855114,0.0,0
2021-03-11,2.672542623636391,3.079494953266816,3.867156945872788,3.530470205929823,0.5052584068221582,0.0,0
2021-03-12,2.638008342960007,3.3051965116579813,4.492877831477612,3.914631368232938,0.5307983377760412,0.0,0
2021-03-15,2.08770395955247,1.837923970002673,4.403773924682823,3.770427460461612,0.3529322078809254,0.0,0
2021-03-16,1.4228292445059838,1.6005444244213696,3.739600843666814,3.82752105814756,0.2762742102681255,0.0,0
2021-03-17,1.2920371927059726,1.6733108757964483,3.5282995900175798,3.852420366885336,0.2768928156364126,0.0,0
2021-03-18,2.5865885268300017,3.52964079940053,4.192824830143938,4.2699589255882096,0.5757870672045964,0.0,0
2021-03-19,2.0361568125093386,2.235294481485569,3.757492472463337,3.876769880568924,0.4049501784852446,0.0,0
2021-03-22,2.0685005962892338,2.5502758840025224,2.6689274028188312,3.845023717774241,0.4399417268067659,0.0,0
2021-03-23,2.3758268265319438,2.5343772001995184,2.9340683244635493,3.517007725984378,0.4732603469204245,0.0,0
2021-03-24,2.4973801122835555,2.745949192624438,3.243769435868245,3.815864487837602,0.5083932468553752,0.0,0
2021-03-25,1.9028248087734143,2.1562189423954243,2.94035628355624,3.763178824352913,0.3930508077017001,0.0,0
2021-03-26,2.946122063488837,3.3278275636586225,3.2432543272457037,4.088812700929114,0.6076115403228188,0.0,0
2021-03-29,2.3645819163030835,3.0094821567807277,3.65603599018278,4.327492201517564,0.5177795581679652,0.0,0
2021-03-30,2.2812112136481097,2.6134452855141967,3.128133960978477,4.216262973046814,0.4737410569658267,0.0,0
2021-03-31,2.713030716724637,3.176590275133218,2.6490527215404143,3.9417794558662447,0.5695031779445991,0.0,0
2021-04-01,2.9080733127239715,3.320816740239617,3.26864853306319,4.004057577096126,0.6029628292233313,0.0,0
2021-04-05,2.8568713853083016,2.0013276993195954,2.4715167765603847,4.028325536514813,0.4802073021202581,0.0,0
2021-04-06,2.3779063726191976,1.757195636017765,3.0132690128201483,3.6354382985089857,0.4078265589691212,0.0,0
2021-04-07,2.069327177030229,1.8927694324977085,2.112925466061648,3.2546269264395438,0.3872375523489579,0.0,0
2021-04-08,1.8020929733311344,1.7103939060955593,2.6241268667167854,2.824086548999042,0.3427481025688438,0.0,0
2021-04-09,2.9159815242848723,1.8028163689916707,2.2298264179953904,2.76006432071227,0.4688075845260885,0.0,0
2021-04-12,1.210530394542987,1.4237934862727422,2.5051558756027945,3.1525235920772885,0.2546788265948682,0.0,0
2021-04-13,2.168978665829834,2.103336513806993,2.383941190650165,3.027351744154216,0.416505080172866,0.0,0
2021-04-14,1.882440854482237,1.8821742257565977,2.028213759171761,2.9755910723669685,0.366524254523532,0.0,0
2021-04-15,3.140716289320486,2.542596303324879,2.438326334132872,3.105457044127178,0.5583694713117908,0.0,0
2021-04-16,1.7194575794609357,1.6008700208911997,2.6772950097246566,2.9635202659148105,0.3242662545599117,0.0,0
2021-04-19,1.107853670898311,1.645535988003824,2.685289118688562,3.4317864352423664,0.2635354328078902,0.0,0
2021-04-20,2.3310013034956896,1.7193016914617516,2.494850042714237,3.475230219917355,0.3994945629286366,0.0,0
2021-04-21,1.7281121966022857,1.9023268805801632,1.9108617570745827,3.3316410833656103,0.3519896281463729,0.0,0
2021-04-22,1.6908808665893031,1.583897761790613,1.635488416298917,3.312552252746815,0.3197337652098787,0.0,0
2021-04-23,1.4869896475327566,1.4000726786048996,1.9810209436622592,3.429065373590827,0.2818165963529389,0.0,0
2021-04-26,1.4251309686902152,1.5776514970558757,2.078217762395232,2.7245781888352285,0.2910640657173119,0.0,0
2021-04-27,1.2795689304034732,1.4445437364986895,2.2220906214100205,2.8150885611716934,0.2638278235155132,0.0,0
2021-04-28,2.329607456249975,1.908671875966937,2.5515033554549875,3.131254839891074,0.4161873086416855,0.0,0
2021-04-29,1.781452638226565,1.250058456015048,2.4475439431330903,3.177022155814712,0.299628070281107,0.0,0
2021-04-30,2.076242052452609,2.1299453742566965,3.021671895371634,3.2471113810258383,0.4090605382431578,0.0,0
2021-05-03,2.577626839465389,2.5187123482956384,3.164259696239579,3.6586393766217737,0.4966751268338042,0.0,0
2021-05-04,2.549986331086807,2.681099629010195,2.9434198851685736,3.807147233671498,0.5081916633244036,0.0,0
2021-05-05,1.3597311221754411,1.4222224226991569,2.8339258313974662,3.943054051113104,0.270323371694587,0.0,0
2021-05-06,2.2266125595170125,2.1683090371678246,3.080629153432012,4.184530229028107,0.4283801293162875,0.0,0
2021-05-07,1.8869814017027653,1.7517023583259117,2.901885767497555,4.087382628461832,0.3554020806895088,0.0,0
2021-05-10,3.363440044037444,4.077422153526351,3.690141797481202,4.66992542509748,0.7184199986943784,0.0,0
2021-05-11,3.1034321143881485,2.604271918269598,3.497342403758426,4.485595840259264,0.5599097546816965,0.0,0
2021-05-12,3.663043586466635,3.61749551337302,3.862615945688745,4.523354825196656,0.7092155876592852,0.0,0
2021-05-13,3.5684215618185906,3.2481127380724777,3.898971177653808,4.247857875556262,0.6663570659059547,0.0,0
2021-05-14,2.754403716660439,2.9026367482269757,3.1052916562981734,4.02997644988343,0.5495181308554826,0.0,0
2021-05-17,1.7341862937622092,1.673371691186015,3.1960040377472607,4.412723214843144,0.3322718230919259,0.0,0
2021-05-18,1.7138376096264778,1.3443490124515625,3.246490949601428,3.672251366397391,0.3008599523731785,0.0,0
2021-05-19,2.652821378620742,2.316172082812576,2.990819887593645,3.4704910113170038,0.4866187285899288,0.0,0
2021-05-20,1.8118707035254276,2.081950705136572,2.852532223944996,3.4767102130158345,0.37682410003341,0.0,0
2021-05-21,1.8631368740240215,1.7074467361028762,2.9765269207727694,3.1077141058950875,0.3489439797192982,0.0,0
2021-05-24,1.3624454298729582,1.5688355605809363,2.864443216405072,3.433235312921338,0.2836484534301983,0.0,0
2021-05-25,1.8187770530084948,1.309756530120712,2.7475694140674345,3.515474486606643,0.3088854941348989,0.0,0
2021-05-26,1.9871091724810737,1.4515144686075463,2.36556613640048,3.168501689294705,0.3392998687401849,0.0,0
2021-05-27,1.7260351659163202,1.5471052910429726,2.707665177617347,3.3075004291292114,0.3201809519126684,0.0,0
2021-05-28,2.8574683612721525,2.02525314129189,3.0835805612319227,3.2705703035984466,0.4823980855031869,0.0,0
2021-06-01,2.186694007787157,1.5100270650499292,2.3630340275680304,2.676882152783793,0.3656177389704203,0.0,0
2021-06-02,0.9933371048834791,0.7989840791730808,2.710555127046224,2.983787268143196,0.1761388016429361,0.0,0
2021-06-03,3.1202058336684355,2.4297385720999207,1.8982986619447284,2.316279134702806,0.5461634795596116,0.0,0
2021-06-04,2.920056092443772,2.679746198864723,1.9111729148168457,2.6344055745668835,0.5472217571288038,0.0,0
2021-06-07,2.789413490948231,2.0900322605570043,1.507531555538884,2.724711428239756,0.4809590595770779,0.0,0
2021-06-08,2.3794201163186908,1.6478249189938088,1.993171800353,2.404686263868455,0.3982606443495392,0.0,0
2021-06-09,2.129996822334663,1.3793645537650792,1.8640601250448796,2.385410933746764,0.3480001443776424,0.0,0
2021-06-10,1.8648532865657208,1.7349961065136537,3.332013816290619,2.5789478959733736,0.3515754572698877,0.0,0
2021-06-11,2.3951731968913945,1.4941326014315277,2.7583001793522333,2.602322708424705,0.3937422927985582,0.0,0
2021-06-14,2.859896435760879,2.195432738417493,2.0237211221960654,2.6755522214971115,0.5067229535833233,0.0,0
2021-06-15,1.669139672066415,1.2749364554076077,2.248080552355865,2.623038791075994,0.2951730036334714,0.0,0
2021-06-16,3.866834555972411,2.6589023597660235,2.556658000516548,2.486086128804961,0.6576098877409073,0.0,0
2021-06-17,6.5822429012480645,4.980441638404249,3.927960187613527,2.3712656218063914,1.139247058871565,0.0,0
2021-06-18,4.646111311994675,3.447428760840192,3.8886617977778153,2.475308783013191,0.7980927708315415,0.0,0
2021-06-21,4.236167354576223,3.5942039253696776,3.314361678243363,2.336297697144384,0.7677762837925122,0.0,0
2021-06-22,1.5631265782722723,1.4173495258244568,3.435904047371637,2.6537947173977607,0.2914076664523141,0.0,0
2021-06-23,1.413966120817971,0.9455174767210244,3.5660727770939395,2.8836743236468823,0.2336688597299147,0.0,0
2021-06-24,2.3664235627428134,1.4452176543323785,3.414379714815537,2.5432536243144237,0.3788683686486777,0.0,0
2021-06-25,2.0652228339729004,1.6665460265494183,3.131046697965529,2.3834496986944083,0.3666858793829342,0.0,0
2021-06-28,2.8717538285790094,2.388637807533548,3.443346636129988,2.1483075758471024,0.5162242391033001,0.0,0
2021-06-29,1.9279870427921952,1.560689250137667,3.763932426375052,2.0800693795038327,0.3427538481742864,0.0,0
2021-06-30,1.9106190448894524,1.364578843411891,3.694745460141608,1.7911632279995848,0.3234768571483629,0.0,0
2021-07-01,3.681188714722396,2.3523100639881616,3.42827791305675,2.4008980041158425,0.5986255088212725,0.0,0
2021-07-02,2.296823027910446,1.7709476298820286,3.3113224842890148,2.436601270381446,0.4004715125085046,0.0,0
2021-07-06,3.202868648627704,2.3872106086509466,3.546487385599347,2.4010710463214706,0.5511266484637211,0.0,0
2021-07-07,2.603002732477953,2.039297855661578,3.5213043228209746,2.4716490929850674,0.4567265969552296,0.0,0
2021-07-08,2.9831581075967666,2.3580256825037544,3.306911473527294,2.277487558240888,0.5252876722354065,0.0,0
2021-07-09,4.632783146279878,3.2604351091867207,2.7231124489491805,2.0575694890022658,0.7800538916605131,0.0,0
2021-07-12,1.7402738755887637,1.2894546906500337,2.4810470216560976,1.844569044224186,0.2987750890856943,0.0,0
2021-07-13,2.4636698729515465,1.5474091600039228,2.3195879076380588,1.7435926527027514,0.3982438862666099,0.0,0
2021-07-14,2.756203942146478,2.080003775326959,2.3844764589762684,1.8929253241323172,0.4765539448250802,0.0,0
2021-07-15,3.334190664332481,2.4728724472170973,2.6447836320206086,2.047842447418497,0.5726371651371739,0.0,0
2021-07-16,2.096130811869869,1.8306064079569095,2.3203929657030216,2.214548467635342,0.3845451667303929,0.0,0
2021-07-19,5.636336753530834,3.915589619224064,2.083080285567604,2.1587827369156307,0.9362771700804284,0.0,0
2021-07-20,3.239515149798605,2.098411366586749,2.057692617968545,2.041713167319512,0.5246049670778842,0.0,0
2021-07-21,3.45648433918101,2.496501375729073,1.522664967075623,1.9714063695957933,0.5826438248400638,0.0,0
2021-07-22,2.35026629979902,2.064921325600418,1.91706042309062,2.327264647737485,0.428845955028638,0.0,0
2021-07-23,2.535271918195379,1.3427651703557315,2.047524818625317,2.2023639761739098,0.3839292441553018,0.0,0
2021-07-26,1.7963967309696791,1.4910424827748614,2.309828429230361,2.252326036854093,0.3200237492637865,0.0,0
2021-07-27,2.3815169846231776,2.0347780014873185,2.723129638402145,2.26802459258116,0.4294259638032152,0.0,0
2021-07-28,3.244335727249421,2.4624587951056087,2.1040346696531675,1.9335229511221264,0.5579586189571627,0.0,0
2021-07-29,2.3570185821258707,2.2110404105891304,1.7553222358038834,1.7769417595609274,0.4429726555790806,0.0,0
2021-07-30,3.1678942655463795,2.112848566343526,2.011325383861804,1.9276451489224868,0.5188253629854559,0.0,0
2021-08-02,2.3467394064943106,1.937502815578333,2.25066951260048,2.2396968972532387,0.4175221961364951,0.0,0
2021-08-03,1.9904600892289663,1.5407275985916808,2.032299221941728,2.416491145953043,0.3449883317568367,0.0,0
2021-08-04,2.538614817217166,1.8673414800036967,2.0161722730716454,2.9215102492526266,0.4312888887504312,0.0,0
2021-08-05,2.652849143833372,1.8605689438567028,1.537727995752981,2.899896076153908,0.4426040862807038,0.0,0
2021-08-06,4.422975366960814,3.2381690400233176,1.7147305520014988,3.5230798904184386,0.7500655225896686,0.0,0
2021-08-09,2.693500411281839,2.419032900936981,1.9047774547503808,3.437697205683269,0.4966164026730332,0.0,0
2021-08-10,1.8791520975035527,1.395988246776559,2.1230009960405467,3.0842222154833783,0.3204755517355848,0.0,0
2021-08-11,2.722766356212295,2.164310054907648,1.9268064017993245,3.173261021077179,0.4809328022927602,0.0,0
2021-08-12,2.592316278987905,2.004171609160256,1.6843078958986484,3.3494777059547958,0.4528605035520388,0.0,0
2021-08-13,2.700811882497746,2.1608155091863246,1.4199424960639897,3.5594223912849667,0.4782987550546342,0.0,0
2021-08-16,3.059760448395885,2.085224929443185,1.9568788591842745,3.3535781569604017,0.5095359563840153,0.0,0
2021-08-17,2.4564840925450007,1.6141434167558009,1.5568436917677428,3.27837333334496,0.4037307947151591,0.0,0
2021-08-18,3.856766657972704,2.797033969503672,1.5829434822800776,3.1819598697539977,0.6572901032138241,0.0,0
2021-08-19,1.5699010823200867,1.556632405405217,1.6068679779941326,3.393611409492838,0.3048118872034817,0.0,0
2021-08-20,2.5900339213460906,2.22677736403996,1.3190961919640671,3.4583174852197103,0.4724579164243067,0.0,0
2021-08-23,2.864013113151355,1.8710728487215749,1.06320528880768,3.337307153378829,0.4697419705105037,0.0,0
2021-08-24,1.8176383522037676,1.2549763830766836,1.168068557602129,3.446807296020133,0.3041366144949584,0.0,0
2021-08-25,1.783542334967954,1.303188632486744,1.0771884403841454,3.3578248836477003,0.3048262541893692,0.0,0
2021-08-26,2.381478898684767,1.7726308220899711,1.1128281834586795,3.341292224956214,0.4099204098607002,0.0,0
2021-08-27,2.93447497693794,2.426364072028345,1.1674829505593625,2.865019915359935,0.5266844387441131,0.0,0
2021-08-30,2.5184500428385004,1.784270218435172,1.783221406986987,3.1511311034222698,0.4254481882235764,0.0,0
2021-08-31,1.95823509999306,1.279063250725062,1.8244370665296072,3.0105159822927394,0.3211572852690453,0.0,0
2021-09-01,1.5157286646266015,1.0563482370930766,2.188743840570433,2.916371798470865,0.2544950022793621,0.0,0
2021-09-02,1.8627337214212856,1.024939735366806,1.6418846458160772,2.791340217095333,0.2884062299990974,0.0,0
2021-09-03,2.889386684692992,1.9842599082884096,1.8762123478995825,2.5018270241674254,0.4869798557058156,0.0,0
2021-09-07,3.3569541592132373,2.982256968251177,1.919821647578957,2.70293461102252,0.6276178251672431,0.0,0
2021-09-08,2.7258640597898816,1.7671586991446273,1.859977884402921,2.776499070307357,0.4555553052979271,0.0,0
2021-09-09,2.1271145126637503,1.622894494633769,1.8707337744098345,2.6477587596406456,0.3772270454465664,0.0,0
2021-09-10,3.5966015270273104,2.678690550410439,1.8428123266059515,2.288589802461886,0.6320042732146378,0.0,0
2021-09-13,2.7940743554036493,2.034438713463988,1.4737160988429598,1.68237353895492,0.4868341618730867,0.0,0
2021-09-14,2.626884273725448,1.475700452729957,1.744577045769417,1.4336090973351363,0.4187571165628579,0.0,0
2021-09-15,2.032253446227395,1.4215197484626878,1.727588442173272,1.6552488247954975,0.3489075650627214,0.0,0
2021-09-16,3.453045730261597,2.683326018204081,1.9521636876407868,1.9283454576963863,0.6167200411380434,0.0,0
2021-09-17,3.1287820821987737,1.9158055794334312,1.75050632753446,1.9912636662951853,0.5128606265800127,0.0,0
2021-09-20,4.217598950263384,2.981380036254407,1.7768452505675436,2.3101337623394262,0.7268842987690446,0.0,0
2021-09-21,2.595082368328522,1.895488447989033,1.7008287237596145,2.1885770210860103,0.4526916488071321,0.0,0
2021-09-22,3.2729341433602475,2.621239507711149,1.750608817211634,2.17882834435424,0.5914922190589111,0.0,0
2021-09-23,4.281144195139281,3.379546808623294,1.3204615030086129,1.713885222300265,0.7693178184962137,0.0,0
2021-09-24,2.430645115155112,1.771336627493572,1.3938299443305606,1.7366978964628663,0.4236464348300693,0.0,0
2021-09-27,2.527444860882494,1.718336318582772,1.4873554846943615,1.4202528622150858,0.4295077203542742,0.0,0
2021-09-28,5.460833331020344,3.785559074469522,2.2378353585057207,2.0154658560011485,0.9259796896819468,0.0,0
2021-09-29,2.6468036970759887,2.0402872559746417,2.250095326148231,1.7700555380001777,0.4671235078076234,0.0,0
2021-09-30,4.803104420449981,2.8723680956442705,2.240145964392467,1.553635860340804,0.7715433019169604,0.0,0
2021-10-01,3.3135353989940755,2.458071687953737,1.8506537974796289,1.4041972580032671,0.5747336742609455,0.0,0
2021-10-04,3.978727467506099,2.2409290012922423,2.168020567456651,1.4939908039902254,0.6267819415054101,0.0,0
2021-10-05,2.119269283116957,1.3341264522372802,2.0836514434121347,1.5952507818519075,0.3463765348396108,0.0,0
2021-10-06,2.1128495956452245,1.4721749752411069,1.950393409271149,1.555493079550634,0.3579904949289457,0.0,0
2021-10-07,1.8294885200134083,1.4649408874433996,2.1484367873742607,1.6802812950135166,0.3269304273878854,0.0,0
2021-10-08,2.043925549702954,1.5829251738024572,2.715418250349147,1.8642891102051848,0.3604625174511898,0.0,0
2021-10-11,2.0495564442469365,1.6585613917398965,2.8624436588145605,1.922801720437666,0.3678077077811509,0.0,0
2021-10-12,4.497373845840284,3.403232222118184,3.450284577162152,2.8192613993585565,0.7860380424485895,0.0,0
2021-10-13,2.6788551234422275,2.339126365302051,3.747845326518891,3.2056824853348878,0.4960079452763851,0.0,0
2021-10-14,3.4730345860670746,1.7563629355957475,3.8292936566953655,2.7746289511335016,0.5293169167792737,0.0,0
2021-10-15,3.021427595211199,2.2498281591043847,3.601177763871452,2.443995746213164,0.5248205709198788,0.0,0
2021-10-18,2.46780644453122,1.802489919410149,3.766207088888585,2.809018412501336,0.4255288152166153,0.0,0
2021-10-19,2.512977758638133,1.8569553840919677,3.767151048764922,2.737562163496396,0.4352314269736734,0.0,0
2021-10-20,2.323572747274578,1.960541645773005,4.3446502651354,3.097101155252634,0.4241328284511617,0.0,0
2021-10-21,1.6824579744587964,1.2202177545838393,3.741554317760951,2.9860017599622983,0.2893384972549895,0.0,0
2021-10-22,3.423118695856066,2.5026992035042914,3.1573278564733567,2.9660430886572,0.5904733585004607,0.0,0
2021-10-25,2.2854691249984307,1.353305108894773,2.945919985044424,3.346091516063224,0.3659252849904456,0.0,0
2021-10-26,2.151019285618023,1.8541953246941825,3.023815087849248,3.537971218398824,0.3964840729427385,0.0,0
2021-10-27,3.553991315580276,2.4676308377943,2.923886414252514,3.792793117792875,0.6018620074186766,0.0,0
2021-10-28,2.8666822829522878,1.6630125386562626,2.3767079009659677,3.6246206253756457,0.4562272190782692,0.0,0
2021-10-29,1.8268279100210407,1.3194534764145345,2.234004212904102,3.123456662270539,0.313928232107047,0.0,0
2021-11-01,2.958259552563021,2.2761512952057004,2.731922359585472,3.141066229143118,0.5208164065842661,0.0,0
2021-11-02,1.7847532469873346,1.0683085293051533,2.736544989393895,2.822227895576606,0.286982249458521,0.0,0
2021-11-03,2.308539296941828,1.887790940249374,2.148911018814137,2.6588490342607787,0.4163923540210275,0.0,0
2021-11-04,4.281832239542653,2.9453994440196944,2.787053647945112,2.603090892238641,0.7245795234718632,0.0,0
2021-11-05,3.5564577595285147,2.480773040068161,3.260452012689206,2.445125109608364,0.6048977956494042,0.0,0
2021-11-08,2.832994724530938,1.8841423247122515,3.261906799281264,2.295434407724275,0.4736327783583089,0.0,0
2021-11-09,2.4723272856978,1.6227242271541054,3.167099859482281,2.7719260229348035,0.4152664484645165,0.0,0
2021-11-10,6.04888047311181,3.703889619459106,2.7616119261141323,3.0224252002272234,0.9922197616834304,0.0,0
2021-11-11,3.99580859542134,2.909165018803576,2.709922037082439,3.6717182446237535,0.6967462305562311,0.0,0
2021-11-12,1.4571775792168755,1.2547771032268762,2.7988968830444145,3.71668050750014,0.2714018019810862,0.0,0
2021-11-15,1.5629048012987892,1.6796718461906497,2.726973503489169,3.48349185508523,0.3209101149755903,0.0,0
2021-11-16,1.7587898623289695,1.4517786453566934,2.628350382210898,3.171523207279164,0.3219763318119996,0.0,0
2021-11-17,2.6027609791786808,2.2078667929085807,2.82200765482734,3.544195827152619,0.4817880812410577,0.0,0
2021-11-18,3.0797594245776687,2.4373180096653493,3.0209640020548294,3.3090665552755896,0.5544385896506682,0.0,0
2021-11-19,2.8258571642143786,2.057606088429721,3.350762612480354,3.2479487094856148,0.492763110226832,0.0,0
2021-11-22,3.777195923235164,2.9063320595325424,3.087851185726098,2.6115113450893404,0.6725886483697151,0.0,0
2021-11-23,2.958406521938226,2.793424124049241,2.907079917468223,2.689915436395607,0.5729729251837762,0.0,0
2021-11-24,2.625067670572529,2.603113969017415,3.040440884346872,3.0393721801688147,0.5195268088407881,0.0,0
2021-11-26,9.20577100651724,7.581053086866788,4.19168984277575,3.697778745970826,1.6678936461301066,0.0,0
2021-11-29,4.8240592837299,4.298907560556895,3.991369176560012,3.3978284766761213,0.9009273077752168,0.0,0
2021-11-30,3.488505565810092,2.618639775625082,4.0425488717033975,3.476263111692361,0.6078245925640783,0.0,0
2021-12-01,3.017106974920793,2.6852022241778437,4.468208483612,3.792383681156745,0.5631578176503834,0.0,0
2021-12-02,3.360910613680555,2.632663869276973,4.265477685308833,3.5705487645436085,0.5953786721999682,0.0,0
2021-12-03,4.52045311196964,3.407750688903413,4.182852865642813,3.819924758003312,0.788918011066126,0.0,0
2021-12-06,3.185456420369158,2.6175142266168203,3.285986884605544,3.128029750568772,0.5751956503518317,0.0,0
2021-12-07,3.7598349131961935,3.044012959419192,2.6595229179040976,3.038677108283393,0.6748582140968707,0.0,0
2021-12-08,3.115310919752738,3.1595834939155654,2.2480263398625357,2.433895875314314,0.6159761915527224,0.0,0
2021-12-09,2.5042586153019157,2.3384082949009075,2.697625210416317,2.664099285601156,0.477203142974684,0.0,0
2021-12-10,2.0012646442690647,2.111801430675605,2.8180608449289544,2.687372750255243,0.4030174194369045,0.0,0
2021-12-13,2.4111226649267827,1.9763725743625125,3.04260165287783,2.692455282256023,0.4349411146737894,0.0,0
2021-12-14,2.046032895702265,1.7461561145907194,3.4401411758946807,2.4608145744099263,0.3752360352559564,0.0,0
2021-12-15,2.57079993567701,2.312735304559771,3.074063161487942,2.901665213860693,0.4820575377127988,0.0,0
2021-12-16,4.408924408670388,3.856969156434259,3.3138333991396207,3.0393910496601872,0.8169816050719414,0.0,0
2021-12-17,3.3442227465411825,2.6498360433285617,2.841458748602242,2.696132403945112,0.5951178359874678,0.0,0
2021-12-20,2.4405451185488376,1.825147808962693,2.869261741264,2.7309576281894072,0.4246219400344924,0.0,0
2021-12-21,3.0940260032887026,1.9095221151779755,2.029013036481205,2.670118923343745,0.5022846784845447,0.0,0
2021-12-22,2.142032367139417,1.9678137315770927,1.67540745214245,2.872463729142132,0.4052947775824078,0.0,0
2021-12-23,1.254361487940478,1.1694058785561707,1.5916756874352953,3.0087765615471618,0.2388591473312196,0.0,0
2021-12-27,2.21433201214012,1.7283498610522574,2.461653011144003,3.343753319920766,0.3920406514777631,0.0,0
2021-12-28,1.8625113337231365,1.7904308256982564,2.1686686918327536,3.3362292762773094,0.3598214469844027,0.0,0
2021-12-29,1.4991668112447387,1.4029526268387518,2.6265156734188744,3.4648583517965537,0.2862151243380755,0.0,0
2021-12-30,1.6764568947388965,1.4575873124714445,2.8306784990938443,3.265666974636392,0.310124483154016,0.0,0
2021-12-31,1.4971747792017251,1.271420831674561,3.012291373042326,3.1941979961865847,0.2742541861688085,0.0,0
2022-01-03,3.5987828891292857,3.3198549313378267,3.081348561165841,3.248805556306425,0.6832339537051653,0.0,0
2022-01-04,2.9358413401542074,2.6644244472131158,3.0026563249455918,3.5143780292594853,0.5534494794551308,0.0,0
2022-01-05,4.11202971903973,3.638139433045679,3.281056377195589,3.637297864846496,0.7667940907300408,0.0,0
2022-01-06,2.447291814814406,1.9624578754919004,2.717120276923345,3.992565273695919,0.4382213862434568,0.0,0
2022-01-07,2.91467240802885,2.791745328981565,2.841972404149624,3.6892479199016295,0.5638746928685481,0.0,0
2022-01-10,1.3196432658016932,1.108790636565891,2.617784193085727,3.511780192314484,0.2414174434663065,0.0,0
2022-01-11,2.3994092039250923,1.7916892181917718,2.5101164126206625,3.611273271346817,0.4188848088862668,0.0,0
2022-01-12,1.3894220576611307,1.377488875796431,2.767763376440917,3.8182653215762823,0.2729727278635577,0.0,0
2022-01-13,3.383541788465281,3.3837702110311976,2.6158558787592767,3.734905569097593,0.6673670774470142,0.0,0
2022-01-14,3.2377563625211776,3.109496387554564,2.7180200676390966,4.024316632033645,0.6271205554437941,0.0,0
2022-01-18,4.0859856215952295,3.3729019396412947,3.231112611811598,3.9971085317872777,0.7421092244619122,0.0,0
2022-01-19,3.2051514038562687,2.5189794214089014,3.1396017115152937,3.753490161402144,0.5707866562360073,0.0,0
2022-01-20,2.3749343269160788,2.191763376172444,3.4258864440625256,3.4538932324635465,0.4520318578487957,0.0,0
2022-01-21,3.3522814166280006,2.895691089496994,3.64095882456632,3.7279633750443018,0.6203407851180262,0.0,0
2022-01-24,2.4811017868884844,2.167082272319784,3.675598586915053,4.321403119515926,0.4627686437495277,0.0,0
2022-01-25,2.7088081987599506,3.0227391430186263,4.558435503468282,4.237614518198001,0.5644403341281025,0.0,0
2022-01-26,2.85718043331413,2.7420969933662707,4.368555205383431,4.529984907058022,0.5595926251729395,0.0,0
2022-01-27,5.832258172670967,5.203329755299326,4.220553519631283,3.888143240394312,1.0976633507665066,0.0,0
2022-01-28,4.305842933146621,3.560986407227176,3.599546906359494,3.417274687686464,0.7850968054004948,0.0,0
2022-01-31,2.966980889863336,3.1708077132625507,2.7751912408119863,3.163541694381645,0.6056147073071323,0.0,0
2022-02-01,1.43829538387552,1.6028624601951715,2.807298371646245,3.020143690735736,0.2995096143884681,0.0,0
2022-02-02,2.184343495452526,2.144102256036461,2.2585459788828315,3.175257738338957,0.4287105830864047,0.0,0
2022-02-03,3.4277178146658427,3.711662367642648,2.9669375952235404,3.59909919312747,0.7040281394182584,0.0,0
2022-02-04,3.097930683204724,3.0082129832436504,2.9443833411877245,3.608354507107628,0.6050732857465801,0.0,0
2022-02-07,1.7213438879062426,1.679035521949784,2.2710716662192736,3.1112851946543816,0.3368846980794108,0.0,0
2022-02-08,1.705489842300374,1.4924493485831585,2.340100360193173,3.184685483447149,0.3183571788956491,0.0,0
2022-02-09,2.2942374087842285,2.1204417100027704,2.093308461683874,2.948901201852285,0.4384229779370513,0.0,0
2022-02-10,3.339256848915725,3.2029716383888545,2.599536259657373,3.156089423879038,0.648640413274849,0.0,0
2022-02-11,3.774293561234247,3.6847014560022537,3.1617357231325447,3.5485079383155416,0.7389542542295826,0.0,0
2022-02-14,2.425153374963216,2.3098754966415616,3.561977284796753,3.805105696504653,0.4696093502374219,0.0,0
2022-02-15,2.8198489382076524,3.267745697471236,2.3542368913053675,3.7053722674521583,0.5984936810012407,0.0,0
2022-02-16,2.0622877507967674,1.8618255373877928,2.051220647923995,3.845185176159654,0.3901104733445879,0.0,0
2022-02-17,2.751927853379452,2.7402324386245263,2.665716380143416,4.206571726764476,0.5436232449462489,0.0,0
2022-02-18,2.3624055624725098,2.2957917732980744,2.4284684395138143,3.95195265977541,0.4652612026966679,0.0,0
2022-02-22,2.1160355075684127,1.7473372739576714,2.3804082417390857,4.365681473770284,0.388884405678125,0.0,0
2022-02-23,3.359022280098971,3.413828837826034,2.947753124482136,5.611045161067442,0.6750164910694589,0.0,0
2022-02-24,3.711672119593742,3.789130148264812,2.7609614439517536,4.9191875742265125,0.7519701566725481,0.0,0
2022-02-25,3.774996145285606,2.7321471272469955,3.276715212953973,4.711483173730967,0.6649945544563524,0.0,0
2022-02-28,3.687550046408311,2.772918428396128,3.251269279108,4.495125035126458,0.6589701240080639,0.0,0
2022-03-01,4.018677163966811,3.000927465245483,3.2897238715200072,5.033898092258608,0.7162511622328073,0.0,0
2022-03-02,4.267285764290889,3.828316757905887,3.568617710610973,5.171338307249526,0.8184066963891498,0.0,0
2022-03-03,2.722920671440638,2.725070148597265,3.537242012677946,5.062539103730418,0.5476605922778501,0.0,0
2022-03-04,2.5516348434534883,2.6672443516456243,3.5840768936776426,5.028423080562175,0.523449244378066,0.0,0
2022-03-07,3.666943030001805,3.963937485032088,3.971033756731168,5.218685949158432,0.7687240135204508,0.0,0
2022-03-08,6.746632436107246,4.76568012972857,4.558580893872872,5.896154468303247,1.1865234882453173,0.0,0
2022-03-09,4.365323907605382,4.417423499327097,3.592928124426148,5.008636929414923,0.887956820778897,0.0,0
2022-03-10,2.9792423650454296,2.88700277521238,3.974334401860082,5.4921264527070655,0.594492553648436,0.0,0
2022-03-11,2.5161762186373937,2.2532043969453834,3.6505243343226086,5.533011972116853,0.4854081623898264,0.0,0
2022-03-14,4.6507994283075424,4.524202531423313,3.5465243854062862,5.672831173537815,0.9236723058281092,0.0,0
2022-03-15,3.319807749427825,3.6367422950076,2.892408900698567,4.723372761145298,0.696044280369678,0.0,0
2022-03-16,3.5545301192219787,3.5005731334057804,2.8231324762975945,4.436362653993588,0.7098055204958287,0.0,0
2022-03-17,2.463266708645758,2.2309848144712583,2.9404690169123127,4.38988702325624,0.4743235383488464,0.0,0
2022-03-18,2.776983427543476,2.824841278581869,2.2475767594997933,4.064260528452074,0.5626504782763854,0.0,0
2022-03-21,3.4954851083106884,3.554920251073194,3.430517886749834,4.452752770876069,0.708155042675986,0.0,0
2022-03-22,2.292171708380184,2.87578049951286,4.040174631409205,4.380989702191205,0.5134668380833947,0.0,0
2022-03-23,5.614882434095088,4.577362783973634,4.61179366506148,4.968817041905448,1.0267832710734015,0.0,0
2022-03-24,2.5919537650667155,2.978926442934993,4.303704056835797,4.702944148041822,0.5520383780633713,0.0,0
2022-03-25,2.6878752762152622,2.858496860966273,4.692304152321533,4.842489553444496,0.5516753911876044,0.0,0
2022-03-28,2.9798255717556774,3.068186800034166,4.387868391107197,4.403094157903188,0.6025116438900768,0.0,0
2022-03-29,3.492692631076035,3.301316228980727,5.126499563933463,4.4022283307712415,0.6796257327843231,0.0,0
2022-03-30,2.520317927225595,2.7163883578335413,5.201608841754164,4.374945272929979,0.5205375996306864,0.0,0
2022-03-31,2.8101197823124164,2.6214590549905497,4.1044379170801815,4.2124050271371285,0.5436808214641409,0.0,0
2022-04-01,2.769963323340714,2.8280814529106904,4.177352471795104,4.3559230292431925,0.5579130005327468,0.0,0
2022-04-04,2.359717115877156,2.785919716995445,5.016703846005248,4.71862393250634,0.5092377208374723,0.0,0
2022-04-05,3.2198195800023424,3.656641891518892,5.219861849597018,4.570269883975569,0.6818060960451211,0.0,0
2022-04-06,2.110257766358769,2.848025299412271,4.972939092367666,4.706559170363541,0.4875486808033843,0.0,0
2022-04-07,1.0993858789901287,1.2579145450332054,4.731837592837042,4.765173144249273,0.2336435119781197,0.0,0
2022-04-08,2.4310515647970914,2.7768364196971764,4.891073150118735,4.942960560484906,0.5162218971090142,0.0,0
2022-04-11,2.6045841408159403,3.3030616756099,4.280502947408788,5.399477548614314,0.58263712633766,0.0,0
2022-04-12,2.65615526880314,2.5254260390275576,4.6968655344286105,5.749530071142193,0.5181830758356192,0.0,0
2022-04-13,1.9208838163442483,1.7082524321261547,4.847275445961559,5.390710019627491,0.3640961732349101,0.0,0
2022-04-14,2.327248525404201,3.1155059942571905,4.596663194883837,5.19167167642346,0.5353946597561661,0.0,0
2022-04-18,2.7455400020586653,3.059016027863581,5.411650200617499,5.457740868035083,0.5760576235517301,0.0,0
2022-04-19,2.1078035236069166,2.66692750130204,4.814652112590013,5.595176483291454,0.4709562785884607,0.0,0
2022-04-20,4.814580386752254,5.43103775178134,5.511653174644802,5.933770660200715,1.0084963073949276,0.0,0
2022-04-21,3.088065328840423,3.105292425845185,4.13661018227134,5.276397357972418,0.612760557117121,0.0,0
2022-04-22,5.16890567014672,3.661572375453628,4.84423266489821,5.414540806973841,0.8860588953010875,0.0,0
2022-04-25,2.890772700821814,2.89518764286632,4.3964219190778016,5.231590979776314,0.5719235799514659,0.0,0
2022-04-26,3.746323888937785,3.5096302504710053,4.734343640021768,4.698744875023965,0.7193386810909027,0.0,0
2022-04-27,2.4794715761665103,2.26824974670064,4.576110539131486,4.545006039726498,0.4711692748887324,0.0,0
2022-04-28,3.5801361059688435,3.670476387343046,4.211977943163184,4.580727438282725,0.7159606708839774,0.0,0
2022-04-29,5.603346323823445,5.887988507093996,5.915098298099729,5.651302275934805,1.1203165670360862,0.0,0
2022-05-02,3.1437716357232954,3.666093776117049,6.211055514925919,5.4855825420192685,0.6609916949160253,0.0,0
2022-05-03,2.139120008281549,1.887160830668648,5.63931903226962,5.1312113294754,0.3954329484041468,0.0,0
2022-05-04,3.3778006232548408,2.4852720240650363,5.104580096700106,4.773751781946404,0.580166343636195,0.0,0
2022-05-05,3.78947571753641,5.338771481664828,5.056896383600429,4.766328540211316,0.8790168629945591,0.0,0
2022-05-06,2.2858328404138373,3.337558422083012,5.591165066701626,5.018211995733296,0.5407093283433313,0.0,0
2022-05-09,3.662197198127191,3.65693028391548,5.56839036666395,4.983546969082824,0.7150977362774034,0.0,0
2022-05-10,2.6504370732245923,2.423848233152773,5.049306766707157,4.98424957918775,0.4976101642902752,0.0,0
2022-05-11,3.307690203015535,4.190932509085163,4.7028117838873404,4.837909492349732,0.7253032312806492,0.0,0
2022-05-12,3.2379575778249365,2.720904628579379,5.08196135000116,4.791790009632819,0.5864268253047359,0.0,0
2022-05-13,3.1231762963751635,3.790661174849751,4.605660331780277,4.47223363105884,0.6699517615302593,0.0,0
2022-05-16,2.3117487229827005,2.740043508183048,4.400002053354277,4.792840518425508,0.4900095903673515,0.0,0
2022-05-17,2.3929052435315263,2.8895353070773555,4.434887418929284,4.802083268844648,0.5119793640889098,0.0,0
2022-05-18,3.843118578342271,3.906623434169316,4.498666015885978,4.7739828689505455,0.7565999389396967,0.0,0
2022-05-19,3.4081054049163444,3.699503419538497,4.513776039153814,4.23430825362105,0.6919854555678241,0.0,0
2022-05-20,1.2914846243640432,1.4315575620780256,4.330573506541964,4.254941048150306,0.2648764536840718,0.0,0
2022-05-23,2.922037970273996,2.793403104827777,3.969590264261935,4.153118633379678,0.5594407760184333,0.0,0
2022-05-24,2.9875065928671605,3.682914680112913,3.9746964329410153,4.2427092495200105,0.6459404342181185,0.0,0
2022-05-25,1.9169363094721936,2.421336142242036,3.650945016771805,4.068807592102541,0.4196731938670177,0.0,0
2022-05-26,2.122423583625588,2.344684600626269,3.829510808515415,3.993311312033257,0.4345877824954746,0.0,0
2022-05-27,2.0397266641309617,2.337324533316936,3.881220353286238,3.6482397322912834,0.4251679541035556,0.0,0
2022-05-31,2.1524296900742343,3.1532759520500093,3.249869901424312,4.0803330725057165,0.5100922820724119,0.0,0
2022-06-01,2.07783183082207,2.3097620658002174,2.634466968820251,4.198127349784119,0.4283395006957455,0.0,0
2022-06-02,2.9720060343275407,3.41571373784145,2.201818972626743,4.369899913895426,0.6227638519490792,0.0,0
2022-06-03,2.30736148925486,2.55000580438649,2.494107740269761,4.187399597593542,0.474312791132504,0.0,0
2022-06-06,1.7271976001698668,2.881243124933299,2.055176841280483,4.261833628293815,0.4427034596293713,0.0,0
2022-06-07,2.047814330490905,2.87291082569666,2.2625134034781187,4.321728298948944,0.4759208063298792,0.0,0
2022-06-08,1.9366018104634013,2.435734785355391,1.962886995430366,4.218188905207139,0.4247316246842795,0.0,0
2022-06-09,2.4148743450689243,3.1288339101102225,2.391185557595342,4.2669621645799,0.5378783561024449,0.0,0
2022-06-10,3.704586608527,3.6105421093494265,2.44230642054291,4.32084564954675,0.717940236144756,0.0,0
2022-06-13,4.553036422763657,5.413458303516349,3.211947117455904,4.60231995016505,0.9703437905778232,0.0,0
2022-06-14,2.0986115772185454,2.2150675269601194,2.6932224293772804,4.826924358683596,0.4220053991060353,0.0,0
2022-06-15,2.8263954172956507,3.617030399643392,3.4550539420819564,4.646927812379079,0.6254832795506965,0.0,0
2022-06-16,3.536894696281783,4.05481677921573,3.245074688702372,4.842767038150114,0.7459532721103027,0.0,0
2022-06-17,3.0047313753395426,3.664241062655581,3.061452740553578,4.934919605621133,0.6540139984811615,0.0,0
2022-06-21,3.8482256089386406,5.662894155164165,3.745023561844455,4.777408567429743,0.9211243928154365,0.0,0
2022-06-22,2.864036510875328,3.736860964203472,4.128759950826985,4.826404907149462,0.6428134940878656,0.0,0
2022-06-23,2.8224997455548926,2.9834732548985,4.350791167827113,4.754854457114747,0.5709507256494011,0.0,0
2022-06-24,3.193869965112709,3.1725813819870003,4.223401521581638,4.437005850304976,0.6278763968568224,0.0,0
2022-06-27,1.0481902558893643,1.360981814273135,4.060743858946922,4.386930764694579,0.2346645422147234,0.0,0
2022-06-28,1.660320122837944,2.4338895311919937,4.293587376259331,4.326534556242424,0.3965816954066068,0.0,0
2022-06-29,2.483114537171125,2.9097473068645683,4.590467725598826,4.453091154125017,0.5277915535604584,0.0,0
2022-06-30,2.242043775858892,1.7796846911884074,4.3934427531604,4.6699531777258745,0.4007392560361836,0.0,0
2022-07-01,4.2996699436911205,5.080841466494834,5.356603544448746,4.63473951350767,0.9176996646856016,0.0,0
2022-07-05,3.565086081186345,3.7308024042874592,5.157911388786848,4.643364381160827,0.7178012184682483,0.0,0
2022-07-06,2.2134334356388994,2.3619108684368237,5.023823994368305,4.749963588988041,0.4497347674781888,0.0,0
2022-07-07,2.381923612397505,2.508439419747002,4.27997706235064,4.431598169523541,0.4809939778057377,0.0,0
2022-07-08,1.7434316914950692,1.5659287216411415,3.80297011920873,4.4560653125284055,0.3279001515296945,0.0,0
2022-07-11,2.2794052922003467,2.787482214181375,4.000149471460973,4.450567727970938,0.4972512751145146,0.0,0
2022-07-12,1.560874111302224,2.3014404347582613,4.156325182784349,4.52608648114244,0.3756249972929363,0.0,0
2022-07-13,2.022669847410358,2.182089774250321,4.139936260723916,4.483256048204794,0.4151771526006665,0.0,0
2022-07-14,2.2462211093578137,2.890786842558573,4.206482441118904,4.573442898172637,0.5028821766928958,0.0,0
2022-07-15,2.1969475880352727,2.8416446520529672,4.157406056774802,4.642718895059469,0.4931273154876839,0.0,0
2022-07-18,1.6233149747553992,1.9605131835724092,4.043060213365921,4.259408724075006,0.3519217790224888,0.0,0
2022-07-19,2.6543191876162813,2.333545659717687,4.169070128328723,4.041391268790319,0.5013675800352922,0.0,0
2022-07-20,1.7493301222809452,2.021752732593742,3.649673040014695,4.115468455067996,0.3737031374485385,0.0,0
2022-07-21,2.565790613161665,2.2835512443473256,3.192363667593008,3.649639060821982,0.4871354248121682,0.0,0
2022-07-22,2.632604806272322,3.496689040215204,2.977615325642418,4.0610938448128735,0.6030123313089291,0.0,0
2022-07-25,1.6971604840510472,1.953710630843523,3.0597834499677856,3.770588629035775,0.3618652857188749,0.0,0
2022-07-26,1.3327392241960012,1.55607127238944,3.250141567870538,4.006671327552083,0.286120222681127,0.0,0
2022-07-27,3.714775980301644,3.817267551828128,2.9654306078236488,3.649003201041382,0.7509970756340641,0.0,0
2022-07-28,2.193989502171129,2.2157938094701373,2.727270928506426,3.4013621587188205,0.4400834185638042,0.0,0
2022-07-29,2.617638713045048,3.2929847148271785,2.883292204508584,3.257445148221041,0.5831417260790854,0.0,0
2022-08-01,3.9087121081953735,3.989167482334541,2.93164432245861,3.1157929678793725,0.7877544826016157,0.0,0
2022-08-02,3.1973416910818337,4.041897110980677,3.149994968549473,3.3380545263931425,0.7140418103021348,0.0,0
2022-08-03,3.497725563567088,4.124925073769648,2.7847589598209344,3.5051238622403966,0.7545859018092446,0.0,0
2022-08-04,3.1483659506162978,2.297908123696329,2.418816052036572,3.4268121218645398,0.5542405378794275,0.0,0
2022-08-05,3.2817947168835366,3.415068477647613,2.2572351381074665,3.112683256693703,0.6696506940514602,0.0,0
2022-08-08,2.956191643616956,4.3270813066935006,2.088201005884663,3.167727895756515,0.7159604764885057,0.0,0
2022-08-09,2.8674811092868087,3.2539961998018283,1.8852997948902293,3.20932258935974,0.6094534313207151,0.0,0
2022-08-10,2.078037869336172,2.3449873149585625,2.1363039264098203,3.3404804805673365,0.4404797031315289,0.0,0
2022-08-11,3.124751731893828,4.448836047049959,3.265524933601957,2.8138755857817785,0.745519186806491,0.0,0
2022-08-12,1.857811003781472,2.064714496598845,3.632047393748102,3.0174173537862075,0.3909360559871468,0.0,0
2022-08-15,2.351822673916082,2.1518080055498885,3.3007150999434827,3.1751467834280294,0.4538441158051345,0.0,0
2022-08-16,1.868521865159463,1.7541013708828035,3.1471904428277178,3.392724466903644,0.3646015288172587,0.0,0
2022-08-17,2.1063765598795765,2.526277879625395,3.0800533541891166,3.5428775336866343,0.4606408598640336,0.0,0
2022-08-18,1.771758202740657,2.106250821875624,2.7820382456787245,3.191853771406238,0.3857725464431098,0.0,0
2022-08-19,2.131440031278485,2.5978731232614187,2.7370488399778887,3.3741991635936968,0.4698773486107094,0.0,0
2022-08-22,3.445213981116201,2.7186912788257835,2.153746885985198,3.5265403645026936,0.6256456103173997,0.0,0
2022-08-23,1.7041553236258018,1.6580847771767355,2.4307533459215644,3.3427501051788635,0.3377987338134289,0.0,0
2022-08-24,1.80569497076181,1.8263194857735223,2.238552078776623,3.240092458465355,0.3642043531725681,0.0,0
2022-08-25,2.0967946817501786,2.429091671550996,1.5811284698687846,3.009369478173351,0.4507974439582379,0.0,0
2022-08-26,3.701121587631712,3.197734150932145,1.4142711783563449,3.021993455326192,0.6971718661542762,0.0,0
2022-08-29,1.6705813428425014,1.91837027001816,2.2330828354339403,3.304751257141571,0.3576306628336652,0.0,0
2022-08-30,1.916214564171986,2.011132865280666,2.713733239455711,3.2490123822541657,0.3930989646529446,0.0,0
2022-08-31,1.889691065948485,1.8468743125122176,2.8493519073831868,3.3541000184056697,0.3753234343559375,0.0,0
2022-09-01,2.612337587740967,2.802752781976807,3.409725658092595,3.605961916522024,0.5414206919328728,0.0,0
2022-09-02,2.2583412084454992,1.9338363976233968,3.319718340350086,3.1946827032134624,0.4238299987277486,0.0,0
2022-09-06,2.2545371154632017,2.9403645886406498,3.651412986089261,3.373405416111257,0.5162307584287357,0.0,0
2022-09-07,3.1685361528031986,4.674650589338197,3.549728827699566,3.542840398217591,0.7748748096558113,0.0,0
2022-09-08,1.8935705978655892,2.39486172814352,3.6971988427171785,3.582638942210288,0.426775884487245,0.0,0
2022-09-09,1.8887955761200348,1.5716089144023964,4.172679035072021,3.744394823305184,0.3513073561405366,0.0,0
2022-09-12,3.047435355019941,2.71891086438398,3.785954465279273,3.5368802643842026,0.583489099761741,0.0,0
2022-09-13,4.014482506732143,3.649854977438048,3.681824387972005,3.6268559183009175,0.7748521929417953,0.0,0
2022-09-14,1.932058017471325,2.7655393029524324,4.341138789326337,3.893872204352292,0.4647625509284953,0.0,0
2022-09-15,3.380897413558164,3.397666651192633,3.4500159427367625,3.2060629848937428,0.682041822256817,0.0,0
2022-09-16,2.4016486943778204,2.3833028918750307,3.407270348043675,2.8230892167646613,0.4817396671191704,0.0,0
2022-09-19,1.4906798129846233,1.3801146890026466,2.7786931298551085,2.4207219042723667,0.289982746433599,0.0,0
2022-09-20,1.6750322847792398,1.7149711465100723,2.634663513668861,2.407861180743596,0.3407902914773284,0.0,0
2022-09-21,2.810715735787728,2.657392323426626,2.697702617362303,2.414001927552121,0.5517904432736089,0.0,0
2022-09-22,3.592674689235132,3.459942558823339,3.013529054627491,2.4964134772124007,0.7110595104447696,0.0,0
2022-09-23,3.4602982572054124,3.792680522002408,3.3499856905437944,2.686080133031826,0.7267545989858042,0.0,0
2022-09-26,3.149621109278244,3.2739246500290284,3.470080605518707,3.0721188959847137,0.6452789899500422,0.0,0
2022-09-27,3.1331344126601737,4.061739277645319,4.056557203991824,3.7868785387906105,0.7151774001488309,0.0,0
2022-09-28,4.010272558054518,4.355076343522053,2.8864783854420533,2.54126352374432,0.8412686950692922,0.0,0
2022-09-29,2.109261644467692,2.1772155991445112,2.613754705853474,2.156372323456673,0.4321545529115335,0.0,0
2022-09-30,2.662988037077363,2.459334106388725,2.9616618652396864,2.585625545802084,0.5231750724353394,0.0,0
2022-10-03,4.0561156781290055,3.470368764177161,2.170963876823304,1.83871023991732,0.7717872448534238,0.0,0
2022-10-04,3.32435415973351,2.819824251075868,1.7162478290013892,2.3378230222430827,0.6303231623809193,0.0,0
2022-10-05,2.424137033606993,1.9100927845738669,2.426579287747656,2.6240546247711314,0.4463318447261451,0.0,0
2022-10-06,1.9240301018304,1.6354256241907446,2.454369795661055,2.859502515020934,0.36512056072723,0.0,0
2022-10-07,3.334282430224518,3.453482872858258,3.141511772287542,2.8187337441630484,0.6891220202704,0.0,0
2022-10-10,3.7734472442332634,3.48248221248134,3.4971438373021813,3.8366547005122382,0.741120363387699,0.0,0
2022-10-11,2.2109707177910707,2.0820179587505554,3.030412369362647,3.259505680295281,0.4380243535204999,0.0,0
2022-10-12,1.2230073270059283,1.227384779544529,3.4715042053295964,3.436306806427296,0.2511861780534892,0.0,0
2022-10-13,3.928137827230618,2.9141443241173595,3.004366171310072,3.447114170144568,0.7131913828776163,0.0,0
2022-10-14,2.860670998694325,3.1813154271598534,3.2995644633718886,4.105687691681215,0.6157928674015927,0.0,0
2022-10-17,3.1464212860736325,3.712614091198942,3.346321913378965,4.152366798971837,0.6967409881642068,0.0,0
2022-10-18,1.2577292881002324,1.2676168950714362,3.047891394864962,3.882121296056494,0.2588077997450896,0.0,0
2022-10-19,2.494709666753575,2.9480667646370846,4.021229505748539,4.040172499054596,0.5528305482933742,0.0,0
2022-10-20,2.299775113836728,2.870126399000865,3.8502881259794735,3.9612770844108063,0.5235077943869462,0.0,0
2022-10-21,4.228706723798894,3.960738946710059,5.15991285355451,4.428501265456532,0.8427374700256272,0.0,0
2022-10-24,3.0319870999741894,3.5641797018674914,4.850103552491312,4.498905512502909,0.6701802237097934,0.0,0
2022-10-25,3.1981779410323687,4.016451931196552,3.2927316952463217,4.284173639139482,0.7303014863611906,0.0,0
2022-10-26,3.993992753119976,3.7686295246383,3.355958938611456,3.6927384064340014,0.798485806941959,0.0,0
2022-10-27,3.565302940709514,4.025049303735673,3.5304270978911583,4.125562598856164,0.7729461123667862,0.0,0
2022-10-28,3.2599717842285885,2.456620741196414,4.015125032166824,4.359407209011475,0.5953535861640223,0.0,0
2022-10-31,1.8168777993870664,2.5154928687472147,4.072917949382705,4.212070658174144,0.4361618027656655,0.0,0
2022-11-01,2.534308704773313,2.605634554695708,3.655738657404208,3.891055551542289,0.5261737135673772,0.0,0
2022-11-02,2.835440009129365,3.341961991334738,4.103054001515054,3.942061493541712,0.6275397900291694,0.0,0
2022-11-03,1.8064915475972088,2.024720554375365,4.61181378499825,4.184797800706931,0.3903016710364613,0.0,0
2022-11-04,4.981199681528961,4.797409314781663,4.088354270499896,3.944675069765655,0.9952578060831504,0.0,0
2022-11-07,2.5863103353329544,2.6921526022172504,4.192623209655173,4.343870906909558,0.5350739715997026,0.0,0
2022-11-08,3.647878420867366,3.154519562073631,4.502346249011769,4.31464562674429,0.6961975744702937,0.0,0
2022-11-09,2.618787926741531,2.923109022107481,4.395586271423769,4.244589013506529,0.5597400306056807,0.0,0
2022-11-10,5.828806499541408,6.849102431827363,3.965509116270399,3.635478659147739,1.2728393630200756,0.0,0
2022-11-11,6.019695358899929,6.46575913996867,4.413525935142062,3.624687885101297,1.2420137794698922,0.0,0
2022-11-14,2.502890863836979,3.302136087088345,5.358956226426126,3.8868377460179606,0.5713092426784258,0.0,0
2022-11-15,2.5762416237080825,2.812778820739768,5.217171331728038,3.7237179947308072,0.5356250629820818,0.0,0
2022-11-16,3.492079740396764,4.42616722192533,5.230674034422145,3.784344611125834,0.7809084168714171,0.0,0
2022-11-17,1.5567133066768026,1.905119668676065,5.171963825485439,3.751287095342458,0.3420345979831396,0.0,0
2022-11-18,1.6556389715611572,2.00849244061603,5.252476914915025,3.8198214492458527,0.3621875326815247,0.0,0
2022-11-21,1.6174875817181211,1.8160912239641995,5.372004325252743,3.887230150216896,0.3407717509310523,0.0,0
2022-11-22,2.485013447784272,3.255811815470512,5.05043721832824,3.787101897320511,0.5651947127560282,0.0,0
2022-11-23,2.209226827747728,2.8020520438271603,4.501853441423957,3.747354350366493,0.4942019284387224,0.0,0
2022-11-25,2.615678242700571,3.784039076023124,4.055939745230005,4.1791343038655375,0.6268485390876193,0.0,0
2022-11-28,2.477017686194741,1.5746076658489163,4.1597733957486485,4.132465802511812,0.41859054948672,0.0,0
2022-11-29,1.4750562900322912,1.8763304678386088,4.485864249243698,4.223044492688025,0.3360262301542669,0.0,0
2022-11-30,2.514576078042939,3.0556741667902187,4.113661197750167,4.05258859494726,0.5600469088890829,0.0,0
2022-12-01,3.6314417035752578,4.614625068024034,4.477082282359446,4.688247136820705,0.8268414950206638,0.0,0
2022-12-02,2.610728205561791,4.012917101520394,5.145365254382092,5.411545230280635,0.656632565184138,0.0,0
2022-12-05,2.71973157824367,2.7722934871818485,5.66971840068335,5.650942516617151,0.5618387922742052,0.0,0
2022-12-06,3.5206499913024096,3.3668893085433367,5.2858108178368735,5.469707666737407,0.7074522458674269,0.0,0
2022-12-07,2.085507233969404,2.743980326159391,5.733757253203889,5.3201859956422455,0.4861143269751612,0.0,0
2022-12-08,2.0842676862896683,1.5852723121375545,5.070434910645641,5.417178707211123,0.3823292265107332,0.0,0
2022-12-09,2.532996952603965,3.3914595463461112,4.557230970346024,4.70861819842842,0.595670952503423,0.0,0
2022-12-12,4.375850734267771,2.8649847076042594,4.021753597363616,4.410304917883022,0.7569244862759401,0.0,0
2022-12-13,3.123582161051901,2.348159363339385,3.957871059074108,4.262763986420409,0.5674182550832693,0.0,0
2022-12-14,2.5885310900381864,3.4081922116594243,4.273993556986215,4.736255135545485,0.6010163825768192,0.0,0
2022-12-15,3.199881797218785,2.4310085010748947,3.421568044826868,4.687757555258663,0.5835586109476224,0.0,0
2022-12-16,2.9784700080062434,3.979795199431402,3.2983367985277585,4.437074510129651,0.6997046787291841,0.0,0
2022-12-19,1.8583308921964417,2.590901221988695,3.406283664544504,4.398050434668877,0.4462049449102999,0.0,0
2022-12-20,3.487030755401696,2.9034072643096414,2.871949531829672,4.807009320088196,0.6621157382215905,0.0,0
2022-12-21,4.662568549215492,7.11424672518695,5.0140984706915095,5.700666907679602,1.1687547921573065,0.0,0
2022-12-22,2.855775780785132,2.3000765682797137,4.737558249780615,5.512963743776113,0.5321353398874726,0.0,0
2022-12-23,1.9446754873957897,1.81294390390006,3.821592176960835,5.212808942808781,0.3843919664821036,0.0,0
2022-12-27,2.830488432425909,2.836629212926593,4.033530375617025,5.1443523566768325,0.5771551365896187,0.0,0
2022-12-28,1.389857085123886,1.5091780321529609,3.586121036641845,5.082040066551289,0.2937868194452093,0.0,0
2022-12-29,1.7586330239380694,2.240244236888883,3.6084764873057376,4.770596751791912,0.401262979755815,0.0,0
2022-12-30,1.528771229746572,2.078529438809474,3.9009451619977034,4.775963941455956,0.360522572032516,0.0,0
2023-01-03,3.016940763138383,3.9471993550957873,3.602724280026364,5.3501263644685775,0.6976596829210624,0.0,0
2023-01-04,1.9173768331384669,2.482109812798773,2.831534540976904,4.880770081293005,0.441023731114237,0.0,0
2023-01-05,1.9685569408110764,2.066915829762321,3.16104830789515,4.846041211502213,0.4098035297722424,0.0,0
2023-01-06,2.6785678963108843,3.2461058589118728,2.8288439920859334,4.663254711110906,0.5963385875413059,0.0,0
2023-01-09,2.481603607207181,2.539572874293752,2.9956542565212394,4.7216981305815215,0.5107110024202356,0.0,0
2023-01-10,2.292001383603455,1.910354845348544,2.8424709995104767,4.919801583439419,0.4328298133718543,0.0,0
2023-01-11,2.141474354599502,2.544088219025193,2.9112994199528326,4.577788822365524,0.4721983659797544,0.0,0
2023-01-12,2.8416877877927518,2.8751168460245613,3.102807984868911,5.334489685684324,0.5818733758163568,0.0,0
2023-01-13,2.7711674498296643,4.134731163759762,3.2682151793901704,5.648552535811517,0.6862857630260668,0.0,0
2023-01-17,2.665072517348772,2.404096106733108,3.530988928141335,5.595811726206281,0.5196047794526658,0.0,0
2023-01-18,3.437191338783433,2.6956384426198894,3.668682209479856,5.683506629774402,0.6339807911779509,0.0,0
2023-01-19,2.83493574732068,2.6380870631668336,3.29242560010553,6.0540247198733885,0.5599345707039913,0.0,0
2023-01-20,2.811926067875999,2.6247178547849157,3.2239259524125625,5.676749466656551,0.5561080782434162,0.0,0
2023-01-23,2.6135786624656863,3.131342892342818,2.2421061419421164,5.387244575683878,0.5786547557391524,0.0,0
2023-01-24,1.9158420877733089,2.437583988073131,2.63554556083741,4.814079133854024,0.4368720690045691,0.0,0
2023-01-25,0.3899884080789738,0.903561164375752,2.743957420088387,4.755259304599308,0.1253066268983562,0.0,0
2023-01-26,2.2336262389653294,2.222622384110048,2.8308143311524576,4.980415582153007,0.4540356760303806,0.0,0
2023-01-27,1.9605425808135308,2.058338378234937,2.8744232594024406,4.972186846741784,0.4081206189917699,0.0,0
2023-01-30,1.931899138058764,1.3872552166404586,2.2373567823966165,4.757522504994508,0.3468277190613318,0.0,0
2023-01-31,1.4900916510033264,1.6571673795591382,2.523666604551265,4.23723893675633,0.3200788737385684,0.0,0
2023-02-01,3.3970890090499277,3.2919141868136124,3.4195961101331966,4.659000398625115,0.6863059110905034,0.0,0
2023-02-02,4.981646893973156,5.063839280501779,3.36427536739732,4.615459227345499,1.0221649424920607,0.0,0
2023-02-03,3.71438222272071,3.012680360727749,3.388034214263342,4.502667646962958,0.6940067427685115,0.0,0
2023-02-06,3.5900775314343534,4.62825357266736,2.980790170545637,4.058488245470002,0.824051795487677,0.0,0
2023-02-07,1.7820913227396904,1.8911888556137184,3.1670204212614093,3.633027664352314,0.3727770318553408,0.0,0
2023-02-08,2.0578927036964383,2.614416256933637,2.451577755327725,4.047086920370494,0.4689155303469834,0.0,0
2023-02-09,2.046796414567604,1.9642799522643488,2.6956317948792896,3.030151383161809,0.4095901173450529,0.0,0
2023-02-10,2.1288032378912685,1.877270735433178,3.1143011531672298,2.638991174014959,0.4112031743635358,0.0,0
2023-02-13,1.9608180343585355,1.6932644786462532,2.759260117489102,2.6636038368373507,0.3755517879671667,0.0,0
2023-02-14,2.9705032535953344,2.1716449644369296,2.757122167272423,2.798347151394504,0.5337931922607366,0.0,0
2023-02-15,2.28819199802389,2.007598772738815,3.3294426648304363,2.7787148625904776,0.4410776453277045,0.0,0
2023-02-16,2.841907300478594,2.526724752338442,3.7315816332914578,2.7830268719795908,0.5507877952198041,0.0,0
2023-02-17,1.83500677058971,1.8134634867198465,2.622997517031869,2.485408093407696,0.3718906311487991,0.0,0
2023-02-21,3.622103286278917,2.735043356919628,2.1573174904036736,3.254597329214096,0.6586562470065438,0.0,0
2023-02-22,1.8766566656873689,1.654122727634082,2.4429817192602856,3.055269710930337,0.3624271974046846,0.0,0
2023-02-23,2.394123589954791,2.4043603471536907,2.5665445630736183,2.809841284011517,0.4889843061932747,0.0,0
2023-02-24,1.6836854572536055,1.8711488601778212,2.4262507756153244,3.268583333108424,0.3618169645771573,0.0,0
2023-02-27,1.8296523974541408,2.341108196618377,2.5883668851754886,2.851918418614324,0.4210087189090196,0.0,0
2023-02-28,1.5551598863088356,1.2111946030587002,2.799815739967891,2.992300851351576,0.2881904983299001,0.0,0
2023-03-01,1.7274834525031952,1.7241733104987726,2.892631170269293,3.190859464126022,0.3553579201199455,0.0,0
2023-03-02,1.893870148670124,1.1582444959176852,2.608398684278713,3.4655906949716573,0.3231788594295732,0.0,0
2023-03-03,2.945574211760216,3.0954922296225065,2.480591405349084,2.818536473506641,0.6220336411246221,0.0,0
2023-03-06,1.876103075719888,1.8168900351244344,2.196136770809411,3.262090711146716,0.3823370810588878,0.0,0
2023-03-07,3.016384300907129,2.300659839722072,1.6830845694011447,3.815357226411917,0.5598354604189677,0.0,0
2023-03-08,2.254231917226563,2.637055710453428,1.9321593028602773,3.7826501346072674,0.5081534241214734,0.0,0
2023-03-09,4.793451165628067,2.694612054358981,2.3042231080497984,2.9746082658013444,0.80684471686685,0.0,0
2023-03-10,4.941225395186645,4.341925406592554,2.402183363802282,3.069690352948594,0.9748576731007844,0.0,0
2023-03-13,5.175178409009267,3.598384274078501,2.5664522765177717,3.10547158002223,0.9157671641580336,0.0,0
2023-03-14,3.186807592010496,3.307447480259613,2.246143738579251,3.672869026364632,0.6729171295504441,0.0,0
2023-03-15,3.3562290720964643,3.365823456170695,2.421583268974583,3.4965540277410434,0.7110333441087002,0.0,0
2023-03-16,2.963294292711973,2.812057600151398,2.3369637014667224,3.932587752077405,0.6129056422307608,0.0,0
2023-03-17,4.033091664159473,3.5886706282362564,3.203497849452099,3.636400161990891,0.810831487244982,0.0,0
2023-03-20,2.256476421236795,2.1106527560099746,3.0328304062332507,3.392697869771842,0.4648262499610582,0.0,0
2023-03-21,3.431066791359749,3.424313360677377,2.6429974758787287,3.207146936051606,0.7322656665432605,0.0,0
2023-03-22,3.0464030020078834,2.9349763370173267,3.209366477521916,3.923507048138781,0.6459035889767963,0.0,0
2023-03-23,2.754464044924768,2.8364441770015363,3.64771234624849,4.164317146746075,0.6061986452892976,0.0,0
2023-03-24,3.1104429188490808,2.695747903562164,3.4886769069171093,3.8977895279182526,0.6433705294846142,0.0,0
2023-03-27,2.7550319728750763,2.857783266955942,3.509023372611886,3.6825890804977672,0.6204964452879775,0.0,0
2023-03-28,1.983960979125995,1.5933387205814102,3.4001356124070927,3.554459448078632,0.3980822989329799,0.0,0
2023-03-29,1.9021912418699995,1.816449690300808,3.1845180402898974,3.5364555181114152,0.4134240516652814,0.0,0
2023-03-30,1.971342614044836,2.4155184035582624,3.0021172406557,4.133090574751206,0.4877313637924008,0.0,0
2023-03-31,2.8700729509345067,2.843533558484272,2.754862907167916,3.645791400598922,0.638499808134523,0.0,0
2023-04-03,2.649080837735387,2.1454146343850997,2.677884238724527,3.489854144812495,0.5376317745199901,0.0,0
2023-04-04,2.753281450853164,2.901144893074872,3.3253180808700757,3.4116274336660277,0.6313803600079564,0.0,0
2023-04-05,2.5645545569837345,2.4130472184444085,3.72456379164449,2.962022318596426,0.5568227993910065,0.0,0
2023-04-06,1.7345400099635335,2.052781341605245,3.546966188349376,2.8653738662826664,0.422428745187305,0.0,0
2023-04-10,3.1081190121507336,2.948995999981296,2.8834778852612697,2.9633676714121444,0.6779568784299799,0.0,0
2023-04-11,1.9697462790978395,2.189126508023254,1.9503793538673395,2.757093266490576,0.4643303635417971,0.0,0
2023-04-12,1.4715276001023565,1.3688101175452234,2.221115518602419,2.47345218934741,0.3189832750035161,0.0,0
2023-04-13,3.0771363237992992,2.899009737919073,2.440687799464264,2.591614578293355,0.6744541952353198,0.0,0
2023-04-14,2.444162355577221,2.635985162421479,2.343737856188977,2.8492450887723257,0.5724456796874731,0.0,0
2023-04-17,2.0941816262814013,2.5771246102533327,2.868452042549436,2.821733151842928,0.5268560078258484,0.0,0
2023-04-18,0.7823560114066626,0.9554723389705636,2.493994282796738,2.501038836061693,0.1960173162632343,0.0,0
2023-04-19,1.4030724320051284,1.6016633181896447,2.2937236812159503,2.324032364331208,0.3410418028314093,0.0,0
2023-04-20,1.6168717808685658,1.7625598393930393,2.3345288567038933,2.1579643809971403,0.3837063158181318,0.0,0
2023-04-21,1.5840175552615978,1.8708953035707152,3.0360229418287985,2.3789091695391726,0.3951794790603153,0.0,0
2023-04-24,1.39421203429017,1.3349736943796795,2.6426276555832424,2.0557534121958483,0.3136036332993182,0.0,0
2023-04-25,2.6684161882309705,2.481848905247553,3.3022814178138966,1.8730815234803837,0.6016004640384973,0.0,0
2023-04-26,2.181856426967502,2.3187625825086613,2.385748657082435,2.081023262383689,0.5244255726857014,0.0,0
2023-04-27,3.3810413233840437,3.277642076696284,2.86444100781601,2.7012216649383336,0.7772055252148051,0.0,0
2023-04-28,2.6675945354822974,2.4351082205006054,3.0840745260257507,2.681916333056616,0.5962496248007504,0.0,0
2023-05-01,4.113605906448321,5.040314369576404,2.3316131137623106,2.4201596283229345,1.0576232460407613,0.0,0
2023-05-02,2.976218507882193,3.889572572103288,2.0793589429108854,2.937351451362725,0.8015603619098197,0.0,0
2023-05-03,2.048454036024833,2.214971372445621,1.9091975430890449,2.424199476541552,0.4997725774369355,0.0,0
2023-05-04,3.644102074423922,3.595746795751873,1.6176014812331865,2.4562934929295213,0.8503568011293434,0.0,0
2023-05-05,2.7344806162441246,2.8599102183734058,1.4132397419970155,2.3534799107810294,0.6562643726536974,0.0,0
2023-05-08,1.9188380142629675,2.181485998854792,1.826730806790614,2.5266369087998446,0.4801338078441318,0.0,0
2023-05-09,1.592740851702428,1.6949585657615722,2.364875121027787,2.591031507551627,0.3855275453736592,0.0,0
2023-05-10,2.31982928423611,1.714359602340379,2.2879270438178763,2.737060153525817,0.47676792707583,0.0,0
2023-05-11,2.757518485643329,2.787920853367577,2.187738075350687,2.7793338696603938,0.6509980454483476,0.0,0
2023-05-12,1.1845668724350846,0.9662106239827248,1.6876148633759906,2.716119676780369,0.2536535410701103,0.0,0
2023-05-15,2.688386736546147,2.888272706302222,1.5480976215383773,2.530180576040724,0.6538049723949506,0.0,0
2023-05-16,2.785264916592177,2.2013659186747754,1.9564900440776083,2.5790901390097614,0.5884954773624517,0.0,0
2023-05-17,1.9884047561886824,1.612316813165825,1.8261147646755425,2.546460940327212,0.4247071252431823,0.0,0
2023-05-18,2.9362799034229017,3.022784486407388,2.675091393178711,2.778869839137942,0.7006939731164371,0.0,0
2023-05-19,2.38010658451688,2.2243256576443544,2.70593634379197,2.707904358420011,0.5424864395490598,0.0,0
2023-05-22,2.0080053956896613,1.8568448480993716,3.154942881128168,2.674612277445826,0.4554487713790848,0.0,0
2023-05-23,1.924913279338632,1.9264010269321064,3.5749747926428608,2.4454973018324586,0.4531182039260572,0.0,0
2023-05-24,2.5082548432792997,1.7233920613567628,3.075814285375113,2.544584566832298,0.5016678632499783,0.0,0
2023-05-25,5.6499215276848735,5.434182057976905,4.208644972552701,2.919369844514512,1.2887432493138649,0.0,0
2023-05-26,3.911165221907485,4.077928437138551,5.109997351300338,3.2720801770853063,0.9276499330854732,0.0,0
2023-05-30,2.248767429709736,1.4898441178436577,4.26798299863991,3.4670182131857965,0.4373225374492605,0.0,0
2023-05-31,1.841498974199716,2.3283190057652825,3.892462288708973,3.2388633141403083,0.482640652080885,0.0,0
2023-06-01,3.390101340363778,2.4566459410109736,4.201187660048745,3.258349417647067,0.6829473065636243,0.0,0
2023-06-02,3.866416262604352,3.570345663303062,3.788571090523964,2.7991463497769384,0.8652499750923085,0.0,0
2023-06-05,2.855724653069696,2.8975764815242,3.549020400257886,3.077898658925044,0.6696959282158057,0.0,0
2023-06-06,2.4125672860021337,2.3583159344217868,3.127887244372503,3.8012406505438414,0.5556614607043637,0.0,0
2023-06-07,3.7289756267520233,3.196246092832816,3.480664485478391,3.813571299532184,0.8092112651321584,0.0,0
2023-06-08,2.0961250171585277,2.014245242072894,3.2288099154379317,3.048178856749239,0.4794873476834515,0.0,0
2023-06-09,1.9232939309560764,1.6262166584604203,3.320595576866054,3.432561704876365,0.4148428016753666,0.0,0
2023-06-12,4.638558783350918,3.067774766670192,3.679068129133531,2.630145370224339,0.8914139924306039,0.0,0
2023-06-13,1.1864910320484556,1.456215559035312,3.1594215215020705,3.351634325737092,0.3050156685282671,0.0,0
2023-06-14,2.762227386976265,2.7483321883068697,3.42596861137984,3.484919005771532,0.6444409539002547,0.0,0
2023-06-15,3.993695977496297,3.2561063314529206,2.770991642884277,2.9107429399474776,0.8500676095823175,0.0,0
2023-06-16,2.5398324183723524,1.8352870553965104,2.084629808597427,3.1377185219113883,0.5138034503380429,0.0,0
2023-06-20,3.4375722802784265,2.7470431552577854,2.447820210776796,3.2749106621294133,0.7253602155183538,0.0,0
2023-06-21,2.7797170895128267,2.4579872862553898,2.5828634099644034,3.1779090322034667,0.6134871925373813,0.0,0
2023-06-22,2.1220529745238763,2.2541374205083096,2.618209753249095,3.2856332553303966,0.511337044945983,0.0,0
2023-06-23,2.3354944230168324,2.1084693159693506,3.0633230365452087,3.246809633038677,0.5203747923101052,0.0,0
2023-06-26,2.69987331411434,2.444433235114679,2.7062698387329136,3.116276270887388,0.6023600216671657,0.0,0
2023-06-27,2.1090050091803043,2.0061543791703795,2.4161353838861506,2.829881011696211,0.481540168140906,0.0,0
2023-06-28,1.970847602815936,1.679092191272551,2.4890950097958826,2.763547915860718,0.4277231459845844,0.0,0
2023-06-29,3.059519428868388,2.237324072951773,2.4444594126783965,2.906462504247197,0.6219531453837953,0.0,0
2023-06-30,2.7496379697427646,2.197253169672753,2.6453593686695718,3.2259931039488063,0.5801943607779609,0.0,0
2023-07-03,1.3679624831073178,0.9506547719317135,2.544053566929349,3.576779837321425,0.2724288863612965,0.0,0
2023-07-05,2.6912496538634447,2.450282019874486,1.9728734163659083,3.4437174383962965,0.6085921556330578,0.0,0
2023-07-06,2.8693947850661568,2.2829167598365507,2.1512815772687683,3.1894538697494625,0.6113600097701289,0.0,0
2023-07-07,2.793449539231368,2.157709587521204,2.092168083344368,3.64733865122754,0.5878038094197462,0.0,0
2023-07-10,3.796897348987592,3.3735301716968875,1.9599782440674072,3.818729218127297,0.8491257870434741,0.0,0
2023-07-11,2.078242494774276,1.946983467769372,1.803921173805458,3.3977653120463853,0.4762092575793257,0.0,0
2023-07-12,3.70998867023363,2.662534684733617,2.033621653585052,3.1669561851489685,0.7575399363199748,0.0,0
2023-07-13,3.54429302252431,2.9795902182295486,2.0862675100716737,3.1848258474836584,0.7733379069818729,0.0,0
2023-07-14,1.8874576727588737,1.966980043458663,2.245207970311865,3.1155410242829267,0.4551165723649674,0.0,0
2023-07-17,1.679063969966795,1.7131056805324707,1.9987951403464013,3.202678814870811,0.4006892358797179,0.0,0
2023-07-18,2.6439783156048087,2.251496038277605,1.5023515238325993,3.128041210584687,0.5801719170923588,0.0,0
2023-07-19,2.1255366313164403,1.930575131280711,1.764981784947906,2.6367067816664678,0.4801343454476146,0.0,0
2023-07-20,4.147334447957722,3.1752827006705004,1.8078425131613312,2.4387168022184227,0.863723967848444,0.0,0
2023-07-21,1.7202667023539482,1.6500595930150832,1.5673459474459916,3.226130612177008,0.3961705708921853,0.0,0
2023-07-24,2.6593638131191253,2.624225955532613,1.9401346039569696,2.984244204583322,0.6207963101924174,0.0,0
2023-07-25,2.0031600110350527,1.4126724688503975,1.9081627182594487,3.082619896058981,0.4034048492022198,0.0,0
2023-07-26,2.350319980765963,2.2032789726619155,2.2006236223318294,2.8613781715217006,0.5354497422573596,0.0,0
2023-07-27,4.367886741727883,3.704036531246192,2.722438256146729,2.63852514977746,0.9436523255741356,0.0,0
2023-07-28,2.8957175558185964,2.609642054345523,2.7955658196542195,3.771033296371051,0.6431348695721897,0.0,0
2023-07-31,2.5491345950590816,2.495901296921344,2.514515639468324,3.574369772084572,0.5887683711119457,0.0,0
2023-08-01,2.851444579630522,3.13259612920567,2.412319883297851,3.4686715321084822,0.6973776927017394,0.0,0
2023-08-02,3.692625340900072,2.8879793609345024,2.489408126738092,3.226933383449681,0.7700549348460589,0.0,0
2023-08-03,3.2969515504564986,2.8075372689119984,2.8267514516472065,3.356239683299678,0.7136126285294568,0.0,0
2023-08-04,3.436954570847541,2.433949991719095,2.770590890396696,3.1306468061397266,0.6878140219346698,0.0,0
2023-08-07,2.97630134942442,2.527880919996609,2.626335673554542,3.490087706134592,0.6434572026714975,0.0,0
2023-08-08,2.8549122815843573,2.142560556448527,2.1233329658285736,3.38660334713844,0.5850854266118977,0.0,0
2023-08-09,2.3941855733577024,1.7599391506940896,2.388576403178142,2.9884171667666446,0.4864686159250057,0.0,0
2023-08-10,2.203788454214521,2.2042726461354896,2.9070510718725417,2.7305680474814378,0.5142987365406596,0.0,0
2023-08-11,3.468766558236198,2.6770322145236576,2.862932228506456,2.4038496712533117,0.7192884203754095,0.0,0
2023-08-14,1.5837203129873345,1.8763110385183888,2.499812355284523,2.390490642496723,0.4043251471481453,0.0,0
2023-08-15,2.557111695190286,1.86403332455956,2.6163493025305136,2.057123764646439,0.5192422656907959,0.0,0
2023-08-16,1.6789493477356388,1.5163077395979208,2.877417223537858,1.997528186177007,0.3751218143272888,0.0,0
2023-08-17,1.9953479295817276,1.618459583111292,2.7301988255054064,1.954929284797441,0.4246873125520573,0.0,0
2023-08-18,1.8372600278489424,1.49785665490132,2.653347398037499,2.0630289605833143,0.3919174611084811,0.0,0
2023-08-21,3.177423391875952,2.6413870596573035,3.143231299787762,2.5276162398496727,0.6836577414351641,0.0,0
2023-08-22,2.151304151489589,2.180524683975458,2.6719734669614823,1.9268011174454185,0.5080010979423253,0.0,0
2023-08-23,3.042612308568412,3.165224023268352,1.8883751346877389,1.9357315123677648,0.7278247216298059,0.0,0
2023-08-24,3.723481947484455,2.400033406368552,1.6650754529179836,2.4242885520017063,0.7211416933424826,0.0,0
2023-08-25,2.870458965242172,2.357035308759831,2.091547717014523,2.2890210843490943,0.6142540755588191,0.0,0
2023-08-28,1.5178466220237936,1.042206661345152,1.811057856459285,2.1790076788729844,0.3013149455750586,0.0,0
2023-08-29,2.6960294046436184,2.27622939561068,1.597754087248631,1.7535693882064172,0.5841107354487582,0.0,0
2023-08-30,1.221293680202258,1.1603206775038597,1.815870468629716,1.7949843255520386,0.2794668916000781,0.0,0
2023-08-31,1.778415312306359,1.4460002282684172,2.094865079937089,1.7236647823074325,0.3789181929669352,0.0,0
2023-09-01,2.229553249704004,2.086382306249242,2.460054330497944,1.839625824683653,0.5065193131844077,0.0,0
2023-09-05,2.540539505490222,2.5049607103803377,2.1037621627986853,2.4381195889947525,0.5918489521262829,0.0,0
2023-09-06,1.9743932647257567,1.6066049238654398,2.094330014924657,2.074436185495659,0.4208190356468955,0.0,0
2023-09-07,1.8422511198304683,1.7694163971105676,1.9407500192625609,2.016822515800944,0.424001804504021,0.0,0
2023-09-08,1.4593879784665131,1.238910100648327,1.854132300221891,1.6943667765760526,0.3174581577451031,0.0,0
2023-09-11,2.3744528536977825,2.0321343276475443,1.8622763160998064,2.3310736192180768,0.5197253038621867,0.0,0
2023-09-12,2.636427651800892,1.8915661092006064,1.4693936353632375,2.058393163018364,0.5347098509317031,0.0,0
2023-09-13,1.9992403572861717,1.5164032233739717,2.1066395881119497,2.037231636788596,0.4149999658364485,0.0,0
2023-09-14,2.04411402550092,1.3866694954548948,2.0618371970530927,2.661263299805185,0.4052980907597122,0.0,0
2023-09-15,3.4986221490566165,2.061704976947211,2.058212889210425,2.756177177872806,0.6575019964890287,0.0,0
2023-09-18,1.9333712015359668,1.2360608744651111,1.7996402117424788,2.2184198514567304,0.3745754265730899,0.0,0
2023-09-19,1.3168364989782866,1.2323428144533612,1.949483948469385,2.878793367519205,0.3004651805432106,0.0,0
2023-09-20,2.5263993658267765,1.939726190520969,1.5689954661978391,2.8355563905426644,0.5271532742722259,0.0,0
2023-09-21,3.9687101257789545,3.852890237005977,1.9849760404007764,3.6152527578442792,0.9216690109667688,0.0,0
2023-09-22,2.195685888096092,1.7453197572286605,1.6730474106357969,3.427912884634532,0.4650574538562441,0.0,0
2023-09-25,3.2315035727216808,3.281954396903731,2.6072800936313976,3.750907305151789,0.767273564572146,0.0,0
2023-09-26,2.8106360201715725,1.9990938976714296,2.8617265866800623,4.234019020123681,0.5680144408198344,0.0,0
2023-09-27,3.4962085255268684,1.890189939882964,3.1868483032052004,3.993385280747366,0.637297512150851,0.0,0
2023-09-28,2.2707836037604308,1.469112127510473,2.894599374419777,3.5091280263232507,0.4419591702477339,0.0,0
2023-09-29,2.909861218527394,1.679523902300372,3.12612338178643,3.2038404908846427,0.5427643265825488,0.0,0
2023-10-02,3.131879640709975,2.5392473305100878,3.377800724949501,3.511348536883236,0.6691261502804238,0.0,0
2023-10-03,3.24082934036794,3.00110946866438,3.5811828215809176,3.8209297373461335,0.7357767787786265,0.0,0
2023-10-04,2.436884916191654,2.201651284339603,3.508254044631444,3.4950558154488225,0.54687023229505,0.0,0
2023-10-05,1.546618708958011,1.3952525290259603,3.8921270007557247,3.8001937881814554,0.346841938972331,0.0,0
2023-10-06,2.8399209857997847,2.010825449206508,4.460264036164088,3.971698241940085,0.572876366987947,0.0,0
2023-10-09,6.181231136396159,4.695542204398963,2.6092560105430187,2.879201195377844,1.2623859078017698,0.0,0
2023-10-10,3.927716106317159,2.661780915906104,3.2375663479025283,3.166637906447426,0.7649849518329694,0.0,0
2023-10-11,2.650672211140485,2.918205232564424,2.2756810460738808,2.5975993500789274,0.6458006690189706,0.0,0
2023-10-12,2.985386398996062,3.503947156057696,3.158904492958744,3.766892777877594,0.752434234544905,0.0,0
2023-10-13,7.752287568239002,5.355645007173655,2.4563165376095046,3.185633599209479,1.5036862184702808,0.0,0
2023-10-16,2.9330444995819285,2.4374912568495968,2.9382758470164494,3.5287478244075325,0.6162860360714433,0.0,0
2023-10-17,2.546104186626706,1.5465030542252869,2.895357316786951,3.809170568243557,0.4693826039877748,0.0,0
2023-10-18,4.277568642190828,2.900563395058472,3.433703393615928,3.979476751202271,0.8234180613376456,0.0,0
2023-10-19,3.4776515803821373,3.478957906586163,3.503120430974272,4.686871551222516,0.7985588914816155,0.0,0
2023-10-20,3.1291566143446072,1.8024060417707957,3.400735699326123,3.89234559929822,0.565552179321221,0.0,0
2023-10-23,3.339451013403517,2.505882553987909,2.370212185854911,3.4615364379437903,0.6706489899771647,0.0,0
2023-10-24,2.4838663315664213,2.27966151587876,1.985356346181983,3.182158735506869,0.5467272224466363,0.0,0
2023-10-25,3.9501024083621914,3.763343333477743,2.643413375089512,3.5672395220351394,0.8853593877525303,0.0,0
2023-10-26,3.983668630579,2.9430654243033825,2.5592145540922373,2.8195564286823744,0.7946988007747964,0.0,0
2023-10-27,4.472240910358545,2.8444845576187743,3.196664524610307,2.6661380266638908,0.8336960050019915,0.0,0
2023-10-30,4.972966005000288,3.455784968108276,3.0832218319514344,2.953599896099027,0.9449527129202342,0.0,0
2023-10-31,2.161655649388824,2.212840755698964,2.81354088946123,2.855036112861025,0.4926264441481163,0.0,0
2023-11-01,5.179023307102175,3.8196675334489503,2.8997246076465077,2.441593424778084,0.9970039384254252,0.0,0
2023-11-02,4.0069296687598,3.336008523830297,3.1290263565747605,2.160390127242672,0.8152353382356479,0.0,0
2023-11-03,2.662321362182737,1.8278553740213448,3.524047311067006,1.842791942008983,0.4968877509903368,0.0,0
2023-11-06,3.173110768876507,1.8821851518505128,2.1096687508630545,2.1650537680904707,0.5580779086507887,0.0,0
2023-11-07,2.651130835312919,2.185011744443651,2.512598623388408,1.8081699266315567,0.5438199472667498,0.0,0
2023-11-08,2.684164885391396,2.7434999911069022,2.0423275708638657,1.6339124108066712,0.6119401978746665,0.0,0
2023-11-09,2.317686132642966,2.9184437331599757,2.290149756521883,1.693948983349234,0.5918424744688853,0.0,0
2023-11-10,3.62858518214221,2.7034885200499037,1.8311037502815688,1.7403505627405491,0.7129260134469237,0.0,0
2023-11-13,1.4322978850774015,1.3803924086240391,1.7714864930271663,1.6019395408241228,0.3256870271971219,0.0,0
2023-11-14,4.103974445749324,3.1204807580220777,2.769251270939429,1.6521176467152114,0.8393113177653968,0.0,0
2023-11-15,3.1284343563087185,2.252910465882513,2.4050167034383723,1.4863266044607937,0.6248877798964976,0.0,0
2023-11-16,2.1457506480351527,1.911950454366864,3.6065804846655096,1.6371514482141287,0.4720724283674297,0.0,0
2023-11-17,1.6809136162740077,1.3855826149660193,3.4675455598513443,1.7776640394205525,0.3565087847398845,0.0,0
2023-11-20,2.0914836653469338,1.5698501127176148,3.151132310425115,1.6108920188716274,0.4253123362893113,0.0,0
2023-11-21,3.7551763884071208,2.789344729010949,2.3861304961839127,1.573551574870561,0.7601630821545241,0.0,0
2023-11-22,1.2421575411367636,1.2185388268699973,3.178954434213773,1.508857563786128,0.2865230994776159,0.0,0
2023-11-24,3.886960392111941,2.437499890185014,2.722788199001121,1.5286597167700329,0.7335279984493195,0.0,0
2023-11-27,1.7777511895778633,1.968515926549116,3.272679659420062,1.5135317613824173,0.4366867563384895,0.0,0
2023-11-28,2.844441247145734,2.4303475743623006,3.1596837782658267,1.8247602717161384,0.6134389099156504,0.0,0
2023-11-29,3.376355507958454,2.6036812067605624,3.6087861304908015,1.8557973570952588,0.6948254495308624,0.0,0
2023-11-30,4.033086551175772,3.511420393130356,2.832671620104859,2.242305165566329,0.8775459380586594,0.0,0
2023-12-01,3.3170990844419346,2.9779599121068983,3.0151778733875867,2.551331823296151,0.7324154397263032,0.0,0
2023-12-04,4.454439274786767,3.337838976686746,2.9812592144522583,2.292376964165219,0.9005722828289843,0.0,0
2023-12-05,3.320118466368631,2.817982226210606,3.811790225103932,2.658114448434009,0.7103752368776732,0.0,0
2023-12-06,1.487578763825666,1.7005190112705528,3.724519266702808,2.7840800508203207,0.3701956007397505,0.0,0
2023-12-07,2.868072207990428,2.025405442811984,2.92226380357268,2.7085461215908926,0.5651835790540831,0.0,0
2023-12-08,4.91278181308697,3.9068452347235576,3.4325817348048444,2.200762689097328,1.0135818461547343,0.0,0
2023-12-11,4.2218885922648255,4.017446329408408,3.1678993045703256,2.034826445409004,0.9492808116807672,0.0,0
2023-12-12,2.0070964596467413,1.6650223144989869,3.1432592004880937,2.078323825968359,0.4222617927742637,0.0,0
2023-12-13,4.204656358699805,3.79413650762454,3.334608117495261,2.75611557443306,0.9208784896598176,0.0,0
2023-12-14,5.241275455590945,5.294402386718248,4.2807536397641845,2.7650137553391567,1.1911110635866151,0.0,0
2023-12-15,1.5279952734190323,1.9869269449982043,4.458191383519443,3.0700123251632023,0.3987379633135772,0.0,0
2023-12-18,2.228797232229844,2.193192853739833,3.952234197143,2.6239934379409515,0.4997498154740123,0.0,0
2023-12-19,1.2877699266558094,1.3984288852971447,3.793935368648487,3.435068702951044,0.3039872103352029,0.0,0
2023-12-20,3.7064779876891865,2.402157689838132,4.237685693921113,3.707421137062149,0.6865011076550899,0.0,0
2023-12-21,2.5345665174042447,2.1266007160872373,3.92121871018863,3.775048189079914,0.5256398138632611,0.0,0
2023-12-22,2.5036695180055504,2.242313870808028,3.754152223588282,3.3760068717189,0.5409001637040834,0.0,0
2023-12-26,1.4873250518743864,1.428619640299,3.427475945589454,3.6854242955820258,0.3325379117523208,0.0,0
2023-12-27,1.8748245322379729,2.0258232076073157,3.6664683312242174,4.502622231962624,0.4453020101024295,0.0,0
2023-12-28,1.632161383247136,1.5658381734081164,3.20410677344978,4.626259610406497,0.3646998459663972,0.0,0
2023-12-29,1.3931981549162298,1.4784948003968996,2.775388506803136,4.244764893414085,0.3277827847431819,0.0,0
2024-01-02,3.451610293151844,2.568398466915888,2.90913783490387,4.341956736429596,0.6849776160091867,0.0,0
2024-01-03,3.191136449119065,2.08480990904025,2.2980775725887903,4.774033694982466,0.5996390308001635,0.0,0
2024-01-04,2.17782335050803,1.999911084105837,1.9132220052191184,3.816823348530967,0.4762429643582124,0.0,0
2024-01-05,3.2154993835520904,2.54777775077239,1.5220209771278377,3.9984835136203376,0.6561278718847802,0.0,0
2024-01-08,3.181853644685092,2.7595786271122926,1.5624073730159864,3.4713343026366204,0.6769519709491043,0.0,0
2024-01-09,1.8257585385283603,1.6098760816491826,1.6517608124390848,3.619334851408453,0.391505256983844,0.0,0
2024-01-10,1.8369347377569651,1.617610894557554,1.547151483278616,2.855740640576917,0.3936556600665738,0.0,0
2024-01-11,1.8521533241429744,1.9179325300479704,1.5654383882035523,3.3790436534296813,0.434881420750576,0.0,0
2024-01-12,2.087226526024688,2.1692364622344136,1.0324211030086548,3.284155179845722,0.4910104362626992,0.0,0
2024-01-16,4.220324382410574,2.901622245840904,1.8037812547708445,3.0059140183305417,0.816833904222525,0.0,0
2024-01-17,3.087357235715276,2.404633078885794,2.129924349774271,3.708071633620174,0.6309754615434213,0.0,0
2024-01-18,3.2156146941758466,2.426153404205852,2.3309264009590827,3.459081922633582,0.6478972612852625,0.0,0
2024-01-19,2.5823181677384137,2.3510704535204776,2.363750136634584,3.593640615627515,0.5680384144745941,0.0,0
2024-01-22,1.3585338338558572,1.4329798025365608,2.474289828082413,3.539318505424986,0.3220861918647,0.0,0
2024-01-23,2.550650126560519,2.1150696939932145,2.3159606858807744,3.6211026530611146,0.5365142120178534,0.0,0
2024-01-24,2.441638691723291,1.9133344764013969,2.603782189142503,3.2499239121284003,0.5003858803911135,0.0,0
2024-01-25,1.9740306050718144,1.8244834585654304,2.273664002821888,3.327519685517426,0.4374596830186112,0.0,0
2024-01-26,2.648343251975165,2.494624797088945,2.4418169277841004,3.292136516838739,0.59245343668597,0.0,0
2024-01-29,2.2695533047538814,1.9038119384738892,2.642114989426393,3.81544385912167,0.4799755710538156,0.0,0
2024-01-30,2.5073542527303427,2.114024363868745,2.279246580399795,3.1513410343083468,0.5357157344803497,0.0,0
2024-01-31,4.642001717551061,3.016355729830293,2.5112859949969284,3.140667222772475,0.8739603012717067,0.0,0
2024-02-01,2.6876450959321456,2.7500155591124025,2.354029629970838,3.2069207007169256,0.6269595070113962,0.0,0
2024-02-02,4.377309901593597,3.218007836244764,2.145112933512129,3.0488406850940186,0.8691572051091614,0.0,0
2024-02-05,3.929327799454344,3.56692536477522,2.309167170754085,2.709555257751221,0.8701420115756122,0.0,0
2024-02-06,2.2461925905121984,1.975377719440488,1.8148162581361924,2.858592898374507,0.4897442747019989,0.0,0
2024-02-07,1.5585618734366131,1.6661062928576762,2.06164110550652,2.742136480409929,0.3754253917057147,0.0,0
2024-02-08,1.678791889412754,1.4866865538653906,2.0916303382134096,2.729369992266557,0.367273507959102,0.0,0
2024-02-09,2.5455822945499027,2.649509492693583,2.62092058863718,2.8301612071823725,0.604534265503732,0.0,0
2024-02-12,2.680816050326453,2.1281521548749764,2.8062463367358768,2.555055937704703,0.5568540911448215,0.0,0
2024-02-13,4.593848146517439,2.838563488670814,2.430627819438424,2.5077121944250824,0.8494833337971519,0.0,0
2024-02-14,3.3078541860488357,2.6931971674262307,2.608662928631394,2.4259701395595865,0.6899270492008238,0.0,0
2024-02-15,1.8062994650659925,1.6641345144852804,2.2059697728798957,2.6193134670342544,0.4000615229101162,0.0,0
2024-02-16,2.263472430844853,1.4268811582854708,2.309550396259052,2.59961617373916,0.4219628175346778,0.0,0
2024-02-20,2.5366935479352923,1.9080682117292256,2.19644518469466,3.165376543407821,0.5101312681465646,0.0,0
2024-02-21,1.5636365911049563,1.4423968298093792,2.3745732311113694,3.194735954238651,0.3465363495736772,0.0,0
2024-02-22,3.770609311815084,2.806371529562558,2.658561220563884,3.235213101329108,0.754677496591282,0.0,0
2024-02-23,2.457725544060851,2.0750276766744,2.388094110912751,2.980734161050569,0.5228277319566045,0.0,0
2024-02-26,1.76024776687822,1.8377231082422507,2.141661554956137,3.0416701624366014,0.4170441759714361,0.0,0
2024-02-27,1.810792590635696,1.889105302185254,1.915110073248942,3.06073695675575,0.4288513745885187,0.0,0
2024-02-28,1.268122340080044,1.1099603710245545,2.19026260360554,3.0058737905390656,0.2757658922158371,0.0,0
2024-02-29,2.152646535093369,1.9811226759217029,2.925461532213646,2.9818254864445626,0.4806888869024951,0.0,0
2024-03-01,4.193601027501542,3.644026558013006,3.329251035268985,3.828017555230288,0.9100206214113712,0.0,0
2024-03-04,3.6727299415155534,2.780875831793302,3.8148939580262096,4.4064879163894455,0.7466489118933552,0.0,0
2024-03-05,3.528564617402622,2.561437417525944,3.665862117614415,4.590394403665959,0.7038178244907689,0.0,0
2024-03-06,1.7131448171398858,2.108464061602568,3.9968473723163727,4.42216823737506,0.4477611755436905,0.0,0
2024-03-07,2.317509972443531,2.430286120172813,4.336933570631916,5.389923964921285,0.5539755678370795,0.0,0
2024-03-08,3.5906059825711343,3.393882754995056,3.720792968494281,4.698462428893119,0.8139638854345701,0.0,0
2024-03-11,1.8763484750192367,1.7883045232248502,3.1191596026709347,4.406995262614545,0.4306594708920144,0.0,0
2024-03-12,3.467099612165031,2.3879455330664165,3.173947326881817,4.1821773382852,0.687247647155242,0.0,0
2024-03-13,2.854320121923066,2.484926900567824,3.5355510313705807,4.248339009874459,0.6327083024555895,0.0,0
2024-03-14,2.346717324828448,2.1968982870869582,2.9379440653711515,4.521281762286982,0.5391567413487424,0.0,0
2024-03-15,2.2311698502446786,1.8323921607836493,3.0528616683203533,4.295223693933383,0.4810145150630558,0.0,0
2024-03-18,2.1235332666273883,1.9319624698650415,2.923643781074748,4.184546198548967,0.4809778983016632,0.0,0
2024-03-19,2.5882150153138253,2.008616636553697,3.07801620571331,4.410654757957176,0.5435674820619001,0.0,0
2024-03-20,4.155676218323028,2.936061398397644,3.159432327297498,4.264111164289746,0.8371381610080082,0.0,0
2024-03-21,2.7252797199282126,2.668302179111497,2.668512564065794,4.101868169067654,0.6405535209687432,0.0,0
2024-03-22,3.6131114461736953,2.67390578140406,2.599161604754549,3.944186500092598,0.7427773617013158,0.0,0
2024-03-25,1.6113876409077956,1.1230703261328707,2.883658244756311,4.079508015013904,0.3227064651424294,0.0,0
2024-03-26,1.047275222350265,0.8846760137769649,2.662393030150489,4.101009061838598,0.2288102191991028,0.0,0
2024-03-27,2.913450566938228,2.323515215662108,2.8695283992554024,4.212767369805748,0.6195753029264963,0.0,0
2024-03-28,2.1948462542793306,1.8211784692692343,2.8787963075395937,4.621271233092195,0.4754783473569959,0.0,0
2024-04-01,3.68998098577251,3.0818028440204968,2.7099793735674487,4.8995696668301,0.8018446075389754,0.0,0
2024-04-02,3.5473273407724477,2.858060102360771,2.7553474468429435,4.921273675607305,0.7579526443157053,0.0,0
2024-04-03,1.4601100349332623,1.2885027869790453,2.733616260660963,4.69760923107122,0.325797031684261,0.0,0
2024-04-04,4.275863230131463,2.827917823020361,2.745442654044337,4.472637990266027,0.8375533352926006,0.0,0
2024-04-05,3.6571903704890696,3.082774168095995,3.2102915631157742,4.881416755953912,0.7982143692468977,0.0,0
2024-04-08,2.5237252519835995,1.6592673228631696,2.8675288999101847,4.772490731152648,0.4931324481823814,0.0,0
2024-04-09,1.5692131809794982,1.1845824887312475,3.1160154936983764,4.702741865312405,0.3254651968057576,0.0,0
2024-04-10,3.5186274337652503,2.5600711604751054,3.129796572204602,4.326887212101727,0.7179411197633373,0.0,0
2024-04-11,4.039682839153867,3.6128166130543375,3.580507588097137,4.709027746815287,0.9072882382644908,0.0,0
2024-04-12,4.517695150437804,3.200651771290422,3.517766359411052,4.543631424811218,0.90648046346781,0.0,0
2024-04-15,4.6589824666637885,3.848638366888215,4.052430825809092,4.479427474313498,0.9963943362374288,0.0,0
2024-04-16,2.5332333547816184,2.411194292861731,4.028737915944645,4.477246090134503,0.5810366945532144,0.0,0
2024-04-17,3.072315154937261,2.8101904828327515,3.8615724809368417,4.29728129454301,0.6906179768712905,0.0,0
2024-04-18,1.83139793867887,1.5405562758473084,3.1980578513948386,4.15320998577214,0.3950861035926001,0.0,0
2024-04-19,3.9994391270786895,3.942768054133828,3.586138966590546,4.43075507867181,0.934097287454997,0.0,0
2024-04-22,4.661666185886411,3.772120269561273,2.831129189996253,3.789250751964206,0.983747281293105,0.0,0
2024-04-23,2.009133891083477,1.7468891770979424,2.512692669636616,3.696513710998564,0.4389173000357735,0.0,0
2024-04-24,1.2700383327254026,1.2879007504832938,2.3429848688345967,3.4180051784069176,0.3000882712035022,0.0,0
2024-04-25,3.711281077031998,3.7465137234505015,2.722168410929644,3.888810009306597,0.8748210437788657,0.0,0
2024-04-26,2.3784481206202743,2.623256504477356,2.5726904421483923,4.259537980629612,0.5880378024389434,0.0,0
2024-04-29,4.260884035569202,2.9679158342297374,2.456404499174527,4.296838937281813,0.840019277980976,0.0,0
2024-04-30,5.041468369039685,3.5599404034181465,1.5871413116265607,4.039085365605809,0.992557929371537,0.0,0
2024-05-01,3.648850975231498,3.977853766500552,2.059633937826277,3.915395056033392,0.8911000471532797,0.0,0
2024-05-02,3.953032683642832,2.8367293715984103,2.0248198793481627,3.489380032776679,0.7838600156416218,0.0,0
2024-05-03,4.890931726478144,3.632948183889455,2.251038870708359,3.208638181081492,0.977801831399034,0.0,0
2024-05-06,2.127554310984674,2.356500362841999,1.7915338572950914,3.4385165617831284,0.5210122253934077,0.0,0
2024-05-07,1.619968127529047,1.626430047829069,1.7332653217535372,3.197289733782198,0.3760201770445378,0.0,0
2024-05-08,1.9246056802217135,1.7592611013523898,2.102029465955459,3.244184564660537,0.4254051388404386,0.0,0
2024-05-09,2.2881104853230525,2.441912325668241,2.364490000891288,3.993005843489872,0.548938818799238,0.0,0
2024-05-10,1.533886193112295,1.82998904151408,2.4720942250684232,3.579404363225089,0.3924187593482373,0.0,0
2024-05-13,3.2899596355338256,2.384082041392392,2.648110535047872,3.252752540230531,0.6512074103252896,0.0,0
2024-05-14,1.3142015603501505,1.4232051123178475,2.5238088683839197,3.4891977779652663,0.3183315473503467,0.0,0
2024-05-15,2.554772614612515,2.253616489375279,2.496686697850599,3.784373695350864,0.5554114338402286,0.0,0
2024-05-16,2.9706001692760533,2.4919331681545605,2.3122943160702047,3.4028201062492,0.629930505807119,0.0,0
2024-05-17,2.4337398009570395,2.7203423325354312,2.596690259202865,3.6894426987315,0.5999854068996184,0.0,0
2024-05-20,1.9836599324760384,2.0827103661218387,2.551735866661968,3.56552526895185,0.4723969574379554,0.0,0
2024-05-21,1.2948536035508258,1.1814206457382783,2.367760986504565,3.640494578233287,0.2863489821878265,0.0,0
2024-05-22,2.8732872216672103,2.769670436453997,2.299070062526915,3.239702204911366,0.6537148903338845,0.0,0
2024-05-23,3.608520501275109,3.717648247571658,1.9865101818444413,3.0949757886069964,0.8505649015920289,0.0,0
2024-05-24,1.95815545550612,2.1840571445503776,1.8559551367943417,3.092770631561176,0.4821601445824333,0.0,0
2024-05-28,3.3382006621839047,3.477903803204802,1.8557306399937148,2.9828099148247427,0.796565044715456,0.0,0
2024-05-29,2.960428696999477,2.7993069419376817,1.9904822917319829,2.7632257023773925,0.6711912404825683,0.0,0
2024-05-30,2.713443690131504,2.3083476936484413,2.3123115703516786,2.7383166384807702,0.5833764717615384,0.0,0
2024-05-31,3.897209688097953,3.6502746858913713,1.983510689084339,2.6397465123514685,0.8792740948104136,0.0,0
2024-06-03,3.141539807306066,2.0161388942845564,2.732641929361724,2.7044111262807564,0.5942810851908885,0.0,0
2024-06-04,2.4964503291213718,2.527272344696783,1.927196914307132,2.370410093625293,0.5866016295875319,0.0,0
2024-06-05,3.4555885624662976,3.227962309246017,2.184031882011386,2.757747611269111,0.7785651017282195,0.0,0
2024-06-06,1.341610264982516,1.6233774792000593,2.3175030600468265,2.836669053545188,0.3480244946889782,0.0,0
2024-06-07,5.163294252163559,4.36797293696301,2.7331393602391114,2.249745707908512,1.0979141643853976,0.0,0
2024-06-10,2.392175501477438,2.190768313011465,2.760176730742273,2.631454174684539,0.5292606005364602,0.0,0
2024-06-11,2.261685302152452,2.237268205189938,2.8558399715306004,2.546826452659888,0.5208512834973673,0.0,0
2024-06-12,3.244410135683043,3.036260905237035,3.5116807950107574,3.08199635859167,0.7306167675087953,0.0,0
2024-06-13,2.5135075885342126,2.577679272220984,3.782403175375424,3.3157912255300688,0.5938088229660996,0.0,0
2024-06-14,2.656942363149088,2.7992328561637927,3.4243871413900604,3.0316127156071504,0.6368722321739098,0.0,0
2024-06-17,2.815691782983628,1.772247939979619,3.728682406157109,2.8987320327204014,0.5277260757737283,0.0,0
2024-06-18,2.014783280746076,1.8966485914057707,3.6261457287027055,2.830737285421587,0.4550854428521836,0.0,0
2024-06-20,3.644148186878157,4.005539751552612,2.820207000021901,2.343265081155791,0.8953898576998758,0.0,0
2024-06-21,2.2709722526984124,2.4912569287417097,2.591347167552993,2.260848113177558,0.5573828057187531,0.0,0
2024-06-24,2.6787181325798235,3.0363478766080854,2.250707453748911,2.091864681501514,0.6695469587001714,0.0,0
2024-06-25,2.6504227688809525,3.2334300012567248,2.2294792986840277,2.2929166317805314,0.6907993567025794,0.0,0
2024-06-26,2.394748882100502,2.224509898019051,2.2853202391460368,2.3192216679567124,0.538007360978342,0.0,0
2024-06-27,1.725471384082892,1.993809599073752,2.443082370835841,2.499514637132401,0.4359762871695081,0.0,0
2024-06-28,3.433804092968901,2.97874176541055,1.6072736553038105,2.2151131096930503,0.7453672037752058,0.0,0
2024-07-01,2.9141265989332585,2.424002213604329,1.6440429286161873,2.363582010975767,0.6197155598348687,0.0,0
2024-07-02,1.5669254781045232,1.3396107867220457,1.603706109199551,2.4940350913032066,0.337698597767231,0.0,0
2024-07-03,2.115051378178263,2.203513270170191,2.115970989053084,2.541241814673545,0.5046893339932997,0.0,0
2024-07-05,2.7053850517351554,2.4143489062861128,2.261533122545848,2.269310409451598,0.5955936234186179,0.0,0
2024-07-08,2.0511961018385527,2.4897174768362507,1.8304021800742425,2.642173110416329,0.5330517159392415,0.0,0
2024-07-09,0.8529629455309066,0.8728258427734791,2.5725014959761032,2.343406470941119,0.2015778356970561,0.0,0
2024-07-10,3.31316174471404,2.459430860058724,2.5602342135015226,2.6161534373444857,0.6679258322541776,0.0,0
2024-07-11,4.154048386783719,3.4491463506378195,2.6298645221679715,3.1250440017825727,0.8826253790547356,0.0,0
2024-07-12,4.293751215365663,3.7014716931877145,1.8175072353331665,2.8579251761311446,0.9291595177735784,0.0,0
2024-07-15,2.660986481623916,2.359837458375961,2.633281783152928,2.4932317140531164,0.5839788492929571,0.0,0
2024-07-16,4.096675284362363,4.802647737918964,3.268564346995713,2.6258587703063654,1.041952341794922,0.0,0
2024-07-17,4.987293834405638,5.643092613043043,4.429892907346438,2.5422642367451966,1.2342476892402208,0.0,0
2024-07-18,4.3382221829832,3.8627816961058703,4.190661240976101,2.2761597203874846,0.9449955457643272,0.0,0
2024-07-19,3.28505654563747,3.5487832588354067,3.329415731253604,2.241861165682963,0.7922911583040966,0.0,0
2024-07-22,2.917565075848082,2.8741499093137994,2.6333645634226315,2.282031587069478,0.6695160481556373,0.0,0
2024-07-23,1.987498165912239,1.9581312996221196,2.851216427229798,2.635805634686474,0.4561120768017996,0.0,0
2024-07-24,5.692908513866119,4.2592697232789645,3.807840348077219,2.7847108244065484,1.132921861716787,0.0,0
2024-07-25,3.055764777944453,3.6000937679424,4.123654926890584,3.328464700362598,0.768746040090745,0.0,0
2024-07-26,2.856044903549585,3.062045046149793,4.039711831748217,3.068163880572248,0.6814878234373768,0.0,0
2024-07-29,1.0670875028609896,1.1926366254556036,4.119168939223722,2.674524362858324,0.2605599924729048,0.0,0
2024-07-30,2.598830852892812,3.4304066252871785,4.922782774292601,3.135465141799584,0.6988638033404049,0.0,0
2024-07-31,3.962268851480737,4.942522146224064,4.1549903073906735,2.6294071442162776,1.0248317490412018,0.0,0
2024-08-01,6.495224683306368,5.954403301544451,5.5890403091987615,3.459061612502921,1.4144927733640078,0.0,0
2024-08-02,6.595930370204182,5.55353441784075,6.650164901967646,4.742401749549175,1.3520221802348409,0.0,0
2024-08-05,11.4803482144841,12.65581522476992,9.467062948707351,7.331078444731106,2.6535119199896693,0.0,0
2024-08-06,4.091341226369391,5.612114784467436,7.692640554785671,5.830166271642399,1.0690882993363895,0.0,0
2024-08-07,2.8752081219728414,2.508078862232888,7.818063994218596,6.028255831653,0.5845768533070337,0.0,0
2024-08-08,3.646239120070509,4.189622176170048,6.522931162681209,4.750329562849502,0.8584992806564277,0.0,0
2024-08-09,2.58281795589244,3.488436883956229,5.288684574749708,4.2400782201745,0.6685833478792698,0.0,0
2024-08-12,2.053518239981809,2.349424652211673,5.003353932823809,4.574479168189808,0.4823213547480856,0.0,0
2024-08-13,2.7235916572611854,2.4215950298529525,4.709563592087679,3.9224634501569047,0.5590658367400354,0.0,0
2024-08-14,1.8965128100465671,2.6075867972985924,4.398260686634836,3.882035214927408,0.496280257769074,0.0,0
2024-08-15,3.3112472201282706,2.894498454236661,3.0793630378358507,3.574992687655971,0.6739341122715781,0.0,0
2024-08-16,3.030093118703319,3.2218792732886263,2.3467636257996087,3.292340514345263,0.6832643185123061,0.0,0
2024-08-19,2.057568110915151,1.8742026226491089,2.921684378718532,3.428202713368969,0.4275525362003736,0.0,0
2024-08-20,1.4439663395754014,2.285189680832928,3.384108748082208,3.896316273468472,0.4126730210792964,0.0,0
2024-08-21,1.767860245739027,2.1273515616696512,2.986980897667112,4.259445068582473,0.4273903608017876,0.0,0
2024-08-22,2.335004443928554,2.420027038872262,2.9569590403130173,4.463206433578806,0.5192381913454502,0.0,0
2024-08-23,2.0191474372174048,2.779752419613518,2.7459235811129883,3.913580952579112,0.5287836347305802,0.0,0
2024-08-26,2.70615508876348,3.0208428672615635,3.1231238328602062,4.361110013812358,0.6268705530898133,0.0,0
2024-08-27,1.2340963684051611,1.3005613708801895,2.8738785084727367,3.972690863475956,0.2769276257035594,0.0,0
2024-08-28,1.2379367750590682,2.1029508689858547,3.163055536274753,4.305343966119571,0.3704916013809024,0.0,0
2024-08-29,1.6280267373022612,2.482268965081751,1.6130059286043228,3.913856165004864,0.4543362900887893,0.0,0
2024-08-30,1.9954595699347373,2.217266631925117,2.707471262220829,3.9704721704089607,0.4610519509961389,0.0,0
2024-09-03,5.351099156953288,7.511864624312768,2.7497106257960806,5.100854722454105,1.408886220851211,0.0,0
2024-09-04,1.8878326358625708,2.2208392651305964,1.760850567648322,5.43542370438162,0.4474824453632648,0.0,0
2024-09-05,3.01784502860299,3.526098870576202,1.7862262197911876,5.171098829548401,0.7125545449483346,0.0,0
2024-09-06,2.3963342638333938,2.473604734188965,2.1462654592334247,5.447766543762598,0.5281339896787639,0.0,0
2024-09-09,1.9998595117982263,2.4772035288456475,1.9101169097233752,5.419718197044483,0.4884193562524243,0.0,0
2024-09-10,1.8263185392229693,1.8814256555695803,1.91811896850896,5.34279953919885,0.4020700647619726,0.0,0
2024-09-11,2.199322098813397,2.9354318028374347,1.6836034559576725,4.662978569511244,0.5615119451399048,0.0,0
2024-09-12,2.602728720672393,2.8631911792981595,1.85222106264849,4.767085920645791,0.5940033459975846,0.0,0
2024-09-13,1.6096468881547632,2.2787353733421334,2.2340520093849063,4.9234817857974935,0.4260094616904,0.0,0
2024-09-16,1.704179153555332,2.2032410521957293,2.864280843906166,4.643285259086396,0.4268617726738811,0.0,0
2024-09-17,1.104745776239516,1.1653031712229414,2.6982769124048205,4.630466592544455,0.24635638537741,0.0,0
2024-09-18,2.3838831349663527,2.2450190648342523,2.284899209522524,4.4930641095721215,0.500482974768481,0.0,0
2024-09-19,2.6755331743303885,2.8469474720863555,1.6495470909886096,4.338913574642047,0.5994970460552205,0.0,0
2024-09-20,1.9213462463856104,2.2625952651187204,1.782827791197921,4.332189155515312,0.4556954309719387,0.0,0
2024-09-23,1.3913127865442865,1.393473197003739,1.7352044823621706,4.148243692980074,0.3017046955969554,0.0,0
2024-09-24,1.6046023956112203,1.9325097855585396,1.6422567615121773,4.12173678001357,0.3855263259537362,0.0,0
2024-09-25,1.9280003616837205,1.9015025202629692,1.5040944935735998,3.922412721780122,0.4146799495861636,0.0,0
2024-09-26,2.6948838587955426,3.426622969449776,1.9130833745246836,3.732054397923149,0.668380549057459,0.0,0
2024-09-27,2.232563311391347,2.833087680265999,2.159645653492069,4.086791452710322,0.5530606666257478,0.0,0
2024-09-30,2.873419953945687,3.231383267672252,1.895533459198972,4.055255473587807,0.663910623444669,0.0,0
2024-10-01,2.2782950031296805,2.971707340345346,1.783885130396315,4.4692245775918815,0.5736934677881791,0.0,0
2024-10-02,1.5098153065743254,1.5585861965401673,2.0158641943003435,4.29363428651255,0.3327618843161459,0.0,0
2024-10-03,3.4449158878160087,3.594441986744672,2.5450193465263022,4.157320140398494,0.7636718953177455,0.0,0
2024-10-04,2.940577457191387,1.7719834211112166,2.9107892098675507,3.9711689298644792,0.5022170371263353,0.0,0
2024-10-07,2.9844289227526226,3.696823122987618,3.863348153009312,4.307292422607167,0.7288827655119495,0.0,0
2024-10-08,2.2403207878943445,2.095658343453394,3.428282417388007,3.696005105240519,0.468707933814722,0.0,0
2024-10-09,1.9683498394999877,1.8914465876320776,3.52832734284882,3.557058842681236,0.419192588956928,0.0,0
2024-10-10,1.5645876601977915,1.6037340131030764,3.520724190367697,3.180617684969741,0.344781708927994,0.0,0
2024-10-11,2.445957845827645,2.412062830651135,3.665533898911709,2.901012307619378,0.5280268500166476,0.0,0
2024-10-14,1.3301307328813388,1.353394265963124,3.791951376860588,2.8482650102756755,0.2919589602875133,0.0,0
2024-10-15,2.8429309544363663,4.0102089833355175,3.52956643147793,3.261155425052085,0.761312044232132,0.0,0
2024-10-16,1.486790514639967,1.8499117065987245,3.1750527023013837,3.1765450182704646,0.3695935656084735,0.0,0
2024-10-17,2.3141380153757303,2.432426554124536,3.011787105518503,2.748933766300625,0.523664304920231,0.0,0
2024-10-18,1.5295117778960037,1.9522745767313068,2.9005587822461747,2.924833092810167,0.3858945693289174,0.0,0
2024-10-21,3.1039695215501526,2.595716844791609,2.629848500251165,2.862962733647376,0.6253978422993809,0.0,0
2024-10-22,1.749334231056255,2.0309137941060107,2.7679069047754123,3.0075089205338785,0.4180408089310704,0.0,0
2024-10-23,2.8839890091916085,2.520717430726832,2.944253714004774,2.496439197767538,0.5936552404078485,0.0,0
2024-10-24,2.3663994934722177,2.4472821932900577,2.8680514983143044,2.681031702586368,0.5308635026405466,0.0,0
2024-10-25,2.164526752625137,2.349009199528462,2.539696701138608,2.8961365015394724,0.4983340585797967,0.0,0
2024-10-28,1.7185262083257289,1.8874772976177552,3.2857271467675413,3.1594860566483707,0.3982478807819675,0.0,0
2024-10-29,2.237291063127721,2.280666208138302,2.918273983188889,3.6895484639311698,0.4980792549935281,0.0,0
2024-10-30,1.8977206039039305,2.6153259371253825,3.060784636148789,3.488152975455501,0.5055552163640723,0.0,0
2024-10-31,3.5256856484668564,3.1949985217480714,2.1293350640779227,3.430521357751952,0.7471469922570687,0.0,0
2024-11-01,2.70110347464229,2.624418078920399,1.9162751990187703,2.9170228768509223,0.5934586729731324,0.0,0
2024-11-04,3.0297056224522523,2.256660028348637,1.866214611139978,2.862704269635272,0.5863364314945845,0.0,0
2024-11-05,2.0132460298891006,1.3961601519109588,2.046197550592784,2.7862853857182444,0.3776846078861171,0.0,0
2024-11-06,8.829749612820146,7.291228003379172,2.466534059021441,3.3726870953026737,1.7863548102227276,0.0,0
2024-11-07,4.059553901224947,3.8188422505610338,2.4494354138031755,3.717232481660773,0.8749876280325026,0.0,0
2024-11-08,2.806658615430825,2.496476471830183,2.354015730765283,3.198858931123852,0.5883987768680499,0.0,0
2024-11-11,3.658484772982689,4.019218274602585,2.888097313025338,3.149214291599613,0.8550133151268793,0.0,0
2024-11-12,3.280670924234954,2.7068449845446554,2.793540187158289,3.0390444082919204,0.6634633183120064,0.0,0
2024-11-13,2.9331994909798187,3.0103495434591574,3.0714134080545703,3.1453668234054155,0.661106509669031,0.0,0
2024-11-14,2.0206778124249647,1.5492737292871048,2.890773575884358,3.0905644118744187,0.3950756953027823,0.0,0
2024-11-15,2.5325163534835675,2.486643581927112,2.7469862420359203,3.201621473901325,0.5578541088938562,0.0,0
2024-11-18,3.034367299631379,3.2262686846222723,2.4137520890105097,2.7759178787984498,0.6968066147720973,0.0,0
2024-11-19,2.3154653227504527,2.678641083626715,2.4335370745076417,2.867819055120488,0.5566593119818205,0.0,0
2024-11-20,1.5141415584733624,1.6150559379589853,2.5032476737122065,3.190788465974577,0.3482980324387128,0.0,0
2024-11-21,2.4041624567467883,2.7199491817736967,2.2420618114605806,3.3468162071328305,0.5709290714619945,0.0,0
2024-11-22,2.7621775265103503,3.089222140598068,2.701388303491917,3.259516402444257,0.651833065204493,0.0,0
2024-11-25,6.393111390452068,5.641558013323064,3.2177580034724462,3.422778384284747,1.318083729749476,0.0,0
2024-11-26,1.7465523716101978,2.2237258400596334,3.775545275495428,3.105246926691705,0.4383890679130555,0.0,0
2024-11-27,2.178398084427503,1.9240653692320149,3.73523989470433,3.18819525862415,0.4493268428190106,0.0,0
2024-11-29,2.571700392374943,2.360353004035702,3.709520085697384,3.1104410372774534,0.5414662661375786,0.0,0
2024-12-02,3.0486892148912967,2.618745497232883,3.403275278071411,3.0843682648462694,0.6212522908261477,0.0,0
2024-12-03,1.518915462037065,1.683940169584887,3.649227033560256,3.044871584579696,0.3531575920384867,0.0,0
2024-12-04,2.484446869293928,2.3597345879468623,3.4023864219645765,3.348479253150724,0.5322391210388151,0.0,0
2024-12-05,2.04544167383395,2.4373164700633527,2.6696028292950302,3.274520011714274,0.4950992110717314,0.0,0
2024-12-06,2.1264183656943403,1.988770051827252,3.189581020782197,2.928694907854681,0.4519826768081915,0.0,0
2024-12-09,2.6746176389917418,2.532738045637734,2.614121200398376,2.9061024554277,0.5721021308158096,0.0,0
2024-12-10,2.6871630274845484,3.066290425694881,2.259241566868687,3.1289774603102782,0.6411458945787827,0.0,0
2024-12-11,2.713544334470667,2.9006506390782576,2.2249808611358164,3.1479184205170334,0.6249163613123381,0.0,0
2024-12-12,2.3774024003623357,2.164425015757121,2.087628123594951,2.956076406229152,0.504134242124954,0.0,0
2024-12-13,3.2317868148785136,3.62407937578758,1.9528362516646445,2.4405881179604583,0.7637638416114665,0.0,0
2024-12-16,3.03647231314963,2.706695581689934,2.5732836875191047,2.51724613998926,0.637984634988922,0.0,0
2024-12-17,1.6664720925171033,2.092911525336418,2.2010789517424816,2.645498860670005,0.4200338623284719,0.0,0
2024-12-18,13.361772895113862,13.1383173349362,4.8748963506956375,4.740022529201306,2.940883421452833,0.0,0
2024-12-19,2.897946819169363,3.515975546982032,3.754080012835402,4.289162472550895,0.7142912482523364,0.0,0
2024-12-20,3.817706204263024,4.750978167555069,2.77563775599144,3.446792085035695,0.951915972621665,0.0,0
2024-12-23,2.4773449386885464,2.7176277873379187,3.262403143705705,2.948937729287892,0.5760064132242391,0.0,0
2024-12-24,1.729723105218579,2.335808436498326,3.09845705215784,2.7610950575740296,0.4522094065224475,0.0,0
2024-12-26,1.0425366601308566,0.9964837536260748,3.033780606244376,2.7675747053867306,0.2256007311324352,0.0,0
2024-12-27,2.1034397875675155,1.9146653717434807,3.2671410867795165,2.7077640446599807,0.4442341177011824,0.0,0
2024-12-30,2.330761236979085,1.7785448206857193,3.595193161746727,2.5070342762308213,0.4530861507343062,0.0,0
2024-12-31,2.1479791018176395,1.732893759323664,3.2827261094531277,2.2839315378622067,0.4282642247019338,0.0,0
2025-01-02,1.7921958663486004,2.0315675033280427,3.496093714841669,2.2402758454951357,0.4241841795738472,0.0,0
2025-01-03,2.104773903163235,2.049634445006407,3.093262261212368,2.267244777708124,0.4597835054023107,0.0,0
2025-01-06,1.886689239393739,1.8810226698414363,3.4114336303679504,2.4112480291436635,0.4171383731391651,0.0,0
2025-01-07,2.6426800736448914,2.4752924011461133,3.831719438119921,2.305444635634363,0.5660837732265824,0.0,0
2025-01-08,1.1171351166172097,1.2681181529058771,3.2394731153786136,2.153608061470772,0.2646106482961957,0.0,0
2025-01-10,2.9585517000696706,2.748128541320119,3.5068760972906428,2.3987073121028093,0.631117487849503,0.0,0
2025-01-13,1.863453182009144,2.411529497621581,3.3351607806433843,2.3058713978196472,0.4752008363019117,0.0,0
2025-01-14,1.6798398151786471,1.8231531368408105,3.135627960204523,2.3200835255190158,0.3883395294739687,0.0,0
2025-01-15,3.56928164567512,2.7453737966288845,2.6895171150236257,1.8704716242243844,0.6963293338438377,0.0,0
2025-01-16,2.914062501142755,2.740781502162094,2.2109310248116048,1.7873252858412028,0.6255055245684084,0.0,0
2025-01-17,2.084851863463192,1.8967211080080195,1.926096454347052,1.6274140375619592,0.4401915116147348,0.0,0
2025-01-21,2.5815356702855787,2.526599819747907,3.896581209787977,1.451974311760338,0.5653800451536393,0.0,0
2025-01-22,1.6620348971756316,1.613983457025875,3.1176722778168102,1.9096379836779225,0.3625532204421118,0.0,0
2025-01-23,1.8021218369798824,1.9127933621859343,2.1881664623577275,2.1487211674432767,0.4116915012484647,0.0,0
2025-01-24,1.6468322558814263,1.7414571141707575,1.8586171120216128,1.7859995939643687,0.3754727748405492,0.0,0
2025-01-27,6.2735191705171935,7.116609529803896,2.772280710399383,2.330515175288631,1.4634317958034089,0.0,0
2025-01-28,2.3368159536186943,3.3088849027556613,2.17174206118833,2.6860959767384203,0.6195560725739655,0.0,0
2025-01-29,1.377734707331156,1.6914062939451535,2.1514745450514257,2.358790519697377,0.3359256228882854,0.0,0
2025-01-30,2.2009342577359723,2.5704950800464195,2.321105577777007,2.088713260386167,0.5217616286410829,0.0,0
2025-01-31,1.9104252370204888,1.857347084224269,2.0780996266020697,1.7275777703694093,0.4105969651313942,0.0,0
2025-02-03,2.271126064142785,3.0193484208769896,2.517961496510932,2.045550101544389,0.5829696233321011,0.0,0
2025-02-04,1.4834132249595795,1.9268797173797645,2.9310905250748265,2.0728173452644083,0.3756091661073514,0.0,0
2025-02-05,2.8728694459896693,3.356781281790569,3.4757610822052363,2.0970800012786923,0.6846305956266204,0.0,0
2025-02-06,2.1806710299443712,2.4364646586204195,2.969842577389961,1.6737112108107028,0.5069435422633835,0.0,0
2025-02-07,2.4933022039533763,2.1017867013449165,2.8148266342049704,1.8433312457578324,0.5015473042732728,0.0,0
2025-02-10,2.154684370603525,2.3095005513291538,2.8996502275012506,1.9715394994683664,0.4897241122347939,0.0,0
2025-02-11,1.482322384067871,1.2439560529295488,2.8512768822997643,2.1245628727128927,0.2975413483065087,0.0,0
2025-02-12,2.336282560985326,1.8772142400700216,2.6106916292062765,2.494232079253498,0.4594362214525364,0.0,0
2025-02-13,3.348448857617428,2.374334076561956,2.5703632511762806,2.463963170827172,0.6223928020951093,0.0,0
2025-02-14,3.012153592850303,2.7210167856203262,2.289747055316709,2.1452403488141085,0.6266761394154857,0.0,0
2025-02-18,3.0923990812960462,3.345539524687437,2.530601825970768,2.346844846641873,0.7063838212879444,0.0,0
2025-02-19,1.1703750520913656,1.3845754087218656,2.1964018777675878,2.1533248597790795,0.2808582342811342,0.0,0
2025-02-20,2.304947913808743,2.16624133266258,2.328327355750313,1.92735192284387,0.4891395399829633,0.0,0
2025-02-21,4.178559851534557,3.256446700257244,3.0004213183125152,2.208866865544369,0.810190915734941,0.0,0
2025-02-24,1.7579529337930622,1.8010932880169783,2.937000481918988,2.298227863345964,0.39006002246917,0.0,0
2025-02-25,3.1665782666438305,3.448358824772037,2.6521607226768737,2.4696800532554217,0.72590430856431,0.0,0
2025-02-26,2.099902756071885,2.197016594930006,3.099626693738044,2.7231042405301213,0.4711359303165897,0.0,0
2025-02-27,3.748586720188179,3.585162121494476,3.0988078173815894,2.7918550663014527,0.8025932243124825,0.0,0
2025-02-28,3.2548130990553,2.6918887050392244,2.9215675608678424,2.558032023777061,0.6488148463078811,0.0,0
2025-03-03,3.840416839857978,3.373297715587685,3.806321317689591,3.438492913136537,0.7880458742305361,0.0,0
2025-03-04,3.515451873293439,3.925381918879197,2.9737007802338145,3.548382413672304,0.8169640239061486,0.0,0
2025-03-05,2.3962632684508787,1.72846449306765,2.6571713190387807,3.180018117034551,0.4487510579190568,0.0,0
2025-03-06,2.499010295389761,2.511303886609112,3.1347126882065046,3.508015695718847,0.5488912409304498,0.0,0
2025-03-07,2.053178181199397,2.3950272010534577,2.583071549251657,3.55877567949486,0.4888350865356451,0.0,0
2025-03-10,4.491846399941155,3.783699222404835,3.2767746834210265,3.8095776333685634,0.9032498021160716,0.0,0
2025-03-11,2.9223936484315898,3.367332202386794,3.2575017653782044,3.685270392717751,0.691031788982767,0.0,0
2025-03-12,2.0932598166646663,2.587604984543008,2.9077605917008347,3.50901781030559,0.5150231505700605,0.0,0
2025-03-13,3.617005624578638,3.331414502452016,3.536817479574057,3.853673770547824,0.7617439033360052,0.0,0
2025-03-14,2.8662452572080643,2.2641746698452785,3.2557091521757657,3.239079294510755,0.5613072936369722,0.0,0
2025-03-17,1.7142184782048528,2.165366352980349,3.0809890260603416,3.13052550652231,0.4290490983351965,0.0,0
2025-03-18,2.251641612050077,2.168841160839075,3.524565948381519,3.419767243596788,0.4858436600563368,0.0,0
2025-03-19,1.486420842014899,1.4931460840459616,3.275168389771528,4.338031387629902,0.3283653568619031,0.0,0
2025-03-20,1.455469772664144,1.2951801338434104,3.092312899582761,3.9522903429681913,0.3022618663956087,0.0,0
2025-03-21,2.2588764716155705,2.141213214316753,2.647144232286782,3.318348846173937,0.4842441577934955,0.0,0
2025-03-24,3.169999462068578,2.332601354640398,2.124894989448118,3.117894553173187,0.6019494289584248,0.0,0
2025-03-25,2.285179690380501,2.0419727307168425,2.3799267241111908,3.1160513355087938,0.4755467533561093,0.0,0
2025-03-26,2.240389117836323,2.322017867945323,2.3777467542743085,3.2624018019733985,0.5031784954932312,0.0,0
2025-03-27,2.35798044069589,2.418226112886245,2.794614092925213,3.5754697503257638,0.5266254541159053,0.0,0
2025-03-28,3.396970137306724,2.988191562787664,3.275887610550196,3.792686681209144,0.7058586288350235,0.0,0
2025-03-31,4.024089544622004,3.391882981123629,2.884450311599708,3.846782145041385,0.8188675340304796,0.0,0
2025-04-01,2.547854674937204,1.9755351720510248,2.559297983927576,3.82333893367437,0.4983508662500235,0.0,0
2025-04-02,1.6921030655116784,1.308805088113148,2.497004675950018,3.9650912165363152,0.3305943862665484,0.0,0
2025-04-03,6.657392528344084,7.076782667034673,3.0519557282527034,5.031006252648705,1.491635212292397,0.0,0
2025-04-04,7.925392916283584,8.448153611285457,4.835740304267293,5.537216900629014,1.7628153263545625,0.0,0
2025-04-07,5.550932322861558,4.316842986226108,3.46388873920348,4.925529318771461,1.0413406934201683,0.0,0
2025-04-08,4.861752109791109,3.8946020394364353,3.956621596490978,4.818134442546037,0.9251379103230402,0.0,0
2025-04-09,11.410324678462546,11.265366865104156,3.3417230788734185,3.5315376992352707,2.379555462130831,0.0,0
2025-04-10,5.921065660076382,7.134476817566836,4.348241347345408,4.223111877906305,1.3580825657218871,0.0,0
2025-04-11,4.631174435838791,5.746090786188347,4.611996355430736,4.383709910201257,1.0738538323621294,0.0,0
2025-04-14,3.392846007813057,3.923596381078074,4.003916761848951,3.833479884979438,0.7544443036522674,0.0,0
2025-04-15,1.0027439769223074,1.4529501995020844,3.91953586203577,3.974734819438987,0.2560686075350558,0.0,0
2025-04-16,3.782113135938644,4.664103280247575,4.38180562103749,4.521314503951161,0.8669103890072063,0.0,0
2025-04-17,2.5635336700233027,4.908109343730481,4.325700505898532,4.791708678309038,0.7669815646675511,0.0,0
2025-04-21,3.825896661346341,5.354101454421493,5.196976995084696,5.313387710099604,0.9288756949217608,0.0,0
2025-04-22,2.8441375066861587,3.852672168438243,4.97961744349178,4.725704499673836,0.6767683797245416,0.0,0
2025-04-23,3.989190423168037,4.485196829428524,4.188016638338777,4.22873004158375,0.850193311076253,0.0,0
2025-04-24,2.7061929504112925,2.815479575055908,3.860052379390959,3.968475928865392,0.5522584950617629,0.0,0
2025-04-25,1.682754905695334,2.4343428699173626,3.569481300863752,3.928388399490692,0.4182051458472793,0.0,0
2025-04-28,1.657888979562291,1.829889879071331,3.314640755771689,3.729956452574538,0.3504752394416239,0.0,0
2025-04-29,2.1804931976448625,2.820243180397745,3.336544910615654,3.5229125606204,0.5057264392809883,0.0,0
2025-04-30,1.581714277832831,2.2044271420921158,3.4236236668430453,3.5758629656216923,0.3840268139901692,0.0,0
2025-05-01,2.5876095873743594,3.301485878578887,3.524269006139184,3.3944809119397528,0.5952429184974011,0.0,0
2025-05-02,3.059295319873733,3.332520085328834,3.293365876020581,3.092007753283218,0.6419483383540884,0.0,0
2025-05-05,2.3682837746904584,3.903969345181571,4.982840197088056,3.0238227140824843,0.6403197127725239,0.0,0
2025-05-06,2.2336379201263488,3.564089989574969,4.851354145796972,3.1234712491513834,0.5997301830576401,0.0,0
2025-05-07,1.7924453345086997,2.87812757821223,4.835861020218935,2.853126326750831,0.4832651414578711,0.0,0
2025-05-08,2.4972826707981914,2.7581632918842627,3.3591247401772506,2.627075145644871,0.5347582206276311,0.0,0
2025-05-09,2.270817801894728,2.494727098864928,3.357719988027894,2.502194822631127,0.4847904017283851,0.0,0
2025-05-12,3.3630756058475777,5.023798306090759,3.5017147383294707,2.5862645577978154,0.8650788464694144,0.0,0
2025-05-13,2.995699423321046,3.9187256073477,3.177297595839984,2.5185479802797763,0.7090102629179877,0.0,0
2025-05-14,1.988187509334561,2.833013916048392,3.2616584774563866,2.312571742630896,0.4962596124751131,0.0,0
2025-05-15,1.8940113572041977,2.497408395188058,3.792201206865084,2.123197942851339,0.4504607390563599,0.0,0
2025-05-16,1.4948695118044406,2.2160238702740696,3.488269200246772,1.894629719643289,0.3826383516963613,0.0,0
2025-05-19,1.2306071652122743,2.0734000412926608,4.051798533963071,1.803400841163472,0.3425685896342271,0.0,0
2025-05-20,1.487441072176713,2.4786135984937263,3.1480117149136158,2.299468542202673,0.411018983826151,0.0,0
2025-05-21,2.631742655761115,3.4005729577662307,2.684145856194617,3.5197143938547835,0.6182158435705043,0.0,0
2025-05-22,1.2966324481881402,1.857049218174619,2.728454792470411,3.31699515301114,0.3246903758045366,0.0,0
2025-05-23,1.6814725355936926,2.722297096102461,2.152237044739166,3.5750084096586137,0.4558201364589318,0.0,0
2025-05-27,2.6785120932597777,3.6871517209776656,2.996660720934905,3.844565113514877,0.6542320518346998,0.0,0
2025-05-28,1.6829407746729437,1.7373736188039033,2.5460222894671563,4.041566160177856,0.3469443535469344,0.0,0
2025-05-29,2.037847884579177,1.9409422759873904,2.112918271343676,2.864781722672175,0.4020892026304642,0.0,0
2025-05-30,2.037762567112657,2.7466884783328327,1.847538268653676,2.7898899048103982,0.4912608412039873,0.0,0
2025-06-02,1.923733560546248,3.197082906193045,2.284238733940012,3.263696764756483,0.530631576283085,0.0,0
2025-06-03,1.6655101925803968,2.521551972327287,2.6351352193443494,3.2664244152190456,0.4321349424657927,0.0,0
2025-06-04,2.580298025678531,2.390764923316285,2.2963824561559454,3.407173215519833,0.5017234538194232,0.0,0
2025-06-05,1.4074845333171009,1.7429228958058918,2.042491850760452,2.947252773209574,0.3222456399263164,0.0,0
2025-06-06,2.392816954884045,2.6336277512546697,2.072043458705402,2.794075218206636,0.5113748848231747,0.0,0
2025-06-09,1.4511291842530896,2.115664223475024,2.289655800646946,3.046087374654192,0.3675111156005158,0.0,0
2025-06-10,0.8522972836200682,1.3924541392373933,1.4273072220823904,2.616633786015496,0.2324373445822684,0.0,0
2025-06-11,1.0864757877119071,1.4534522742915454,1.2643690046889646,2.8176079329267183,0.2607082879687729,0.0,0
2025-06-12,1.608173431342519,2.075543529319249,1.3323913676468144,2.833019581662849,0.3775020797639433,0.0,0
2025-06-13,2.223011140506718,3.8978533069098913,1.6188380214350786,3.242556497676647,0.6356943531575172,0.0,0
2025-06-16,1.8956516639769985,2.9686022666801315,1.784000159308155,3.436693558242097,0.5027629130976624,0.0,0
2025-06-17,1.9878655642889007,2.387817236929024,2.097184824236088,3.2864782801992143,0.4469559413479064,0.0,0
2025-06-18,1.2957161780501931,1.7570062220546152,2.0763618635213184,3.014523396137464,0.3161345665086787,0.0,0
2025-06-20,0.7188727611186724,1.2010838589746713,2.1037204461431003,3.19499601714035,0.2007737223872121,0.0,0
2025-06-23,1.546145124962506,1.8137718176409088,2.4744546140251478,3.078935550075137,0.3455144171157266,0.0,0
2025-06-24,1.8277555232704492,3.3381173669472184,2.578006035374983,3.3373256927028825,0.5423631065081674,0.0,0
2025-06-25,1.1073905471813317,1.6336716519298191,2.4020874766497595,3.629042967410367,0.284995305796661,0.0,0
2025-06-26,0.987602107988976,1.3871820891703206,2.2680227744068504,3.914149279070381,0.2472571888476919,0.0,0
2025-06-27,1.6938683291720842,2.721136975516178,2.241042285979832,4.169831092288519,0.4626560684337283,0.0,0
2025-06-30,1.4970517786727038,1.8596142045959676,2.4704079381708715,3.888018782460337,0.3473726322034084,0.0,0
2025-07-01,1.7688081164732543,3.0068020325098925,2.854551513163366,3.979913141472432,0.50177138021494,0.0,0
2025-07-02,0.9997931311187715,1.6770134631421405,2.599746583676104,5.024684721224931,0.2810762807766637,0.0,0
2025-07-03,1.185802408226856,1.5457137403104153,2.222008963024969,4.563384018413072,0.2833562561231216,0.0,0
2025-07-07,1.6633233706893256,2.026432483305236,1.9459798857517523,4.656052690335924,0.3814725260459959,0.0,0
2025-07-08,1.9050993690206413,2.7295010186054385,2.334850717104389,3.473535894497077,0.4830106641186019,0.0,0
2025-07-09,2.0674280285980284,1.7642288897153269,1.9281670719577808,3.559290904329424,0.3912653114107197,0.0,0
2025-07-10,1.3368744430603736,1.535023141934487,1.878503773395942,3.5676748776245137,0.2979814946159589,0.0,0
2025-07-11,1.9445309706386007,2.058958468640202,1.5356730154738776,3.077288717865423,0.4135973232557433,0.0,0
2025-07-14,2.276047125043565,1.9850415904952283,1.699676964251621,2.890587138578349,0.4356286781465132,0.0,0
2025-07-15,2.2006804538162923,2.193681552008549,2.388424277625577,3.529546195092411,0.4525065419352438,0.0,0
2025-07-16,1.9192838586875136,1.5236598148675553,2.1602641560177056,3.6067360812600966,0.3502052594802992,0.0,0
2025-07-17,1.129982835501549,1.1298407221840732,1.8951530086934991,3.6878132844848057,0.2327422123536315,0.0,0
2025-07-18,1.376650028816537,1.2142883416090149,1.770321014723388,3.492103663741183,0.265044154946803,0.0,0
2025-07-21,1.963055643444109,1.845691124801788,1.6705289455743475,3.140895553293804,0.3909680583358831,0.0,0
2025-07-22,2.303478305323804,2.110664466240783,1.4672651442038802,2.6001678487622217,0.4524817118345247,0.0,0
2025-07-23,2.510043916210345,2.3265062530013982,1.7016355992581922,2.7153348872569945,0.4960892451630344,0.0,0
2025-07-24,1.9712048575239172,2.082524588071375,1.6782654701404138,2.834945253536637,0.4187371542977464,0.0,0
2025-07-25,1.7757034960196572,1.7423174474778405,1.6503633768290733,2.7404574752404165,0.3619575743518961,0.0,0
2025-07-28,1.62203408536277,1.7394535850387054,1.398486787079685,2.6401955960815564,0.3580410187997112,0.0,0
2025-07-29,3.088503200628951,2.182752064166023,1.4835619845193686,2.389224002425034,0.5528986445837046,0.0,0
2025-07-30,2.3013511649169724,2.228658332274087,2.033385796204062,2.2532285925259203,0.4806903313984922,0.0,0
2025-07-31,3.3388472804727707,3.4107677834564534,2.6427652261801464,2.433087873753162,0.7176331020251568,0.0,0
2025-08-01,5.402200232743104,4.38494564192609,3.6648209909328417,2.914557027173451,1.0014425811742271,0.0,0
2025-08-04,4.832012977556162,3.992442298709317,2.549926426283921,2.3272373208745907,0.9037421259244168,0.0,0
2025-08-05,1.591583394960429,1.0983781029998236,2.392573961788991,2.1838112861329866,0.2815420986092721,0.0,0
2025-08-06,2.63515453722505,2.567367374513559,2.1762852109042856,2.164174160787834,0.5639850879325998,0.0,0
2025-08-07,2.0532998043773008,1.864610078480787,2.1772466274514937,1.804558384857284,0.4295555340080711,0.0,0
2025-08-08,1.819401523414523,1.5171980404101644,2.276168503872316,1.8168182472956915,0.3652650206224922,0.0,0
2025-08-11,2.542997959475919,2.349333224772999,2.3247691246917124,1.6179034235561318,0.5365549801434095,0.0,0
2025-08-12,2.6446006623005163,1.961794716842317,2.225596777271997,1.872544601073108,0.5032283916548426,0.0,0
2025-08-13,2.3195413574555905,2.3528213890735694,1.894676521169979,2.0103407541035727,0.5132883202828661,0.0,0
2025-08-14,1.7620169762464648,1.230704279238206,1.8882634508336005,2.188875697993504,0.3265968616577777,0.0,0
2025-08-15,2.5645410174578496,1.8457971594165212,1.6837393667687648,2.112295177835768,0.4815545014405211,0.0,0
2025-08-18,0.9789784576370144,0.7891877639894976,2.068475339989848,2.447629868967422,0.1939215765340953,0.0,0
2025-08-19,3.31580303623334,2.2356735414959066,2.096871043408965,2.4729505026551184,0.6068031137588558,0.0,0
2025-08-20,1.9157837653147127,1.4469610661262564,1.6633271322459813,2.480974533030353,0.3683487682106234,0.0,0
2025-08-21,1.7812980506859508,1.1065913466107948,1.6252084666964028,2.267299388387473,0.3151829177069763,0.0,0
2025-08-22,4.249100892758757,3.082102698497674,1.8866861739631224,2.5636435522432963,0.8024332728031867,0.0,0
2025-08-25,2.291900583833145,1.7190638141778412,1.6751786774401285,2.3241743406872093,0.4392958141729191,0.0,0
2025-08-26,1.386447659499061,1.103691986701573,1.9939624351486624,2.7007099545038504,0.273037726294173,0.0,0
2025-08-27,1.3364306348112982,1.0931675746968434,2.162443481046631,2.9782446518225485,0.2665374982459557,0.0,0
2025-08-28,1.630277777723967,1.159975217985986,1.8340025085634764,2.759139418345934,0.3052951638118611,0.0,0
2025-08-29,3.2769955481156603,2.3396226164314924,2.774232792506385,2.3762904440615085,0.6145809606087116,0.0,0
2025-09-02,4.225637759378704,3.309646012257476,1.803092966296158,2.493133080920676,0.8259700963392184,0.0,0
2025-09-03,3.7618563001318712,2.7825407800602293,2.1761114061215685,2.8590499175086204,0.716577896789754,0.0,0
2025-09-04,1.912162327708025,1.5070147074396638,1.9949903111393228,2.471535184129911,0.3748329107188722,0.0,0
2025-09-05,3.57280970229962,2.6397755912495424,2.3370926557540765,2.758196950985832,0.6941054727277696,0.0,0
2025-09-08,2.4455037501525405,2.043597163803651,2.958666463834642,2.6279541769914814,0.5021712309109542,0.0,0
2025-09-09,1.67059812939117,1.365296303379221,2.814822837039197,2.49569519053518,0.339532267621515,0.0,0
2025-09-10,3.241984881726524,3.0127427779028824,2.7225121911592107,2.8868262661940784,0.7004393286818525,0.0,0
2025-09-11,2.2943824850403187,1.9948710005375925,2.521226894373899,2.853906380367843,0.4800088167360458,0.0,0
2025-09-12,2.264035661650385,1.9235263301064105,2.760802589958728,2.6125911013223297,0.4692208071939081,0.0,0
2025-09-15,3.138975989711468,2.0259224639319,3.1279468935886428,2.459755354016392,0.5770194258732608,0.0,0
2025-09-16,1.2225870076920282,0.8547650041732529,3.356512348315533,2.3915387246927526,0.2322779146276392,0.0,0
2025-09-17,2.7956786721466327,2.323462750769201,2.93103379759422,2.107280183856255,0.5734669818538296,0.0,0
2025-09-18,3.8530528876249,2.7937198660608606,2.792648723339046,2.107247558709663,0.7434956217805095,0.0,0
2025-09-19,3.1294014815069096,2.4398835308509987,3.139164217050252,2.345906731181996,0.6234594430621458,0.0,0
2025-09-22,3.010521381321876,2.229925027516352,3.1612292807610727,2.499317676279577,0.5863215302434138,0.0,0
2025-09-23,2.142342558902088,1.7121633838597077,3.4544288411420165,2.737133697329895,0.4316129588490982,0.0,0
2025-09-24,2.203412367956665,1.470147625443528,2.858366413701069,2.319816221688914,0.4105523080452646,0.0,0
2025-09-25,2.142000514622113,1.629121753230546,3.3654776968941,2.476804136133766,0.4220485727700664,0.0,0
2025-09-26,2.913396135283518,1.8578169371133608,3.314993467004659,2.6283761694480017,0.5329694883627972,0.0,0
2025-09-29,2.671601570261113,2.128627043335786,3.839099061526244,3.066392174364767,0.5374934815835409,0.0,0
2025-09-30,1.872038806897001,1.5437450356049545,3.1109765307346886,2.921096107738302,0.3826173226658313,0.0,0
2025-10-01,2.186542935670373,1.7542399321364646,2.8634019697658086,2.8210171779720605,0.4412924709964939,0.0,0
2025-10-02,2.4563010006533483,2.0111551574068165,3.164514404401752,2.545970980149271,0.5003808832974307,0.0,0
2025-10-03,2.247054125831711,1.725813790139223,2.895450290683739,2.7098033006533937,0.4451233563391991,0.0,0
2025-10-06,5.08160976389351,3.5877244359656912,3.188844898408011,3.277698035113174,0.9506595180680651,0.0,0
2025-10-07,2.0882444154764657,1.6591333620671682,3.373079423274989,3.362176037010158,0.4119131471268605,0.0,0
2025-10-08,3.617300952189826,2.9373040192770445,3.88274139825186,3.916977908619269,0.7208052054150904,0.0,0
2025-10-09,3.098242832927945,2.3480839164479383,3.503428833894559,3.4180375471787308,0.5980875187935588,0.0,0
2025-10-10,6.610672756814185,4.673733722106943,4.507453398117719,4.464949154224609,1.2166413696114922,0.0,0
2025-10-13,4.226046154710623,3.485339670626274,4.237732739455282,4.547731469672904,0.8346670239963145,0.0,0
2025-10-14,2.5796122124332994,2.468293257955728,4.436990326646201,4.48245461531622,0.5484623878402314,0.0,0
2025-10-15,2.7654392194763644,2.698349629629527,4.996748676858061,4.806794024108131,0.5939469134489607,0.0,0
2025-10-16,4.428021057507372,4.331968968772527,5.83990127270789,6.184319515651658,0.9523282073037904,0.0,0
2025-10-17,3.671178543268853,3.77331921408958,4.413929881226315,5.437099420028826,0.8103427231465526,0.0,0
2025-10-20,4.315010201650009,4.1340913409242805,4.676643677229543,5.9133739320829415,0.91803754719138,0.0,0
2025-10-21,7.140421397604835,7.28755518746967,3.182373454948869,4.7532069462433455,1.54872675403711,0.0,0
2025-10-22,2.204700604607796,2.006851674869424,3.644161895932168,4.299922850678338,0.4505149493805132,0.0,0
2025-10-23,1.7801065506222262,1.6508855510077898,3.081860001566377,4.575523158604936,0.3672246641948044,0.0,0
2025-10-24,1.9991068393936384,1.6834376376643267,3.0655924668576797,4.671033533087536,0.3930013416938266,0.0,0
2025-10-27,3.960585307304595,3.5970820158736805,2.684702987349705,3.468805127863206,0.8083981488746026,0.0,0
2025-10-28,1.956729391707053,2.0467342226394303,3.0141790683520453,4.0073250017671525,0.4300583229716731,0.0,0
2025-10-29,3.061362486659608,2.202361085339796,2.919252889335107,4.090128317913362,0.5591009994770277,0.0,0
2025-10-30,3.894921197732046,3.201974616483819,2.962612050849554,4.738346130377617,0.7568326211693953,0.0,0
2025-10-31,2.1610062002461534,1.8669741692829935,3.052617985796589,4.695713194719391,0.4301985370166734,0.0,0
2025-11-03,1.778156356533796,1.5662530314062677,2.3911353612058246,4.834156743299765,0.3574003762477301,0.0,0
2025-11-04,3.1003029693698867,2.8155139722955878,2.419847109034656,4.536219563270082,0.6327776550690982,0.0,0
2025-11-05,2.816146215994222,2.786806479162587,2.29487560309885,4.659301597818087,0.6008710542628776,0.0,0
2025-11-06,2.947645938572908,2.15133623583995,2.3285361440814847,4.46515950077443,0.5418346845058878,0.0,0
2025-11-07,2.3402722722937583,1.8106955568672725,1.7280226900026572,4.260248574300977,0.4418650003078272,0.0,0
2025-11-10,3.153363095948474,3.3035610379767486,1.1159158261839393,4.484026563518929,0.7012081789701028,0.0,0
2025-11-11,3.4510863169326726,3.126456206522501,1.4210671529310452,4.613595205731277,0.7136569695038508,0.0,0
2025-11-12,2.8800287641682902,3.0760012241527184,1.8972410250007905,4.9268772399592615,0.648959157672081,0.0,0
2025-11-13,3.8105417771240417,2.5779078475995023,2.2849163847031653,4.682865068358781,0.6880182897648772,0.0,0
2025-11-14,2.384955856859457,2.476967644952659,1.9814913913470185,4.20318139027586,0.5293676424379838,0.0,0
2025-11-17,2.300029448258653,2.3489990416313424,3.0921800819458247,4.094716348761959,0.5074386820729222,0.0,0
2025-11-18,2.0388133078578963,2.100317083450264,2.0188973835067827,4.343628669521365,0.4526680655262892,0.0,0
2025-11-19,1.0494948642923945,1.1224769803048162,1.6259614760232552,4.191171483789729,0.237781127657903,0.0,0
2025-11-20,3.174560962657049,2.784987462189542,2.6349111142591477,4.5236737224864285,0.6488466453009389,0.0,0
2025-11-21,2.827260843564921,2.228448414428173,2.6199280348719203,4.200617195094381,0.5496321555339604,0.0,0
2025-11-24,3.5812215419648146,3.151900591119026,2.0616766371408923,4.065295899309483,0.7342995156527349,0.0,0
2025-11-25,2.882287784878866,2.454751935447729,2.41966803818842,3.567482955985134,0.5814991782394927,0.0,0
2025-11-26,2.016100839926423,2.101402283911784,2.8161338103854257,3.46708995835084,0.4512256592207672,0.0,0
2025-11-28,1.4686625714016015,1.7478651531273193,2.371383793734016,3.68635580785184,0.3577974981290637,0.0,0
2025-12-01,3.1833735382374737,2.0644291105183163,2.0930759772855136,3.3081536412903323,0.5760149616619906,0.0,0
2025-12-02,1.5254030770268197,1.8977519789943385,1.8019579706329785,3.238601973579209,0.381151674315906,0.0,0
2025-12-03,2.081212115733513,2.449716256596369,2.4650088488479427,3.631141902506593,0.503885920414528,0.0,0
2025-12-04,2.3590790095208813,1.82763164731519,1.8715647657842995,3.200832945766423,0.4613211717553169,0.0,0
2025-12-05,1.023323825330586,0.9171973591842588,1.96992025063266,3.2660021495437097,0.2145090783451349,0.0,0
2025-12-08,1.9403782559125915,1.848569075933012,1.6519083512466186,3.680931450878729,0.4217555357580937,0.0,0
2025-12-09,1.3410883644536813,1.2867862267850942,1.4279886187952038,3.47976067053995,0.2925661501456965,0.0,0
2025-12-10,2.3449235218926434,2.176908184349356,2.2739952221654565,3.5577432416814,0.5030100712393588,0.0,0
2025-12-11,3.654105733145857,3.43765954409193,2.0541909210870286,3.7380414041979466,0.7891514768222987,0.0,0
2025-12-12,3.912446952375095,3.0715963503984938,2.282757909428629,3.245844237119077,0.7736813345485248,0.0,0
2025-12-15,0.9113541349390196,1.1700810456320747,2.332644754330965,3.273079318377166,0.2334044188423485,0.0,0
2025-12-16,2.8503284302293457,2.03895332294252,2.793159396196098,2.8692108036644437,0.5403910116714875,0.0,0
2025-12-17,2.31000984181755,2.177672220717288,3.2288152340818645,2.8445998403289425,0.499402192653763,0.0,0
2025-12-18,2.367117879504932,1.8509910431405348,2.9164636675635225,2.909167001475125,0.4672295068193968,0.0,0
2025-12-19,1.7901909774194962,1.9602017130273208,3.882415797543992,2.670382943630756,0.4189116286057301,0.0,0
2025-12-22,3.063354927451752,3.145898845156701,3.818460970684451,2.8929975605472955,0.704353046502024,0.0,0
2025-12-23,1.7428388664701926,1.7160828396768866,3.3997051517062102,2.7959056117959475,0.3921039097593398,0.0,0
2025-12-24,1.8513441512435316,1.514927445429692,3.2158241408200703,2.772976843259493,0.3804813645300114,0.0,0
2025-12-26,1.2643159895048357,1.2714662060332702,2.8787292083799603,2.870539075611708,0.2875532280041789,0.0,0
2025-12-29,3.4214188778976387,4.854248432631719,1.702026684515228,2.615221573525512,0.9435309529880652,0.0,0
2025-12-30,1.0296441572282915,0.7397972116973521,1.807433197015876,2.4762576357597714,0.1995878816438693,0.0,0
2025-12-31,2.027703880191491,1.4157602265295244,1.66594385943775,2.233607918903339,0.3882400855530509,0.0,0
2026-01-02,3.685989171192872,4.289297484751745,2.116764768098545,2.726930828281749,0.9038481850204674,0.0,0
2026-01-05,2.9922363565091543,3.4196891075176183,2.264355317331722,2.63345762719151,0.7264806004777793,0.0,0
2026-01-06,2.0519720085941344,2.511609800061997,2.6543010682473143,3.046218072736589,0.5175735255197969,0.0,0
2026-01-07,2.6320591587163715,2.5702553535029207,2.0278168759823467,2.999357330512789,0.5880810753875896,0.0,0
2026-01-08,2.4802170450360665,2.001224355642646,2.311938372892288,2.7199338772122053,0.5051866079651081,0.0,0
2026-01-09,2.446455790246744,1.8897334277301,2.090952560808111,2.846823779346707,0.488504704541113,0.0,0
2026-01-12,2.499747862221973,2.435353790481018,1.9014530409377637,2.859696852040633,0.5578557168203677,0.0,0
2026-01-13,2.053645972465368,1.941159059417828,2.2041221200092225,3.0380187938485776,0.4513668928155483,0.0,0
2026-01-14,2.6639729893638364,2.1949828949077665,2.642587972752219,3.1030672089844527,0.5479094979153709,0.0,0
2026-01-15,2.2595898332294126,2.2008504092885026,3.177470183418738,3.317605749614684,0.5041989985890921,0.0,0
2026-01-16,2.591890798116289,1.7643302912615697,3.621771674391276,3.222636092521606,0.4898759161231327,0.0,0
2026-01-20,7.026346172607576,5.602583444827253,4.239280150063271,3.813100596484732,1.3924251403162335,0.0,0
2026-01-21,3.106091465950507,2.922922851587702,4.43857739609777,3.7881701432017594,0.6671793321954621,0.0,0
2026-01-22,2.5113065195593163,2.496756430118644,4.176918027501733,3.663410195418651,0.5548754719150262,0.0,0
2026-01-23,2.539990270794105,2.6366844369810347,3.771006784350087,3.7750613259622288,0.5741060366093145,0.0,0
2026-01-26,5.993893428295387,3.9043774108411182,3.887707077376081,4.004646894850398,1.0703445714010478,0.0,0
2026-01-27,3.7607065145428327,3.832885923319493,4.08795275291684,4.129682380861751,0.8316270592656689,0.0,0
2026-01-28,4.1013477526296604,4.801670091564395,6.226832448965894,4.391675558083565,0.9882171032567164,0.0,0
2026-01-29,1.8654840656824567,1.9803749298319595,5.93237956649742,4.574925679468721,0.4259953946851538,0.0,0
2026-01-30,9.07696934689156,10.455324457061447,3.868861304507306,3.308689977522904,2.138852578292599,0.0,0
2026-02-02,4.366161076649138,4.910022116505143,2.668974052287218,3.51927906537734,1.0120501103402335,0.0,0
2026-02-03,4.074029527612197,6.117219946521164,3.068231377078696,3.440321837428567,1.1139631835874968,0.0,0
2026-02-04,3.093308897194657,3.161198728592362,2.5717449171864644,3.6448403759317296,0.6776127305176614,0.0,0
2026-02-05,5.20211230478217,4.492166470512657,3.0208621921863785,3.201035081621966,1.0249162404983752,0.0,0
2026-02-06,4.666819477846475,4.780760289574313,3.657654938440007,3.8044550601368177,0.998502383271318,0.0,0
2026-02-09,3.6691419116220425,3.470624556192092,3.424242034153045,3.877973401793074,0.7565693177201485,0.0,0
2026-02-10,3.406593794216581,2.332328020794202,3.1302437773586367,3.408385161738135,0.6032608963501893,0.0,0
2026-02-11,2.9205381621663498,2.991390499199751,3.7344065777857,4.003635857380594,0.633527525531961,0.0,0
2026-02-12,4.895754210298325,4.528030772801428,3.6656514394667217,3.9093451010864313,0.9961808977126076,0.0,0
2026-02-13,2.2045615415795505,2.515396750691146,3.393225088986107,4.311509792259058,0.5016707449428217,0.0,0
2026-02-17,1.864297034411224,3.1188365737140478,2.930969833974702,4.365788498995105,0.5347474889655488,0.0,0
2026-02-18,1.6178340013297126,2.199281619650641,2.6162353290240405,4.291856028883571,0.4075289879463856,0.0,0
2026-02-19,2.161919643001091,1.8358236277211415,2.1111976983214604,4.395720543347903,0.4216609878501894,0.0,0
2026-02-20,1.5579225783064412,1.8885501233633972,2.3285630096933487,4.410252515773636,0.3668868263371683,0.0,0
2026-02-23,3.880768911532797,3.581407967164936,3.063808978483965,4.192178946835803,0.788775768275299,0.0,0
2026-02-24,1.7254700621587538,1.7659424299024171,3.267208786953837,4.140341442045174,0.3700481946797059,0.0,0
2026-02-25,2.369295414162805,1.9937263538842889,3.357032706974316,3.7446736476314912,0.4600802196699064,0.0,0
2026-02-26,2.4806868011597776,2.064790077003628,4.1642236383072255,3.397349230598547,0.4791844188576066,0.0,0
2026-02-27,2.75394099834044,2.924397101939112,3.757195004606703,3.3052257566176024,0.602412855970362,0.0,0
2026-03-02,3.6660262454002384,2.7458678943431893,3.4819296317808432,3.34501093688606,0.6741045931644183,0.0,0
2026-03-03,3.3146474848120917,4.796697824746955,3.3997942144509024,2.75135791716526,0.8656690775895205,0.0,0
2026-03-04,2.1585876234091086,1.9797828229080752,2.339156879861536,2.846839417365284,0.4366727696805521,0.0,0
2026-03-05,4.094913077416672,3.814343647905532,2.557911128386717,2.837293590538427,0.8348956056402395,0.0,0
2026-03-06,4.121848547359539,3.9474415836405536,2.675927104321373,3.060985471052076,0.8523852403183472,0.0,0
2026-03-09,3.445890779967142,3.3058583866742426,3.0891323575450693,2.9136841657290136,0.7132405846427486,0.0,0
2026-03-10,3.670355289096564,2.7054198220313808,2.6899715845787657,2.6517504909872,0.6690813367969546,0.0,0
2026-03-11,2.990907239787882,2.101027461745485,2.711856081668169,2.8046662990473323,0.5337174836651182,0.0,0
2026-03-12,3.816813403670395,3.3704369943634758,3.683384527730117,3.3401820735596277,0.7576599754970591,0.0,0
2026-03-13,2.3020096054637675,2.3756739566580496,3.064469497335922,3.263898780799376,0.4950511692047864,0.0,0
2026-03-16,2.7113123205211007,2.241303023625376,2.943013278208819,3.0556165059005056,0.521224513081658,0.0,0
2026-03-17,1.2626290020417648,1.1646874270635663,2.9038180291313678,3.014151558618639,0.2561626830830118,0.0,0
2026-03-18,3.2414295323348377,3.754841101060256,3.2446553528573165,3.6206079865787575,0.7425842448842279,0.0,0
2026-03-19,3.2303183833966087,4.59881969342658,3.825977087514052,4.360110259993656,0.8302086730212205,0.0,0
2026-03-20,5.010207513581703,4.067987825710802,4.990765131289951,5.211389734320804,0.944265619719206,0.0,0
2026-03-23,3.585325366411883,3.666887011840251,5.362603996800582,5.381175147227956,0.75885538696427,0.0,0
2026-03-24,2.3878404491496354,2.7459923182461914,5.313167908760241,5.713282983643581,0.5388200535709489,0.0,0
2026-03-25,2.226264227407123,2.693423265573841,4.558285206521347,5.334718500579286,0.5170158526419706,0.0,0
2026-03-26,3.803769855440931,4.075105901783387,5.756904526233591,5.1606824621708975,0.8254177932501964,0.0,0
2026-03-27,3.210479496038959,3.899100011952718,5.541874568266345,5.108291942967447,0.7472274366033318,0.0,0
2026-03-30,3.823025622008784,3.296626615016017,5.442898005797004,4.624409146917869,0.7416996314658115,0.0,0
2026-03-31,4.456778725802646,4.694276109221727,3.6496604629123937,3.3426707597370324,0.9505091592740856,0.0,0
2026-04-01,1.9667582944046729,2.2407173110166942,3.675159533782773,3.4010842366520424,0.4377816305881995,0.0,0
2026-04-02,1.5469215879699802,2.206733762584965,3.916574837514364,3.772917480538296,0.3924687345128661,0.0,0
2026-04-06,1.7234065929671074,1.5007738245963211,4.752234560869194,3.6125349045718576,0.3334860104165433,0.0,0
2026-04-07,1.367631570582676,1.6813823026159789,3.989082265313543,3.899259156814366,0.3203805443481609,0.0,0
2026-04-08,3.984324756493301,4.459327792033824,4.253572222374574,3.428753063350076,0.8915960550098353,0.0,0
2026-04-09,1.251056123966006,1.5613241982090456,4.162943847415663,3.54792274948755,0.2982498167718687,0.0,0
2026-04-10,1.9214692790775447,2.272309919026058,4.6629794563504685,3.640187712584352,0.4488171136046408,0.0,0
2026-04-13,1.9089823364204133,1.9184564628256529,4.098133777532974,3.5711330464333533,0.4132337166706263,0.0,0
2026-04-14,2.4206451141469456,2.6351350389931025,3.5047521534196475,2.9530547112037087,0.5523577429606632,0.0,0
2026-04-15,3.041232303358326,3.262797787818469,3.3401336474022254,2.632321642460625,0.6958953764773317,0.0,0
2026-04-16,1.1773232617738405,1.0021648601733526,2.983740607595296,2.76205872211706,0.2411263287646365,0.0,0
2026-04-17,2.7271142962626933,3.073404596114168,3.280837068976933,2.4972424402698605,0.6400107090912421,0.0,0
2026-04-20,1.468103766903153,1.784692112477279,3.537874483923399,3.1984752411884725,0.3586430558250802,0.0,0
2026-04-21,1.8468171894095124,2.88401980261329,3.193438078840784,4.124044305473444,0.5203818554840629,0.0,0
2026-04-22,1.8696740444767657,1.8129372315926373,3.4350998944171423,4.189265381426437,0.406915187590726,0.0,0
2026-04-23,2.072752248428767,2.9184715162304804,3.198567195016815,4.75993455198352,0.5495519475468884,0.0,0
2026-04-24,2.897900549916626,2.708660573212821,4.520601386235791,5.206063378408836,0.619723203987461,0.0,0
2026-04-27,1.7426041928021223,1.7470458920873544,4.49706450152676,4.893749704444325,0.3854700135125803,0.0,0
2026-04-28,2.7176650724435247,2.8125445980002013,4.602360396065216,3.6240701565011455,0.6106855104514048,0.0,0
2026-04-29,2.447484103863018,2.7881798266651256,4.283546657316066,3.5659942675238523,0.5776266601242273,0.0,0
2026-04-30,2.541792042990091,2.98757353500371,4.075292599257717,4.000128787739165,0.6098467501817846,0.0,0
2026-05-01,5.1433079817956,3.774844118085853,4.361798616118232,4.635114686451133,0.9740006734572988,0.0,0
2026-05-04,2.153755548257404,2.7511590631091,4.536749192888742,4.550999357438054,0.5346669747738956,0.0,0
2026-05-05,2.111997912740222,2.538962914125594,4.756469674618461,4.7736868066172775,0.5070903997319216,0.0,0
2026-05-06,3.203453490465339,3.524043815521114,4.083688580669867,4.713797392469795,0.7395490325899287,0.0,0
2026-05-07,3.1642145630103924,3.2375479099977635,3.8295458791324974,4.4493510717102245,0.7037256376130615,0.0,0
2026-05-08,3.638384136627432,3.680536470994805,4.38797946694492,4.560237742572512,0.8045431447665647,0.0,0
2026-05-11,2.3818928967743185,2.527823057297357,4.748400404085892,4.464502830408844,0.5397156866230948,0.0,0
2026-05-12,2.8851114925998305,2.45104861939918,4.201100754648968,4.1489814653696255,0.5865539938165363,0.0,0
2026-05-13,1.736304124089798,1.8969498598713872,4.29745915039783,4.339362230864097,0.3994002065174351,0.0,0
2026-05-14,1.475534635532849,1.5508936597532994,3.9577961335815455,4.218669092181619,0.3326884933068903,0.0,0
2026-05-15,3.327304279612651,3.4492922188277526,4.215146784965571,4.332224455960695,0.7449329497571835,0.0,0
2026-05-18,2.391306830088975,2.2431653661258526,3.8289110624677263,4.150866870559687,0.5094394275990891,0.0,0
2026-05-19,1.6271461510743517,2.1197052270068824,3.623130882123624,4.471219767423107,0.411909859756758,0.0,0
2026-05-20,2.725834702389322,3.242990126390766,3.5024696423021404,4.335503993800487,0.656164363238729,0.0,0
2026-05-21,2.06144826094738,1.9950445668411825,3.243186806993818,4.475748421934273,0.4459099174436506,0.0,0
2026-05-22,1.75737794478631,2.064156087596964,3.232032261692965,4.962880411459788,0.4201069296139917,0.0,0
2026-05-26,3.5564465277739306,4.009692761402592,3.910653342736861,5.5106633202534425,0.8317465918213639,0.0,0
2026-05-27,1.711971907036534,1.9563182136732156,3.92287271534108,5.327083505678414,0.4032572245935303,0.0,0
2026-05-28,1.652321210874213,1.5054184231628025,3.0785250154443315,5.123544036703907,0.347108077909605,0.0,0
2026-05-29,1.684135469069559,1.7233629375938615,3.0886255489835555,4.976892686641912,0.3745756082896987,0.0,0
2026-06-01,1.7735051452883053,1.9043898622739543,3.2454620664774247,4.988509390850166,0.4043054168195852,0.0,0
2026-06-02,3.492347426619216,5.013134372531351,4.390573000143882,5.932892161086035,0.9350766791417374,0.0,0
2026-06-03,2.4367962061865223,3.144622795713687,4.325525332960746,5.833558630950704,0.6135911875952225,0.0,0
2026-06-04,3.601928764454158,3.639342279856041,3.94526854495913,5.433537103431453,0.796007113165707,0.0,0
2026-06-05,9.028187632686674,7.08528256204727,4.829652021358577,5.328078913522477,1.7197210175448108,0.0,0
2026-06-08,3.2825727933688515,4.388502609906076,4.675210088120393,5.476979596185382,0.8216247398016026,0.0,0
2026-06-09,2.3893073918384307,2.419685747686884,4.64407051382386,5.214247554166339,0.5141216460672335,0.0,0
2026-06-10,3.38703100485987,3.949916164259028,5.224634093934447,5.429032269791824,0.7851248066813938,0.0,0
2026-06-11,3.28371728352824,5.155650588930797,5.47280029153287,5.523960950695508,0.898708757498673,0.0,0
2026-06-12,1.8800501785266963,1.915048185187122,5.614586755107928,5.229664728241687,0.4034597355161603,0.0,0
2026-06-15,2.720449165024596,3.536347298553338,5.3990998035024536,5.270999527467537,0.6658042105673152,0.0,0
2026-06-16,3.467033442388208,4.097121158537453,5.042619044006569,4.535149636533286,0.8046235344872987,0.0,0
2026-06-17,3.030667227759137,4.041051766720073,5.508976863401976,4.705382701196275,0.7525969362511293,0.0,0
2026-06-18,2.8277018844301,3.754004341261566,5.416112334837464,4.834700617073973,0.7004362046483976,0.0,0
2026-06-22,3.246057985977006,4.445698695876265,6.034790257997239,5.361464341830862,0.8186684133288091,0.0,0
2026-06-23,3.47394838132416,4.939051533795148,5.12688588280682,4.87551397425593,0.8941648222868571,0.0,0
2026-06-24,4.2676121491693575,3.606295229542961,5.379381536800909,4.988602577908212,0.8354413032925524,0.0,0
2026-06-25,2.532660643447308,4.169386701616103,5.815798652777718,5.693071264042587,0.7126480680099426,0.0,0
2026-06-26,3.80548936608092,4.775742205143265,5.066775711428083,4.881674095016024,0.9099678830927947,0.0,0
2026-06-29,2.970460339392555,2.927723740780144,5.082470231317802,5.050707151729465,0.625081983482225,0.0,0
2026-06-30,3.1556766434684684,2.5373445586935404,4.809692171924548,5.165217699331376,0.6030372669959618,0.0,0
2026-07-01,3.4995358440027893,4.716047904880464,3.5799797285963897,4.390621729190792,0.8706951611343828,0.0,0
2026-07-02,3.612902217582397,4.893608142713657,3.9290021181639054,4.020289281785816,0.8988810540377474,0.0,0
2026-07-06,2.350802563683436,1.9677636721633824,2.8739542444309474,3.56315950969357,0.4561530982735385,0.0,0
2026-07-07,2.702025653991592,3.554082196159146,2.721077764978477,3.4463058291262483,0.6610651034322375,0.0,0
2026-07-08,2.308160403420476,2.6228368281973866,2.336861552407864,3.4698811610883533,0.520979208899959,0.0,0
2026-07-09,1.544260565733309,1.9402921884009428,1.8605233793110596,3.378094356232696,0.3681884119611749,0.0,0
2026-07-10,1.6486259765185538,1.426459948036748,2.1427345936225164,3.580393740737948,0.3248184275706278,0.0,0
2026-07-13,2.792084404658198,3.505883198339572,2.774224098647607,3.996997815148737,0.6654619942254286,0.0,0
2026-07-14,2.129389702272752,1.8489356879014944,2.2454149729932027,3.7619721653992175,0.4202280344727825,0.0,0
2026-07-15,2.2524686639012788,3.087779605415277,3.636988280055871,3.516277642172881,0.5643085657892432,0.0,0
2026-07-16,1.8266979676224164,2.9470768180768068,3.765311025504881,3.662510193554973,0.5045171253498124,0.0,0
2026-07-17,3.872211441444872,1.8948940054450396,3.9258339512456137,3.2910354979362437,0.6088886838613776,0.0,0
2026-07-20,1.7445088607220356,1.53152015202314,4.53094092437996,3.475067989134934,0.3460481870675132,0.0,0
2026-07-21,2.3483977879642115,3.039034400014143,4.105780795739103,2.9642855865186397,0.5692667407966251,0.0,0
2026-07-22,2.272515491379309,2.093682637128698,3.1833831730803315,3.203163805540623,0.4612223600743491,0.0,0
2026-07-23,2.540088773708592,3.4379155799586023,3.295484447607252,3.6770765022928673,0.6316939862050467,0.0,0
2026-07-24,2.3259886845315347,3.10867266034622,4.691189542931638,3.5470181395116094,0.5742729584230151,0.0,0
2026-07-27,1.7966195990244405,1.914235724588386,3.71243348405116,3.448689364331313,0.3920446435892697,0.0,0
2026-07-28,2.8898653582970715,3.7351002492414542,4.978059566048455,3.84854023571562,0.7000308243049296,0.0,0
2026-07-29,6.051144637410792,4.82774805891199,5.785904196962575,4.210828342555425,1.1298746942559477,0.0,0
2026-07-30,3.7813695864191104,4.108641352617119,3.669249597727898,3.5180851061827543,0.8208108372999552,0.0,0
2026-07-31,9.001751785670477,4.04776696811635,3.675097570132427,3.5555969643003498,1.3352103982043833,0.0,0
2026-08-03,5.773695330146937,4.315211377084519,4.09872398667667,4.002206058632419,1.026069824949607,0.0,0
2026-08-04,4.3567383922927965,5.031306528981151,2.6622162856976237,3.673340111366791,0.9669366453204796,0.0,0
2026-08-05,4.237922364130057,3.960386735961352,2.701167655995534,4.007480320532701,0.8428370491119122,0.0,0
2026-08-06,2.2229412508294515,2.6192182463358358,3.224565829011566,4.016440590121735,0.4988130134184206,0.0,0
2026-08-07,2.554319905774791,2.2452962552376734,2.711262781754976,3.3124082274069173,0.4931663863151334,0.0,0
2026-08-10,2.347064038625408,2.718529307167204,2.836965429019939,3.360055388314928,0.5217523344826343,0.0,0
2026-08-11,2.2847917225288583,2.187272762544152,2.6385815837857485,3.2434463132724414,0.459853010182551,0.0,0
2026-08-12,1.1366983087903058,1.5894865937277052,2.4084134264358887,3.0054462311101124,0.2812504614564269,0.0,0
2026-08-13,2.351231477177785,2.5702068512823315,2.294898994320522,2.7831521414581144,0.5066488657835669,0.0,0
2026-08-14,1.6657069608874395,1.5002144437107408,2.971999393276336,2.6120441490165875,0.3253713311743046,0.0,0
2026-08-17,2.507020273910665,2.2933397285696717,2.958341960137399,2.5164906351729166,0.4934146252754448,0.0,0
2026-08-18,1.9163695384466304,2.749754608754329,2.213746710375772,2.763768710013099,0.4814920274437498,0.0,0
2026-08-19,5.307777336726528,4.646712455653481,2.515320282587648,2.373162456742274,1.0126843728873516,0.0,0
2026-08-20,3.5921313956928813,2.684052814393667,3.109925155191846,2.7337367314474594,0.6371321427786234,0.0,0
2026-08-21,2.638236553818331,2.5752659305243824,3.4543804029951604,2.6127825314398567,0.5311570711189968,0.0,0
2026-08-24,1.722123858426484,1.9045418129727396,3.2421297717375284,2.9129898093662856,0.3701114898483025,0.0,0
2026-08-25,2.1682572389309187,1.5525114039040673,3.4690388476537564,2.751218642244017,0.3775038121619053,0.0,0
2026-08-26,1.432497870762124,1.5495577921013024,3.724633015345901,2.9195515992174164,0.3042365139954739,0.0,0
2026-08-27,1.5483856986336009,1.7019700113573712,2.860183234683478,2.8992368112047173,0.3316807142026081,0.0,0
2026-08-28,2.865215573344127,3.218548084126739,2.251167641386668,3.5541771985314066,0.6209956201593863,0.0,0
2026-08-31,1.8828742887369008,1.5729730090601337,2.629605865454242,2.961474860291933,0.3513468228261036,0.0,0
2026-09-01,1.8901134500340704,2.625793051386515,2.937551024089706,3.079807754032099,0.4622615166869849,0.0,0
2026-09-02,1.45201226198153,1.697282920581758,2.767101310040617,3.401705100470499,0.3216337018086035,0.0,0
2026-09-03,2.644317936176918,2.8594914574808907,2.2919225497403315,3.3366225086358803,0.5615094982581221,0.0,0
2026-09-04,5.918509983061754,4.6748408948036495,2.692629995223234,3.883703367217892,1.0684890482314515,0.0,0
2026-09-08,3.3411996045788133,3.209951120027128,3.365854214079513,4.334033568294716,0.6629476536830468,0.0,0
2026-09-09,1.7839162538579605,1.7361688272612206,3.6905719091392464,3.960609875221864,0.3562946735892803,0.0,0
2026-09-10,3.086746506969883,2.6250273533599,4.210730682449982,4.582061064811706,0.5768240788794523,0.0,0
2026-09-11,2.651941226817128,2.1882565045672644,4.502516297674923,4.483839023505007,0.4885582673767906,0.0,0
2026-09-14,2.883512762558979,4.083192333675531,4.577393558108756,4.662741852809073,0.709559368355978,0.0,0
2026-09-15,1.8860990996697655,2.1165215429057893,4.826297002491796,4.698630338215209,0.4061050822444709,0.0,0
2026-09-16,2.991727868273937,2.558016388616931,4.735928751410278,5.10242775226544,0.5605116949471558,0.0,0
2026-09-17,3.019284610021753,2.5105636521771126,4.17791082851862,4.85320833088182,0.5582415837052893,0.0,0
2026-09-18,1.6765340522565817,1.8935467153942331,4.014540174428116,4.927755147667271,0.3622587932933767,0.0,0
2026-09-21,4.007889840004198,3.7423906537473615,3.950363864455773,4.956026837274172,0.7839190515930773,0.19999999999999996,1
2026-09-22,1.7181651769106625,1.9573247927609936,4.342998207966571,4.5940391322762295,0.3730083292181202,0.3999999999999999,1
2026-09-23,3.6242545892125686,2.744190207387906,4.792592361283787,4.695864238943668,0.6418968390681912,0.6,1
2026-09-24,2.613754399069159,2.291904498222997,4.179351535359005,4.443674963259664,0.495669985896499,0.8,1
2026-09-25,1.9797291458280293,1.6690919401255535,3.922318940078807,4.039186632980111,0.3684359733806749,1.0,2
