target,window,variable,coef,p_value,t_value
QQQ_1W_FWD_SUM,3y,const,0.1455402915564007,0.028639349838874197,2.192955734070518
QQQ_1W_FWD_SUM,3y,VIX,0.0012363231459604214,0.03784691502261389,2.080461133127441
QQQ_1W_FWD_SUM,3y,US10Y,0.014033984278659085,0.15409729345094356,1.4267540877288167
QQQ_1W_FWD_SUM,3y,USDJPY,-0.001473392973167655,1.1683353541747513e-05,-4.415307836672405
QQQ_1W_FWD_SUM,3y,RET_QQQ,0.09108403783152746,0.7680146685764296,0.29508749162604175
QQQ_1W_FWD_SUM,3y,RET_SOX,-0.0046720279157303896,0.9266705240874807,-0.09206783337221544
QQQ_1W_FWD_SUM,3y,RET_SP500,-0.44978074482107244,0.263329442870892,-1.119457705347822
QQQ_1W_FWD_SUM,3y,RET_NASDAQ,0.2269303945166623,0.7202474221879789,0.35827269136677475
QQQ_1W_FWD_SUM,3y,RET_DOW,0.17395667517395755,0.6174045927195357,0.4997553987311521
QQQ_1W_FWD_SUM,3y,RET_VIX,-0.01830813935926176,0.3833200347266762,-0.8723444582248346
QQQ_1W_FWD_SUM,3y,RET_US10Y,0.015252279513570978,0.9307860148716016,0.08688725331260233
QQQ_1W_FWD_SUM,3y,RET_USDJPY,-0.19404667934184833,0.2312631962512489,-1.1981538972615258
QQQ_1W_FWD_SUM,3y,RET_GOLD,0.02518404475934339,0.7389423053227222,0.33338679752340533
QQQ_1W_FWD_SUM,3y,RET_TLT,0.13090157431901134,0.6190313830799132,0.497445473776048
QQQ_1W_FWD_SUM,3y,RET_QQQ_MA20,-29.768911798545375,0.4416905987081306,-0.7697797673666503
QQQ_1W_FWD_SUM,3y,RET_SOX_MA20,-6.655899135289197,0.27268795012247515,-1.0977585143753221
QQQ_1W_FWD_SUM,3y,RET_SP500_MA20,155.0136908046022,0.0042344767372916765,2.869564430689783
QQQ_1W_FWD_SUM,3y,RET_NASDAQ_MA20,0.9967674500906926,0.8409380726586047,0.20076840285470537
QQQ_1W_FWD_SUM,3y,RET_DOW_MA20,1.7094606227297169,0.48237572881165275,0.7028620584924418
QQQ_1W_FWD_SUM,3y,RET_VIX_MA20,0.03786869752347097,0.8404146423586255,0.20143808454053858
QQQ_1W_FWD_SUM,3y,RET_US10Y_MA20,1.7688432244666823,0.38275391187097973,0.8733836964107694
QQQ_1W_FWD_SUM,3y,RET_USDJPY_MA20,1.0566756667783201,0.44480816024783765,0.764532214935108
QQQ_1W_FWD_SUM,3y,RET_GOLD_MA20,-1.980236106209401,0.0005396048732080078,-3.4764078669869574
QQQ_1W_FWD_SUM,3y,RET_TLT_MA20,1.6398953637916582,0.562503524825691,0.579403643017182
QQQ_1W_FWD_SUM,3y,RET_QQQ_MA60,-19.139475095652482,0.05943354924650055,-1.8880470253865105
QQQ_1W_FWD_SUM,3y,RET_SOX_MA60,-1.0412589094361975,0.500934263902685,-0.6733703771899143
QQQ_1W_FWD_SUM,3y,RET_SP500_MA60,4.099076110308971,0.7226032876118175,0.3551247153658734
QQQ_1W_FWD_SUM,3y,RET_NASDAQ_MA60,10.134132223923805,0.38037510545796077,0.8777608536337244
QQQ_1W_FWD_SUM,3y,RET_DOW_MA60,-2.9798253083288704,0.5961685937674934,-0.5301611147184894
QQQ_1W_FWD_SUM,3y,RET_VIX_MA60,-0.5016340478661274,0.24043934203816197,-1.1748886324068128
QQQ_1W_FWD_SUM,3y,RET_US10Y_MA60,7.256492260446455,0.1460099707226107,1.4553910678723392
QQQ_1W_FWD_SUM,3y,RET_USDJPY_MA60,10.307209184755713,0.006974673105378112,2.706062706056738
QQQ_1W_FWD_SUM,3y,RET_GOLD_MA60,-2.28395739650884,0.05838619726487575,-1.8958943357755877
QQQ_1W_FWD_SUM,3y,RET_TLT_MA60,17.019143287808845,0.018417728619288122,2.3626505178451906
QQQ_1W_FWD_SUM,3y,MRDI_Short,-0.004614868531549783,0.5373309734141021,-0.6171587834074977
QQQ_1W_FWD_SUM,3y,MRDI_Long,0.005353542385370662,0.47688385588753185,0.7117067179666909
QQQ_1W_FWD_SUM,3y,MA20_MRDI,0.0015098692783729513,0.30241732520400266,1.0320250396064539
QQQ_1W_FWD_SUM,3y,MA60_MRDI,0.0019770189779880916,0.20868679380243685,1.2583460001442635
QQQ_1W_FWD_SUM,3y,RiskScore,-0.005392891091154083,0.9352239267634543,-0.08130342106788511
QQQ_1W_FWD_SUM,3y,RET_QQQ_20D,0.5555734402534409,0.553673161429734,0.5925512278202079
QQQ_1W_FWD_SUM,3y,RET_SP500_20D,-3.6354276142364923,0.006896305757859993,-2.709852965297763
QQQ_1W_FWD_SUM,3y,dQQQ_D,0.09108403764916562,0.7680146690281598,0.2950874910344408
QQQ_1W_FWD_SUM,3y,dQQQ_W,-0.12350928533044317,0.5307074919010293,-0.6272388683146174
QQQ_1W_FWD_SUM,3y,dQQQ_M,0.5555734402523981,0.5536731614302546,0.5925512278194298
QQQ_1W_FWD_SUM,3y,RET_SOX_20D,0.19984475101743382,0.16774942405725707,1.3809052621510949
QQQ_1W_FWD_SUM,3y,dSOX_D,-0.004672026710345507,0.9266705429581347,-0.09206780961226775
QQQ_1W_FWD_SUM,3y,dSOX_W,0.05982894254455062,0.2658213605445643,1.1136285549775915
QQQ_1W_FWD_SUM,3y,dSOX_M,0.19984475101697724,0.16774942405842042,1.3809052621473104
QQQ_1W_FWD_SUM,3y,dSP500_D,-0.44978074629772125,0.2633294413365422,-1.1194577089487194
QQQ_1W_FWD_SUM,3y,dSP500_W,0.0008677174744442379,0.9967168452977027,0.00411630778961159
QQQ_1W_FWD_SUM,3y,dSP500_M,-3.6354276142952937,0.006896305758158972,-2.709852965283229
QQQ_1M_FWD_SUM,3y,const,0.8485111776962235,8.24954783810377e-17,8.551482769608466
QQQ_1M_FWD_SUM,3y,VIX,0.00214504502502074,0.005596845165860361,2.779520064951172
QQQ_1M_FWD_SUM,3y,US10Y,-0.061782664478054965,1.7156124428213524e-05,-4.330510820755656
QQQ_1M_FWD_SUM,3y,USDJPY,-0.0038416565859115265,1.4672296228747913e-16,-8.477519241666226
QQQ_1M_FWD_SUM,3y,RET_QQQ,-0.20580645816225834,0.6123610144028422,-0.5069442066031005
QQQ_1M_FWD_SUM,3y,RET_SOX,-0.005412429018936905,0.935943158067431,-0.08040001728167043
QQQ_1M_FWD_SUM,3y,RET_SP500,-0.3371690695342234,0.5173885972683526,-0.647719508779389
QQQ_1M_FWD_SUM,3y,RET_NASDAQ,0.8799503138474463,0.2897118620221519,1.0595937497681502
QQQ_1M_FWD_SUM,3y,RET_DOW,0.5024808427073634,0.2654275601507677,1.1145873033235096
QQQ_1M_FWD_SUM,3y,RET_VIX,-0.010487717753514645,0.7005466892951794,-0.3847476182537888
QQQ_1M_FWD_SUM,3y,RET_US10Y,0.38162182343842854,0.0929739564481597,1.682317331991737
QQQ_1M_FWD_SUM,3y,RET_USDJPY,0.34267728688533694,0.10521434889709284,1.6222808833145035
QQQ_1M_FWD_SUM,3y,RET_GOLD,0.05300391337033872,0.5940259572471027,0.5332668806593578
QQQ_1M_FWD_SUM,3y,RET_TLT,0.17991872641015308,0.598063503474822,0.5274391889467981
QQQ_1M_FWD_SUM,3y,RET_QQQ_MA20,-116.51764091450832,0.01962994145002929,-2.3389792582170315
QQQ_1M_FWD_SUM,3y,RET_SOX_MA20,32.05451497223625,5.6174961598875045e-05,4.054409973518799
QQQ_1M_FWD_SUM,3y,RET_SP500_MA20,-154.55878392066202,0.02698159916160095,-2.2166641555284654
QQQ_1M_FWD_SUM,3y,RET_NASDAQ_MA20,30.970918149361616,1.8214749571435674e-06,4.815014757420956
QQQ_1M_FWD_SUM,3y,RET_DOW_MA20,25.480085812142317,5.5037170360477966e-15,7.999722366339617
QQQ_1M_FWD_SUM,3y,RET_VIX_MA20,0.6839495583390057,0.005325484167143658,2.795812626909215
QQQ_1M_FWD_SUM,3y,RET_US10Y_MA20,-15.805125598863896,1.2439320237827394e-08,-5.765464509155642
QQQ_1M_FWD_SUM,3y,RET_USDJPY_MA20,8.036758617741244,1.5542033333228533e-05,4.352829714558861
QQQ_1M_FWD_SUM,3y,RET_GOLD_MA20,-1.806579253298501,0.01865169199339846,-2.358177416254043
QQQ_1M_FWD_SUM,3y,RET_TLT_MA20,-17.20729384736602,1.0545003499910698e-05,-4.43951410114357
QQQ_1M_FWD_SUM,3y,RET_QQQ_MA60,24.13809471140571,0.0711496930169231,1.8073955696264505
QQQ_1M_FWD_SUM,3y,RET_SOX_MA60,11.392321086570892,4.3747466082725014e-08,5.539029186481311
QQQ_1M_FWD_SUM,3y,RET_SP500_MA60,169.1884239038286,1.6808876548130718e-26,11.126086384697647
QQQ_1M_FWD_SUM,3y,RET_NASDAQ_MA60,-144.26101838042285,6.839923027871202e-20,-9.425800586011269
QQQ_1M_FWD_SUM,3y,RET_DOW_MA60,-61.148315497805626,5.137023519462644e-16,-8.314785481857081
QQQ_1M_FWD_SUM,3y,RET_VIX_MA60,-1.8212437652985969,0.0011577426227648835,-3.263178276551032
QQQ_1M_FWD_SUM,3y,RET_US10Y_MA60,8.822599315441392,0.18251859947113075,1.3344250551222427
QQQ_1M_FWD_SUM,3y,RET_USDJPY_MA60,15.569867542641859,0.001958063845185842,3.108817291192964
QQQ_1M_FWD_SUM,3y,RET_GOLD_MA60,-1.0157568443880476,0.5180954355952314,-0.6466265640567308
QQQ_1M_FWD_SUM,3y,RET_TLT_MA60,2.786126287197917,0.7668558240175424,0.29661066936347136
QQQ_1M_FWD_SUM,3y,MRDI_Short,0.025835429671448334,0.010608200538860338,2.562556348128432
QQQ_1M_FWD_SUM,3y,MRDI_Long,0.021108657503942696,0.035952007924088904,2.101710194460037
QQQ_1M_FWD_SUM,3y,MA20_MRDI,0.0020930973221452327,0.2733059926034906,1.0963823386700389
QQQ_1M_FWD_SUM,3y,MA60_MRDI,-0.0040763402123175415,0.060019771468693,-1.883842106444967
QQQ_1M_FWD_SUM,3y,RiskScore,-0.21463869313976536,0.016168471246756293,-2.411202636101653
QQQ_1M_FWD_SUM,3y,RET_QQQ_20D,3.101584426524985,0.010543782613953381,2.5646919251583165
QQQ_1M_FWD_SUM,3y,RET_SP500_20D,2.320640437639507,0.18065246617301475,1.340147186653344
QQQ_1M_FWD_SUM,3y,dQQQ_D,-0.20580645697554226,0.6123610164928583,-0.5069442036228705
QQQ_1M_FWD_SUM,3y,dQQQ_W,0.6092263341144868,0.01802698878797737,2.37090443385164
QQQ_1M_FWD_SUM,3y,dQQQ_M,3.1015844265046946,0.010543782617204844,2.5646919250502314
QQQ_1M_FWD_SUM,3y,RET_SOX_20D,-0.9288504022502184,1.0779547755652709e-06,-4.922379487541382
QQQ_1M_FWD_SUM,3y,dSOX_D,-0.005412429068477821,0.9359431574863882,-0.08040001801253366
QQQ_1M_FWD_SUM,3y,dSOX_W,-0.08338250603229083,0.23524975847253818,-1.1880133006009195
QQQ_1M_FWD_SUM,3y,dSOX_M,-0.9288504022575729,1.077954774394356e-06,-4.922379487761609
QQQ_1M_FWD_SUM,3y,dSP500_D,-0.33716906990077733,0.51738859678861,-0.6477195095214512
QQQ_1M_FWD_SUM,3y,dSP500_W,-0.2883809888304381,0.2954971594934823,-1.046957773143954
QQQ_1M_FWD_SUM,3y,dSP500_M,2.320640437682367,0.1806524661848935,1.3401471866167807
QQQ_6M_FWD_SUM,3y,const,-0.29839917153031387,0.015471422795300926,-2.428308208863766
QQQ_6M_FWD_SUM,3y,VIX,0.0032077406759583914,0.000292397605001873,3.644029669284253
QQQ_6M_FWD_SUM,3y,US10Y,0.1452675494889954,2.541996445969249e-16,8.439118466156758
QQQ_6M_FWD_SUM,3y,USDJPY,-0.0016523256542081916,0.0033625323710722316,-2.944630615920296
QQQ_6M_FWD_SUM,3y,RET_QQQ,-0.21950075983913092,0.6825202366300948,-0.40923163558741815
QQQ_6M_FWD_SUM,3y,RET_SOX,0.07142636913642594,0.34085897225167655,0.9532503484504964
QQQ_6M_FWD_SUM,3y,RET_SP500,-0.4815043522816131,0.40207792853211244,-0.8385289846917574
QQQ_6M_FWD_SUM,3y,RET_NASDAQ,0.34618371392160696,0.7408729236078274,0.3308552250797105
QQQ_6M_FWD_SUM,3y,RET_DOW,0.7489454106456491,0.13779581579460584,1.4860937161529801
QQQ_6M_FWD_SUM,3y,RET_VIX,0.004315720713949418,0.8835422803666081,0.14654453566269957
QQQ_6M_FWD_SUM,3y,RET_US10Y,-0.23811315854207005,0.3213144034890709,-0.9926061881109263
QQQ_6M_FWD_SUM,3y,RET_USDJPY,0.2783716575412074,0.20349270120567461,1.2730947497829197
QQQ_6M_FWD_SUM,3y,RET_GOLD,-0.04766118751400823,0.6597011304059047,-0.4405517378584357
QQQ_6M_FWD_SUM,3y,RET_TLT,0.047280259336248576,0.8952480461434276,0.13172409927570639
QQQ_6M_FWD_SUM,3y,RET_QQQ_MA20,8.738312473870558,0.8827656738037594,0.1475288871965559
QQQ_6M_FWD_SUM,3y,RET_SOX_MA20,10.958421507901473,0.38555542101544793,0.8683596130699636
QQQ_6M_FWD_SUM,3y,RET_SP500_MA20,-37.19917255459694,0.6730823706570891,-0.4221350047529358
QQQ_6M_FWD_SUM,3y,RET_NASDAQ_MA20,37.09869106719145,5.8869629462090546e-05,4.047065854957528
QQQ_6M_FWD_SUM,3y,RET_DOW_MA20,-12.027013201308291,0.0024880439409175215,-3.038031883495663
QQQ_6M_FWD_SUM,3y,RET_VIX_MA20,-0.29062368524336785,0.2881145824675117,-1.0632388890634314
QQQ_6M_FWD_SUM,3y,RET_US10Y_MA20,-14.936797801549819,6.166554142194072e-07,-5.041849487776618
QQQ_6M_FWD_SUM,3y,RET_USDJPY_MA20,-14.222210428318931,2.739138565718512e-11,-6.791892740466572
QQQ_6M_FWD_SUM,3y,RET_GOLD_MA20,-6.025663380607301,1.2293417970553178e-09,-6.176750059656016
QQQ_6M_FWD_SUM,3y,RET_TLT_MA20,-22.66393929665208,9.69262707220888e-08,-5.40055912758764
QQQ_6M_FWD_SUM,3y,RET_QQQ_MA60,125.38626186761523,1.1216661766094582e-14,7.930485529515805
QQQ_6M_FWD_SUM,3y,RET_SOX_MA60,14.196208814830765,2.2125916558771354e-09,6.077164491052892
QQQ_6M_FWD_SUM,3y,RET_SP500_MA60,-102.26436526283072,3.9220979705537765e-09,-5.97883422059754
QQQ_6M_FWD_SUM,3y,RET_NASDAQ_MA60,-110.54938561173836,1.1553258135854749e-09,-6.187194642866504
QQQ_6M_FWD_SUM,3y,RET_DOW_MA60,0.725105324536198,0.9323336945965742,0.08494579694736089
QQQ_6M_FWD_SUM,3y,RET_VIX_MA60,-5.564556382684159,4.871414204557419e-19,-9.232557845355508
QQQ_6M_FWD_SUM,3y,RET_US10Y_MA60,29.654643522588398,0.00010461898278280183,3.9065366804499906
QQQ_6M_FWD_SUM,3y,RET_USDJPY_MA60,14.323906926513107,0.012459431931093256,2.5066566393107834
QQQ_6M_FWD_SUM,3y,RET_GOLD_MA60,7.929233750520938,0.0011231835637486622,3.2740260049331327
QQQ_6M_FWD_SUM,3y,RET_TLT_MA60,75.89650266362769,2.98715790518317e-12,7.1300459314859905
QQQ_6M_FWD_SUM,3y,MRDI_Short,0.012784246781086788,0.292662433752173,1.0532523279730475
QQQ_6M_FWD_SUM,3y,MRDI_Long,0.027188564010056933,0.01942783679278576,2.3437237228535217
QQQ_6M_FWD_SUM,3y,MA20_MRDI,-0.0026461566277859224,0.23843529382723258,-1.180118268845821
QQQ_6M_FWD_SUM,3y,MA60_MRDI,0.015525394873513253,1.9711129279458043e-09,6.096854448396443
QQQ_6M_FWD_SUM,3y,RiskScore,-0.17385137201921397,0.09760938350122393,-1.6592240496670532
QQQ_6M_FWD_SUM,3y,RET_QQQ_20D,-1.9384273869998792,0.19016471709365748,-1.3116224469449744
QQQ_6M_FWD_SUM,3y,RET_SP500_20D,2.1578310800185525,0.3253222993833067,0.9844114579917237
QQQ_6M_FWD_SUM,3y,dQQQ_D,-0.21950074460529223,0.6825202583701804,-0.40923160594383134
QQQ_6M_FWD_SUM,3y,dQQQ_W,0.2986671812611392,0.2944539148750456,1.049347148716413
QQQ_6M_FWD_SUM,3y,dQQQ_M,-1.9384273869750546,0.190164717080104,-1.3116224469851496
QQQ_6M_FWD_SUM,3y,RET_SOX_20D,-0.24749422280915412,0.4174035643285037,-0.8115118197413798
QQQ_6M_FWD_SUM,3y,dSOX_D,0.07142637398286042,0.34085893913488663,0.9532504138837228
QQQ_6M_FWD_SUM,3y,dSOX_W,-0.11250340366427884,0.17063028996145138,-1.3718770518850605
QQQ_6M_FWD_SUM,3y,dSOX_M,-0.24749422280599562,0.41740356433872755,-0.8115118197235546
QQQ_6M_FWD_SUM,3y,dSP500_D,-0.4815043498562821,0.40207793104858547,-0.8385289802054223
QQQ_6M_FWD_SUM,3y,dSP500_W,-0.16982057660638047,0.5701059790840944,-0.5682181895949399
QQQ_6M_FWD_SUM,3y,dSP500_M,2.157831079994451,0.3253222993732614,0.98441145801218
SOX_1W_FWD_SUM,3y,const,0.2881437717682647,0.023173641491303743,2.275569029036617
SOX_1W_FWD_SUM,3y,VIX,0.0024171503539886985,0.03336369761077727,2.1318931063957107
SOX_1W_FWD_SUM,3y,US10Y,0.018326284573367328,0.32914959252559167,0.9765100532354337
SOX_1W_FWD_SUM,3y,USDJPY,-0.002617407249107257,4.407368232348494e-05,-4.111003509646489
SOX_1W_FWD_SUM,3y,RET_QQQ,0.42454560295477595,0.471220234163777,0.720886721074428
SOX_1W_FWD_SUM,3y,RET_SOX,-0.04172194606988698,0.6666561061812887,-0.4309245176738945
SOX_1W_FWD_SUM,3y,RET_SP500,-0.7332883235201159,0.33911616276310624,-0.9565677902420978
SOX_1W_FWD_SUM,3y,RET_NASDAQ,0.014029973072214569,0.9907405115713485,0.011609460236292073
SOX_1W_FWD_SUM,3y,RET_DOW,0.4890798621702814,0.4617173026183845,0.7364280633179895
SOX_1W_FWD_SUM,3y,RET_VIX,-0.004247676829318162,0.9155501074387669,-0.10607900004165347
SOX_1W_FWD_SUM,3y,RET_US10Y,-0.10720800439770331,0.7489898565510507,-0.3200977915042778
SOX_1W_FWD_SUM,3y,RET_USDJPY,-0.05884584342577831,0.8490202811157751,-0.19043919379459454
SOX_1W_FWD_SUM,3y,RET_GOLD,0.07214596191986473,0.6168278794961388,0.5005749306023991
SOX_1W_FWD_SUM,3y,RET_TLT,0.0017829316621776337,0.9971676084859525,0.0035511536547462646
SOX_1W_FWD_SUM,3y,RET_QQQ_MA20,-18.969404451154574,0.7971821231378549,-0.2570936688549168
SOX_1W_FWD_SUM,3y,RET_SOX_MA20,-15.887088401170818,0.17008653450824415,-1.3733415106303584
SOX_1W_FWD_SUM,3y,RET_SP500_MA20,243.1873087832767,0.01857331266050483,2.3595054413901795
SOX_1W_FWD_SUM,3y,RET_NASDAQ_MA20,-7.7463276509762515,0.41376680694506307,-0.8177706737305861
SOX_1W_FWD_SUM,3y,RET_DOW_MA20,0.7465475678486293,0.8722342298733392,0.1608802144771642
SOX_1W_FWD_SUM,3y,RET_VIX_MA20,-0.31761256762506923,0.37618660896890754,-0.8855091367858802
SOX_1W_FWD_SUM,3y,RET_US10Y_MA20,5.299716128334456,0.1706526488026499,1.371521117739717
SOX_1W_FWD_SUM,3y,RET_USDJPY_MA20,-1.703336726710089,0.5185335122138154,-0.6459348949491003
SOX_1W_FWD_SUM,3y,RET_GOLD_MA20,-2.4082559029678388,0.027019591826977742,-2.2159019287505073
SOX_1W_FWD_SUM,3y,RET_TLT_MA20,5.7531615720345215,0.2870704569643513,1.0653831095210338
SOX_1W_FWD_SUM,3y,RET_QQQ_MA60,-80.52099451588819,3.5303439455539474e-05,-4.163188422210052
SOX_1W_FWD_SUM,3y,RET_SOX_MA60,5.535409873164753,0.06104424040672975,1.876200353709344
SOX_1W_FWD_SUM,3y,RET_SP500_MA60,-14.413697605487268,0.5130100360906085,-0.654492200861259
SOX_1W_FWD_SUM,3y,RET_NASDAQ_MA60,64.67358320639109,0.0034343157966297663,2.9359639467859275
SOX_1W_FWD_SUM,3y,RET_DOW_MA60,2.459132600415788,0.8186908875629777,0.22931537098417973
SOX_1W_FWD_SUM,3y,RET_VIX_MA60,-0.18943419538293435,0.8161847973205699,-0.2325424406175035
SOX_1W_FWD_SUM,3y,RET_US10Y_MA60,16.173439830318458,0.08954587865093479,1.7001589219164719
SOX_1W_FWD_SUM,3y,RET_USDJPY_MA60,12.945971912087753,0.07527847008620019,1.7814169455032778
SOX_1W_FWD_SUM,3y,RET_GOLD_MA60,-5.513644603174813,0.016708637789625714,-2.398827684738576
SOX_1W_FWD_SUM,3y,RET_TLT_MA60,32.52416617444603,0.018230024459601986,2.3664760590601155
SOX_1W_FWD_SUM,3y,MRDI_Short,-0.012479853402902936,0.38201339698866216,-0.8747444941262413
SOX_1W_FWD_SUM,3y,MRDI_Long,-0.0012662943367935846,0.9297171497866102,-0.08823251065590906
SOX_1W_FWD_SUM,3y,MA20_MRDI,0.002137490487190438,0.44408122546566403,0.7657539213197149
SOX_1W_FWD_SUM,3y,MA60_MRDI,0.0016500559826503121,0.5821829825512168,0.5504553114353287
SOX_1W_FWD_SUM,3y,RiskScore,0.06431209079165215,0.6114904106800351,0.5081757676560168
SOX_1W_FWD_SUM,3y,RET_QQQ_20D,0.5667161490185444,0.7514905105086017,0.31679926688456783
SOX_1W_FWD_SUM,3y,RET_SP500_20D,-5.787197991814582,0.024068426234225428,-2.260959165873652
SOX_1W_FWD_SUM,3y,dQQQ_D,0.4245456026944533,0.47122023443679106,0.7208867206304451
SOX_1W_FWD_SUM,3y,dQQQ_W,-0.4377153121414925,0.2443802528508796,-1.1650893865280254
SOX_1W_FWD_SUM,3y,dQQQ_M,0.5667161490170411,0.7514905105091035,0.3167992668839062
SOX_1W_FWD_SUM,3y,RET_SOX_20D,0.41308514254838147,0.13509308868185832,1.4960457216914869
SOX_1W_FWD_SUM,3y,dSOX_D,-0.041721944348747694,0.6666561191230823,-0.4309244998671134
SOX_1W_FWD_SUM,3y,dSOX_W,0.05522772527452035,0.5902026121000956,0.5387910092483404
SOX_1W_FWD_SUM,3y,dSOX_M,0.41308514254763296,0.1350930886827423,1.4960457216880942
SOX_1W_FWD_SUM,3y,dSP500_D,-0.7332883256486759,0.33911616139407386,-0.9565677929552713
SOX_1W_FWD_SUM,3y,dSP500_W,0.38608653796120246,0.3374126425260631,0.959949328500212
SOX_1W_FWD_SUM,3y,dSP500_M,-5.787197991900776,0.024068426235160693,-2.2609591658586297
SOX_1M_FWD_SUM,3y,const,1.8779373866321114,4.6852622477718966e-21,9.740618726251201
SOX_1M_FWD_SUM,3y,VIX,0.007054438216921597,3.0925451305235604e-06,4.7045426934677055
SOX_1M_FWD_SUM,3y,US10Y,-0.09408472203246986,0.0007294230660896787,-3.39401048122023
SOX_1M_FWD_SUM,3y,USDJPY,-0.009775435950518432,2.1074208985856973e-26,-11.102172167392869
SOX_1M_FWD_SUM,3y,RET_QQQ,-0.2540252706561149,0.7475286941619681,-0.32203247306640953
SOX_1M_FWD_SUM,3y,RET_SOX,-0.03725292012129133,0.7758825758557532,-0.284803831965494
SOX_1M_FWD_SUM,3y,RET_SP500,-0.9256857898284347,0.36040709487721256,-0.9152177329021117
SOX_1M_FWD_SUM,3y,RET_NASDAQ,1.6700040825268778,0.3010651293933422,1.0349523358722597
SOX_1M_FWD_SUM,3y,RET_DOW,1.2485792658695536,0.1545122324748839,1.4253853156718055
SOX_1M_FWD_SUM,3y,RET_VIX,-0.02622207828648295,0.6206995708460641,-0.4950894108013008
SOX_1M_FWD_SUM,3y,RET_US10Y,0.41090247548314013,0.3515407028271012,0.9322557131031763
SOX_1M_FWD_SUM,3y,RET_USDJPY,0.49054748564519024,0.2324294222479697,1.1952076487120191
SOX_1M_FWD_SUM,3y,RET_GOLD,-0.09864861023153638,0.6096609898597791,-0.5107980453301818
SOX_1M_FWD_SUM,3y,RET_TLT,0.05569833541330274,0.9330538024589641,0.08403492596045595
SOX_1M_FWD_SUM,3y,RET_QQQ_MA20,-15.26817215128335,0.8747088542258082,-0.15774053681108174
SOX_1M_FWD_SUM,3y,RET_SOX_MA20,11.038678735239495,0.4726485903084331,0.7185833078358312
SOX_1M_FWD_SUM,3y,RET_SP500_MA20,-321.148422663797,0.018048239985225895,-2.3704651716259413
SOX_1M_FWD_SUM,3y,RET_NASDAQ_MA20,30.450506218089025,0.015091525831821283,2.436461974806362
SOX_1M_FWD_SUM,3y,RET_DOW_MA20,35.624139812110315,1.3103125735061571e-08,5.756254593132187
SOX_1M_FWD_SUM,3y,RET_VIX_MA20,0.9387849276771331,0.04867648746396873,1.9750208090985917
SOX_1M_FWD_SUM,3y,RET_US10Y_MA20,-34.95788631599274,1.057443763011013e-10,-6.563010457522366
SOX_1M_FWD_SUM,3y,RET_USDJPY_MA20,3.225896526587552,0.36886254661537554,0.8992133891320336
SOX_1M_FWD_SUM,3y,RET_GOLD_MA20,-3.5057593197953256,0.01880181675700411,-2.3551747336332003
SOX_1M_FWD_SUM,3y,RET_TLT_MA20,-49.416482989617315,1.0662227727540258e-10,-6.5616985791535365
SOX_1M_FWD_SUM,3y,RET_QQQ_MA60,-18.8968341121196,0.4667355241412487,-0.7282170715568336
SOX_1M_FWD_SUM,3y,RET_SOX_MA60,32.20735804438442,3.5340018060106495e-15,8.059314746387932
SOX_1M_FWD_SUM,3y,RET_SP500_MA60,238.83152276635482,2.956207188518062e-15,8.083231359237393
SOX_1M_FWD_SUM,3y,RET_NASDAQ_MA60,-195.91364540808166,9.029520215342278e-11,-6.588029245936109
SOX_1M_FWD_SUM,3y,RET_DOW_MA60,-82.76314290308021,1.0707440795500996e-08,-5.791954010539647
SOX_1M_FWD_SUM,3y,RET_VIX_MA60,-2.832417267659091,0.00920687262304924,-2.611869869390095
SOX_1M_FWD_SUM,3y,RET_US10Y_MA60,42.296945321466794,0.0010451857463023228,3.2925184292441845
SOX_1M_FWD_SUM,3y,RET_USDJPY_MA60,87.10391014795037,3.442618566090915e-18,8.950957828150338
SOX_1M_FWD_SUM,3y,RET_GOLD_MA60,0.7144901796403861,0.8149872433853611,0.23408933472952315
SOX_1M_FWD_SUM,3y,RET_TLT_MA60,73.20698526808665,6.726010512745103e-05,4.011068442213287
SOX_1M_FWD_SUM,3y,MRDI_Short,0.0724023192750387,0.00023695153907847536,3.6959985511270323
SOX_1M_FWD_SUM,3y,MRDI_Long,0.0718813702839501,0.0002487233189010224,3.6834106875197357
SOX_1M_FWD_SUM,3y,MA20_MRDI,0.0005320315262773597,0.8859959829286214,0.14342721170834646
SOX_1M_FWD_SUM,3y,MA60_MRDI,-0.018168467912473892,1.786823794670281e-05,-4.32129546350214
SOX_1M_FWD_SUM,3y,RiskScore,-0.6675077120248305,0.0001247493599903717,-3.859255759320872
SOX_1M_FWD_SUM,3y,RET_QQQ_20D,0.7317099281925642,0.7555970979391639,0.31139535052411027
SOX_1M_FWD_SUM,3y,RET_SP500_20D,6.316812752232182,0.060893777854758954,1.8774320419349275
SOX_1M_FWD_SUM,3y,dQQQ_D,-0.2540252637628535,0.7475287008066326,-0.3220324642914233
SOX_1M_FWD_SUM,3y,dQQQ_W,1.3240505519046484,0.008193039152780773,2.6519267663778483
SOX_1M_FWD_SUM,3y,dQQQ_M,0.7317099280669398,0.7555970979882068,0.31139535045956185
SOX_1M_FWD_SUM,3y,RET_SOX_20D,-0.45445203348223134,0.21560302406946819,-1.2394783597217272
SOX_1M_FWD_SUM,3y,dSOX_D,-0.03725292067745614,0.7758825726131323,-0.28480383619955557
SOX_1M_FWD_SUM,3y,dSOX_W,-0.331151827160112,0.015434088198771512,-2.4282594854610045
SOX_1M_FWD_SUM,3y,dSOX_M,-0.45445203352112723,0.2156030240133485,-1.2394783598734525
SOX_1M_FWD_SUM,3y,dSP500_D,-0.9256857918525165,0.3604070937995372,-0.9152177349568464
SOX_1M_FWD_SUM,3y,dSP500_W,-0.1492982825373395,0.7803632124161195,-0.278958070050042
SOX_1M_FWD_SUM,3y,dSP500_M,6.316812752462693,0.06089377785714378,1.8774320419175416
SOX_6M_FWD_SUM,3y,const,2.534231204855129,1.728415411453499e-12,7.21156097547931
SOX_6M_FWD_SUM,3y,VIX,0.009972646614929827,8.368875786590462e-05,3.961593711935249
SOX_6M_FWD_SUM,3y,US10Y,0.17047339320793983,0.000573272850094068,3.4630752568072114
SOX_6M_FWD_SUM,3y,USDJPY,-0.020380260958804023,8.543916595732627e-33,-12.700527780233605
SOX_6M_FWD_SUM,3y,RET_QQQ,-1.116285910368134,0.46705596927481907,-0.7277554481419012
SOX_6M_FWD_SUM,3y,RET_SOX,-0.08641627918394404,0.6868807183404428,-0.4032931193917342
SOX_6M_FWD_SUM,3y,RET_SP500,0.4926857712883208,0.7642613749234808,0.3000300351454591
SOX_6M_FWD_SUM,3y,RET_NASDAQ,1.3375516969398924,0.6550329846856422,0.44701159902544085
SOX_6M_FWD_SUM,3y,RET_DOW,0.7161349576712344,0.6194482118294204,0.4968985835227102
SOX_6M_FWD_SUM,3y,RET_VIX,0.11300953254369597,0.18016364764114068,1.3418631491233994
SOX_6M_FWD_SUM,3y,RET_US10Y,0.16599849004062528,0.8088830144177682,0.24197726894403418
SOX_6M_FWD_SUM,3y,RET_USDJPY,1.0521878477091453,0.09297015991174871,1.6826967039466454
SOX_6M_FWD_SUM,3y,RET_GOLD,-0.36882026901729903,0.23369604579862172,-1.1921302023492872
SOX_6M_FWD_SUM,3y,RET_TLT,0.2615109835485615,0.7989889840157962,0.2547722792497604
SOX_6M_FWD_SUM,3y,RET_QQQ_MA20,210.21624871975843,0.21508373811964332,1.2410595721669313
SOX_6M_FWD_SUM,3y,RET_SOX_MA20,-28.083074498253744,0.43678647526435305,-0.7781675526358364
SOX_6M_FWD_SUM,3y,RET_SP500_MA20,-182.94978697916957,0.46814062740835194,-0.7259836598794857
SOX_6M_FWD_SUM,3y,RET_NASDAQ_MA20,66.99906632584424,0.010847270219206423,2.5558024717860666
SOX_6M_FWD_SUM,3y,RET_DOW_MA20,-27.672477281816672,0.014807923006300202,-2.4443277037022213
SOX_6M_FWD_SUM,3y,RET_VIX_MA20,-3.6982265176364084,2.804876630137429e-06,-4.731188009631878
SOX_6M_FWD_SUM,3y,RET_US10Y_MA20,-14.64033576060826,0.08450686441268336,-1.728065748966367
SOX_6M_FWD_SUM,3y,RET_USDJPY_MA20,-26.646583254705835,1.0300816574681536e-05,-4.449816470665615
SOX_6M_FWD_SUM,3y,RET_GOLD_MA20,3.94660612358995,0.15769942242300514,1.4146721302285608
SOX_6M_FWD_SUM,3y,RET_TLT_MA20,-32.775530082408544,0.006504659160601224,-2.7310515770204145
SOX_6M_FWD_SUM,3y,RET_QQQ_MA60,-19.441675362422483,0.6673606337425667,-0.42999198433257224
SOX_6M_FWD_SUM,3y,RET_SOX_MA60,109.87806908449213,3.3220275371003805e-50,16.44812820116541
SOX_6M_FWD_SUM,3y,RET_SP500_MA60,-674.0075364290385,1.3740902076946297e-37,-13.779510430138009
SOX_6M_FWD_SUM,3y,RET_NASDAQ_MA60,149.11053397727443,0.0036559970159544828,2.918250856184156
SOX_6M_FWD_SUM,3y,RET_DOW_MA60,254.94178404787488,1.6122632955615065e-23,10.44380302737637
SOX_6M_FWD_SUM,3y,RET_VIX_MA60,-4.282988592324977,0.01323734214595189,-2.4849362897164293
SOX_6M_FWD_SUM,3y,RET_US10Y_MA60,-21.323151604180584,0.32637882311649624,-0.9822622284056164
SOX_6M_FWD_SUM,3y,RET_USDJPY_MA60,178.88366462326815,1.7332920201495038e-25,10.9466414226143
SOX_6M_FWD_SUM,3y,RET_GOLD_MA60,26.136071390922737,0.00017731835672387482,3.773705999046922
SOX_6M_FWD_SUM,3y,RET_TLT_MA60,49.34270555499873,0.1055693787437331,1.6209528166084612
SOX_6M_FWD_SUM,3y,MRDI_Short,0.14955160761708333,1.929589922074322e-05,4.308491285522783
SOX_6M_FWD_SUM,3y,MRDI_Long,0.17874572683721757,1.0356695324268064e-07,5.388062990865956
SOX_6M_FWD_SUM,3y,MA20_MRDI,-0.0018539477406192962,0.7725893525674558,-0.28912412104110674
SOX_6M_FWD_SUM,3y,MA60_MRDI,-0.013294873111410636,0.06841103025916126,-1.8256781577724772
SOX_6M_FWD_SUM,3y,RiskScore,-1.508396230956633,6.411383380730969e-07,-5.0340694276047175
SOX_6M_FWD_SUM,3y,RET_QQQ_20D,-7.403518124624201,0.08034198144554924,-1.7517587606734255
SOX_6M_FWD_SUM,3y,RET_SP500_20D,5.602362063485326,0.3718347928446849,0.8937318581474566
SOX_6M_FWD_SUM,3y,dQQQ_D,-1.116285801754348,0.4670560139468398,-0.727755375123124
SOX_6M_FWD_SUM,3y,dQQQ_W,-0.657890123362489,0.4192595962491351,-0.8082801267244699
SOX_6M_FWD_SUM,3y,dQQQ_M,-7.403518124446679,0.08034198143967977,-1.7517587607075127
SOX_6M_FWD_SUM,3y,RET_SOX_20D,0.5064819741121775,0.5616505071225214,0.5807251408500274
SOX_6M_FWD_SUM,3y,dSOX_D,-0.08641624459061334,0.6868808367916397,-0.403292958267948
SOX_6M_FWD_SUM,3y,dSOX_W,-0.29097272972101085,0.21520395222370892,-1.2407339583493107
SOX_6M_FWD_SUM,3y,dSOX_M,0.5064819741386226,0.5616505071056964,0.5807251408750043
SOX_6M_FWD_SUM,3y,dSP500_D,0.4926857886804572,0.7642613669205182,0.3000300456427327
SOX_6M_FWD_SUM,3y,dSP500_W,1.512333971291688,0.07733487340663679,1.769495161487891
SOX_6M_FWD_SUM,3y,dSP500_M,5.602362063299009,0.37183479284530974,0.8937318581462883
SP500_1W_FWD_SUM,3y,const,0.10041615284063414,0.042370343831428944,2.0335881914292906
SP500_1W_FWD_SUM,3y,VIX,0.0004748933766142427,0.2831575712604202,1.0740797463946508
SP500_1W_FWD_SUM,3y,US10Y,0.011157292212997277,0.12782534744205895,1.5245432709549704
SP500_1W_FWD_SUM,3y,USDJPY,-0.0010312284380422263,3.680098554252181e-05,-4.153460483144156
SP500_1W_FWD_SUM,3y,RET_QQQ,-0.02551343466765542,0.9115737665505987,-0.11109391246585215
SP500_1W_FWD_SUM,3y,RET_SOX,0.0060549879744354,0.8726343663487519,0.1603720153843888
SP500_1W_FWD_SUM,3y,RET_SP500,-0.36274639025393085,0.22536678061422646,-1.2134523809513558
SP500_1W_FWD_SUM,3y,RET_NASDAQ,0.366345257715817,0.43720705443055485,0.7773639922916644
SP500_1W_FWD_SUM,3y,RET_DOW,0.11845009259144818,0.6475495603955462,0.45736677087620925
SP500_1W_FWD_SUM,3y,RET_VIX,-0.014806020273603455,0.34336089702671596,-0.9481890697153019
SP500_1W_FWD_SUM,3y,RET_US10Y,0.011905846088504798,0.9273932304709719,0.0911579153505966
SP500_1W_FWD_SUM,3y,RET_USDJPY,-0.1529663248041697,0.20470369021059326,-1.2694483339822933
SP500_1W_FWD_SUM,3y,RET_GOLD,0.01558163837842294,0.7816812479598135,0.27723550182255857
SP500_1W_FWD_SUM,3y,RET_TLT,0.08551530719047004,0.6624097765135679,0.4367745068905979
SP500_1W_FWD_SUM,3y,RET_QQQ_MA20,-30.43010610194737,0.29060500986084525,-1.0575960191352585
SP500_1W_FWD_SUM,3y,RET_SOX_MA20,-1.6015335575694114,0.7226840783114092,-0.3550168231230501
SP500_1W_FWD_SUM,3y,RET_SP500_MA20,104.1521221595193,0.009759399275765565,2.591354656111791
SP500_1W_FWD_SUM,3y,RET_NASDAQ_MA20,5.280888743358385,0.1532722005556925,1.4296223947374365
SP500_1W_FWD_SUM,3y,RET_DOW_MA20,1.118523945943659,0.5367010524414426,0.6181147297192965
SP500_1W_FWD_SUM,3y,RET_VIX_MA20,0.1084319782680683,0.4384650602042551,0.7752314880482902
SP500_1W_FWD_SUM,3y,RET_US10Y_MA20,2.955958433734689,0.05019691932076669,1.9616741494966927
SP500_1W_FWD_SUM,3y,RET_USDJPY_MA20,1.3022249913195472,0.20581051501519085,1.2663475577808947
SP500_1W_FWD_SUM,3y,RET_GOLD_MA20,-1.1445509520854245,0.007088843452326752,-2.700608860478998
SP500_1W_FWD_SUM,3y,RET_TLT_MA20,3.6395907387290696,0.08436799548794251,1.7283450206166262
SP500_1W_FWD_SUM,3y,RET_QQQ_MA60,-3.4888917800934025,0.6438122781799869,-0.46257599389424287
SP500_1W_FWD_SUM,3y,RET_SOX_MA60,-0.3530221731090898,0.7590575672480884,-0.3068386538059619
SP500_1W_FWD_SUM,3y,RET_SP500_MA60,-1.1111909461766407,0.8970872939596493,-0.1293887206225562
SP500_1W_FWD_SUM,3y,RET_NASDAQ_MA60,0.6932935285835022,0.9356968314883027,0.08070855955592834
SP500_1W_FWD_SUM,3y,RET_DOW_MA60,-0.823830847011703,0.8438842015010561,-0.1970007700540901
SP500_1W_FWD_SUM,3y,RET_VIX_MA60,-0.07554684255104964,0.8120944536885932,-0.23781476877806054
SP500_1W_FWD_SUM,3y,RET_US10Y_MA60,-0.6895416191682134,0.8525949416041725,-0.18587725967896443
SP500_1W_FWD_SUM,3y,RET_USDJPY_MA60,8.275126964407464,0.003612864051355343,2.9200093345875353
SP500_1W_FWD_SUM,3y,RET_GOLD_MA60,-1.6755146529566636,0.06199411681691539,-1.8693351348064688
SP500_1W_FWD_SUM,3y,RET_TLT_MA60,4.657078035799937,0.3851800352015794,0.8689366480174294
SP500_1W_FWD_SUM,3y,MRDI_Short,-0.005782690082169623,0.29898081076925054,-1.0393942412337265
SP500_1W_FWD_SUM,3y,MRDI_Long,0.0017912150486321678,0.7490246588124563,0.3200518612128118
SP500_1W_FWD_SUM,3y,MA20_MRDI,0.001530316197198942,0.16020735481682988,1.4058690464282277
SP500_1W_FWD_SUM,3y,MA60_MRDI,0.0012228882565920173,0.29585911569080037,1.0461376134685592
SP500_1W_FWD_SUM,3y,RiskScore,0.01668127194324926,0.7354573807723089,0.3380096822390072
SP500_1W_FWD_SUM,3y,RET_QQQ_20D,0.5586378623568187,0.42351576355135406,0.8008065227883612
SP500_1W_FWD_SUM,3y,RET_SP500_20D,-2.49442326509889,0.012681382404524525,-2.4990398516548153
SP500_1W_FWD_SUM,3y,dQQQ_D,-0.025513434803157722,0.9115737660831352,-0.11109391305557337
SP500_1W_FWD_SUM,3y,dQQQ_W,-0.08857584655456648,0.545647170912324,-0.604590715596172
SP500_1W_FWD_SUM,3y,dQQQ_M,0.5586378623560477,0.42351576355173215,0.8008065227877077
SP500_1W_FWD_SUM,3y,RET_SOX_20D,0.05567863461385143,0.6052516057958188,0.5170976016095425
SP500_1W_FWD_SUM,3y,dSOX_D,0.0060549888639596094,0.8726343478066448,0.16037203893309707
SP500_1W_FWD_SUM,3y,dSOX_W,0.05431164042383533,0.17466885989262063,1.3587349912475235
SP500_1W_FWD_SUM,3y,dSOX_M,0.05567863461354412,0.6052516057979745,0.5170976016064529
SP500_1W_FWD_SUM,3y,dSP500_D,-0.36274639134499603,0.22536677925122003,-1.213452384520597
SP500_1W_FWD_SUM,3y,dSP500_W,-0.018422974224936883,0.9065266995322377,-0.11746326003018402
SP500_1W_FWD_SUM,3y,dSP500_M,-2.494423265142072,0.012681382404899067,-2.499039851644253
SP500_1M_FWD_SUM,3y,const,0.7009973101095889,6.139173793876129e-21,9.709223023715898
SP500_1M_FWD_SUM,3y,VIX,0.0014176126228106203,0.011816495976878352,2.5244992205788304
SP500_1M_FWD_SUM,3y,US10Y,-0.04742542340534021,5.8507941821133925e-06,-4.568440567084242
SP500_1M_FWD_SUM,3y,USDJPY,-0.0033041097711532554,4.094909200039351e-22,-10.020490488052662
SP500_1M_FWD_SUM,3y,RET_QQQ,-0.23014999980405368,0.4361929216022055,-0.7791057558031175
SP500_1M_FWD_SUM,3y,RET_SOX,-0.000728238804372359,0.988142755906567,-0.014866954535236454
SP500_1M_FWD_SUM,3y,RET_SP500,-0.26173288441797243,0.48980147024363324,-0.6910059868551811
SP500_1M_FWD_SUM,3y,RET_NASDAQ,0.8333034813017713,0.16835126946675832,1.3790140846663024
SP500_1M_FWD_SUM,3y,RET_DOW,0.3686234822615281,0.2615307909703566,1.1237296721970842
SP500_1M_FWD_SUM,3y,RET_VIX,-0.00142954039077368,0.9425649518437659,-0.0720735058703392
SP500_1M_FWD_SUM,3y,RET_US10Y,0.38754452107254184,0.01916965698503182,2.3479053570040462
SP500_1M_FWD_SUM,3y,RET_USDJPY,0.3225345294443066,0.03623867005182745,2.0984625099010903
SP500_1M_FWD_SUM,3y,RET_GOLD,0.046239602871803585,0.5228175945427515,0.6393446573793439
SP500_1M_FWD_SUM,3y,RET_TLT,0.29354416441896225,0.23737070944253302,1.1826432196578829
SP500_1M_FWD_SUM,3y,RET_QQQ_MA20,-160.58313982810924,1.0999502363906778e-05,-4.430154793822847
SP500_1M_FWD_SUM,3y,RET_SOX_MA20,34.269307527548655,4.152137005008161e-09,5.957006156321172
SP500_1M_FWD_SUM,3y,RET_SP500_MA20,17.19517766323123,0.7347763810760182,0.3389199567602228
SP500_1M_FWD_SUM,3y,RET_NASDAQ_MA20,13.057523275901692,0.005422555978806298,2.789899885943011
SP500_1M_FWD_SUM,3y,RET_DOW_MA20,18.201199709400175,1.615010726346921e-14,7.853410737641379
SP500_1M_FWD_SUM,3y,RET_VIX_MA20,0.4790605801795876,0.007295735997398115,2.6912788167110357
SP500_1M_FWD_SUM,3y,RET_US10Y_MA20,-15.978475421356665,5.08350658015829e-15,-8.010432385835093
SP500_1M_FWD_SUM,3y,RET_USDJPY_MA20,7.343460882160839,6.500070793619795e-08,5.4660777793975885
SP500_1M_FWD_SUM,3y,RET_GOLD_MA20,-2.2473659967673125,6.177235301418654e-05,-4.0316008804580825
SP500_1M_FWD_SUM,3y,RET_TLT_MA20,-19.182965855445453,2.294840356058392e-11,-6.8017847917062895
SP500_1M_FWD_SUM,3y,RET_QQQ_MA60,16.366339319515713,0.09261518370102889,1.684170460613963
SP500_1M_FWD_SUM,3y,RET_SOX_MA60,7.637395152896358,4.3544885355115e-07,5.103298437769259
SP500_1M_FWD_SUM,3y,RET_SP500_MA60,100.84433335043636,9.123079818161842e-19,9.11396907341917
SP500_1M_FWD_SUM,3y,RET_NASDAQ_MA60,-90.37939037394433,2.3193890256846537e-15,-8.115642911545999
SP500_1M_FWD_SUM,3y,RET_DOW_MA60,-41.626162482079664,2.7775556146208188e-14,-7.7788822019684645
SP500_1M_FWD_SUM,3y,RET_VIX_MA60,-2.044269105033391,6.189109956828176e-07,-5.033789571505291
SP500_1M_FWD_SUM,3y,RET_US10Y_MA60,7.33917391267331,0.12759225849916656,1.5255592489857157
SP500_1M_FWD_SUM,3y,RET_USDJPY_MA60,11.169167561998082,0.0022650869060616063,3.0648932707978016
SP500_1M_FWD_SUM,3y,RET_GOLD_MA60,-1.0102319379202778,0.37710504575708564,-0.8838308312301097
SP500_1M_FWD_SUM,3y,RET_TLT_MA60,4.70684284218997,0.4912809027872421,0.6886521968512007
SP500_1M_FWD_SUM,3y,MRDI_Short,0.0033740684274047254,0.6457127462933399,0.45993439622336435
SP500_1M_FWD_SUM,3y,MRDI_Long,0.0011997419323529512,0.8696497217031859,0.16416641866392
SP500_1M_FWD_SUM,3y,MA20_MRDI,0.0014546423523389958,0.29540389732826966,1.0471601468117238
SP500_1M_FWD_SUM,3y,MA60_MRDI,0.001022774270363514,0.5161812102991133,0.6495882177032962
SP500_1M_FWD_SUM,3y,RiskScore,-0.021461001827044413,0.7404994561556245,-0.3313293849206949
SP500_1M_FWD_SUM,3y,RET_QQQ_20D,4.295927133100802,1.314955140143568e-06,4.881943757122266
SP500_1M_FWD_SUM,3y,RET_SP500_20D,-1.392038981055364,0.2696471385098561,-1.1047914603833457
SP500_1M_FWD_SUM,3y,dQQQ_D,-0.2301500033045666,0.436192914678798,-0.7791057675653275
SP500_1M_FWD_SUM,3y,dQQQ_W,0.3639721889741419,0.0519949267590347,1.9466498925548408
SP500_1M_FWD_SUM,3y,dQQQ_M,4.295927133166906,1.3149551407790838e-06,4.881943757023582
SP500_1M_FWD_SUM,3y,RET_SOX_20D,-0.9327090453380837,2.4299341096387783e-11,-6.792971237180131
SP500_1M_FWD_SUM,3y,dSOX_D,-0.0007282384304456983,0.9881427619951673,-0.01486694690061032
SP500_1M_FWD_SUM,3y,dSOX_W,-0.061322907064296314,0.2302723406457039,-1.2007521210888903
SP500_1M_FWD_SUM,3y,dSOX_M,-0.9327090453193575,2.4299341078459096e-11,-6.7929712372938775
SP500_1M_FWD_SUM,3y,dSP500_D,-0.2617328834108885,0.48980147188804174,-0.6910059842367848
SP500_1M_FWD_SUM,3y,dSP500_W,-0.18252510975397632,0.3627879995282784,-0.910687605099524
SP500_1M_FWD_SUM,3y,dSP500_M,-1.3920389811689802,0.26964713849269484,-1.1047914604229707
SP500_6M_FWD_SUM,3y,const,-0.29985480066159087,0.0024084790022804825,-3.0479700255186373
SP500_6M_FWD_SUM,3y,VIX,0.0011500176624808266,0.10325168438194,1.6318515714406088
SP500_6M_FWD_SUM,3y,US10Y,0.1893249658108586,2.114680120125702e-37,13.738200506266685
SP500_6M_FWD_SUM,3y,USDJPY,-0.002898334229681245,2.3285248750815217e-10,-6.451744107597596
SP500_6M_FWD_SUM,3y,RET_QQQ,0.0023260499296235415,0.9956798674080831,0.005416836095575162
SP500_6M_FWD_SUM,3y,RET_SOX,0.040619825985912864,0.4985847267269923,0.6771423055270465
SP500_6M_FWD_SUM,3y,RET_SP500,-0.4909271899057226,0.2860107481273774,-1.067894718544294
SP500_6M_FWD_SUM,3y,RET_NASDAQ,0.1665294609434324,0.8424887835499875,0.19879979473604606
SP500_6M_FWD_SUM,3y,RET_DOW,0.5896856897939902,0.14440754657306273,1.4615380054005807
SP500_6M_FWD_SUM,3y,RET_VIX,0.0026586878505202066,0.9102551715127073,0.11276573072442811
SP500_6M_FWD_SUM,3y,RET_US10Y,-0.24164876639129412,0.20880096082595795,-1.2582636642491225
SP500_6M_FWD_SUM,3y,RET_USDJPY,0.15483688724973235,0.37678524898610444,0.8845118062670617
SP500_6M_FWD_SUM,3y,RET_GOLD,-0.026061170705897974,0.7635996481282575,-0.30089811793696347
SP500_6M_FWD_SUM,3y,RET_TLT,0.11218216654056709,0.6963883567938063,0.3903936106607813
SP500_6M_FWD_SUM,3y,RET_QQQ_MA20,71.5929691764807,0.13164253277232943,1.5097789319396886
SP500_6M_FWD_SUM,3y,RET_SOX_MA20,-9.917775058741869,0.32667719995578925,-0.9816560776035098
SP500_6M_FWD_SUM,3y,RET_SP500_MA20,-65.58836416719777,0.3529168103587469,-0.9296904651132633
SP500_6M_FWD_SUM,3y,RET_NASDAQ_MA20,27.757451479806853,0.00017145471425451198,3.782289476144735
SP500_6M_FWD_SUM,3y,RET_DOW_MA20,-11.617274990114101,0.0002694417430352958,-3.6654922009765145
SP500_6M_FWD_SUM,3y,RET_VIX_MA20,0.46734947043860026,0.0331226684577972,2.135674650980438
SP500_6M_FWD_SUM,3y,RET_US10Y_MA20,-13.81630177253662,9.439428517389722e-09,-5.82529167607511
SP500_6M_FWD_SUM,3y,RET_USDJPY_MA20,-6.816238500410848,5.4420760759886724e-05,-4.065949564957143
SP500_6M_FWD_SUM,3y,RET_GOLD_MA20,-4.118837910165224,1.8869810236770194e-07,-5.273796328372524
SP500_6M_FWD_SUM,3y,RET_TLT_MA20,-16.350745698716743,1.4632903396282096e-06,-4.866697824723137
SP500_6M_FWD_SUM,3y,RET_QQQ_MA60,87.42767073956006,1.3006308577198967e-11,6.907043967524841
SP500_6M_FWD_SUM,3y,RET_SOX_MA60,15.514761235438483,7.515224308709953e-16,8.295970511326862
SP500_6M_FWD_SUM,3y,RET_SP500_MA60,-49.19997808805712,0.00035463690922701006,-3.5929451255796208
SP500_6M_FWD_SUM,3y,RET_NASDAQ_MA60,-98.18092722532026,1.723596722610532e-11,-6.863696399506387
SP500_6M_FWD_SUM,3y,RET_DOW_MA60,-12.099882056862306,0.07715405484951075,-1.7705794875817646
SP500_6M_FWD_SUM,3y,RET_VIX_MA60,-4.428338984695262,7.618844697117933e-19,-9.177530550668502
SP500_6M_FWD_SUM,3y,RET_US10Y_MA60,11.041794462004766,0.06974577123618513,1.8169055348526517
SP500_6M_FWD_SUM,3y,RET_USDJPY_MA60,10.193719959446057,0.02624663247580503,2.2282275891878363
SP500_6M_FWD_SUM,3y,RET_GOLD_MA60,0.9068119127766332,0.6401786493716254,0.46769379824039087
SP500_6M_FWD_SUM,3y,RET_TLT_MA60,49.60695087869967,9.664774274668019e-09,5.821120478086524
SP500_6M_FWD_SUM,3y,MRDI_Short,-0.016361511567692194,0.09276877480441988,-1.6837367708806263
SP500_6M_FWD_SUM,3y,MRDI_Long,-0.007876461462775073,0.39673340857582734,-0.8480955576908101
SP500_6M_FWD_SUM,3y,MA20_MRDI,-0.0029318444545646176,0.10296379360122383,-1.6332189218833921
SP500_6M_FWD_SUM,3y,MA60_MRDI,0.015543133478127753,1.0043536713919912e-13,7.624216836673351
SP500_6M_FWD_SUM,3y,RiskScore,0.12068837454559454,0.15075844141541345,1.438751668298967
SP500_6M_FWD_SUM,3y,RET_QQQ_20D,-2.963880401625011,0.012516142680061052,-2.5050331013532174
SP500_6M_FWD_SUM,3y,RET_SP500_20D,2.5977936511707522,0.13932738695875854,1.480325967510594
SP500_6M_FWD_SUM,3y,dQQQ_D,0.0023260890040391335,0.9956797948496645,0.005416927074475209
SP500_6M_FWD_SUM,3y,dQQQ_W,0.6567364434015125,0.004095500065361483,2.882148082582014
SP500_6M_FWD_SUM,3y,dQQQ_M,-2.9638804015614006,0.012516142678134319,-2.5050331014082654
SP500_6M_FWD_SUM,3y,RET_SOX_20D,0.24479455123514549,0.3164735358411547,1.0025938154569254
SP500_6M_FWD_SUM,3y,dSOX_D,0.040619838447759904,0.4985845946898211,0.6771425138040229
SP500_6M_FWD_SUM,3y,dSOX_W,-0.15891034808692614,0.015806603746198657,-2.4204448921667785
SP500_6M_FWD_SUM,3y,dSOX_M,0.24479455124433497,0.3164735358274535,1.002593815485335
SP500_6M_FWD_SUM,3y,dSP500_D,-0.49092718368976573,0.28601075437291046,-1.0678947046884397
SP500_6M_FWD_SUM,3y,dSP500_W,-0.5681760049753779,0.01788839723850841,-2.3746587064312217
SP500_6M_FWD_SUM,3y,dSP500_M,2.597793651106208,0.13932738695595429,1.4803259675211098
QQQ_D1_FWD,3y,const,0.05415936362042528,0.09444833633302273,1.6746338406427816
QQQ_D1_FWD,3y,VIX,0.0008086232625434217,0.0065537871700785755,2.7267952516084697
QQQ_D1_FWD,3y,US10Y,-0.004341577257965967,0.36599572014499293,-0.9045806562124402
QQQ_D1_FWD,3y,USDJPY,-0.00026805356427988283,0.10633647924720063,-1.6169437936241091
QQQ_D1_FWD,3y,RET_QQQ,-0.020561473686871112,0.893768870988033,-0.13358486016145854
QQQ_D1_FWD,3y,RET_SOX,0.011541291085142957,0.6490007199478062,0.4553451943886616
QQQ_D1_FWD,3y,RET_SP500,0.018275977023291215,0.9273704098849455,0.09118627417643624
QQQ_D1_FWD,3y,RET_NASDAQ,-0.09136472505072202,0.7724086400387089,-0.28933658782132976
QQQ_D1_FWD,3y,RET_DOW,-0.0023496901828670078,0.9892049521334372,-0.013534784915550607
QQQ_D1_FWD,3y,RET_VIX,-0.010102919079378544,0.33566502488643585,-0.9634223295058328
QQQ_D1_FWD,3y,RET_US10Y,-0.11369121889775471,0.19378153496233852,-1.3007099784605956
QQQ_D1_FWD,3y,RET_USDJPY,0.22335720907247603,0.005956098065980333,2.758540022401944
QQQ_D1_FWD,3y,RET_GOLD,-0.03138202940103352,0.4047126221021168,-0.8337337483526308
QQQ_D1_FWD,3y,RET_TLT,-0.2035459921024465,0.12126281451554825,-1.5513605075940984
QQQ_D1_FWD,3y,RET_QQQ_MA20,-16.81269817915038,0.3845283951474819,-0.870123215667617
QQQ_D1_FWD,3y,RET_SOX_MA20,1.9572590479967833,0.518248412786144,0.6463717171611107
QQQ_D1_FWD,3y,RET_SP500_MA20,28.674481353035947,0.28880816682868676,1.0615375238683515
QQQ_D1_FWD,3y,RET_NASDAQ_MA20,-2.4021796629835626,0.33118238286435425,-0.9724035657690547
QQQ_D1_FWD,3y,RET_DOW_MA20,0.435425852596942,0.719311967930786,0.3595220143897212
QQQ_D1_FWD,3y,RET_VIX_MA20,-0.05858882716095251,0.5329136228966854,-0.6238708744330266
QQQ_D1_FWD,3y,RET_US10Y_MA20,0.16393654862901402,0.8713183236360805,0.16204295822427006
QQQ_D1_FWD,3y,RET_USDJPY_MA20,1.0868232224722338,0.11479257248175274,1.5789597391559484
QQQ_D1_FWD,3y,RET_GOLD_MA20,-0.012083718688181158,0.9654444890536461,-0.043337808694887514
QQQ_D1_FWD,3y,RET_TLT_MA20,0.49548644446434265,0.725835090216565,0.3508104101356133
QQQ_D1_FWD,3y,RET_QQQ_MA60,-13.658110920129783,0.007243681046217667,-2.6932475536942486
QQQ_D1_FWD,3y,RET_SOX_MA60,0.2711258858392933,0.7225089648480254,0.35524906508048987
QQQ_D1_FWD,3y,RET_SP500_MA60,-6.5221116038820215,0.25875664093915274,-1.1302441649995085
QQQ_D1_FWD,3y,RET_NASDAQ_MA60,16.33449659435449,0.004797318995212209,2.8292936767089514
QQQ_D1_FWD,3y,RET_DOW_MA60,-3.1525842682909815,0.2622261477087635,-1.1220404839936398
QQQ_D1_FWD,3y,RET_VIX_MA60,-0.40574732989144885,0.05744334430291025,-1.903023999725748
QQQ_D1_FWD,3y,RET_US10Y_MA60,5.206169838302713,0.037140599645949166,2.0881608793410287
QQQ_D1_FWD,3y,RET_USDJPY_MA60,-2.373121607422944,0.21251622792955405,-1.2478032725939654
QQQ_D1_FWD,3y,RET_GOLD_MA60,-1.9330273461534269,0.0011419862394598508,-3.2663594588468383
QQQ_D1_FWD,3y,RET_TLT_MA60,7.573217630481924,0.035673744147597816,2.1046547237339626
QQQ_D1_FWD,3y,MRDI_Short,0.003074923263259057,0.40961932597914597,0.8250538102715871
QQQ_D1_FWD,3y,MRDI_Long,-0.0005096255311043895,0.8920220363020308,-0.13579495174986855
QQQ_D1_FWD,3y,MA20_MRDI,-0.0002068563810478448,0.7768878920317417,-0.2834852309848804
QQQ_D1_FWD,3y,MA60_MRDI,-7.921755403587243e-05,0.9194624288232612,-0.1011470214203205
QQQ_D1_FWD,3y,RiskScore,-0.01209079748991366,0.714848013973353,-0.36549935039500914
QQQ_D1_FWD,3y,RET_QQQ_20D,0.36695325442458304,0.43384613065291633,0.7830735741586348
QQQ_D1_FWD,3y,RET_SP500_20D,-0.5895012499353217,0.3799177656862698,-0.8785980164311633
QQQ_D1_FWD,3y,dQQQ_D,-0.020561475129496076,0.8937688635894739,-0.13358486952070864
QQQ_D1_FWD,3y,dQQQ_W,0.07275585546082679,0.4576857197091059,0.7430706866090633
QQQ_D1_FWD,3y,dQQQ_M,0.36695325437902915,0.4338461306682546,0.7830735741324966
QQQ_D1_FWD,3y,RET_SOX_20D,-0.037586810765852005,0.603209038802784,-0.5200248521961514
QQQ_D1_FWD,3y,dSOX_D,0.011541290703705838,0.6490007307283276,0.4553451793941095
QQQ_D1_FWD,3y,dSOX_W,-0.025229457715680484,0.3480508193441735,-0.9390011783615438
QQQ_D1_FWD,3y,dSOX_M,-0.03758681077150851,0.6032090387637581,-0.5200248522521737
QQQ_D1_FWD,3y,dSP500_D,0.01827597660451981,0.927370411550079,0.09118627208005291
QQQ_D1_FWD,3y,dSP500_W,-0.05758332771222475,0.5825405062545826,-0.5499308175793504
QQQ_D1_FWD,3y,dSP500_M,-0.5895012499147754,0.3799177656892284,-0.8785980164257048
QQQ_D2_FWD,3y,const,0.07455349597176707,0.02246734652828877,2.287401624052258
QQQ_D2_FWD,3y,VIX,0.00041038350749673664,0.1686824873777536,1.3778619220601573
QQQ_D2_FWD,3y,US10Y,-0.004945732636766975,0.3070877171996421,-1.022091442858603
QQQ_D2_FWD,3y,USDJPY,-0.0003600880604449032,0.030997510836008293,-2.1614311466111333
QQQ_D2_FWD,3y,RET_QQQ,-0.3481376062318614,0.024624795980536365,-2.2520627673771405
QQQ_D2_FWD,3y,RET_SOX,0.03857825716342934,0.13014185354609634,1.5153085586454362
QQQ_D2_FWD,3y,RET_SP500,0.4569089276934493,0.023581360269006302,2.268802749653127
QQQ_D2_FWD,3y,RET_NASDAQ,0.08714014958213034,0.7836420296939041,0.27468055462414154
QQQ_D2_FWD,3y,RET_DOW,-0.29738793506160754,0.0885575829820229,-1.7054114865215744
QQQ_D2_FWD,3y,RET_VIX,-0.005762080016209025,0.5845503016677279,-0.5470018649763544
QQQ_D2_FWD,3y,RET_US10Y,0.0374280199168175,0.6702880410427537,0.4259308653972051
QQQ_D2_FWD,3y,RET_USDJPY,-0.008880451587906249,0.9130714339422236,-0.10920435916135594
QQQ_D2_FWD,3y,RET_GOLD,0.018516649437579743,0.6244252238910645,0.48980334255030367
QQQ_D2_FWD,3y,RET_TLT,0.03288473665593148,0.8030343762643224,0.24951582870945352
QQQ_D2_FWD,3y,RET_QQQ_MA20,-5.772659890281673,0.7662523496390113,-0.2973951239948389
QQQ_D2_FWD,3y,RET_SOX_MA20,1.9228426118903013,0.5275564048595187,0.632053700914145
QQQ_D2_FWD,3y,RET_SP500_MA20,15.953334135717915,0.5566943914991379,0.5880386597159636
QQQ_D2_FWD,3y,RET_NASDAQ_MA20,-2.050371379509995,0.4090756147542646,-0.8260132592026024
QQQ_D2_FWD,3y,RET_DOW_MA20,0.21475066078107374,0.8599452919046439,0.17650824460815168
QQQ_D2_FWD,3y,RET_VIX_MA20,-0.12719192982869937,0.17800974548534723,-1.3482519519191598
QQQ_D2_FWD,3y,RET_US10Y_MA20,-0.6223665197894407,0.5408969941317717,-0.6117547237685267
QQQ_D2_FWD,3y,RET_USDJPY_MA20,1.245786309056473,0.0723329322084458,1.7997121877409104
QQQ_D2_FWD,3y,RET_GOLD_MA20,0.1005792931535586,0.7200540770906361,0.35852976730788927
QQQ_D2_FWD,3y,RET_TLT_MA20,-0.840537380758157,0.5543226933011963,-0.5915778302632843
QQQ_D2_FWD,3y,RET_QQQ_MA60,-15.615850591884898,0.002252351006135981,-3.0659809208235025
QQQ_D2_FWD,3y,RET_SOX_MA60,0.8894126600430938,0.24652740905466064,1.1597874925986413
QQQ_D2_FWD,3y,RET_SP500_MA60,-9.355156759216106,0.10711634296632482,-1.613345411208409
QQQ_D2_FWD,3y,RET_NASDAQ_MA60,19.008712507353636,0.0010963812247021607,3.278076542524471
QQQ_D2_FWD,3y,RET_DOW_MA60,-2.6457296751447927,0.34878333596752215,-0.9375752865578835
QQQ_D2_FWD,3y,RET_VIX_MA60,-0.2773843888046557,0.19598440218112753,-1.2943017604446394
QQQ_D2_FWD,3y,RET_US10Y_MA60,7.399591470847097,0.0032292990653381005,2.955143382126615
QQQ_D2_FWD,3y,RET_USDJPY_MA60,-3.5991334503467423,0.06001700665323507,-1.8836948571073675
QQQ_D2_FWD,3y,RET_GOLD_MA60,-1.7851443734407535,0.0028463533784792118,-2.994359677702327
QQQ_D2_FWD,3y,RET_TLT_MA60,10.745570280555725,0.003046514758211935,2.9732987431131135
QQQ_D2_FWD,3y,MRDI_Short,0.0030646733872691703,0.4132393595891168,0.8186903391781007
QQQ_D2_FWD,3y,MRDI_Long,9.48060683908942e-05,0.9799405748537846,0.0251523207923196
QQQ_D2_FWD,3y,MA20_MRDI,0.00033576377953274683,0.6471788517859595,0.4578809629505679
QQQ_D2_FWD,3y,MA60_MRDI,0.00019012901050862412,0.8092271677392531,0.24151364822646756
QQQ_D2_FWD,3y,RiskScore,-0.014704955991268344,0.65818430635286,-0.442608774142252
QQQ_D2_FWD,3y,RET_QQQ_20D,0.10653891950470196,0.8210053960470352,0.22633627905332243
QQQ_D2_FWD,3y,RET_SP500_20D,-0.300583819839705,0.6556935332267575,-0.44605603740756317
QQQ_D2_FWD,3y,dQQQ_D,-0.3481376065614409,0.024624795851039886,-2.2520627694161233
QQQ_D2_FWD,3y,dQQQ_W,0.2167220173623481,0.027885338989339238,2.203448293971951
QQQ_D2_FWD,3y,dQQQ_M,0.10653891950646924,0.8210053960451923,0.22633627905569279
QQQ_D2_FWD,3y,RET_SOX_20D,-0.03839162510008295,0.5972484110613957,-0.5286009762684629
QQQ_D2_FWD,3y,dSOX_D,0.03857825696354524,0.1301418554892451,1.5153085509679225
QQQ_D2_FWD,3y,dSOX_W,-0.06456932835948127,0.016979466808146357,-2.392827174514363
QQQ_D2_FWD,3y,dSOX_M,-0.038391625099869736,0.5972484110623961,-0.5286009762670203
QQQ_D2_FWD,3y,dSP500_D,0.45690892794414534,0.023581360180667164,2.268802751097393
QQQ_D2_FWD,3y,dSP500_W,-0.19643805954998278,0.062206223474374406,-1.8677843616412593
QQQ_D2_FWD,3y,dSP500_M,-0.3005838198171134,0.6556935332318827,-0.4460560374004645
QQQ_D3_FWD,3y,const,0.057606443230237156,0.08008850118078051,1.7526981094560916
QQQ_D3_FWD,3y,VIX,0.0002738015989864537,0.36119206141375204,0.9136901184000283
QQQ_D3_FWD,3y,US10Y,-0.0014047798785153621,0.7740771101002413,-0.28715618753686073
QQQ_D3_FWD,3y,USDJPY,-0.0003507850346429846,0.03669861022257856,-2.0930826071546265
QQQ_D3_FWD,3y,RET_QQQ,0.04780544545817578,0.7586150428879815,0.3074192820265392
QQQ_D3_FWD,3y,RET_SOX,0.01075664569337285,0.6747991555607376,0.41974564738509096
QQQ_D3_FWD,3y,RET_SP500,-0.588099667889317,0.0038237153341919143,-2.901985705383188
QQQ_D3_FWD,3y,RET_NASDAQ,0.4656864116583045,0.14517061515530735,1.4584183280750254
QQQ_D3_FWD,3y,RET_DOW,0.31776201544955746,0.07050337601684595,1.811406579458253
QQQ_D3_FWD,3y,RET_VIX,-0.008694495576171395,0.41223725960022156,-0.8204494320816775
QQQ_D3_FWD,3y,RET_US10Y,-0.05002245948959906,0.5716857743178465,-0.5658353290731896
QQQ_D3_FWD,3y,RET_USDJPY,-0.03276390683941191,0.688891242620398,-0.40052496424468365
QQQ_D3_FWD,3y,RET_GOLD,0.033066202755272375,0.3848671510480813,0.8695045457511262
QQQ_D3_FWD,3y,RET_TLT,-0.07341338129726899,0.5799355639642833,-0.5537353340594823
QQQ_D3_FWD,3y,RET_QQQ_MA20,0.17878380769230828,0.9926973050784703,0.009155945058250698
QQQ_D3_FWD,3y,RET_SOX_MA20,-0.38911809211862025,0.8988574871572547,-0.127150565574337
QQQ_D3_FWD,3y,RET_SP500_MA20,1.479660699481786,0.9567766992104141,0.05421817669457373
QQQ_D3_FWD,3y,RET_NASDAQ_MA20,-2.2207301712566343,0.37425445955115233,-0.889096541256949
QQQ_D3_FWD,3y,RET_DOW_MA20,-0.3743029451305448,0.7598877442171706,-0.30574673465599933
QQQ_D3_FWD,3y,RET_VIX_MA20,0.01672253828769635,0.8602749764951058,0.17608850821950534
QQQ_D3_FWD,3y,RET_US10Y_MA20,1.1380487688411791,0.26670972937537457,1.1115520219171027
QQQ_D3_FWD,3y,RET_USDJPY_MA20,0.29447050770119715,0.6727397303359222,0.42256744520456985
QQQ_D3_FWD,3y,RET_GOLD_MA20,-0.20443059938100228,0.4691629577362619,-0.7242330094719738
QQQ_D3_FWD,3y,RET_TLT_MA20,1.3312892763161126,0.35230987835926975,0.9307337918617422
QQQ_D3_FWD,3y,RET_QQQ_MA60,-7.338751797075005,0.1524971045539156,-1.4323143358580022
QQQ_D3_FWD,3y,RET_SOX_MA60,-0.34013043048471664,0.659438505777782,-0.4408752037554067
QQQ_D3_FWD,3y,RET_SP500_MA60,-5.187354511758031,0.37414433383666534,-0.8893016304485619
QQQ_D3_FWD,3y,RET_NASDAQ_MA60,9.280265202285062,0.11212967007525929,1.5906810015417876
QQQ_D3_FWD,3y,RET_DOW_MA60,-2.071829038781898,0.4657303631810282,-0.729840087689884
QQQ_D3_FWD,3y,RET_VIX_MA60,-0.35423125908950764,0.10111759443016492,-1.6416063324191268
QQQ_D3_FWD,3y,RET_US10Y_MA60,1.0558189459245464,0.6753381448476498,0.419007684285724
QQQ_D3_FWD,3y,RET_USDJPY_MA60,2.2258965469142504,0.2475126910245648,1.1573712344678828
QQQ_D3_FWD,3y,RET_GOLD_MA60,-1.3570981473596364,0.024147376497137718,-2.259650935561115
QQQ_D3_FWD,3y,RET_TLT_MA60,3.6069184646498265,0.3219019246839868,0.991253446424127
QQQ_D3_FWD,3y,MRDI_Short,0.001657620575411803,0.6599416366462789,0.4401800362400201
QQQ_D3_FWD,3y,MRDI_Long,0.004405261789906623,0.2457403081044718,1.1617250778567978
QQQ_D3_FWD,3y,MA20_MRDI,-0.00015594705086090935,0.8326751407902383,-0.21135013835567412
QQQ_D3_FWD,3y,MA60_MRDI,0.0011337471568196068,0.15269486455044978,1.4316231343799666
QQQ_D3_FWD,3y,RiskScore,-0.02634289702387054,0.43085664705847554,-0.7881795053217121
QQQ_D3_FWD,3y,RET_QQQ_20D,-0.04379631295652215,0.9263330013174692,-0.09249253103180069
QQQ_D3_FWD,3y,RET_SP500_20D,0.08809051197560543,0.8966418484041868,0.12995152309683236
QQQ_D3_FWD,3y,dQQQ_D,0.047805445430841045,0.7586150430310078,0.3074192818385299
QQQ_D3_FWD,3y,dQQQ_W,0.09423002580899709,0.341410849361582,0.952024461906082
QQQ_D3_FWD,3y,dQQQ_M,-0.043796312956126786,0.9263330013195517,-0.09249253102917848
QQQ_D3_FWD,3y,RET_SOX_20D,0.018994005880875024,0.7949643298941903,0.2599680389341159
QQQ_D3_FWD,3y,dSOX_D,0.010756645675790264,0.6747991560258296,0.41974564674820647
QQQ_D3_FWD,3y,dSOX_W,-0.0338468623716362,0.21285191366510353,-1.246890024817252
QQQ_D3_FWD,3y,dSOX_M,0.018994005880872696,0.7949643298944294,0.2599680389338058
QQQ_D3_FWD,3y,dSP500_D,-0.5880996678806724,0.003823715333443344,-2.9019857054452602
QQQ_D3_FWD,3y,dSP500_W,-0.06329602373131749,0.5499257320091556,-0.5981593304995731
QQQ_D3_FWD,3y,dSP500_M,0.08809051198168795,0.8966418483774852,0.12995152313059408
QQQ_D4_FWD,3y,const,0.08412133941378717,0.01039372958756146,2.569349861038968
QQQ_D4_FWD,3y,VIX,9.985224034817332e-05,0.7377104964929193,0.3350190720238874
QQQ_D4_FWD,3y,US10Y,-0.0021357405977732295,0.6620264779102414,-0.4373019719972914
QQQ_D4_FWD,3y,USDJPY,-0.0004721061761004661,0.004747000308348198,-2.8327435245610655
QQQ_D4_FWD,3y,RET_QQQ,0.09355890372362329,0.5454769254237036,0.6048449420641527
QQQ_D4_FWD,3y,RET_SOX,-0.04443426628174136,0.0816545861123422,-1.7436618143687717
QQQ_D4_FWD,3y,RET_SP500,-0.022591319605320275,0.910818588220516,-0.11204635830437971
QQQ_D4_FWD,3y,RET_NASDAQ,-0.06095088253727336,0.8478314361310834,-0.19195675153062547
QQQ_D4_FWD,3y,RET_DOW,-0.15584346194341636,0.37207942720514403,-0.8931549077385108
QQQ_D4_FWD,3y,RET_VIX,-0.01440001254343815,0.1722274022222609,-1.3664711302024568
QQQ_D4_FWD,3y,RET_US10Y,-0.09200686288600882,0.2958848325521721,-1.0460763017071093
QQQ_D4_FWD,3y,RET_USDJPY,0.006057460254552522,0.9406632151338958,0.0744628978946608
QQQ_D4_FWD,3y,RET_GOLD,-0.001755089047584101,0.9630361089842092,-0.04636044679782237
QQQ_D4_FWD,3y,RET_TLT,-0.04938860868111652,0.7081302602238072,-0.37452000326868334
QQQ_D4_FWD,3y,RET_QQQ_MA20,-30.94240095412571,0.11161168526654329,-1.5929882498101857
QQQ_D4_FWD,3y,RET_SOX_MA20,1.5400877168378388,0.6129954740112542,0.5060279055731466
QQQ_D4_FWD,3y,RET_SP500_MA20,62.78516185568375,0.020987335151711653,2.3134102091967272
QQQ_D4_FWD,3y,RET_NASDAQ_MA20,-2.1698313367365776,0.3828814997795318,-0.873145490454906
QQQ_D4_FWD,3y,RET_DOW_MA20,0.721849737433508,0.5534611120493566,0.5928661688633255
QQQ_D4_FWD,3y,RET_VIX_MA20,0.042475666313367966,0.6530136791514624,0.44977147238598647
QQQ_D4_FWD,3y,RET_US10Y_MA20,1.233682731380079,0.2261141617871801,1.211489973254925
QQQ_D4_FWD,3y,RET_USDJPY_MA20,1.5020233496209685,0.030693134591383665,2.165388291840948
QQQ_D4_FWD,3y,RET_GOLD_MA20,-0.2304531546931608,0.4130210862677696,-0.819074508396124
QQQ_D4_FWD,3y,RET_TLT_MA20,1.7936704313697764,0.2079002787962478,1.2605177227460018
QQQ_D4_FWD,3y,RET_QQQ_MA60,-10.893871801944396,0.032922169311619745,-2.137243035278445
QQQ_D4_FWD,3y,RET_SOX_MA60,0.23436832514693537,0.7600934656193907,0.30547663026701505
QQQ_D4_FWD,3y,RET_SP500_MA60,-5.060474484667587,0.38333927335639106,-0.8723052561853527
QQQ_D4_FWD,3y,RET_NASDAQ_MA60,11.142379643322759,0.055238749601484206,1.920181194995635
QQQ_D4_FWD,3y,RET_DOW_MA60,-2.972603136436031,0.2926997371755578,-1.0530055258191022
QQQ_D4_FWD,3y,RET_VIX_MA60,-0.32706994554822455,0.12804824805756204,-1.5236379057619385
QQQ_D4_FWD,3y,RET_US10Y_MA60,3.753832758042908,0.13465788312893046,1.4977059366047543
QQQ_D4_FWD,3y,RET_USDJPY_MA60,1.3362272988369526,0.4851732242590928,0.6983751613948189
QQQ_D4_FWD,3y,RET_GOLD_MA60,-1.884077462795959,0.0016932267741463654,-3.1514954742243546
QQQ_D4_FWD,3y,RET_TLT_MA60,6.964352260973252,0.0548104448574086,1.9235779616370001
QQQ_D4_FWD,3y,MRDI_Short,0.002326307385694797,0.5346543259602995,0.6212224970244902
QQQ_D4_FWD,3y,MRDI_Long,0.004948548929293555,0.1898418592155304,1.312314139351192
QQQ_D4_FWD,3y,MA20_MRDI,-0.0007701247586410371,0.2943227030936155,-1.0494684429946557
QQQ_D4_FWD,3y,MA60_MRDI,0.0012424588283216477,0.11518013327245584,1.577280845953553
QQQ_D4_FWD,3y,RiskScore,-0.031972928974802785,0.33637606907295714,-0.9620076351740288
QQQ_D4_FWD,3y,RET_QQQ_20D,0.7152691993999704,0.12931112561717653,1.518604050702952
QQQ_D4_FWD,3y,RET_SP500_20D,-1.4199644874356567,0.035524328831649285,-2.1063843850297865
QQQ_D4_FWD,3y,dQQQ_D,0.093558900807722,0.5454769379823398,0.6048449231542454
QQQ_D4_FWD,3y,dQQQ_W,0.0747595477944773,0.44786655513404977,0.7594016011546119
QQQ_D4_FWD,3y,dQQQ_M,0.7152691993748014,0.129311125621154,1.518604050687158
QQQ_D4_FWD,3y,RET_SOX_20D,-0.03279548602408369,0.6519158240259121,-0.4512951464692667
QQQ_D4_FWD,3y,dSOX_D,-0.04443426418739661,0.08165460055598753,-1.743661731648828
QQQ_D4_FWD,3y,dSOX_W,0.004329336968164617,0.872627746185206,0.16038000520682563
QQQ_D4_FWD,3y,dSOX_M,-0.032795486024401244,0.651915824023165,-0.4512951464730805
QQQ_D4_FWD,3y,dSP500_D,-0.02259131945510483,0.9108185888098838,-0.11204635756079467
QQQ_D4_FWD,3y,dSP500_W,-0.1357308325574647,0.19755026132385525,-1.2897809362347008
QQQ_D4_FWD,3y,dSP500_M,-1.4199644873039172,0.03552432883187749,-2.106384385027166
QQQ_D5_FWD,3y,const,0.06694975118887816,0.043181457107598006,2.0256157691148418
QQQ_D5_FWD,3y,VIX,0.000295717942689731,0.3270232433738142,0.9808112468663713
QQQ_D5_FWD,3y,US10Y,1.699899938213613e-05,0.9972535635790383,0.003443378717489303
QQQ_D5_FWD,3y,USDJPY,-0.00044624172235189385,0.008137321049035143,-2.6538698920872257
QQQ_D5_FWD,3y,RET_QQQ,-0.49135534540590226,0.0017333750188696089,-3.1445650061923636
QQQ_D5_FWD,3y,RET_SOX,0.03191527728129543,0.21504660077628715,1.240927152194387
QQQ_D5_FWD,3y,RET_SP500,-0.16056576458984956,0.4302910489358406,-0.78914889085643
QQQ_D5_FWD,3y,RET_NASDAQ,0.960193619172424,0.0028630812170232526,2.992593402791479
QQQ_D5_FWD,3y,RET_DOW,0.19879762805210213,0.25932303434503,1.128904898736076
QQQ_D5_FWD,3y,RET_VIX,-0.0026965605965157385,0.7999382140670401,-0.25352299980257365
QQQ_D5_FWD,3y,RET_US10Y,-0.07329313894542724,0.40946028181267974,-0.8253369740504093
QQQ_D5_FWD,3y,RET_USDJPY,0.088835812767679,0.2800755311643094,1.0809826154877344
QQQ_D5_FWD,3y,RET_GOLD,-0.008340540899586819,0.8277918592126204,-0.21761549155256113
QQQ_D5_FWD,3y,RET_TLT,-0.14413530888465792,0.27930235225348876,-1.0827235992868378
QQQ_D5_FWD,3y,RET_QQQ_MA20,-4.860814697974577,0.8042724012009212,-0.24791521588621876
QQQ_D5_FWD,3y,RET_SOX_MA20,1.1299459306881179,0.7130212852297634,0.3679499851589582
QQQ_D5_FWD,3y,RET_SP500_MA20,15.492939455186631,0.5717999840261172,0.5656680074317687
QQQ_D5_FWD,3y,RET_NASDAQ_MA20,-2.775811893209015,0.2688000347778127,-1.1067050171160617
QQQ_D5_FWD,3y,RET_DOW_MA20,0.5661179892563695,0.6450392621849376,0.460863242020244
QQQ_D5_FWD,3y,RET_VIX_MA20,0.011552102070031413,0.9035430325094883,0.12123059636038286
QQQ_D5_FWD,3y,RET_US10Y_MA20,1.5339928905804918,0.13585382909026822,1.4931222881365576
QQQ_D5_FWD,3y,RET_USDJPY_MA20,-0.2777306118598082,0.6917840933750697,-0.3965982605967515
QQQ_D5_FWD,3y,RET_GOLD_MA20,-0.2929025531855994,0.3032852072032473,-1.0301684926716757
QQQ_D5_FWD,3y,RET_TLT_MA20,1.32396879248021,0.3568026057054471,0.922081109713616
QQQ_D5_FWD,3y,RET_QQQ_MA60,-7.335860650742998,0.15423543696170564,-1.4262661934053016
QQQ_D5_FWD,3y,RET_SOX_MA60,-0.01777505571493687,0.98171146411588,-0.02293144571304115
QQQ_D5_FWD,3y,RET_SP500_MA60,-2.786343623249685,0.6344361459446239,-0.47569965768845557
QQQ_D5_FWD,3y,RET_NASDAQ_MA60,7.170607178822376,0.22116087168489224,1.2245344072635735
QQQ_D5_FWD,3y,RET_DOW_MA60,-2.7912167991057855,0.3279484065724447,-0.9789359014814962
QQQ_D5_FWD,3y,RET_VIX_MA60,-0.2531928085231062,0.24283414133176426,-1.1689148614475067
QQQ_D5_FWD,3y,RET_US10Y_MA60,3.123601096852102,0.21719403551131056,1.2351319318288023
QQQ_D5_FWD,3y,RET_USDJPY_MA60,3.0661164560098726,0.11265218882263463,1.5883705704641422
QQQ_D5_FWD,3y,RET_GOLD_MA60,-1.099434187964323,0.06917833728210858,-1.8200379604864456
QQQ_D5_FWD,3y,RET_TLT_MA60,7.08134108429573,0.053057736058265095,1.9377183591549536
QQQ_D5_FWD,3y,MRDI_Short,-0.00034638808589129515,0.9271291593673493,-0.09149019553631332
QQQ_D5_FWD,3y,MRDI_Long,0.002536777017714976,0.5061409376916044,0.6651997043158231
QQQ_D5_FWD,3y,MA20_MRDI,-0.00019584619304324676,0.7914477806184778,-0.26453169508630386
QQQ_D5_FWD,3y,MA60_MRDI,0.000489450727472046,0.5381805911901284,0.6158685973107572
QQQ_D5_FWD,3y,RiskScore,-0.010512210708406924,0.7545643320824353,-0.31274871742535443
QQQ_D5_FWD,3y,RET_QQQ_20D,0.09308154730741501,0.844835130339944,0.19578486890446894
QQQ_D5_FWD,3y,RET_SP500_20D,-0.25561304098671256,0.7072380191401587,-0.3757205277223193
QQQ_D5_FWD,3y,dQQQ_D,-0.4913553450762795,0.0017333750304380532,-3.144565004211858
QQQ_D5_FWD,3y,dQQQ_W,0.1310907168383389,0.18732795344921171,1.3198103675556656
QQQ_D5_FWD,3y,dQQQ_M,0.09308154730317113,0.8448351303440658,0.1957848688992012
QQQ_D5_FWD,3y,RET_SOX_20D,-0.020423725781924605,0.7807171779463834,-0.2784912464185222
QQQ_D5_FWD,3y,dSOX_D,0.03191527710853415,0.21504660321028524,1.240927145602206
QQQ_D5_FWD,3y,dSOX_W,-0.0030509855551953758,0.9108351082974386,-0.11202557281990788
QQQ_D5_FWD,3y,dSOX_M,-0.02042372577544744,0.7807171779902297,-0.27849124636137296
QQQ_D5_FWD,3y,dSP500_D,-0.16056576471800887,0.4302910485899928,-0.789148891448621
QQQ_D5_FWD,3y,dSP500_W,-0.16276970898311235,0.12581634374636624,-1.5326323346445523
QQQ_D5_FWD,3y,dSP500_M,-0.25561304107626887,0.7072380191202785,-0.3757205277490695
QQQ_D6_FWD,3y,const,0.04493080636566464,0.17836684490657195,1.3471492611500875
QQQ_D6_FWD,3y,VIX,0.00044540160325034844,0.1416324049573875,1.4713951306101467
QQQ_D6_FWD,3y,US10Y,-0.0005531727772041222,0.9115662027092215,-0.1111032826052717
QQQ_D6_FWD,3y,USDJPY,-0.0003176146038413193,0.06063618253579428,-1.8791638380335247
QQQ_D6_FWD,3y,RET_QQQ,0.44443606266876284,0.0048074466630511166,2.8286749175923553
QQQ_D6_FWD,3y,RET_SOX,-0.07130985837230105,0.005968377949840721,-2.7579190365201534
QQQ_D6_FWD,3y,RET_SP500,-0.1179720551004047,0.5640939116979634,-0.5770452125614931
QQQ_D6_FWD,3y,RET_NASDAQ,-0.48317779453356646,0.13463882465597451,-1.4977841876064528
QQQ_D6_FWD,3y,RET_DOW,0.01588395062697455,0.9286326641997864,0.08959745313830203
QQQ_D6_FWD,3y,RET_VIX,-0.002360835595236471,0.8250959280536081,-0.22107807482067302
QQQ_D6_FWD,3y,RET_US10Y,0.02360794701009639,0.7912505395142506,0.2647879581734175
QQQ_D6_FWD,3y,RET_USDJPY,-0.132346293106132,0.10917441387762669,-1.6039519939991043
QQQ_D6_FWD,3y,RET_GOLD,-0.044481456670884455,0.24811105453728274,-1.155910392888017
QQQ_D6_FWD,3y,RET_TLT,0.07547205191141317,0.5724843292031082,0.5646616113387128
QQQ_D6_FWD,3y,RET_QQQ_MA20,-7.639207379674595,0.6981059344605373,-0.38803748102129854
QQQ_D6_FWD,3y,RET_SOX_MA20,1.2555071546508862,0.683976628846534,0.4072117225681722
QQQ_D6_FWD,3y,RET_SP500_MA20,25.29115223280965,0.3580203150006615,0.9197481479515582
QQQ_D6_FWD,3y,RET_NASDAQ_MA20,-0.23945971758314877,0.9244116605418656,-0.09491218782043238
QQQ_D6_FWD,3y,RET_DOW_MA20,0.24381614023541423,0.843529996707478,0.19745327926866357
QQQ_D6_FWD,3y,RET_VIX_MA20,-0.048657001867623235,0.6111995846352363,-0.5085897823287605
QQQ_D6_FWD,3y,RET_US10Y_MA20,1.1809357666136133,0.2526762995076951,1.1448141844649669
QQQ_D6_FWD,3y,RET_USDJPY_MA20,-0.16385068964659444,0.8158986584218904,-0.23291067742834756
QQQ_D6_FWD,3y,RET_GOLD_MA20,-0.26825195912411415,0.34978562547793957,-0.9356296808763854
QQQ_D6_FWD,3y,RET_TLT_MA20,1.172014752034491,0.41649034459283585,0.813005845641066
QQQ_D6_FWD,3y,RET_QQQ_MA60,-2.646203477748242,0.6085442778438204,-0.512382821729484
QQQ_D6_FWD,3y,RET_SOX_MA60,-0.7275424580049884,0.3505801659973613,-0.9340870542181617
QQQ_D6_FWD,3y,RET_SP500_MA60,2.2948964485624286,0.6964844927217286,0.3902304924261344
QQQ_D6_FWD,3y,RET_NASDAQ_MA60,1.151213296023603,0.8448699902857608,0.19574041912192622
QQQ_D6_FWD,3y,RET_DOW_MA60,-2.5091768258830585,0.3810800904570685,-0.876459515778773
QQQ_D6_FWD,3y,RET_VIX_MA60,-0.17619488075333517,0.41809515745853676,-0.8102080769779667
QQQ_D6_FWD,3y,RET_US10Y_MA60,1.5600085380543895,0.5391762428907867,0.6143604137850639
QQQ_D6_FWD,3y,RET_USDJPY_MA60,3.4386835445441633,0.07658514955729495,1.7734651367191219
QQQ_D6_FWD,3y,RET_GOLD_MA60,-0.9784540921041831,0.10842772035493152,-1.607347910848678
QQQ_D6_FWD,3y,RET_TLT_MA60,4.247481980685029,0.24739826012597319,1.1576557759479902
QQQ_D6_FWD,3y,MRDI_Short,0.0008437060260656139,0.8244142227561198,0.2219540289530809
QQQ_D6_FWD,3y,MRDI_Long,0.0018704643158755304,0.6254240088305764,0.4883930149863681
QQQ_D6_FWD,3y,MA20_MRDI,-0.00011847152327812184,0.8734394851574646,-0.15934933844148522
QQQ_D6_FWD,3y,MA60_MRDI,0.0006786581838378747,0.3954084788838705,0.8503715659006859
QQQ_D6_FWD,3y,RiskScore,-0.012830981631663413,0.7039249327325278,-0.38018251953140747
QQQ_D6_FWD,3y,RET_QQQ_20D,0.1400294161462276,0.7693463171666991,0.29334348211976685
QQQ_D6_FWD,3y,RET_SP500_20D,-0.5684140820118896,0.40559516051965966,-0.8321714660498231
QQQ_D6_FWD,3y,dQQQ_D,0.44443606295369237,0.0048074466351560345,2.828674919471059
QQQ_D6_FWD,3y,dQQQ_W,-0.06624073856333827,0.5077935606739427,-0.6626166951682542
QQQ_D6_FWD,3y,dQQQ_M,0.14002941614212625,0.7693463171705852,0.29334348211468014
QQQ_D6_FWD,3y,RET_SOX_20D,-0.016934277755654464,0.8181690392217533,-0.22998678201126305
QQQ_D6_FWD,3y,dSOX_D,-0.07130985911993033,0.005968377414171207,-2.757919066183179
QQQ_D6_FWD,3y,dSOX_W,0.03635027697016532,0.18447757708460769,1.3284003148597971
QQQ_D6_FWD,3y,dSOX_M,-0.016934277755768553,0.8181690392208198,-0.2299867820124647
QQQ_D6_FWD,3y,dSP500_D,-0.11797205467129261,0.5640939130751431,-0.577045210521649
QQQ_D6_FWD,3y,dSP500_W,0.009604853618759675,0.9283869066306287,0.08990681958254726
QQQ_D6_FWD,3y,dSP500_M,-0.5684140820397336,0.4055951605234605,-0.8321714660430837
QQQ_D7_FWD,3y,const,0.017781669813199317,0.5965219625391968,0.529650512661976
QQQ_D7_FWD,3y,VIX,0.0003937718232730223,0.19505768650537703,1.2970006449199167
QQQ_D7_FWD,3y,US10Y,0.002670866352446553,0.5939829603045779,0.5333173522610358
QQQ_D7_FWD,3y,USDJPY,-0.0002460966593428174,0.1473972266834944,-1.4503894592487547
QQQ_D7_FWD,3y,RET_QQQ,0.044719324593657996,0.7768209870639193,0.28357348593308807
QQQ_D7_FWD,3y,RET_SOX,0.019479876425964198,0.45280012134494524,0.7511738614774669
QQQ_D7_FWD,3y,RET_SP500,0.4043326640555188,0.04910972892025012,1.9710621516716813
QQQ_D7_FWD,3y,RET_NASDAQ,-0.6078432710977941,0.060743851726618114,-1.8783811888866058
QQQ_D7_FWD,3y,RET_DOW,-0.37359394249684225,0.036003373367747275,-2.1009328443798214
QQQ_D7_FWD,3y,RET_VIX,-0.00489096122991091,0.6481518991334977,-0.4565278012171387
QQQ_D7_FWD,3y,RET_US10Y,-0.08364509911568446,0.35124225715912166,-0.9328041648148474
QQQ_D7_FWD,3y,RET_USDJPY,-0.015310542490062378,0.8533017519420673,-0.1849755040429711
QQQ_D7_FWD,3y,RET_GOLD,0.02538631963208711,0.5109097972504963,0.6577576514092128
QQQ_D7_FWD,3y,RET_TLT,-0.0252481719822489,0.8511403807830299,-0.18773287973224692
QQQ_D7_FWD,3y,RET_QQQ_MA20,-15.134864215916473,0.4436227719349846,-0.7665237573247977
QQQ_D7_FWD,3y,RET_SOX_MA20,-1.000259377385925,0.7465170191432751,-0.3233626925430436
QQQ_D7_FWD,3y,RET_SP500_MA20,44.40311749822794,0.10784642321446387,1.6100074126076613
QQQ_D7_FWD,3y,RET_NASDAQ_MA20,1.6487198097526718,0.5155074154955848,0.6506162591762401
QQQ_D7_FWD,3y,RET_DOW_MA20,0.3128435767673045,0.8007423708287587,0.2524822167542843
QQQ_D7_FWD,3y,RET_VIX_MA20,-0.04823067461950404,0.6153798203715841,-0.5026335222172668
QQQ_D7_FWD,3y,RET_US10Y_MA20,0.2812243648924595,0.7858406237755414,0.2718197874926578
QQQ_D7_FWD,3y,RET_USDJPY_MA20,0.5917674603723829,0.40211230531419895,0.8383635802135341
QQQ_D7_FWD,3y,RET_GOLD_MA20,-0.34919934472636427,0.22673272818389348,-1.2098801242449604
QQQ_D7_FWD,3y,RET_TLT_MA20,0.595609025342542,0.680504614020079,0.411946439483098
QQQ_D7_FWD,3y,RET_QQQ_MA60,-3.43186441094569,0.5078820170356323,-0.6624790231968641
QQQ_D7_FWD,3y,RET_SOX_MA60,-0.29700263434650814,0.7046380263945696,-0.3792217706817819
QQQ_D7_FWD,3y,RET_SP500_MA60,0.12972812439076567,0.9824599917025733,0.021992756999166342
QQQ_D7_FWD,3y,RET_NASDAQ_MA60,2.3437225056472375,0.6913087162046153,0.39724365080505875
QQQ_D7_FWD,3y,RET_DOW_MA60,0.22991794190799777,0.9362035027330547,0.0800711730195381
QQQ_D7_FWD,3y,RET_VIX_MA60,-0.11610184028321154,0.594693816088798,-0.5322900092153854
QQQ_D7_FWD,3y,RET_US10Y_MA60,1.2921800160816381,0.6120508187649384,0.5073756912487369
QQQ_D7_FWD,3y,RET_USDJPY_MA60,1.0717478072713025,0.5817901223016976,0.5510278991380593
QQQ_D7_FWD,3y,RET_GOLD_MA60,-0.38484258982774233,0.5295458473412084,-0.6290124099679443
QQQ_D7_FWD,3y,RET_TLT_MA60,2.5427352321453696,0.4898917859386769,0.690844772839662
QQQ_D7_FWD,3y,MRDI_Short,-0.002109606879662151,0.580297372408785,-0.5532079963599285
QQQ_D7_FWD,3y,MRDI_Long,-0.0011512382914870996,0.7644874541627985,-0.29970968628365907
QQQ_D7_FWD,3y,MA20_MRDI,0.0009352826565272806,0.21031328679873726,1.2538533582232019
QQQ_D7_FWD,3y,MA60_MRDI,0.0005958376363278083,0.4571141860517401,0.7440191800094959
QQQ_D7_FWD,3y,RiskScore,0.013437042170618385,0.691543475538098,0.3969251418910322
QQQ_D7_FWD,3y,RET_QQQ_20D,0.32051611496835186,0.5034209293560238,0.6694624963154686
QQQ_D7_FWD,3y,RET_SP500_20D,-1.0901376140351984,0.11199358789530746,-1.5912969551536145
QQQ_D7_FWD,3y,dQQQ_D,0.044719325229527394,0.7768209839686372,0.28357348997326703
QQQ_D7_FWD,3y,dQQQ_W,-0.06605243362127106,0.5107003630678556,-0.6580837595990225
QQQ_D7_FWD,3y,dQQQ_M,0.32051611496482874,0.5034209293583205,0.669462496311865
QQQ_D7_FWD,3y,RET_SOX_20D,0.030208122892124677,0.6826856579891079,0.408971272372633
QQQ_D7_FWD,3y,dSOX_D,0.019479877613842803,0.4528000939063082,0.7511739071053971
QQQ_D7_FWD,3y,dSOX_W,0.020139162964342417,0.4633195741690794,0.7337941108924817
QQQ_D7_FWD,3y,dSOX_M,0.030208122882913965,0.6826856580973576,0.4089712722250592
QQQ_D7_FWD,3y,dSP500_D,0.40433266358869097,0.04910972919488612,1.9710621492757248
QQQ_D7_FWD,3y,dSP500_W,0.04574854423098899,0.6700663044454193,0.4262365934191225
QQQ_D7_FWD,3y,dSP500_M,-1.090137614175741,0.11199358790562826,-1.5912969551077385
QQQ_D8_FWD,3y,const,0.026671878069617513,0.42928335994839584,0.7908774802250219
QQQ_D8_FWD,3y,VIX,-8.054232892480742e-05,0.7911537317170696,-0.26491395897857084
QQQ_D8_FWD,3y,US10Y,0.005274735674555792,0.2937451194423075,1.0507302051668161
QQQ_D8_FWD,3y,USDJPY,-0.00032389261672944355,0.05743882159175981,-1.903089674823786
QQQ_D8_FWD,3y,RET_QQQ,-0.04288576497882948,0.7860021064901467,-0.27160985128419973
QQQ_D8_FWD,3y,RET_SOX,0.02180949109223932,0.4012109450709383,0.8399718805393797
QQQ_D8_FWD,3y,RET_SP500,-0.3164363421193359,0.12386603246797696,-1.540600175278607
QQQ_D8_FWD,3y,RET_NASDAQ,0.3276681293957234,0.31238314897892144,1.0109636382908564
QQQ_D8_FWD,3y,RET_DOW,0.1410925974637685,0.4283579079280719,0.7924652884708758
QQQ_D8_FWD,3y,RET_VIX,-0.009133092498279533,0.3948057469494872,-0.8514587564799204
QQQ_D8_FWD,3y,RET_US10Y,0.11418625591115616,0.20407192649633613,1.2712220053040983
QQQ_D8_FWD,3y,RET_USDJPY,-0.008721923778380356,0.9162118648095933,-0.10524460803062516
QQQ_D8_FWD,3y,RET_GOLD,-0.024021058491853563,0.5344515931717746,-0.6215326188807793
QQQ_D8_FWD,3y,RET_TLT,0.25978483147992254,0.054100490592560016,1.9292760592060347
QQQ_D8_FWD,3y,RET_QQQ_MA20,-6.390164108676508,0.7466058213666518,-0.3232455558712775
QQQ_D8_FWD,3y,RET_SOX_MA20,-3.1859298917635095,0.30414703928560366,-1.0283359092073276
QQQ_D8_FWD,3y,RET_SP500_MA20,38.01624970904221,0.16902778408215685,1.3767562366821708
QQQ_D8_FWD,3y,RET_NASDAQ_MA20,1.6066963808776544,0.5272823832727588,0.6324760540119594
QQQ_D8_FWD,3y,RET_DOW_MA20,0.38616119357684237,0.7558908477646775,0.31100310743353254
QQQ_D8_FWD,3y,RET_VIX_MA20,0.06642275253153512,0.4896500285531661,0.6912302412544666
QQQ_D8_FWD,3y,RET_US10Y_MA20,-0.7178053532325945,0.4886224687696052,-0.6928675622034651
QQQ_D8_FWD,3y,RET_USDJPY_MA20,0.3056075862561867,0.6656983615579277,0.43224240387255636
QQQ_D8_FWD,3y,RET_GOLD_MA20,-0.4342192428310321,0.13521725882795815,-1.4955668135627052
QQQ_D8_FWD,3y,RET_TLT_MA20,-1.1510442057518129,0.42681375360362367,-0.7951190714839862
QQQ_D8_FWD,3y,RET_QQQ_MA60,-2.2740032133522075,0.6612159883790443,-0.43842156121800807
QQQ_D8_FWD,3y,RET_SOX_MA60,-0.020481152176659106,0.9792659616761774,-0.025998478522065264
QQQ_D8_FWD,3y,RET_SP500_MA60,1.9998230122704128,0.7350220140560064,0.3385875264133418
QQQ_D8_FWD,3y,RET_NASDAQ_MA60,-0.8050917811424385,0.891634032558308,-0.13628643393050394
QQQ_D8_FWD,3y,RET_DOW_MA60,0.8199066997331208,0.775629526504564,0.2851291649618827
QQQ_D8_FWD,3y,RET_VIX_MA60,-0.005133889542598232,0.9812568303785926,-0.023501636972900846
QQQ_D8_FWD,3y,RET_US10Y_MA60,1.9373546128065189,0.4477207768998172,0.7596479821572413
QQQ_D8_FWD,3y,RET_USDJPY_MA60,1.8058222277338745,0.3541297772881324,0.9272240939987376
QQQ_D8_FWD,3y,RET_GOLD_MA60,0.08145200089302515,0.8945994404610357,0.1325347321029879
QQQ_D8_FWD,3y,RET_TLT_MA60,3.680295871813553,0.3183037674376374,0.9986615326874642
QQQ_D8_FWD,3y,MRDI_Short,-0.0019653253614838363,0.607593474668829,-0.5137434745091614
QQQ_D8_FWD,3y,MRDI_Long,0.003282277830924246,0.393882723425617,0.8531233454955378
QQQ_D8_FWD,3y,MA20_MRDI,0.0005776569496314275,0.4401472231939014,0.7723848441225348
QQQ_D8_FWD,3y,MA60_MRDI,-4.734228005230495e-06,0.9952962961551414,-0.005897358569528194
QQQ_D8_FWD,3y,RiskScore,-0.0048041683106469606,0.8874446810209299,-0.14158990309798591
QQQ_D8_FWD,3y,RET_QQQ_20D,0.11809255443476964,0.8054747575903507,0.24636133623296452
QQQ_D8_FWD,3y,RET_SP500_20D,-0.9399296704037927,0.17101327847052764,-1.3703618279825827
QQQ_D8_FWD,3y,dQQQ_D,-0.042885764747225635,0.7860021076147661,-0.2716098498211403
QQQ_D8_FWD,3y,dQQQ_W,-0.05422262859193244,0.590065970536156,-0.5389887770129581
QQQ_D8_FWD,3y,dQQQ_M,0.1180925544472469,0.8054747575756355,0.24636133625198314
QQQ_D8_FWD,3y,RET_SOX_20D,0.08459502221564542,0.25316571762655243,1.1436356412058697
QQQ_D8_FWD,3y,dSOX_D,0.02180949032135902,0.4012109616057258,0.8399718510297275
QQQ_D8_FWD,3y,dSOX_W,0.005834533308707189,0.8319439360466978,0.2122882823272508
QQQ_D8_FWD,3y,dSOX_M,0.08459502221641399,0.25316571761845125,1.1436356412254094
QQQ_D8_FWD,3y,dSP500_D,-0.31643634233915674,0.12386603222223,-1.5406001762877535
QQQ_D8_FWD,3y,dSP500_W,0.04369468337953714,0.6848423115905412,0.40603317678912115
QQQ_D8_FWD,3y,dSP500_M,-0.9399296703087333,0.1710132784500076,-1.37036182804838
QQQ_D9_FWD,3y,const,-0.016059917851381937,0.637976009859028,-0.4707361681320006
QQQ_D9_FWD,3y,VIX,0.00018057094903660626,0.5546425445905038,0.5911029284800116
QQQ_D9_FWD,3y,US10Y,0.007218423533602734,0.15386157305405426,1.4275723367292912
QQQ_D9_FWD,3y,USDJPY,-0.0001233389350145209,0.4723798593087024,-0.719002187272286
QQQ_D9_FWD,3y,RET_QQQ,0.13231972755463967,0.4046148842493266,0.8339130060189359
QQQ_D9_FWD,3y,RET_SOX,-0.006215044397701978,0.8117564092726295,-0.2382507919943818
QQQ_D9_FWD,3y,RET_SP500,-0.2626661521407088,0.20388822581620444,-1.271740688123355
QQQ_D9_FWD,3y,RET_NASDAQ,0.035398800636452676,0.9134582076893013,0.10871693733170121
QQQ_D9_FWD,3y,RET_DOW,0.1987148193001121,0.26714819136652174,1.1105401787454654
QQQ_D9_FWD,3y,RET_VIX,0.0006573344147302123,0.9514338689497349,0.060928121840843515
QQQ_D9_FWD,3y,RET_US10Y,0.0327376369967165,0.7168708358738057,0.3627908000654207
QQQ_D9_FWD,3y,RET_USDJPY,-0.12539316908908935,0.13248072155277246,-1.5061488400775858
QQQ_D9_FWD,3y,RET_GOLD,0.07674873365246945,0.0484986298852723,1.9764314534313536
QQQ_D9_FWD,3y,RET_TLT,-0.03836531867385771,0.776790496978506,-0.2836135966453308
QQQ_D9_FWD,3y,RET_QQQ_MA20,4.010560076955141,0.8401771726945083,0.20174193529418682
QQQ_D9_FWD,3y,RET_SOX_MA20,-4.727399901419373,0.12978539835776443,-1.5167361842225178
QQQ_D9_FWD,3y,RET_SP500_MA20,32.40897579661262,0.24357796483065688,1.1670752356560299
QQQ_D9_FWD,3y,RET_NASDAQ_MA20,0.5728072953025907,0.822481574127814,0.22443866707709187
QQQ_D9_FWD,3y,RET_DOW_MA20,0.1037960268454734,0.9338599179805632,0.08301935446250434
QQQ_D9_FWD,3y,RET_VIX_MA20,0.05392839852206416,0.5769948480876493,0.5580413262595949
QQQ_D9_FWD,3y,RET_US10Y_MA20,-0.4844573661987688,0.6418417207188334,-0.4653277210584567
QQQ_D9_FWD,3y,RET_USDJPY_MA20,0.5669758205352835,0.4251379303276583,0.79800616250115
QQQ_D9_FWD,3y,RET_GOLD_MA20,-0.6787292160570964,0.0207416245457898,-2.3179171921484474
QQQ_D9_FWD,3y,RET_TLT_MA20,-0.2783930828834685,0.8483129331930338,-0.19134236933398668
QQQ_D9_FWD,3y,RET_QQQ_MA60,-3.469391866033858,0.5057782081842581,-0.6657692977470742
QQQ_D9_FWD,3y,RET_SOX_MA60,-0.07555741297568364,0.9243009876232556,-0.09505171996260316
QQQ_D9_FWD,3y,RET_SP500_MA60,2.494330259637959,0.6743409959701616,0.42037462736516623
QQQ_D9_FWD,3y,RET_NASDAQ_MA60,0.4425035758467729,0.9405877508730899,0.07455796573052116
QQQ_D9_FWD,3y,RET_DOW_MA60,1.2702321499668603,0.6603406490882843,0.4396304757128088
QQQ_D9_FWD,3y,RET_VIX_MA60,0.044658684098434875,0.8388258638801155,0.20347133822977706
QQQ_D9_FWD,3y,RET_US10Y_MA60,-0.7115931254174287,0.7813755761150339,-0.27763379926316756
QQQ_D9_FWD,3y,RET_USDJPY_MA60,0.84399928176129,0.6665657625673679,0.4310488259537214
QQQ_D9_FWD,3y,RET_GOLD_MA60,0.17489097401533193,0.7777122101142692,0.2824107021168899
QQQ_D9_FWD,3y,RET_TLT_MA60,-0.5480170354931388,0.8823903537684065,-0.1479937836695129
QQQ_D9_FWD,3y,MRDI_Short,-0.0009452216307935224,0.8058316853829689,-0.2459001853720498
QQQ_D9_FWD,3y,MRDI_Long,-0.001213440641020139,0.7537594124082194,-0.31380942261983374
QQQ_D9_FWD,3y,MA20_MRDI,0.00035594635088167305,0.6361573832901524,0.4732853423452487
QQQ_D9_FWD,3y,MA60_MRDI,0.0002689346556683699,0.7392460549687397,0.33298420130317574
QQQ_D9_FWD,3y,RiskScore,0.00898926685372108,0.7921407551612599,0.2636325721492576
QQQ_D9_FWD,3y,RET_QQQ_20D,-0.10976875528765898,0.8199102957170672,-0.22774601670892453
QQQ_D9_FWD,3y,RET_SP500_20D,-0.7901937161920289,0.2522671880521259,-1.1458068667305266
QQQ_D9_FWD,3y,dQQQ_D,0.13231972752788085,0.40461488434557014,0.8339130058480392
QQQ_D9_FWD,3y,dQQQ_W,-0.05911138198612431,0.5594274878154533,-0.5839720889606389
QQQ_D9_FWD,3y,dQQQ_M,-0.1097687552877987,0.8199102957167421,-0.22774601670934286
QQQ_D9_FWD,3y,RET_SOX_20D,0.11996917090468985,0.10728137768164031,1.6126065512228605
QQQ_D9_FWD,3y,dSOX_D,-0.006215044231527093,0.8117564142240195,-0.23825078560754911
QQQ_D9_FWD,3y,dSOX_W,0.0006750355906100548,0.9805067273539114,0.02444237068682549
QQQ_D9_FWD,3y,dSOX_M,0.11996917090459985,0.10728137768206318,1.6126065512209158
QQQ_D9_FWD,3y,dSP500_D,-0.2626661523445242,0.20388822549567093,-1.2717406890257206
QQQ_D9_FWD,3y,dSP500_W,0.0539951035538007,0.6184450233819743,0.49827775537417807
QQQ_D9_FWD,3y,dSP500_M,-0.7901937162002353,0.252267188057411,-1.1458068667177477
QQQ_D10_FWD,3y,const,-0.030943024312530758,0.3653332774523199,-0.9058397031847287
QQQ_D10_FWD,3y,VIX,0.0002314279137515348,0.4473508547729506,0.7602684556282495
QQQ_D10_FWD,3y,US10Y,0.004732287718174544,0.34830382322532233,0.9385162171446018
QQQ_D10_FWD,3y,USDJPY,4.766836999216403e-05,0.7812558814448638,0.27778992951074777
QQQ_D10_FWD,3y,RET_QQQ,0.024313782088755502,0.8788102438994876,0.1525335089428064
QQQ_D10_FWD,3y,RET_SOX,0.008417465219332995,0.7470694871158438,0.3226334332795422
QQQ_D10_FWD,3y,RET_SP500,0.4593192845210642,0.025954134403773595,2.2316601012124386
QQQ_D10_FWD,3y,RET_NASDAQ,-0.4947764212268267,0.12937254751338306,-1.5183755133315942
QQQ_D10_FWD,3y,RET_DOW,-0.24967379929513214,0.16188020413554052,-1.4002586970557929
QQQ_D10_FWD,3y,RET_VIX,0.012525664158079314,0.24491398474569878,1.1637722196448028
QQQ_D10_FWD,3y,RET_US10Y,-0.03596359416059839,0.6894430625575575,-0.3997770188237175
QQQ_D10_FWD,3y,RET_USDJPY,-0.06089270137006695,0.46369112808949764,-0.7331860422852488
QQQ_D10_FWD,3y,RET_GOLD,0.030504096057971292,0.4309471376866088,0.7880292306305733
QQQ_D10_FWD,3y,RET_TLT,0.014599805842478178,0.9137961008584439,0.10829085100877575
QQQ_D10_FWD,3y,RET_QQQ_MA20,7.426033456226871,0.7078665832746573,0.37487596964938846
QQQ_D10_FWD,3y,RET_SOX_MA20,-5.674708568381866,0.068399701353816,-1.8251891796491533
QQQ_D10_FWD,3y,RET_SP500_MA20,24.65836555711482,0.373286080206083,0.8909069396248096
QQQ_D10_FWD,3y,RET_NASDAQ_MA20,2.7466260743786717,0.280585008585538,1.0798431603261929
QQQ_D10_FWD,3y,RET_DOW_MA20,-0.33020261081818775,0.7911098680454578,-0.26497121096083665
QQQ_D10_FWD,3y,RET_VIX_MA20,-0.04374364891578213,0.649784884483511,-0.45425727492229456
QQQ_D10_FWD,3y,RET_US10Y_MA20,-0.3499144538022509,0.7360996507450376,-0.3371573382370175
QQQ_D10_FWD,3y,RET_USDJPY_MA20,0.4898346348821809,0.4892841263811543,0.691814106398917
QQQ_D10_FWD,3y,RET_GOLD_MA20,-0.6793622927780321,0.020590391919560764,-2.320698894904165
QQQ_D10_FWD,3y,RET_TLT_MA20,-0.07546865134349592,0.9585166533336041,-0.052033794263576245
QQQ_D10_FWD,3y,RET_QQQ_MA60,-1.818382201604111,0.726307300565961,-0.3501826089553849
QQQ_D10_FWD,3y,RET_SOX_MA60,-0.06413002558262108,0.9359464764620864,-0.08039458697051277
QQQ_D10_FWD,3y,RET_SP500_MA60,0.5369608001289847,0.9276743363638077,0.0908040584649399
QQQ_D10_FWD,3y,RET_NASDAQ_MA60,0.6348378591171645,0.9145605514996274,0.10732681690973866
QQQ_D10_FWD,3y,RET_DOW_MA60,1.9549428183019761,0.49784994581953956,0.678231112338319
QQQ_D10_FWD,3y,RET_VIX_MA60,0.07148878432060314,0.7443872195484073,0.32617831052053436
QQQ_D10_FWD,3y,RET_US10Y_MA60,-1.0299817537415437,0.6869052741174108,-0.4032262483500173
QQQ_D10_FWD,3y,RET_USDJPY_MA60,-1.610195372147552,0.4097722152588272,-0.824790668814146
QQQ_D10_FWD,3y,RET_GOLD_MA60,0.3471090841078032,0.5748009374538746,0.5612592794732614
QQQ_D10_FWD,3y,RET_TLT_MA60,-1.794640911406367,0.6268768120901279,-0.48634277551611677
QQQ_D10_FWD,3y,MRDI_Short,-0.0018411076791223563,0.63174621974725,-0.479481639890997
QQQ_D10_FWD,3y,MRDI_Long,-0.003657107704118287,0.34343345525837293,-0.9480473475711518
QQQ_D10_FWD,3y,MA20_MRDI,5.6631921980913755e-05,0.9397844649457905,0.0755679798326222
QQQ_D10_FWD,3y,MA60_MRDI,2.742702600940644e-05,0.9729623471552397,0.033905316052086694
QQQ_D10_FWD,3y,RiskScore,0.025560081587065298,0.45291462730826937,0.7509852626675871
QQQ_D10_FWD,3y,RET_QQQ_20D,-0.23053386405403645,0.6313761075766255,-0.4800023417916389
QQQ_D10_FWD,3y,RET_SP500_20D,-0.635534035005095,0.355546372937224,-0.9244984085067588
QQQ_D10_FWD,3y,dQQQ_D,0.024313782186276167,0.8788102434148978,0.15253350955748665
QQQ_D10_FWD,3y,dQQQ_W,-0.053887859703403346,0.5934560792901732,-0.5340802271987567
QQQ_D10_FWD,3y,dQQQ_M,-0.23053386405404916,0.631376107576593,-0.4800023417916848
QQQ_D10_FWD,3y,RET_SOX_20D,0.14456328803238153,0.05178013396905924,1.9482946138870973
QQQ_D10_FWD,3y,dSOX_D,0.008417465256448755,0.7470694860466193,0.32263343469181466
QQQ_D10_FWD,3y,dSOX_W,-0.007108141418046529,0.7970478556613682,-0.257267817116531
QQQ_D10_FWD,3y,dSOX_M,0.14456328803238006,0.05178013396906396,1.9482946138870578
QQQ_D10_FWD,3y,dSP500_D,0.45931928447479825,0.025954134422650287,2.231660100928447
QQQ_D10_FWD,3y,dSP500_W,0.026051524382778204,0.8094273432934777,0.24125628316536044
QQQ_D10_FWD,3y,dSP500_M,-0.6355340350102383,0.3555463729445333,-0.924498408492704
SOX_D1_FWD,3y,const,0.11081819029878781,0.07972415612138715,1.7548146350012024
SOX_D1_FWD,3y,VIX,0.0011121705966797646,0.05517587975104422,1.9206648603986076
SOX_D1_FWD,3y,US10Y,-0.0111916036352964,0.2328121758331934,-1.194169478860513
SOX_D1_FWD,3y,USDJPY,-0.00041674187951122783,0.19837529250413843,-1.287402556021337
SOX_D1_FWD,3y,RET_QQQ,0.0704933902174596,0.8146301854607852,0.23454451600844056
SOX_D1_FWD,3y,RET_SOX,-0.005489003862200765,0.9117226183218589,-0.11090567844618933
SOX_D1_FWD,3y,RET_SP500,-0.004215528387282924,0.9914088193429291,-0.01077146487168681
SOX_D1_FWD,3y,RET_NASDAQ,-0.332091406921439,0.590340995929392,-0.5385875692912835
SOX_D1_FWD,3y,RET_DOW,0.10129455859949632,0.7651698732068332,0.29881387277968774
SOX_D1_FWD,3y,RET_VIX,-0.009150641440317261,0.6550953421721143,-0.44688446261221715
SOX_D1_FWD,3y,RET_US10Y,-0.20458541895480886,0.23105525420683937,-1.1986768303071054
SOX_D1_FWD,3y,RET_USDJPY,0.3765136911306244,0.017510272624988554,2.3814088961252677
SOX_D1_FWD,3y,RET_GOLD,-0.11816803186501405,0.10833499984155988,-1.6077563827648935
SOX_D1_FWD,3y,RET_TLT,-0.2975035339885569,0.2459425208409361,-1.1612244963744078
SOX_D1_FWD,3y,RET_QQQ_MA20,-31.855808892968298,0.3987775339952895,-0.8443176353095778
SOX_D1_FWD,3y,RET_SOX_MA20,1.5102126192645864,0.7984770471655157,0.2554147737438153
SOX_D1_FWD,3y,RET_SP500_MA20,59.185249181629466,0.2622057126739107,1.1220885819622621
SOX_D1_FWD,3y,RET_NASDAQ_MA20,-4.387363619460995,0.3633786811409841,-0.9095332288126298
SOX_D1_FWD,3y,RET_DOW_MA20,0.20610524477434,0.9305758726621437,0.08715136720752766
SOX_D1_FWD,3y,RET_VIX_MA20,-0.06247978526386981,0.7334181442464369,-0.34071661979494355
SOX_D1_FWD,3y,RET_US10Y_MA20,1.2570238488673207,0.5247774396967663,0.6363144363961714
SOX_D1_FWD,3y,RET_USDJPY_MA20,1.774984129358455,0.1870527523646985,1.3206280113915831
SOX_D1_FWD,3y,RET_GOLD_MA20,0.0696464995942345,0.8982484105356802,0.12792031476495516
SOX_D1_FWD,3y,RET_TLT_MA20,2.133342958129826,0.4394693422471138,0.7735266076627633
SOX_D1_FWD,3y,RET_QQQ_MA60,-27.40792116758106,0.005791171996792141,-2.7678058235751175
SOX_D1_FWD,3y,RET_SOX_MA60,1.2486455240064744,0.40238864370671523,0.8378668500073945
SOX_D1_FWD,3y,RET_SP500_MA60,-14.640793535952223,0.19425107684134751,-1.2993392195952633
SOX_D1_FWD,3y,RET_NASDAQ_MA60,32.3493998488912,0.00423337643757596,2.8695406798742447
SOX_D1_FWD,3y,RET_DOW_MA60,-5.439157304888672,0.32183124431303034,-0.9913963726755416
SOX_D1_FWD,3y,RET_VIX_MA60,-0.7906909647953926,0.05794580058677675,-1.8991936721885176
SOX_D1_FWD,3y,RET_US10Y_MA60,8.715299366441796,0.07384938863964402,1.7902010873405754
SOX_D1_FWD,3y,RET_USDJPY_MA60,-4.624638819384713,0.21343001776115877,-1.2453110182602463
SOX_D1_FWD,3y,RET_GOLD_MA60,-3.528937099593808,0.0023442834570054066,-3.0538224240319165
SOX_D1_FWD,3y,RET_TLT_MA60,12.663444464577289,0.07192462209486529,1.8022961496866785
SOX_D1_FWD,3y,MRDI_Short,0.007546885777541608,0.3000782792195021,1.0370260184738171
SOX_D1_FWD,3y,MRDI_Long,0.002103619749574191,0.7741500384258078,0.287060588702487
SOX_D1_FWD,3y,MA20_MRDI,-0.0007123643593809914,0.6172569285635504,-0.4999626739063166
SOX_D1_FWD,3y,MA60_MRDI,-5.645681606077492e-05,0.9705619084740432,-0.03691662033096657
SOX_D1_FWD,3y,RiskScore,-0.04601589283051906,0.4764628132684753,-0.7123827567025519
SOX_D1_FWD,3y,RET_QQQ_20D,0.7246605601902123,0.42865272857876363,0.7919546874847443
SOX_D1_FWD,3y,RET_SP500_20D,-1.26085380984422,0.33619054752186356,-0.9623744996800868
SOX_D1_FWD,3y,dQQQ_D,0.07049338734513438,0.8146301928942735,0.23454450642838306
SOX_D1_FWD,3y,dQQQ_W,0.19086546538941415,0.31847284248078395,0.9983053921753444
SOX_D1_FWD,3y,dQQQ_M,0.7246605600994951,0.42865272859465,0.7919546874574822
SOX_D1_FWD,3y,RET_SOX_20D,-0.021558978853276317,0.8786363851220925,-0.1527533318837614
SOX_D1_FWD,3y,dSOX_D,-0.005489004621796096,0.9117226061451522,-0.11090569380713786
SOX_D1_FWD,3y,dSOX_W,-0.09175386433810254,0.08074818754837099,-1.7488657366890545
SOX_D1_FWD,3y,dSOX_M,-0.02155897886452785,0.8786363850643947,-0.1527533319569507
SOX_D1_FWD,3y,dSP500_D,-0.0042155292207840395,0.9914088176449887,-0.010771467000615858
SOX_D1_FWD,3y,dSP500_W,-0.12787112294810132,0.531910576677748,-0.6253996899619766
SOX_D1_FWD,3y,dSP500_M,-1.260853809803209,0.3361905475237398,-0.9623744996763475
SOX_D2_FWD,3y,const,0.1443684773705124,0.024449493037425017,2.254831562939715
SOX_D2_FWD,3y,VIX,0.0002632762695386945,0.6528617810302454,0.4499816796345007
SOX_D2_FWD,3y,US10Y,-0.01202047822621486,0.20643726174935245,-1.264585450867089
SOX_D2_FWD,3y,USDJPY,-0.0005355507887119104,0.10219274458515298,-1.63644217805793
SOX_D2_FWD,3y,RET_QQQ,-0.8026988952045121,0.00839192329279097,-2.6433187372846403
SOX_D2_FWD,3y,RET_SOX,0.05229056758561847,0.2961218610924859,1.0455604470354565
SOX_D2_FWD,3y,RET_SP500,0.5823978148487431,0.14142409027973962,1.4721570740755932
SOX_D2_FWD,3y,RET_NASDAQ,0.8911830457125182,0.15315202330189356,1.4300257169517876
SOX_D2_FWD,3y,RET_DOW,-0.3767508936087973,0.2717789979132048,-1.099834774325823
SOX_D2_FWD,3y,RET_VIX,0.005237637804182685,0.8002555435986981,0.25311174747455745
SOX_D2_FWD,3y,RET_US10Y,0.009885435864353323,0.9543486093336322,0.057267127691912466
SOX_D2_FWD,3y,RET_USDJPY,-0.11306577233002967,0.479310304407189,-0.707788325146014
SOX_D2_FWD,3y,RET_GOLD,0.08178786256364687,0.27113054311125956,1.1013250463881963
SOX_D2_FWD,3y,RET_TLT,-0.012094475799203372,0.9627534361328141,-0.04671518794587692
SOX_D2_FWD,3y,RET_QQQ_MA20,-5.485440737224272,0.8856529477808452,-0.14385889424579118
SOX_D2_FWD,3y,RET_SOX_MA20,1.6870114067100943,0.777803844980262,0.28229005430217496
SOX_D2_FWD,3y,RET_SP500_MA20,16.369919732484796,0.7588102174362594,0.30716256463170233
SOX_D2_FWD,3y,RET_NASDAQ_MA20,-2.9719588503390413,0.5423976379886742,-0.6094872108202761
SOX_D2_FWD,3y,RET_DOW_MA20,0.8765997451756361,0.7138971215103838,0.3667745091844794
SOX_D2_FWD,3y,RET_VIX_MA20,-0.09733102814142418,0.5996045102527162,-0.5252065449044903
SOX_D2_FWD,3y,RET_US10Y_MA20,0.5201089315280384,0.7947458958282211,0.2602511989761048
SOX_D2_FWD,3y,RET_USDJPY_MA20,1.216127113623426,0.37144133169490756,0.8943464607174604
SOX_D2_FWD,3y,RET_GOLD_MA20,0.31010918642109747,0.5737987008412302,0.5627280829427966
SOX_D2_FWD,3y,RET_TLT_MA20,0.26265689450096164,0.9250527446242685,0.0941046276048797
SOX_D2_FWD,3y,RET_QQQ_MA60,-27.019702472127975,0.007088485052100624,-2.7005466436472623
SOX_D2_FWD,3y,RET_SOX_MA60,2.3236592160346694,0.12340911138164809,1.542463396915114
SOX_D2_FWD,3y,RET_SP500_MA60,-15.730602789770314,0.16772053118547717,-1.3809850319435364
SOX_D2_FWD,3y,RET_NASDAQ_MA60,31.585889149730217,0.005703293968859879,2.7728527801046092
SOX_D2_FWD,3y,RET_DOW_MA60,-6.359308869661783,0.2516889172319348,-1.1471967799804956
SOX_D2_FWD,3y,RET_VIX_MA60,-0.46323353636597075,0.27156572909486965,-1.100324636898992
SOX_D2_FWD,3y,RET_US10Y_MA60,12.515804516683922,0.011156296634227476,2.5444674710918647
SOX_D2_FWD,3y,RET_USDJPY_MA60,-5.981463564360165,0.11146659456724714,-1.5936295761461747
SOX_D2_FWD,3y,RET_GOLD_MA60,-3.134448195303407,0.007613342855426214,-2.676449382771399
SOX_D2_FWD,3y,RET_TLT_MA60,18.62249890890936,0.008901511109284641,2.623097015234015
SOX_D2_FWD,3y,MRDI_Short,0.008553003086241672,0.24517716586376315,1.1631116740932852
SOX_D2_FWD,3y,MRDI_Long,0.00354778574406018,0.6319841112372095,0.47914463354347786
SOX_D2_FWD,3y,MA20_MRDI,-0.0007403024362960837,0.607468964334367,-0.5139196680186452
SOX_D2_FWD,3y,MA60_MRDI,6.074920089771969e-05,0.9686761157981458,0.03928268616080512
SOX_D2_FWD,3y,RiskScore,-0.0575412860135419,0.3782585273349846,-0.8816641282421317
SOX_D2_FWD,3y,RET_QQQ_20D,0.10222227411084787,0.9120046179856607,0.11054999817219302
SOX_D2_FWD,3y,RET_SP500_20D,-0.301336972155658,0.8199940714710949,-0.22763737054023642
SOX_D2_FWD,3y,dQQQ_D,-0.8026988955543818,0.008391923267197447,-2.6433187383275834
SOX_D2_FWD,3y,dQQQ_W,0.4153607369051636,0.031912273349495944,2.1497729199192808
SOX_D2_FWD,3y,dQQQ_M,0.10222227411282077,0.9120046179845053,0.11054999817365058
SOX_D2_FWD,3y,RET_SOX_20D,-0.026992690557083115,0.8499959651348556,-0.18919295407224876
SOX_D2_FWD,3y,dSOX_D,0.052290567373332146,0.296121862996447,1.0455604429106002
SOX_D2_FWD,3y,dSOX_W,-0.14336692579237267,0.007003690012080378,-2.7045894741146284
SOX_D2_FWD,3y,dSOX_M,-0.026992690556842936,0.8499959651357559,-0.1891929540710997
SOX_D2_FWD,3y,dSP500_D,0.5823978151138394,0.14142409006394183,1.4721570748750903
SOX_D2_FWD,3y,dSP500_W,-0.34668141133020053,0.0937843761471025,-1.6780271093945045
SOX_D2_FWD,3y,dSP500_M,-0.30133697213101035,0.8199940714750843,-0.22763737053510333
SOX_D3_FWD,3y,const,0.07724963404589873,0.23175533734037834,1.1968807868742182
SOX_D3_FWD,3y,VIX,0.0005037815706633067,0.3922342850118551,0.8560982951112541
SOX_D3_FWD,3y,US10Y,-0.004281418861669603,0.6559705169990789,-0.44567269489169664
SOX_D3_FWD,3y,USDJPY,-0.0003776912573970304,0.25151197922472873,-1.1476267220893144
SOX_D3_FWD,3y,RET_QQQ,0.3280602205592503,0.28305563656767313,1.0743003450734003
SOX_D3_FWD,3y,RET_SOX,0.02364932333871298,0.6385400805360733,0.4699443847194135
SOX_D3_FWD,3y,RET_SP500,-1.096116350409109,0.00603246121075593,-2.754351730613919
SOX_D3_FWD,3y,RET_NASDAQ,0.4054083015190931,0.518136080260369,0.6465462443336871
SOX_D3_FWD,3y,RET_DOW,0.5743667216618203,0.09589285987404284,1.667330278159194
SOX_D3_FWD,3y,RET_VIX,-0.01874187740816714,0.36810086910053197,-0.9006144874139717
SOX_D3_FWD,3y,RET_US10Y,-0.10624760181634399,0.5407246927245105,-0.6120156997569973
SOX_D3_FWD,3y,RET_USDJPY,-0.020726779080975307,0.8973722539079261,-0.12902805019488606
SOX_D3_FWD,3y,RET_GOLD,0.05566014706736367,0.45631890631092625,0.7453328966203311
SOX_D3_FWD,3y,RET_TLT,-0.13913504047896552,0.5932201229742935,-0.5344190569160249
SOX_D3_FWD,3y,RET_QQQ_MA20,10.140758720312382,0.7915009664404777,0.26446235026999737
SOX_D3_FWD,3y,RET_SOX_MA20,-4.606097907640965,0.4436603065282965,-0.7664581483803818
SOX_D3_FWD,3y,RET_SP500_MA20,-3.1212179357746495,0.9535735456037311,-0.05824052372524033
SOX_D3_FWD,3y,RET_NASDAQ_MA20,-3.475663588687226,0.47879874633435265,-0.7086132522225123
SOX_D3_FWD,3y,RET_DOW_MA20,-0.5271091630619069,0.8265117107913472,-0.21925906471638418
SOX_D3_FWD,3y,RET_VIX_MA20,0.10809386567642437,0.5623516563520322,0.5796265520726606
SOX_D3_FWD,3y,RET_US10Y_MA20,4.391005946569519,0.029291548517998263,2.183993558240244
SOX_D3_FWD,3y,RET_USDJPY_MA20,-0.48020636318433907,0.7257577901650776,-0.35091388221175696
SOX_D3_FWD,3y,RET_GOLD_MA20,-0.4171698795943586,0.45194199761150616,-0.7525992230432368
SOX_D3_FWD,3y,RET_TLT_MA20,5.47000608923007,0.05188124545873283,1.9474183869564272
SOX_D3_FWD,3y,RET_QQQ_MA60,-13.372127398441181,0.18426775131236897,-1.3290308211856967
SOX_D3_FWD,3y,RET_SOX_MA60,-0.07280250200385267,0.9616863441083002,-0.0480545923807665
SOX_D3_FWD,3y,RET_SP500_MA60,-8.324830295651648,0.467608140817743,-0.7267699403917176
SOX_D3_FWD,3y,RET_NASDAQ_MA60,15.271062128890543,0.18298232868499822,1.3329392577165347
SOX_D3_FWD,3y,RET_DOW_MA60,-3.465097916375449,0.53440895902347,-0.6215952937687125
SOX_D3_FWD,3y,RET_VIX_MA60,-0.7156413299840383,0.09168673180571577,-1.6888689770100156
SOX_D3_FWD,3y,RET_US10Y_MA60,-2.515553488270362,0.6113491577553032,-0.5083753695602075
SOX_D3_FWD,3y,RET_USDJPY_MA60,4.465178352252056,0.2374882657479357,1.1822924794512033
SOX_D3_FWD,3y,RET_GOLD_MA60,-2.3718517188550323,0.04469391594016789,-2.0111109979222577
SOX_D3_FWD,3y,RET_TLT_MA60,0.24193258205865636,0.9729999777275096,0.03385798855558231
SOX_D3_FWD,3y,MRDI_Short,0.0009494307850897669,0.897877958171566,0.1283887381967653
SOX_D3_FWD,3y,MRDI_Long,0.005658379794559212,0.4475833401552016,0.759874979471195
SOX_D3_FWD,3y,MA20_MRDI,-0.001569738682472919,0.2790208670289629,-1.08335586539522
SOX_D3_FWD,3y,MA60_MRDI,0.0018808150678797195,0.22690709296521264,1.2094195938668937
SOX_D3_FWD,3y,RiskScore,-0.027606367937966038,0.6741612163263774,-0.42061938476046157
SOX_D3_FWD,3y,RET_QQQ_20D,-0.28301836770762967,0.7609356806169332,-0.30437020967723305
SOX_D3_FWD,3y,RET_SP500_20D,0.24122950304825136,0.8562486379099433,0.18121789032975613
SOX_D3_FWD,3y,dQQQ_D,0.32806022072793495,0.28305563633948244,1.0743003455830553
SOX_D3_FWD,3y,dQQQ_W,0.12613080480181807,0.5165944512628207,0.6489307776089042
SOX_D3_FWD,3y,dQQQ_M,-0.28301836771049815,0.7609356806190626,-0.30437020967443656
SOX_D3_FWD,3y,RET_SOX_20D,0.12479499342842144,0.38470623516515995,0.8697991132820828
SOX_D3_FWD,3y,dSOX_D,0.02364932345176374,0.6385400788924751,0.4699443870209963
SOX_D3_FWD,3y,dSOX_W,-0.0762161344078638,0.15321763922729478,-1.429799238095109
SOX_D3_FWD,3y,dSOX_M,0.12479499342846863,0.38470623516548885,0.8697991132814809
SOX_D3_FWD,3y,dSP500_D,-1.0961163504679199,0.00603246120624877,-2.754351730861102
SOX_D3_FWD,3y,dSP500_W,-0.003509404710835747,0.9865303069715087,-0.016888548134116527
SOX_D3_FWD,3y,dSP500_M,0.24122950300951104,0.8562486379056552,0.1812178903352214
SOX_D4_FWD,3y,const,0.17903874096883088,0.0053131817773178856,2.796112079472019
SOX_D4_FWD,3y,VIX,-0.00013020122531008657,0.8233153741709661,-0.22336611157697098
SOX_D4_FWD,3y,US10Y,-0.008446424475714935,0.37683980698106084,-0.8842932917669701
SOX_D4_FWD,3y,USDJPY,-0.0008289736486401772,0.011193679656248401,-2.543307041500777
SOX_D4_FWD,3y,RET_QQQ,-0.026399759074756696,0.9304842047419071,-0.08726686753307149
SOX_D4_FWD,3y,RET_SOX,-0.0698437139846917,0.16153522474386695,-1.4013998392235663
SOX_D4_FWD,3y,RET_SP500,-0.2328289282220596,0.5550780704037391,-0.5904506156511078
SOX_D4_FWD,3y,RET_NASDAQ,0.33969191080168687,0.584541896665678,0.5470148206197899
SOX_D4_FWD,3y,RET_DOW,-0.12692877254918808,0.7100393190804022,-0.3719536088265832
SOX_D4_FWD,3y,RET_VIX,-0.039531311650858644,0.05550363588896139,-1.918091450031237
SOX_D4_FWD,3y,RET_US10Y,-0.19884104059338992,0.2480930796276252,-1.1559516319037717
SOX_D4_FWD,3y,RET_USDJPY,0.031851743377321724,0.8413787443435846,0.20020414429307276
SOX_D4_FWD,3y,RET_GOLD,-0.03788572053206278,0.6090222017636686,-0.5116989228408244
SOX_D4_FWD,3y,RET_TLT,-0.12075275555492133,0.639783129732835,-0.468204702557967
SOX_D4_FWD,3y,RET_QQQ_MA20,-38.05691721926807,0.3167825797854532,-1.0018037734329894
SOX_D4_FWD,3y,RET_SOX_MA20,-2.103524529016268,0.7238940548861276,-0.3534004396625875
SOX_D4_FWD,3y,RET_SP500_MA20,100.12137231684956,0.059664627317801366,1.886309352306348
SOX_D4_FWD,3y,RET_NASDAQ_MA20,-5.391173363927464,0.2676956235152654,-1.109262753675062
SOX_D4_FWD,3y,RET_DOW_MA20,1.935452640698007,0.4166083542821573,0.8127985296867616
SOX_D4_FWD,3y,RET_VIX_MA20,0.18812793146289764,0.3087519369068812,1.0185807884472047
SOX_D4_FWD,3y,RET_US10Y_MA20,3.6989221330232804,0.06368591016876507,1.857299843198024
SOX_D4_FWD,3y,RET_USDJPY_MA20,1.8364483586582876,0.17626068601779932,1.3537183480399897
SOX_D4_FWD,3y,RET_GOLD_MA20,-0.2734659236802838,0.6193619028401377,-0.4969749102544936
SOX_D4_FWD,3y,RET_TLT_MA20,4.81157987582651,0.08425496800756832,1.7289582322418013
SOX_D4_FWD,3y,RET_QQQ_MA60,-22.464093180776864,0.024536678186563847,-2.253466140000316
SOX_D4_FWD,3y,RET_SOX_MA60,1.135461346154322,0.4494637897944156,0.7567316940563623
SOX_D4_FWD,3y,RET_SP500_MA60,-7.624926764315477,0.501770545331806,-0.6720528410128802
SOX_D4_FWD,3y,RET_NASDAQ_MA60,20.786148184538035,0.06743459623131391,1.8315921530739088
SOX_D4_FWD,3y,RET_DOW_MA60,-6.961662621330942,0.20774528489542815,-1.2609480249334781
SOX_D4_FWD,3y,RET_VIX_MA60,-0.6161947305769689,0.1426210363737197,-1.4677416043565323
SOX_D4_FWD,3y,RET_US10Y_MA60,7.562530844173576,0.12332896800798726,1.5427987737334221
SOX_D4_FWD,3y,RET_USDJPY_MA60,3.0895061575546343,0.4092909645499021,0.8256348277143519
SOX_D4_FWD,3y,RET_GOLD_MA60,-3.5621874230299526,0.0024004167938121808,-3.0466684401853463
SOX_D4_FWD,3y,RET_TLT_MA60,13.862044784769509,0.05065951208923452,1.9577032200745568
SOX_D4_FWD,3y,MRDI_Short,0.008488800707429743,0.24681276970182955,1.1590893296731632
SOX_D4_FWD,3y,MRDI_Long,0.014045028135998285,0.057256957819429036,1.904465227661111
SOX_D4_FWD,3y,MA20_MRDI,-0.0021939866444689463,0.12677882602609641,-1.5287369848920662
SOX_D4_FWD,3y,MA60_MRDI,0.001346185974351009,0.382513603271075,0.8738212043402157
SOX_D4_FWD,3y,RiskScore,-0.10034167765093048,0.12310604907657773,-1.5437179304659305
SOX_D4_FWD,3y,RET_QQQ_20D,0.912927284912829,0.32199482133714435,0.9910640248904801
SOX_D4_FWD,3y,RET_SP500_20D,-2.2694431614934087,0.08562610050226688,-1.7213530306768667
SOX_D4_FWD,3y,dQQQ_D,-0.026399763328205966,0.9304841935769417,-0.08726688158472931
SOX_D4_FWD,3y,dQQQ_W,0.1917180600266981,0.3197047913452987,0.9957684528600688
SOX_D4_FWD,3y,dQQQ_M,0.9129272848761262,0.32199482134459867,0.9910640248752023
SOX_D4_FWD,3y,RET_SOX_20D,0.059148095341452565,0.6774074871058136,0.4161767844281473
SOX_D4_FWD,3y,dSOX_D,-0.06984371092891706,0.16153524319000534,-1.4013997774801108
SOX_D4_FWD,3y,dSOX_W,-0.028419431314924627,0.5905312626568858,-0.5383128058669373
SOX_D4_FWD,3y,dSOX_M,0.05914809534099521,0.677407487108542,0.41617678442441647
SOX_D4_FWD,3y,dSP500_D,-0.23282892800316246,0.5550780707705167,-0.5904506151035751
SOX_D4_FWD,3y,dSP500_W,-0.24612087587126907,0.23215807025994373,-1.1958491168203897
SOX_D4_FWD,3y,dSP500_M,-2.269443161301276,0.08562610050012029,-1.7213530306886957
SOX_D5_FWD,3y,const,0.12982550904230272,0.04463788721136276,2.0116507136904125
SOX_D5_FWD,3y,VIX,0.0004605209602173597,0.434335259500482,0.7822428499432051
SOX_D5_FWD,3y,US10Y,-0.002886208257465472,0.7647119254778416,-0.299414988660517
SOX_D5_FWD,3y,USDJPY,-0.0007599137198982981,0.020927308007246546,-2.3145052991173434
SOX_D5_FWD,3y,RET_QQQ,-1.0278272348802977,0.0007962761713680058,-3.3687551999517917
SOX_D5_FWD,3y,RET_SOX,0.05046331354659779,0.31530743799269983,1.0048653450355047
SOX_D5_FWD,3y,RET_SP500,-0.1493899967183871,0.7070148207956433,-0.3760208753478801
SOX_D5_FWD,3y,RET_NASDAQ,1.9043595943822949,0.0024565067639862304,3.0396410185099625
SOX_D5_FWD,3y,RET_DOW,0.24097662760473407,0.48364821810818376,0.7008184410349299
SOX_D5_FWD,3y,RET_VIX,0.0062771944744743225,0.7625557190920704,0.30224366319778806
SOX_D5_FWD,3y,RET_US10Y,-0.05041897092962125,0.7713146282126823,-0.2907678576033816
SOX_D5_FWD,3y,RET_USDJPY,0.3288111157150003,0.040823754976590965,2.0490924818828264
SOX_D5_FWD,3y,RET_GOLD,-0.010814650193387782,0.8851405944647589,-0.1445082055907849
SOX_D5_FWD,3y,RET_TLT,-0.19667092775856504,0.4495372906623715,-0.756609562386078
SOX_D5_FWD,3y,RET_QQQ_MA20,9.058401247742687,0.8130295478737043,0.23660837392701825
SOX_D5_FWD,3y,RET_SOX_MA20,0.25696297535446355,0.965830498712767,0.04285348234461156
SOX_D5_FWD,3y,RET_SP500_MA20,-1.2944495539299474,0.9806963019082214,-0.024204569518292408
SOX_D5_FWD,3y,RET_NASDAQ_MA20,-6.991809482751163,0.15384223626795251,-1.4276306786291824
SOX_D5_FWD,3y,RET_DOW_MA20,1.7523408095649398,0.46527877305155346,0.7305805903460564
SOX_D5_FWD,3y,RET_VIX_MA20,0.06326842793042209,0.7339322814370446,0.34003428401088176
SOX_D5_FWD,3y,RET_US10Y_MA20,4.090370415424583,0.041822685066821984,2.039008844777227
SOX_D5_FWD,3y,RET_USDJPY_MA20,-1.4690000320252663,0.28304828239881175,-1.0743191051055816
SOX_D5_FWD,3y,RET_GOLD_MA20,-0.09633924822989834,0.8622853576870836,-0.1735292933588817
SOX_D5_FWD,3y,RET_TLT_MA20,3.9497140197610525,0.15934400293413034,1.4087744536786295
SOX_D5_FWD,3y,RET_QQQ_MA60,-18.429817704515347,0.06691617628876485,-1.835079967673771
SOX_D5_FWD,3y,RET_SOX_MA60,0.8750691300751479,0.5633419481112272,0.5781589700682642
SOX_D5_FWD,3y,RET_SP500_MA60,-5.23394071806702,0.6473620202695644,-0.45762675083720455
SOX_D5_FWD,3y,RET_NASDAQ_MA60,17.04537158171874,0.1364746408299957,1.4907539668543133
SOX_D5_FWD,3y,RET_DOW_MA60,-6.082526819085242,0.27497911781261164,-1.092519400999957
SOX_D5_FWD,3y,RET_VIX_MA60,-0.40201949747319976,0.3421727461277864,-0.9505239629592623
SOX_D5_FWD,3y,RET_US10Y_MA60,5.201528992093431,0.2925419070330444,1.0533513254816849
SOX_D5_FWD,3y,RET_USDJPY_MA60,6.1293520227364215,0.10436463448298379,1.6261559403661414
SOX_D5_FWD,3y,RET_GOLD_MA60,-2.425966032957014,0.04007929212423835,-2.056744591400526
SOX_D5_FWD,3y,RET_TLT_MA60,12.187607905101434,0.08808497761104674,1.7079614106204433
SOX_D5_FWD,3y,MRDI_Short,0.0011289631577340409,0.8786684808895561,0.15271293324094184
SOX_D5_FWD,3y,MRDI_Long,0.006363256056912627,0.39309566356544146,0.8545423529883333
SOX_D5_FWD,3y,MA20_MRDI,-0.001087078017778301,0.4523132710696362,-0.751982500724912
SOX_D5_FWD,3y,MA60_MRDI,0.000749854186218172,0.6290935920955352,0.48321492732509075
SOX_D5_FWD,3y,RiskScore,-0.03439790948381989,0.6003709879007415,-0.5241045969043345
SOX_D5_FWD,3y,RET_QQQ_20D,-0.17451410394557101,0.8509401791722162,-0.18798816207803504
SOX_D5_FWD,3y,RET_SP500_20D,0.20001753470039965,0.880359219729219,0.1505686048405036
SOX_D5_FWD,3y,dQQQ_D,-1.0278272350215758,0.0007962761696589935,-3.3687552005530432
SOX_D5_FWD,3y,dQQQ_W,0.20701774240181048,0.28615277275579887,1.0674108303545986
SOX_D5_FWD,3y,dQQQ_M,-0.17451410394377687,0.850940179170978,-0.18798816207961536
SOX_D5_FWD,3y,RET_SOX_20D,0.001121702393673464,0.9937523047840366,0.007833190063710572
SOX_D5_FWD,3y,dSOX_D,0.05046331362032086,0.3153074372374629,1.0048653466048458
SOX_D5_FWD,3y,dSOX_W,-0.017599135485068768,0.7407863891171096,-0.330942692583512
SOX_D5_FWD,3y,dSOX_M,0.0011217023907079127,0.9937523047998547,0.007833190043877983
SOX_D5_FWD,3y,dSP500_D,-0.1493899966627742,0.7070148209130052,-0.3760208751899428
SOX_D5_FWD,3y,dSP500_W,-0.18906803085596746,0.362222631974695,-0.911731453150987
SOX_D5_FWD,3y,dSP500_M,0.20001753473896192,0.8803592197394743,0.1505686048274994
SOX_D6_FWD,3y,const,0.08343693158043036,0.20191275580117501,1.2773166621914818
SOX_D6_FWD,3y,VIX,0.0007794343096242428,0.18904095390867914,1.3146974061603023
SOX_D6_FWD,3y,US10Y,-0.0017381173281600351,0.8585830987451475,-0.1782435934620834
SOX_D6_FWD,3y,USDJPY,-0.0005627356408657446,0.08958240497885751,-1.6999547221502938
SOX_D6_FWD,3y,RET_QQQ,0.9829286998572998,0.001464791459227744,3.1942177054678287
SOX_D6_FWD,3y,RET_SOX,-0.15023811487738956,0.0031119206312323192,-2.9667490566925547
SOX_D6_FWD,3y,RET_SP500,-0.25808769612182153,0.5194196586901101,-0.6445650403825741
SOX_D6_FWD,3y,RET_NASDAQ,-1.0929567195661423,0.08409266664757839,-1.729872072462957
SOX_D6_FWD,3y,RET_DOW,0.16666520535614723,0.6313693826782909,0.4800105986740774
SOX_D6_FWD,3y,RET_VIX,0.00428068197423132,0.8378865432860714,0.2046735121477545
SOX_D6_FWD,3y,RET_US10Y,-0.05794153818432559,0.7401264030861987,-0.3318171111727833
SOX_D6_FWD,3y,RET_USDJPY,-0.1474899973655876,0.36173262384502375,-0.9126639591299746
SOX_D6_FWD,3y,RET_GOLD,-0.04979771526390137,0.509002917008656,-0.660728946786898
SOX_D6_FWD,3y,RET_TLT,-0.059409700963170185,0.820529493085578,-0.2269489723485674
SOX_D6_FWD,3y,RET_QQQ_MA20,15.646011406708169,0.6850230102712573,0.4057866620918018
SOX_D6_FWD,3y,RET_SOX_MA20,-1.5602352311500096,0.7961889185298736,-0.258380603803437
SOX_D6_FWD,3y,RET_SP500_MA20,10.77353199871379,0.8415035170478589,0.20004475123391996
SOX_D6_FWD,3y,RET_NASDAQ_MA20,-3.063074847426754,0.5355301928771371,-0.6198917782149331
SOX_D6_FWD,3y,RET_DOW_MA20,-0.3461292701032028,0.886234230068511,-0.1431228495005407
SOX_D6_FWD,3y,RET_VIX_MA20,-0.15626543069044702,0.4045777649235959,-0.8339767581964435
SOX_D6_FWD,3y,RET_US10Y_MA20,2.8656710128854295,0.156512947455835,1.418416599176265
SOX_D6_FWD,3y,RET_USDJPY_MA20,-1.3202978333658604,0.33826332313316004,-0.9582565227888911
SOX_D6_FWD,3y,RET_GOLD_MA20,-0.3238292276105197,0.5643306518548152,-0.5766945944535851
SOX_D6_FWD,3y,RET_TLT_MA20,2.895719630225249,0.3054247135389101,1.0256185071287534
SOX_D6_FWD,3y,RET_QQQ_MA60,-14.586647619909758,0.14971996243404023,-1.4421006260109552
SOX_D6_FWD,3y,RET_SOX_MA60,0.1971444870672104,0.8972081910469865,0.12923566913323647
SOX_D6_FWD,3y,RET_SP500_MA60,-0.7059261324142995,0.9511460933709748,-0.06128950529779478
SOX_D6_FWD,3y,RET_NASDAQ_MA60,12.159153564312613,0.29151700327928814,1.055593747466402
SOX_D6_FWD,3y,RET_DOW_MA60,-2.710531092555651,0.6289489867897646,-0.4834190213422642
SOX_D6_FWD,3y,RET_VIX_MA60,-0.21777620204171308,0.6092962941530644,-0.5113078383565268
SOX_D6_FWD,3y,RET_US10Y_MA60,2.265114988815463,0.648915399851498,0.4554652538978982
SOX_D6_FWD,3y,RET_USDJPY_MA60,5.46629852916264,0.1504726095945348,1.4394365952331272
SOX_D6_FWD,3y,RET_GOLD_MA60,-1.8829912741967494,0.11469949798630992,-1.579379484329254
SOX_D6_FWD,3y,RET_TLT_MA60,6.587548369889485,0.35960004419905917,0.916727930805898
SOX_D6_FWD,3y,MRDI_Short,-0.0013515061593937512,0.8560006263560449,-0.18153428532615146
SOX_D6_FWD,3y,MRDI_Long,0.001823098766228055,0.8080362175193214,0.2430518676278568
SOX_D6_FWD,3y,MA20_MRDI,-0.0003505986203390779,0.8097981527713007,-0.2407771356455187
SOX_D6_FWD,3y,MA60_MRDI,0.0010267900487093459,0.5114519760963065,0.6569132765160086
SOX_D6_FWD,3y,RiskScore,-0.0010799446302715262,0.9869692759162189,-0.01633813571632919
SOX_D6_FWD,3y,RET_QQQ_20D,-0.380181253748439,0.6843918763339597,-0.40664610061872203
SOX_D6_FWD,3y,RET_SP500_20D,-0.17295221865219,0.8971704114567801,-0.12928343361527497
SOX_D6_FWD,3y,dQQQ_D,0.9829286998081488,0.0014647914596581462,3.1942177053817624
SOX_D6_FWD,3y,dQQQ_W,-0.12271583690335185,0.5310153230054757,-0.6267676464899519
SOX_D6_FWD,3y,dQQQ_M,-0.3801812537476128,0.684391876331041,-0.4066461006226973
SOX_D6_FWD,3y,RET_SOX_20D,0.05370053202349839,0.7097241273699711,0.37237758827320994
SOX_D6_FWD,3y,dSOX_D,-0.15023811473909107,0.0031119206504794106,-2.9667490547665993
SOX_D6_FWD,3y,dSOX_W,0.04664844701092426,0.3843702939217059,0.8704166386887725
SOX_D6_FWD,3y,dSOX_M,0.05370053202356347,0.7097241273700543,0.3723775882730981
SOX_D6_FWD,3y,dSP500_D,-0.258087696199571,0.5194196585215456,-0.6445650406427691
SOX_D6_FWD,3y,dSP500_W,0.07724496814324393,0.7121031980323905,0.36918226637031254
SOX_D6_FWD,3y,dSP500_M,-0.17295221864683089,0.8971704114657859,-0.12928343360388897
SOX_D7_FWD,3y,const,0.03708414991645754,0.5732015838000499,0.5636074140868392
SOX_D7_FWD,3y,VIX,0.0006719442446083778,0.25916747823850217,1.129276544911995
SOX_D7_FWD,3y,US10Y,0.0036585264895665965,0.7094512653177407,0.3727445269110252
SOX_D7_FWD,3y,USDJPY,-0.0004254984674444929,0.2011359272678491,-1.279523983261337
SOX_D7_FWD,3y,RET_QQQ,-0.02832507367611864,0.9270055795472524,-0.09164588057466579
SOX_D7_FWD,3y,RET_SOX,0.0558338581812269,0.272337593948809,1.0985590925927569
SOX_D7_FWD,3y,RET_SP500,0.7250023052893753,0.07176750683389206,1.8033183125550991
SOX_D7_FWD,3y,RET_NASDAQ,-0.8761741842986389,0.16756230700827787,-1.3815101622982002
SOX_D7_FWD,3y,RET_DOW,-0.6088470923587794,0.08107583006072369,-1.746996741735874
SOX_D7_FWD,3y,RET_VIX,-0.0020578897638816626,0.9219530429474497,-0.09800915179693774
SOX_D7_FWD,3y,RET_US10Y,-0.16465785668967928,0.34912078199830193,-0.9369231036439246
SOX_D7_FWD,3y,RET_USDJPY,-0.06400292359753139,0.6932997730298482,-0.3945435672942469
SOX_D7_FWD,3y,RET_GOLD,0.06078314237883004,0.42192083119329066,0.8035646578750071
SOX_D7_FWD,3y,RET_TLT,-0.09264641187005467,0.7253278836194315,-0.3514880143961197
SOX_D7_FWD,3y,RET_QQQ_MA20,-20.240978034307094,0.6010989682257759,-0.5230583004574958
SOX_D7_FWD,3y,RET_SOX_MA20,-4.928600870060436,0.416513501839884,-0.8129661149498396
SOX_D7_FWD,3y,RET_SP500_MA20,87.63453591354961,0.10540472221669642,1.621291919255108
SOX_D7_FWD,3y,RET_NASDAQ_MA20,-0.024730424353909375,0.9960284089887796,-0.004979447281299324
SOX_D7_FWD,3y,RET_DOW_MA20,0.1427806221473061,0.9531317222384422,0.058795533581551596
SOX_D7_FWD,3y,RET_VIX_MA20,-0.199935629718367,0.28808526611251134,-1.0631384417721437
SOX_D7_FWD,3y,RET_US10Y_MA20,0.7773869296388617,0.7015494137370203,0.3833865496376236
SOX_D7_FWD,3y,RET_USDJPY_MA20,0.6161051859638573,0.6561997085709066,0.4453564035698561
SOX_D7_FWD,3y,RET_GOLD_MA20,-0.5755229116446533,0.30930158550780773,-1.017426520367374
SOX_D7_FWD,3y,RET_TLT_MA20,1.5213264574574812,0.5915241104535084,0.5368752898759964
SOX_D7_FWD,3y,RET_QQQ_MA60,-17.275700325571936,0.08927989570002719,-1.701567516611837
SOX_D7_FWD,3y,RET_SOX_MA60,1.2015671138245896,0.43400713909655425,0.782803047546645
SOX_D7_FWD,3y,RET_SP500_MA60,-4.308250667881029,0.7095108124264655,-0.37266449205477176
SOX_D7_FWD,3y,RET_NASDAQ_MA60,14.889718759782939,0.19828145621740598,1.2876824686923456
SOX_D7_FWD,3y,RET_DOW_MA60,2.644032069571015,0.6386219653739342,0.46983088248648835
SOX_D7_FWD,3y,RET_VIX_MA60,-0.0666049923407823,0.8762298549756153,-0.1558071945866846
SOX_D7_FWD,3y,RET_US10Y_MA60,2.782121949792707,0.57744318701021,0.557383761936687
SOX_D7_FWD,3y,RET_USDJPY_MA60,-0.26300437606124233,0.9450135464021922,-0.06899465911326873
SOX_D7_FWD,3y,RET_GOLD_MA60,-0.7510398423962357,0.5312954469497728,-0.6263406173692817
SOX_D7_FWD,3y,RET_TLT_MA60,4.155165671536591,0.5647850803679193,0.5760221629299078
SOX_D7_FWD,3y,MRDI_Short,-0.0056336236719471584,0.4512327183476002,-0.7537828679530141
SOX_D7_FWD,3y,MRDI_Long,-0.0053998721827003835,0.4734384204237087,-0.7172830146540822
SOX_D7_FWD,3y,MA20_MRDI,0.002351234826371277,0.10821623871910062,1.608316014195504
SOX_D7_FWD,3y,MA60_MRDI,0.00023562456865309028,0.8807104709717697,0.15012336334150936
SOX_D7_FWD,3y,RiskScore,0.04619531855164878,0.4864938320583135,0.6962647503757559
SOX_D7_FWD,3y,RET_QQQ_20D,0.5138849846074467,0.5840972833804589,0.5476635342468152
SOX_D7_FWD,3y,RET_SP500_20D,-2.173456799458948,0.10594070943471474,-1.6187971585886467
SOX_D7_FWD,3y,dQQQ_D,-0.028325072521353654,0.9270055825127197,-0.09164587684100935
SOX_D7_FWD,3y,dQQQ_W,-0.14543833892717253,0.4599495437761159,-0.7393375597764072
SOX_D7_FWD,3y,dQQQ_M,0.5138849846010498,0.5840972833830294,0.5476635342430699
SOX_D7_FWD,3y,RET_SOX_20D,0.11695233503714103,0.41943091935272253,0.8078848694701527
SOX_D7_FWD,3y,dSOX_D,0.05583386033750715,0.2723375755611093,1.0985591347576191
SOX_D7_FWD,3y,dSOX_W,0.02919649590211019,0.587444163469006,0.5427940162075063
SOX_D7_FWD,3y,dSOX_M,0.11695233502054557,0.41943091944467614,0.807884869310327
SOX_D7_FWD,3y,dSP500_D,0.7250023044435993,0.07176750718173572,1.8033183103413704
SOX_D7_FWD,3y,dSP500_W,0.09845737492787687,0.6398935721265483,0.46805104555738797
SOX_D7_FWD,3y,dSP500_M,-2.1734567997137115,0.10594070944884111,-1.6187971585230276
SOX_D8_FWD,3y,const,0.03536328366587189,0.5941110677958663,0.5331325159946928
SOX_D8_FWD,3y,VIX,0.00023322022198631062,0.6966490570544882,0.39000828970457685
SOX_D8_FWD,3y,US10Y,0.010460379756717193,0.2897775439875053,1.0594121304600357
SOX_D8_FWD,3y,USDJPY,-0.0005649747323077546,0.09190014094441658,-1.6877736565697528
SOX_D8_FWD,3y,RET_QQQ,0.1451398664091462,0.6403920081398135,0.4673540920238251
SOX_D8_FWD,3y,RET_SOX,-0.002085592968376384,0.9674358445079039,-0.040839060614894646
SOX_D8_FWD,3y,RET_SP500,-0.5979225172871548,0.13931064391802914,-1.4800468752523168
SOX_D8_FWD,3y,RET_NASDAQ,0.30363108956566,0.6340140066596718,0.47629338047981495
SOX_D8_FWD,3y,RET_DOW,0.24749548186145123,0.47995253698650053,0.7067572444550865
SOX_D8_FWD,3y,RET_VIX,-0.019830008308133494,0.3475775594771595,-0.9399302575171564
SOX_D8_FWD,3y,RET_US10Y,0.21492639140169692,0.2241915552129419,1.2165341091185096
SOX_D8_FWD,3y,RET_USDJPY,-0.027405963939504348,0.8665251855153313,-0.16813557909098253
SOX_D8_FWD,3y,RET_GOLD,-0.07192290720474188,0.34439190445576495,-0.9461630702095081
SOX_D8_FWD,3y,RET_TLT,0.50053038475885,0.05918472745627219,1.8898964365549331
SOX_D8_FWD,3y,RET_QQQ_MA20,-18.85143797892046,0.6279466203779444,-0.4848328174852269
SOX_D8_FWD,3y,RET_SOX_MA20,-3.8714684229601435,0.5254188154562692,-0.6353331003224783
SOX_D8_FWD,3y,RET_SP500_MA20,80.96469091009408,0.13647255727624713,1.490769219877227
SOX_D8_FWD,3y,RET_NASDAQ_MA20,0.25561892022979493,0.9592126479292681,0.051159965405107984
SOX_D8_FWD,3y,RET_DOW_MA20,-0.06987502564923477,0.9771823625756956,-0.02861179169927039
SOX_D8_FWD,3y,RET_VIX_MA20,-0.006019008779971411,0.9746037694994317,-0.03184621424890285
SOX_D8_FWD,3y,RET_US10Y_MA20,-1.6931747524415566,0.4062880141485038,-0.8309450302105522
SOX_D8_FWD,3y,RET_USDJPY_MA20,-0.14377241052242992,0.9176854726030903,-0.10338696047014491
SOX_D8_FWD,3y,RET_GOLD_MA20,-0.6769355272874219,0.2362549932535583,-1.185416684650049
SOX_D8_FWD,3y,RET_TLT_MA20,-2.3881057955866476,0.40190875183767044,-0.8387271549540998
SOX_D8_FWD,3y,RET_QQQ_MA60,-15.224127462745553,0.13606738070614802,-1.492314008246073
SOX_D8_FWD,3y,RET_SOX_MA60,1.295568780042492,0.40335931085102356,0.8361438441377035
SOX_D8_FWD,3y,RET_SP500_MA60,0.8387577395395405,0.9424626137180148,0.07220094930663726
SOX_D8_FWD,3y,RET_NASDAQ_MA60,8.802411325896635,0.4489497096056705,0.7575928507422367
SOX_D8_FWD,3y,RET_DOW_MA60,3.993761858796569,0.48034054086766187,0.7061327368256025
SOX_D8_FWD,3y,RET_VIX_MA60,0.23075104475592068,0.5913973126529902,0.5370593021259309
SOX_D8_FWD,3y,RET_US10Y_MA60,5.0448953842422934,0.31489187573452804,1.0057323188763683
SOX_D8_FWD,3y,RET_USDJPY_MA60,2.2711894550187877,0.5534317157488708,0.5929117418710136
SOX_D8_FWD,3y,RET_GOLD_MA60,-0.1714105545615571,0.8872745943152507,-0.14180530597918609
SOX_D8_FWD,3y,RET_TLT_MA60,8.36185063174471,0.24904734462883577,1.1536258173563403
SOX_D8_FWD,3y,MRDI_Short,-0.004822643105223951,0.5217651322539744,-0.6409497134927817
SOX_D8_FWD,3y,MRDI_Long,0.0009200607952804477,0.903262590079942,0.12158499646104422
SOX_D8_FWD,3y,MA20_MRDI,0.0010940522801730756,0.45727542378571384,0.7437531027462279
SOX_D8_FWD,3y,MA60_MRDI,-0.0006849157732388201,0.664579697198124,-0.4337829783218983
SOX_D8_FWD,3y,RiskScore,0.020555728873421306,0.7581614370141043,0.3080164599721336
SOX_D8_FWD,3y,RET_QQQ_20D,0.494172876184478,0.6003398645526924,0.524150389326574
SOX_D8_FWD,3y,RET_SP500_20D,-2.020704904390307,0.13462171776357595,-1.497854964786101
SOX_D8_FWD,3y,dQQQ_D,0.14513986695018663,0.6403920068895651,0.4673540937724675
SOX_D8_FWD,3y,dQQQ_W,-0.19858013830481733,0.31591681393566157,-1.0036029698921551
SOX_D8_FWD,3y,dQQQ_M,0.49417287621363143,0.600339864541567,0.5241503893425794
SOX_D8_FWD,3y,RET_SOX_20D,0.10074683133389942,0.488871586560056,0.6924704456093166
SOX_D8_FWD,3y,dSOX_D,-0.0020855947599115123,0.9674358165437189,-0.0408390957046136
SOX_D8_FWD,3y,dSOX_W,0.02387976884462017,0.6588062351620309,0.44175044145177134
SOX_D8_FWD,3y,dSOX_M,0.10074683133568971,0.4888715865488598,0.6924704456271619
SOX_D8_FWD,3y,dSP500_D,-0.5979225177983926,0.13931064359605855,-1.4800468764591201
SOX_D8_FWD,3y,dSP500_W,0.194934714067295,0.3573793889089511,0.9209776347299911
SOX_D8_FWD,3y,dSP500_M,-2.020704904169725,0.1346217177480131,-1.4978549648459978
SOX_D9_FWD,3y,const,-0.02270568097408994,0.7339258644509808,-0.3400435809070582
SOX_D9_FWD,3y,VIX,0.0002735459063524818,0.6474386168987779,0.4575212303179892
SOX_D9_FWD,3y,US10Y,0.011537712467036625,0.2440742633623629,1.1658462394961508
SOX_D9_FWD,3y,USDJPY,-0.00022453147722346383,0.5038666653063072,-0.6687642548466884
SOX_D9_FWD,3y,RET_QQQ,0.34434283970416957,0.2678980468558633,1.1087994634289566
SOX_D9_FWD,3y,RET_SOX,0.004708778684051635,0.9265430800595136,0.09222829871081001
SOX_D9_FWD,3y,RET_SP500,-0.4727825585612242,0.2425775999320767,-1.1695578332656045
SOX_D9_FWD,3y,RET_NASDAQ,-0.21019709329579458,0.7416209172874486,-0.3298383648988196
SOX_D9_FWD,3y,RET_DOW,0.47028258811485946,0.179755207407328,1.3428537623785375
SOX_D9_FWD,3y,RET_VIX,0.006047561674012285,0.7746543589954588,0.28640297685805455
SOX_D9_FWD,3y,RET_US10Y,-0.058182697925120035,0.7419262613551697,-0.32943413176755576
SOX_D9_FWD,3y,RET_USDJPY,-0.1445876147345516,0.37520014799950213,-0.8873417329470358
SOX_D9_FWD,3y,RET_GOLD,0.1449903341719174,0.05683649412150203,1.9077233277473866
SOX_D9_FWD,3y,RET_TLT,-0.166773623063795,0.5289565652122584,-0.6299142052608587
SOX_D9_FWD,3y,RET_QQQ_MA20,-6.774335317365081,0.8618294479447285,-0.1741099725765712
SOX_D9_FWD,3y,RET_SOX_MA20,-5.046980231368781,0.4083255523172371,-0.8273420739690155
SOX_D9_FWD,3y,RET_SP500_MA20,69.0880226145874,0.20409260138679913,1.2711655405689106
SOX_D9_FWD,3y,RET_NASDAQ_MA20,1.3417525167208613,0.7883066058469516,0.2686132057654918
SOX_D9_FWD,3y,RET_DOW_MA20,-1.2045325275859489,0.6226994023292821,-0.4922468615447396
SOX_D9_FWD,3y,RET_VIX_MA20,-0.03577659932701673,0.8500276528706225,-0.18915320181393075
SOX_D9_FWD,3y,RET_US10Y_MA20,-0.6126958839738887,0.7637428718203509,-0.3006866356196974
SOX_D9_FWD,3y,RET_USDJPY_MA20,0.4627666885197004,0.7393929774992852,0.3327894864599115
SOX_D9_FWD,3y,RET_GOLD_MA20,-0.9333405503716136,0.10385396373274192,-1.6285732938239303
SOX_D9_FWD,3y,RET_TLT_MA20,-0.0879744100677105,0.975362852325035,-0.030894051875383507
SOX_D9_FWD,3y,RET_QQQ_MA60,-14.979577623283289,0.1423615842832915,-1.4687090690737645
SOX_D9_FWD,3y,RET_SOX_MA60,1.4884423614235456,0.3390439552434938,0.9567109022403721
SOX_D9_FWD,3y,RET_SP500_MA60,-4.868255600980346,0.6751984523968715,-0.41920042409052355
SOX_D9_FWD,3y,RET_NASDAQ_MA60,12.50854246447497,0.2819248101568846,1.076836515085254
SOX_D9_FWD,3y,RET_DOW_MA60,4.658768064774359,0.41031287058021415,0.8238375460479443
SOX_D9_FWD,3y,RET_VIX_MA60,0.24381547198377934,0.5705048317086294,0.5675764691626719
SOX_D9_FWD,3y,RET_US10Y_MA60,0.5934402129539544,0.9058642414217051,0.11829962430160977
SOX_D9_FWD,3y,RET_USDJPY_MA60,-1.0565799880581712,0.7828522748239898,-0.27571003374233716
SOX_D9_FWD,3y,RET_GOLD_MA60,0.0726475790124258,0.9522223164195591,0.05993778660340016
SOX_D9_FWD,3y,RET_TLT_MA60,1.0982996030282317,0.879591074234892,0.15154305651092312
SOX_D9_FWD,3y,MRDI_Short,-0.0015016071005557793,0.841856226945869,-0.19959392512170554
SOX_D9_FWD,3y,MRDI_Long,-0.005186033333985672,0.4934138452930315,-0.685249217815199
SOX_D9_FWD,3y,MA20_MRDI,0.00034658842546861265,0.8139201716722271,0.23546066478103395
SOX_D9_FWD,3y,MA60_MRDI,0.0005787547098607666,0.7143776727774905,0.3661315867434593
SOX_D9_FWD,3y,RiskScore,0.03250313548329364,0.6263817021615812,0.48704137086080496
SOX_D9_FWD,3y,RET_QQQ_20D,0.1664971431031934,0.8599522959468582,0.17649997058286535
SOX_D9_FWD,3y,RET_SP500_20D,-1.6920503724788802,0.21040869363786982,-1.2535940954151843
SOX_D9_FWD,3y,dQQQ_D,0.34434283962744583,0.26789804696368397,1.1087994631789033
SOX_D9_FWD,3y,dQQQ_W,-0.13719868308561267,0.4888364221787548,-0.6925270178054418
SOX_D9_FWD,3y,dQQQ_M,0.1664971431027638,0.8599522959471377,0.17649997058250946
SOX_D9_FWD,3y,RET_SOX_20D,0.12594050249896155,0.3873640831613598,0.8649479729553969
SOX_D9_FWD,3y,dSOX_D,0.0047087791788157606,0.9265430723681891,0.0922283083950623
SOX_D9_FWD,3y,dSOX_W,-0.02515696891387588,0.6417789586044583,-0.4654154212507919
SOX_D9_FWD,3y,dSOX_M,0.12594050249875482,0.3873640831623547,0.8649479729535829
SOX_D9_FWD,3y,dSP500_D,-0.4727825591732786,0.2425775993541048,-1.1695578347020346
SOX_D9_FWD,3y,dSP500_W,0.15452173209740608,0.46650751018578324,0.7285720219522259
SOX_D9_FWD,3y,dSP500_M,-1.6920503725034792,0.21040869364105907,-1.253594095406409
SOX_D10_FWD,3y,const,-0.0354596241142731,0.5950419605898243,-0.5317881146682804
SOX_D10_FWD,3y,VIX,0.0003453199373526214,0.5613264719677293,0.5811507335200395
SOX_D10_FWD,3y,US10Y,0.00724740478979864,0.4617808169662068,0.7363241833386843
SOX_D10_FWD,3y,USDJPY,8.426840524718359e-06,0.9799365546031059,0.02515746497800841
SOX_D10_FWD,3y,RET_QQQ,-0.16591422120839325,0.5940460804389388,-0.533227156799613
SOX_D10_FWD,3y,RET_SOX,0.018000700381816587,0.7238545616769901,0.35345436388906254
SOX_D10_FWD,3y,RET_SP500,0.8510904944272324,0.03449515289583847,2.1183855972002084
SOX_D10_FWD,3y,RET_NASDAQ,-0.32681176554368013,0.6075629633714654,-0.513787797125029
SOX_D10_FWD,3y,RET_DOW,-0.5061090346606997,0.14636711682394168,-1.4541034489153104
SOX_D10_FWD,3y,RET_VIX,0.04832642977671143,0.02173031476364635,2.3002118708130936
SOX_D10_FWD,3y,RET_US10Y,-0.17483726123240054,0.3197675547538104,-0.9956452758525883
SOX_D10_FWD,3y,RET_USDJPY,-0.043407395236632826,0.7889712866623356,-0.2677494448967606
SOX_D10_FWD,3y,RET_GOLD,0.038846916764697294,0.6073373298506254,0.5141106826090366
SOX_D10_FWD,3y,RET_TLT,-0.17981665978022118,0.49466480141351404,-0.6832671135484079
SOX_D10_FWD,3y,RET_QQQ_MA20,0.24653048937704003,0.9949149080581521,0.006375543952722657
SOX_D10_FWD,3y,RET_SOX_MA20,-10.330056555460096,0.08918347338900581,-1.7020915969658683
SOX_D10_FWD,3y,RET_SP500_MA20,69.72781905264542,0.19727141413746116,1.2905951907358546
SOX_D10_FWD,3y,RET_NASDAQ_MA20,2.051904608698965,0.6795355023960712,0.4132703193709824
SOX_D10_FWD,3y,RET_DOW_MA20,-2.007374946037472,0.40953634522919935,-0.8252064101384373
SOX_D10_FWD,3y,RET_VIX_MA20,-0.20840018113536943,0.26795597715170477,-1.1086663899514848
SOX_D10_FWD,3y,RET_US10Y_MA20,0.7503090986459716,0.7112248666434015,0.3703623687544839
SOX_D10_FWD,3y,RET_USDJPY_MA20,0.3332941385124653,0.8095112987340521,0.2411479116376557
SOX_D10_FWD,3y,RET_GOLD_MA20,-0.9916394707458602,0.08312019434587403,-1.7353499508817887
SOX_D10_FWD,3y,RET_TLT_MA20,1.5876843132648097,0.5751218091566267,0.5607883281767243
SOX_D10_FWD,3y,RET_QQQ_MA60,-12.738707244088523,0.20926272130142146,-1.2567551245708182
SOX_D10_FWD,3y,RET_SOX_MA60,1.582046520163278,0.3099738057306528,1.0160160081800869
SOX_D10_FWD,3y,RET_SP500_MA60,-9.341474075552432,0.41863503504010763,-0.8092710342926034
SOX_D10_FWD,3y,RET_NASDAQ_MA60,13.083413327943783,0.2575458133201881,1.1331369416487855
SOX_D10_FWD,3y,RET_DOW_MA60,6.218259250811605,0.269467509312441,1.1051681988277382
SOX_D10_FWD,3y,RET_VIX_MA60,0.050505661679751825,0.9060604641587718,0.11805194258694264
SOX_D10_FWD,3y,RET_US10Y_MA60,-2.0676834323154782,0.6784993083951105,-0.41468585094611377
SOX_D10_FWD,3y,RET_USDJPY_MA60,-3.9387934683725447,0.30169031887641884,-1.033580434486538
SOX_D10_FWD,3y,RET_GOLD_MA60,0.4602881609264433,0.7031120148297736,0.38127933276632364
SOX_D10_FWD,3y,RET_TLT_MA60,-3.483295062572253,0.6288334670277409,-0.48358305540700286
SOX_D10_FWD,3y,MRDI_Short,-0.006993548091683305,0.3511152970670245,-0.9330528933961919
SOX_D10_FWD,3y,MRDI_Long,-0.010130049549946956,0.17896464727076478,-1.345301889231469
SOX_D10_FWD,3y,MA20_MRDI,0.0007341641059773248,0.6159218427015954,0.5018634463111802
SOX_D10_FWD,3y,MA60_MRDI,0.00022895826566527572,0.8847544935384583,0.14499776600402467
SOX_D10_FWD,3y,RiskScore,0.07572135779716194,0.25478812203396,1.1397339297043299
SOX_D10_FWD,3y,RET_QQQ_20D,-0.007532082415138407,0.9935920453620549,-0.008034143703992677
SOX_D10_FWD,3y,RET_SP500_20D,-1.7430782331492023,0.19438210586901597,-1.2989730468352958
SOX_D10_FWD,3y,dQQQ_D,-0.16591422077341264,0.5940460813990597,-0.53322715541171
SOX_D10_FWD,3y,dQQQ_W,-0.17667692063843388,0.3700074279989213,-0.89703893146067
SOX_D10_FWD,3y,dQQQ_M,-0.007532082415190725,0.9935920453620102,-0.008034143704048808
SOX_D10_FWD,3y,RET_SOX_20D,0.24817334575533037,0.0870765487295139,1.7134350783950163
SOX_D10_FWD,3y,dSOX_D,0.018000700549266602,0.723854559221997,0.3534543671657154
SOX_D10_FWD,3y,dSOX_W,-0.033162009727270764,0.5388383056904446,-0.614874029422337
SOX_D10_FWD,3y,dSOX_M,0.2481733457553257,0.08707654872952304,1.7134350783949668
SOX_D10_FWD,3y,dSP500_D,0.8510904942175112,0.034495152944943853,2.1183855966220086
SOX_D10_FWD,3y,dSP500_W,0.13981440707248477,0.5073541820731293,0.6633050792721245
SOX_D10_FWD,3y,dSP500_M,-1.7430782331726065,0.19438210587341284,-1.2989730468224772
SP500_D1_FWD,3y,const,0.026960911515903255,0.25902805160243736,1.129599670576659
SP500_D1_FWD,3y,VIX,0.0006169208449134763,0.004953646392211758,2.8188983689685188
SP500_D1_FWD,3y,US10Y,-0.001176967233657449,0.7397742458479875,-0.33228276124746037
SP500_D1_FWD,3y,USDJPY,-0.00017255076672340896,0.15886945184212561,-1.4103727435390292
SP500_D1_FWD,3y,RET_QQQ,0.03378315226383616,0.7662454307597872,0.2974040292277725
SP500_D1_FWD,3y,RET_SOX,0.0017356797492584786,0.9260969436762799,0.09278967100875657
SP500_D1_FWD,3y,RET_SP500,-0.04402885104701143,0.7660451939337963,-0.29766645524438107
SP500_D1_FWD,3y,RET_NASDAQ,-0.08365943905944184,0.7197090858906041,-0.3589908899667212
SP500_D1_FWD,3y,RET_DOW,0.062172340565059485,0.6276365869698192,0.48526799505274054
SP500_D1_FWD,3y,RET_VIX,-0.006634389693953307,0.3915895981854392,-0.8572638033444784
SP500_D1_FWD,3y,RET_US10Y,-0.08975477285539721,0.16453911377373623,-1.3914089004249268
SP500_D1_FWD,3y,RET_USDJPY,0.18858216464017882,0.00166791238832685,3.155902715226732
SP500_D1_FWD,3y,RET_GOLD,-0.003970802758091409,0.8863745088216562,-0.14294479526213244
SP500_D1_FWD,3y,RET_TLT,-0.15910493522837732,0.10079629338842519,-1.6431511037348319
SP500_D1_FWD,3y,RET_QQQ_MA20,-8.22131462391198,0.564434783749941,-0.5765384601140568
SP500_D1_FWD,3y,RET_SOX_MA20,2.051259504616865,0.3589809828069256,0.9179062302620156
SP500_D1_FWD,3y,RET_SP500_MA20,10.737490998797899,0.5903153816447495,0.5386247027643606
SP500_D1_FWD,3y,RET_NASDAQ_MA20,-0.46337820008094077,0.7994399183364663,-0.2541676834547661
SP500_D1_FWD,3y,RET_DOW_MA20,0.16043199330272986,0.8576025556017126,0.179492345442111
SP500_D1_FWD,3y,RET_VIX_MA20,-0.03434723188968409,0.6203435185763001,-0.49558177218288374
SP500_D1_FWD,3y,RET_US10Y_MA20,0.4667608102640733,0.5320665888900488,0.6251618044182635
SP500_D1_FWD,3y,RET_USDJPY_MA20,0.44079522469587956,0.38582773867569226,0.8677461657897574
SP500_D1_FWD,3y,RET_GOLD_MA20,-0.009410898333350414,0.9635350181166235,-0.04573420132308733
SP500_D1_FWD,3y,RET_TLT_MA20,0.7909629928233906,0.4482112921532895,0.7588230854402581
SP500_D1_FWD,3y,RET_QQQ_MA60,-8.105659290259034,0.030660357313747933,-2.165796557498477
SP500_D1_FWD,3y,RET_SOX_MA60,0.324277463122986,0.5649777239570186,0.5757346953872913
SP500_D1_FWD,3y,RET_SP500_MA60,-5.179902999435406,0.2242673647579664,-1.216324207568676
SP500_D1_FWD,3y,RET_NASDAQ_MA60,10.476963992135468,0.014172567133007392,2.4589596434645355
SP500_D1_FWD,3y,RET_DOW_MA60,-1.4499395058908766,0.4846228622424288,-0.6992546795274435
SP500_D1_FWD,3y,RET_VIX_MA60,-0.19468543058769655,0.21639632979313508,-1.2372735317421641
SP500_D1_FWD,3y,RET_US10Y_MA60,2.1762680637085854,0.23729640944105101,1.1827737786449162
SP500_D1_FWD,3y,RET_USDJPY_MA60,-1.3867034688617133,0.32349459004169645,-0.9879919458332215
SP500_D1_FWD,3y,RET_GOLD_MA60,-1.341878528082856,0.0022047213300265835,-3.072436090021353
SP500_D1_FWD,3y,RET_TLT_MA60,3.5263883431603054,0.18463074254420098,1.3279271000008808
SP500_D1_FWD,3y,MRDI_Short,-1.1723781387158586e-05,0.9966002690070879,-0.0042624508017721115
SP500_D1_FWD,3y,MRDI_Long,-0.0024101613170886107,0.38448301469121116,-0.8702063246239274
SP500_D1_FWD,3y,MA20_MRDI,-0.00013282126338016564,0.8052543595818142,-0.24664527380174128
SP500_D1_FWD,3y,MA60_MRDI,-0.00026449583529807594,0.6473742525977461,-0.45760860567175565
SP500_D1_FWD,3y,RiskScore,0.010222410319258295,0.6755444657500699,0.4187247645170719
SP500_D1_FWD,3y,RET_QQQ_20D,0.14548285539293587,0.6741198219097049,0.4206755939747999
SP500_D1_FWD,3y,RET_SP500_20D,-0.19072937815751956,0.7002179226876581,-0.3851826853405544
SP500_D1_FWD,3y,dQQQ_D,0.03378315164565279,0.7662454349349128,0.29740402375615765
SP500_D1_FWD,3y,dQQQ_W,0.05101553802495168,0.48041704591056655,0.7060058903021545
SP500_D1_FWD,3y,dQQQ_M,0.14548285537334932,0.6741198219231764,0.4206755939563452
SP500_D1_FWD,3y,RET_SOX_20D,-0.04269883982281341,0.4237038993448077,-0.8004761048305098
SP500_D1_FWD,3y,dSOX_D,0.0017356795857783186,0.9260969506082558,0.09278966228019256
SP500_D1_FWD,3y,dSOX_W,-0.0020176850161134977,0.918980087816021,-0.10175488453217865
SP500_D1_FWD,3y,dSOX_M,-0.042698839825247414,0.42370389933820934,-0.8004761048419103
SP500_D1_FWD,3y,dSP500_D,-0.04402885122619335,0.7660451930268514,-0.29766645643305
SP500_D1_FWD,3y,dSP500_W,-0.06739623291772652,0.3834232787926713,-0.8721488188301267
SP500_D1_FWD,3y,dSP500_M,-0.19072937814852853,0.7002179226929348,-0.38518268533342875
SP500_D2_FWD,3y,const,0.049249379909903974,0.04038651102124574,2.053556094929561
SP500_D2_FWD,3y,VIX,0.00023917565949711355,0.27549107677751034,1.0913502981049115
SP500_D2_FWD,3y,US10Y,-0.0020694720786232097,0.5612691036223342,-0.5812327547685028
SP500_D2_FWD,3y,USDJPY,-0.00026990080340625255,0.02800559742650581,-2.2017512577715017
SP500_D2_FWD,3y,RET_QQQ,-0.21179592490302215,0.06301904857278623,-1.8619951414899312
SP500_D2_FWD,3y,RET_SOX,0.0316378166793663,0.09168579868700512,1.6888705769643946
SP500_D2_FWD,3y,RET_SP500,0.3782101728515095,0.010910863422000537,2.552299843515236
SP500_D2_FWD,3y,RET_NASDAQ,-0.08311912776569881,0.7218904673805298,-0.35607541050877556
SP500_D2_FWD,3y,RET_DOW,-0.25946534148321393,0.043535939423400755,-2.022164979215989
SP500_D2_FWD,3y,RET_VIX,-0.005922014360399517,0.4451046711747768,-0.7640299271098845
SP500_D2_FWD,3y,RET_US10Y,0.04421388182357987,0.49432265069288184,0.6838050421556384
SP500_D2_FWD,3y,RET_USDJPY,-0.017620294480696914,0.7684809836970209,-0.29447571019651053
SP500_D2_FWD,3y,RET_GOLD,-0.0034524036882146066,0.9012622564062919,-0.1241115798509792
SP500_D2_FWD,3y,RET_TLT,0.017447733256807364,0.8572687258761819,0.17991780254648426
SP500_D2_FWD,3y,RET_QQQ_MA20,-6.533123000035502,0.6475137380893194,-0.4574146811886603
SP500_D2_FWD,3y,RET_SOX_MA20,2.403469306487011,0.28332703397460246,1.0736932256594327
SP500_D2_FWD,3y,RET_SP500_MA20,11.91805423718759,0.5506833376670576,0.5970231438743041
SP500_D2_FWD,3y,RET_NASDAQ_MA20,0.06729856799040076,0.970618120172761,0.0368461149617842
SP500_D2_FWD,3y,RET_DOW_MA20,0.12984781986720823,0.884718379837474,0.14504292229219987
SP500_D2_FWD,3y,RET_VIX_MA20,-0.09418619848426661,0.1752642046469586,-1.3568447584357868
SP500_D2_FWD,3y,RET_US10Y_MA20,-0.09870759480839307,0.895132595947997,-0.13185999998703637
SP500_D2_FWD,3y,RET_USDJPY_MA20,0.8225262905913753,0.10678312911876192,1.6148815925630988
SP500_D2_FWD,3y,RET_GOLD_MA20,0.06658292732490602,0.7471237607805775,0.3225603019997619
SP500_D2_FWD,3y,RET_TLT_MA20,-0.08555372627905312,0.934803200863164,-0.08183237950462006
SP500_D2_FWD,3y,RET_QQQ_MA60,-9.343732067203364,0.012888002865716997,-2.4931911192278315
SP500_D2_FWD,3y,RET_SOX_MA60,0.6782557464982492,0.22977134558396642,1.201987601271411
SP500_D2_FWD,3y,RET_SP500_MA60,-7.1454935688977415,0.09443377790415433,-1.674711157120257
SP500_D2_FWD,3y,RET_NASDAQ_MA60,12.261660802474715,0.004178357909650369,2.8737373833569086
SP500_D2_FWD,3y,RET_DOW_MA60,-1.2872181611787694,0.5355024186618293,-0.6199322550539748
SP500_D2_FWD,3y,RET_VIX_MA60,-0.07970184330510399,0.613420918454731,-0.5054210016950431
SP500_D2_FWD,3y,RET_US10Y_MA60,3.7132206961530527,0.044245269344830064,2.0153615501989512
SP500_D2_FWD,3y,RET_USDJPY_MA60,-1.9968452553896145,0.15595389881740143,-1.4203272022849798
SP500_D2_FWD,3y,RET_GOLD_MA60,-1.3521398985962285,0.0021335723550371982,-3.0823619892555256
SP500_D2_FWD,3y,RET_TLT_MA60,5.838649680717346,0.02844538276785109,2.1955983137376123
SP500_D2_FWD,3y,MRDI_Short,0.0012996498949582917,0.6371879651078128,0.47183834998126456
SP500_D2_FWD,3y,MRDI_Long,-0.0008219645962747256,0.7670387610973869,-0.29636467063182154
SP500_D2_FWD,3y,MA20_MRDI,0.00031370376143251597,0.5611611267193318,0.581393083134773
SP500_D2_FWD,3y,MA60_MRDI,1.6565327431881164e-05,0.9771938641944824,0.028597278629763394
SP500_D2_FWD,3y,RiskScore,-0.00202875647553785,0.9338842548894594,-0.08298843999980941
SP500_D2_FWD,3y,RET_QQQ_20D,0.1052789403267156,0.7612466778959517,0.30396164121630426
SP500_D2_FWD,3y,RET_SP500_20D,-0.24475832107236314,0.6217281476115752,-0.49361992326039256
SP500_D2_FWD,3y,dQQQ_D,-0.211795925184173,0.06301904823473625,-1.861995143884741
SP500_D2_FWD,3y,dQQQ_W,0.1521195225394327,0.035913976425073706,2.101919961856632
SP500_D2_FWD,3y,dQQQ_M,0.10527894032816672,0.7612466778941765,0.30396164121863506
SP500_D2_FWD,3y,RET_SOX_20D,-0.0513094837288964,0.33732909417039464,-0.9601089135916382
SP500_D2_FWD,3y,dSOX_D,0.03163781650969818,0.09168580038681162,1.6888705681008687
SP500_D2_FWD,3y,dSOX_W,-0.03452922829705628,0.08246800723486157,-1.7390149975501943
SP500_D2_FWD,3y,dSOX_M,-0.051309483728721024,0.33732909417068113,-0.9601089135910684
SP500_D2_FWD,3y,dSP500_D,0.3782101730650518,0.010910863370329248,2.552299845180639
SP500_D2_FWD,3y,dSP500_W,-0.15817157711782162,0.04133339986765239,-2.043906083623935
SP500_D2_FWD,3y,dSP500_M,-0.2447583210533242,0.621728147618037,-0.49361992325123993
SP500_D3_FWD,3y,const,0.04784343378536843,0.04789953706282552,1.981711412864497
SP500_D3_FWD,3y,VIX,8.88523845433414e-05,0.6865863012460623,0.4036584492388147
SP500_D3_FWD,3y,US10Y,-0.0006736995744747887,0.8513371501683561,-0.18748139907207798
SP500_D3_FWD,3y,USDJPY,-0.0002943352091098108,0.01706642107575091,-2.390944749111929
SP500_D3_FWD,3y,RET_QQQ,-0.0448250919369747,0.694862648899931,-0.3924252426566695
SP500_D3_FWD,3y,RET_SOX,0.007055359928088137,0.7079149105277223,0.37480944255580806
SP500_D3_FWD,3y,RET_SP500,-0.39452659871429663,0.008221303843002088,-2.6503463702620658
SP500_D3_FWD,3y,RET_NASDAQ,0.4663193671835026,0.04717894190225774,1.9881722720009638
SP500_D3_FWD,3y,RET_DOW,0.1862990793099099,0.14867912571189965,1.4457948719600804
SP500_D3_FWD,3y,RET_VIX,-0.0056946781215868195,0.46467134842087343,-0.7315746049316857
SP500_D3_FWD,3y,RET_US10Y,-0.04179499075330353,0.5200295194200211,-0.6436225686714832
SP500_D3_FWD,3y,RET_USDJPY,-0.04720805000111014,0.43233348445199643,-0.78565518585499
SP500_D3_FWD,3y,RET_GOLD,0.00857251947141726,0.7590202556451427,0.30688666989373836
SP500_D3_FWD,3y,RET_TLT,-0.040173209778767156,0.6800833590503116,-0.412520517612265
SP500_D3_FWD,3y,RET_QQQ_MA20,0.19448003400614433,0.9891855419752474,0.013559136385426412
SP500_D3_FWD,3y,RET_SOX_MA20,0.8865506530350845,0.6934147137798548,0.3943868613673743
SP500_D3_FWD,3y,RET_SP500_MA20,-6.398013556617486,0.7496989041954153,-0.31916108852688746
SP500_D3_FWD,3y,RET_NASDAQ_MA20,-0.47289715821268685,0.7966736207138173,-0.2577518813428992
SP500_D3_FWD,3y,RET_DOW_MA20,-0.025423489487387152,0.9774532537944257,-0.028271949363836965
SP500_D3_FWD,3y,RET_VIX_MA20,0.027512969617372447,0.6933973877134051,0.394410343384941
SP500_D3_FWD,3y,RET_US10Y_MA20,0.8527866910289525,0.2572037575236729,1.1339433164217565
SP500_D3_FWD,3y,RET_USDJPY_MA20,0.18979357427276808,0.7109118600348896,0.37078123551222886
SP500_D3_FWD,3y,RET_GOLD_MA20,-0.07248792859160455,0.7267380656363944,-0.34960699619170527
SP500_D3_FWD,3y,RET_TLT_MA20,0.9374795131587812,0.37255206314111644,0.8922711396191404
SP500_D3_FWD,3y,RET_QQQ_MA60,-3.451377734275184,0.3594326587944162,-0.9170449929739997
SP500_D3_FWD,3y,RET_SOX_MA60,-0.18173864118285626,0.7485324963254112,-0.32070037901844467
SP500_D3_FWD,3y,RET_SP500_MA60,-3.0798321616364106,0.47249808987169195,-0.7188068729163457
SP500_D3_FWD,3y,RET_NASDAQ_MA60,4.808483586202405,0.2622224750708097,1.1220516705876018
SP500_D3_FWD,3y,RET_DOW_MA60,-1.9130015470253303,0.3592330917387241,-0.9174261846555064
SP500_D3_FWD,3y,RET_VIX_MA60,-0.1664524932209333,0.29400553416471525,-1.0501575341847482
SP500_D3_FWD,3y,RET_US10Y_MA60,0.5437803183314949,0.7690043161650081,0.29379069281974013
SP500_D3_FWD,3y,RET_USDJPY_MA60,2.063025014281256,0.14464191810827337,1.4603407837465587
SP500_D3_FWD,3y,RET_GOLD_MA60,-1.0613708329676477,0.016388709534382824,-2.4059093441846295
SP500_D3_FWD,3y,RET_TLT_MA60,2.6592370539999055,0.3201173180460914,0.9949183725392693
SP500_D3_FWD,3y,MRDI_Short,0.0014999426148697224,0.5878156625629581,0.5422528820946175
SP500_D3_FWD,3y,MRDI_Long,0.004042722309860709,0.14711291732693416,1.4514014926090715
SP500_D3_FWD,3y,MA20_MRDI,-0.00016483810590630605,0.7611155364569718,-0.3041340167665208
SP500_D3_FWD,3y,MA60_MRDI,0.0006360432477429548,0.2745893683450313,1.0934052510554895
SP500_D3_FWD,3y,RiskScore,-0.02337014396879845,0.34145873465362075,-0.951929977386409
SP500_D3_FWD,3y,RET_QQQ_20D,-0.048774544694177704,0.8885174520728155,-0.14023110280356116
SP500_D3_FWD,3y,RET_SP500_20D,0.22487671564271033,0.6516774819061177,0.4516257976156471
SP500_D3_FWD,3y,dQQQ_D,-0.04482509186520832,0.6948626493753957,-0.39242524201277307
SP500_D3_FWD,3y,dQQQ_W,0.07097100441837564,0.3293191706722737,0.976161693441482
SP500_D3_FWD,3y,dQQQ_M,-0.048774544695343224,0.888517452072309,-0.14023110280420245
SP500_D3_FWD,3y,RET_SOX_20D,-0.014124322109830077,0.7924886799618291,-0.26318008032183354
SP500_D3_FWD,3y,dSOX_D,0.00705535997540293,0.7079149086263923,0.37480944511331576
SP500_D3_FWD,3y,dSOX_W,-0.016276562477910563,0.41459931747363643,-0.8163087216241647
SP500_D3_FWD,3y,dSOX_M,-0.014124322109813505,0.792488679962284,-0.2631800803212431
SP500_D3_FWD,3y,dSP500_D,-0.3945265987389375,0.008221303836709822,-2.650346370523246
SP500_D3_FWD,3y,dSP500_W,-0.06693762289839049,0.38943299889458377,-0.8611776509871005
SP500_D3_FWD,3y,dSP500_M,0.22487671562636813,0.6516774818677115,0.4516257976689759
SP500_D4_FWD,3y,const,0.04664503348521557,0.05510339718843013,1.9212522523487923
SP500_D4_FWD,3y,VIX,0.00011531312257787018,0.6020169509931395,0.5217378751509223
SP500_D4_FWD,3y,US10Y,0.00040188816813261133,0.911672882367135,0.11096858997904199
SP500_D4_FWD,3y,USDJPY,-0.00031303759705795744,0.011526866308268874,-2.5329463393227636
SP500_D4_FWD,3y,RET_QQQ,0.15745736240785144,0.17027470809679765,1.3727258619270493
SP500_D4_FWD,3y,RET_SOX,-0.03433928635036226,0.06961491446981093,-1.817177803454245
SP500_D4_FWD,3y,RET_SP500,-0.02524131425747267,0.8659848449187739,-0.16882238236618294
SP500_D4_FWD,3y,RET_NASDAQ,-0.1877367750317976,0.4255319019279953,-0.7973236776429797
SP500_D4_FWD,3y,RET_DOW,-0.11129816515771083,0.3899839884891,-0.8601775846369182
SP500_D4_FWD,3y,RET_VIX,-0.008076034379281435,0.3017391192592454,-1.0334694994855975
SP500_D4_FWD,3y,RET_US10Y,-0.06981099028476317,0.2848252502694113,-1.0703574930824997
SP500_D4_FWD,3y,RET_USDJPY,-0.009087930279133967,0.8802930214293387,-0.1506524718149372
SP500_D4_FWD,3y,RET_GOLD,0.007371430489344329,0.7929509027738504,0.2625803035024278
SP500_D4_FWD,3y,RET_TLT,-0.051879601688803234,0.5959145036136245,-0.5305261241861474
SP500_D4_FWD,3y,RET_QQQ_MA20,-26.5199793172769,0.06601736885433761,-1.841169019310972
SP500_D4_FWD,3y,RET_SOX_MA20,2.7479412676506416,0.22379064721069905,1.217582425690896
SP500_D4_FWD,3y,RET_SP500_MA20,44.61346534014496,0.0269566139099286,2.2167846346401583
SP500_D4_FWD,3y,RET_NASDAQ_MA20,-0.31171062700677415,0.8657265849898024,-0.16915084111445317
SP500_D4_FWD,3y,RET_DOW_MA20,0.36743074701459083,0.6841641253313498,0.40695583150027786
SP500_D4_FWD,3y,RET_VIX_MA20,0.01745647143550891,0.8032246133490759,0.2492700394336555
SP500_D4_FWD,3y,RET_US10Y_MA20,1.0978137284520424,0.146445315900427,1.4538075183519559
SP500_D4_FWD,3y,RET_USDJPY_MA20,1.0176569258795125,0.048268724398096076,1.9784378291670295
SP500_D4_FWD,3y,RET_GOLD_MA20,-0.1048409723828503,0.6154749144173526,-0.5024972706025541
SP500_D4_FWD,3y,RET_TLT_MA20,1.6410016068961422,0.12035554442748142,1.5551677023347241
SP500_D4_FWD,3y,RET_QQQ_MA60,-6.163702502325419,0.1033999800817422,-1.6307043651789828
SP500_D4_FWD,3y,RET_SOX_MA60,0.31608500597720174,0.5786760147201305,0.5555778006636817
SP500_D4_FWD,3y,RET_SP500_MA60,-4.550525438445771,0.29051262116102605,-1.0577930543851295
SP500_D4_FWD,3y,RET_NASDAQ_MA60,7.026379623960558,0.10293859761458125,1.6328932187231848
SP500_D4_FWD,3y,RET_DOW_MA60,-1.1023380372705789,0.5986460405513452,-0.5265873555460746
SP500_D4_FWD,3y,RET_VIX_MA60,-0.12741766899114934,0.42372176320441074,-0.8004472195789423
SP500_D4_FWD,3y,RET_US10Y_MA60,1.1013689513190588,0.5536531121230167,0.5925791614797257
SP500_D4_FWD,3y,RET_USDJPY_MA60,1.1161704243654766,0.4317310184589078,0.7866850009857317
SP500_D4_FWD,3y,RET_GOLD_MA60,-1.3106324912344378,0.0032167989766548927,-2.9563835556470592
SP500_D4_FWD,3y,RET_TLT_MA60,2.945953798904467,0.2728947927450163,1.097278599286658
SP500_D4_FWD,3y,MRDI_Short,-0.0007968872521103516,0.7742185314701028,-0.28697156718243577
SP500_D4_FWD,3y,MRDI_Long,0.0010958972137138639,0.695239766458855,0.39191481130486255
SP500_D4_FWD,3y,MA20_MRDI,-0.0004623932012880596,0.3957633251488488,-0.8497313724778646
SP500_D4_FWD,3y,MA60_MRDI,0.0008376780316685528,0.15200033638682448,1.4340558444937275
SP500_D4_FWD,3y,RiskScore,-0.0009643703157975066,0.968798411030353,-0.03912927890229915
SP500_D4_FWD,3y,RET_QQQ_20D,0.6060898857314447,0.0831256962038492,1.7352976602548034
SP500_D4_FWD,3y,RET_SP500_20D,-1.0296606773262351,0.03978878860624097,-2.059757939549111
SP500_D4_FWD,3y,dQQQ_D,0.15745736017541034,0.17027471418858353,1.3727258423304958
SP500_D4_FWD,3y,dQQQ_W,0.030027246328115233,0.680961397309665,0.4113223080204525
SP500_D4_FWD,3y,dQQQ_M,0.6060898857121745,0.08312569620600312,1.7352976602426453
SP500_D4_FWD,3y,RET_SOX_20D,-0.06537861477619072,0.22544765208447567,-1.21323301676458
SP500_D4_FWD,3y,dSOX_D,-0.03433928474708124,0.06961492755731852,-1.8171777180537592
SP500_D4_FWD,3y,dSOX_W,0.014675554422232439,0.46371878894875984,0.7331372147479681
SP500_D4_FWD,3y,dSOX_M,-0.06537861477643708,0.22544765208330048,-1.2132330167676568
SP500_D4_FWD,3y,dSP500_D,-0.025241314142208784,0.8659848455232454,-0.16882238159742868
SP500_D4_FWD,3y,dSP500_W,-0.08098785101216947,0.29971330305169597,-1.037813295932325
SP500_D4_FWD,3y,dSP500_M,-1.0296606772253407,0.03978878860751663,-2.059757939535814
SP500_D5_FWD,3y,const,0.038273119554075336,0.1176549883932969,1.5666137809794687
SP500_D5_FWD,3y,VIX,0.0001948122190326635,0.3823373131412365,0.8741459161380419
SP500_D5_FWD,3y,US10Y,0.000920000511197323,0.8010210234848826,0.2521212664964731
SP500_D5_FWD,3y,USDJPY,-0.00028410043854247774,0.02256174152179682,-2.285816361612197
SP500_D5_FWD,3y,RET_QQQ,-0.32393522901775884,0.005175761810892803,-2.804678286351222
SP500_D5_FWD,3y,RET_SOX,0.03147929640234175,0.09818945291335379,1.6558944890619212
SP500_D5_FWD,3y,RET_SP500,-0.11984541319086023,0.42579566065859803,-0.7968698483307659
SP500_D5_FWD,3y,RET_NASDAQ,0.6336238564091239,0.007722583769560739,2.6716551361954126
SP500_D5_FWD,3y,RET_DOW,0.12530070542426125,0.33606393739920326,0.962630580195318
SP500_D5_FWD,3y,RET_VIX,-0.003488362263082489,0.6573965321259154,-0.4436992955352486
SP500_D5_FWD,3y,RET_US10Y,-0.06825397640414638,0.2987835227453273,-1.039814612472868
SP500_D5_FWD,3y,RET_USDJPY,0.055416135928298804,0.3619355145613125,0.9122772569558769
SP500_D5_FWD,3y,RET_GOLD,-0.013948857810859198,0.6226094201061152,-0.49237298682124625
SP500_D5_FWD,3y,RET_TLT,-0.13003070044284543,0.18677886249996353,-1.321457196313907
SP500_D5_FWD,3y,RET_QQQ_MA20,-10.113206364140815,0.4855209512051581,-0.6978192811687702
SP500_D5_FWD,3y,RET_SOX_MA20,1.7646564331421102,0.4371772303793684,0.7774120529704539
SP500_D5_FWD,3y,RET_SP500_MA20,16.920815905502355,0.4035441471543634,0.8358129049754577
SP500_D5_FWD,3y,RET_NASDAQ_MA20,-0.320978206717466,0.8625975000896007,-0.17313201019572566
SP500_D5_FWD,3y,RET_DOW_MA20,0.25645354728807995,0.7776854926557853,0.2824449436880228
SP500_D5_FWD,3y,RET_VIX_MA20,0.007941926569217148,0.9102567252128038,0.11275532730256566
SP500_D5_FWD,3y,RET_US10Y_MA20,1.3524654627554087,0.07534799383061329,1.7809765191739748
SP500_D5_FWD,3y,RET_USDJPY_MA20,-0.032856289517361956,0.9494059793152406,-0.06347541508490938
SP500_D5_FWD,3y,RET_GOLD_MA20,-0.16106240782481593,0.44371262110977633,-0.7663713692205628
SP500_D5_FWD,3y,RET_TLT_MA20,1.467721247704563,0.16713054755595008,1.38291324632232
SP500_D5_FWD,3y,RET_QQQ_MA60,-3.159377338733444,0.4062450036923201,-0.8310190751278581
SP500_D5_FWD,3y,RET_SOX_MA60,0.10585788214939873,0.8534720070026152,0.1847581668841154
SP500_D5_FWD,3y,RET_SP500_MA60,-3.347754178912972,0.43964301741493117,-0.7732353563389265
SP500_D5_FWD,3y,RET_NASDAQ_MA60,3.985474093594029,0.35748209546510085,0.9207782032274567
SP500_D5_FWD,3y,RET_DOW_MA60,-1.0158670514936294,0.6299476929469912,-0.48201165455159267
SP500_D5_FWD,3y,RET_VIX_MA60,-0.118511989612165,0.4594209160111785,-0.7402080125893782
SP500_D5_FWD,3y,RET_US10Y_MA60,0.9151846983692197,0.6245815918460101,0.48958320591222015
SP500_D5_FWD,3y,RET_USDJPY_MA60,1.8304331364298183,0.1999662215701788,1.2828534120723976
SP500_D5_FWD,3y,RET_GOLD_MA60,-0.7210878207343634,0.10677000149818576,-1.6149509915903357
SP500_D5_FWD,3y,RET_TLT_MA60,3.1260854720259976,0.2475537391643899,1.1572733906185564
SP500_D5_FWD,3y,MRDI_Short,-0.0017691055394979064,0.5274894610731408,-0.6321575524552642
SP500_D5_FWD,3y,MRDI_Long,-0.00014713615000689923,0.9583862089205984,-0.052197429894788386
SP500_D5_FWD,3y,MA20_MRDI,6.576939655916184e-05,0.9043717828807879,0.12018393427299287
SP500_D5_FWD,3y,MA60_MRDI,0.0002778569004577368,0.6363606965088972,0.4729990270082859
SP500_D5_FWD,3y,RiskScore,0.007941088725476449,0.7493471537116294,0.3196255637259586
SP500_D5_FWD,3y,RET_QQQ_20D,0.20421314343263391,0.5613518071410677,0.5811111381941045
SP500_D5_FWD,3y,RET_SP500_20D,-0.3470111906910427,0.49038566956068497,-0.6900576513430448
SP500_D5_FWD,3y,dQQQ_D,-0.3239352285780032,0.005175761869511536,-2.8046782826588172
SP500_D5_FWD,3y,dQQQ_W,0.0778094650918329,0.28959060154415267,1.0598197431331413
SP500_D5_FWD,3y,dQQQ_M,0.2042131434269957,0.56135180714456,0.5811111381889197
SP500_D5_FWD,3y,RET_SOX_20D,-0.03950464685039318,0.46639096169286604,-0.7287603580362749
SP500_D5_FWD,3y,dSOX_D,0.03147929617227332,0.09818945533168462,1.6558944771266564
SP500_D5_FWD,3y,dSOX_W,-0.000761994892950541,0.9698164140974984,-0.03785202001168454
SP500_D5_FWD,3y,dSOX_M,-0.039504646841660884,0.4663909617414856,-0.7287603579567558
SP500_D5_FWD,3y,dSP500_D,-0.11984541336166815,0.4257956600214571,-0.7968698494284376
SP500_D5_FWD,3y,dSP500_W,-0.10409447242345164,0.18526175217882773,-1.326026013149434
SP500_D5_FWD,3y,dSP500_M,-0.3470111908104906,0.49038566953247154,-0.6900576513879382
SP500_D6_FWD,3y,const,0.02986085730837442,0.22516052840376385,1.2139880714571403
SP500_D6_FWD,3y,VIX,0.00024144044086088978,0.2798442834354789,1.081504166164444
SP500_D6_FWD,3y,US10Y,-3.972289600680866e-05,0.9913717135914296,-0.010818016445495134
SP500_D6_FWD,3y,USDJPY,-0.00021689481220537143,0.08229391615559731,-1.7400190008969363
SP500_D6_FWD,3y,RET_QQQ,0.22012743263304535,0.057880034961452095,1.8997154697197083
SP500_D6_FWD,3y,RET_SOX,-0.04621521830086464,0.015620065629929555,-2.4235812855167893
SP500_D6_FWD,3y,RET_SP500,-0.08232255068849625,0.5852415489296924,-0.5459968765638055
SP500_D6_FWD,3y,RET_NASDAQ,-0.15714796905349046,0.5091312933355967,-0.6605286957726438
SP500_D6_FWD,3y,RET_DOW,-0.007826309236248965,0.9522843862261906,-0.059859734059288607
SP500_D6_FWD,3y,RET_VIX,-0.002118269370961409,0.7880327912393297,-0.2689687092728537
SP500_D6_FWD,3y,RET_US10Y,0.01705491824105493,0.7954209557667903,0.2593763017265029
SP500_D6_FWD,3y,RET_USDJPY,-0.10443580217284282,0.08656536148834294,-1.7162068611775878
SP500_D6_FWD,3y,RET_GOLD,-0.038178648932177824,0.17897553800964633,-1.3452604237096666
SP500_D6_FWD,3y,RET_TLT,0.07025307479966497,0.4762668893384938,0.7127021768609315
SP500_D6_FWD,3y,RET_QQQ_MA20,-13.282406104840279,0.36059237522440224,-0.914835005307198
SP500_D6_FWD,3y,RET_SOX_MA20,2.181584308710581,0.33767201130146035,0.9594309493738199
SP500_D6_FWD,3y,RET_SP500_MA20,24.472031055685733,0.22794170885950474,1.2067323744519856
SP500_D6_FWD,3y,RET_NASDAQ_MA20,1.150558042740572,0.5365411579871383,0.6183561633748906
SP500_D6_FWD,3y,RET_DOW_MA20,0.2942930461075671,0.7466675245683242,0.3231636778074643
SP500_D6_FWD,3y,RET_VIX_MA20,-0.0236488785597261,0.7375921284169492,-0.3351764367082754
SP500_D6_FWD,3y,RET_US10Y_MA20,1.0504389996853052,0.1677902308594926,1.3807663862471897
SP500_D6_FWD,3y,RET_USDJPY_MA20,0.07796295846911339,0.8805953680788646,0.15026923611092805
SP500_D6_FWD,3y,RET_GOLD_MA20,-0.1270748971774928,0.5480459372166239,-0.6009820458647519
SP500_D6_FWD,3y,RET_TLT_MA20,1.178393244336729,0.2680742501920321,1.1083871367768527
SP500_D6_FWD,3y,RET_QQQ_MA60,0.48855992784293034,0.8979709406583165,0.12827139292633682
SP500_D6_FWD,3y,RET_SOX_MA60,-0.48807557119806866,0.3957912527723274,-0.8496825987987252
SP500_D6_FWD,3y,RET_SP500_MA60,1.158866770210511,0.7893956388121821,0.26719742028192567
SP500_D6_FWD,3y,RET_NASDAQ_MA60,-0.9421351824436451,0.828108285503306,-0.2172093829966608
SP500_D6_FWD,3y,RET_DOW_MA60,-1.4981860932433662,0.4781945334495729,-0.7095892001885884
SP500_D6_FWD,3y,RET_VIX_MA60,-0.06080303728480408,0.7047182548476063,-0.3791134559315353
SP500_D6_FWD,3y,RET_US10Y_MA60,0.07469542178625416,0.9681945925121922,0.039886954312915654
SP500_D6_FWD,3y,RET_USDJPY_MA60,2.462618105856445,0.08548485125837084,1.7221388178863644
SP500_D6_FWD,3y,RET_GOLD_MA60,-0.7035694428132838,0.11752479858681213,-1.567173387080407
SP500_D6_FWD,3y,RET_TLT_MA60,1.6427171193438834,0.5439891142282672,0.6070875461074858
SP500_D6_FWD,3y,MRDI_Short,0.00019368305192162482,0.9449390542405114,0.06908824240652568
SP500_D6_FWD,3y,MRDI_Long,0.0006446021040315557,0.8195422134995507,0.22821930492152556
SP500_D6_FWD,3y,MA20_MRDI,0.00012401587961132318,0.8211272496610151,0.22618001733778853
SP500_D6_FWD,3y,MA60_MRDI,0.00041463488122659564,0.48137213116799327,0.7044726172422398
SP500_D6_FWD,3y,RiskScore,-0.004711093675378719,0.8499315236400491,-0.18927560537885238
SP500_D6_FWD,3y,RET_QQQ_20D,0.27396917840692425,0.43670457226448745,0.7782148523117143
SP500_D6_FWD,3y,RET_SP500_20D,-0.5868071828286834,0.2444601452196811,-1.1648876896114964
SP500_D6_FWD,3y,dQQQ_D,0.22012743296522122,0.05788003457864343,1.8997154726302183
SP500_D6_FWD,3y,dQQQ_W,-0.052348726513951546,0.4779139490918088,-0.7100418909864754
SP500_D6_FWD,3y,dQQQ_M,0.27396917840210183,0.43670457226707887,0.7782148523073149
SP500_D6_FWD,3y,RET_SOX_20D,-0.04450156473684917,0.41277593318028655,-0.8195059711346981
SP500_D6_FWD,3y,dSOX_D,-0.04621521917610587,0.015620063644779143,-2.423581332073119
SP500_D6_FWD,3y,dSOX_W,0.030155350669926074,0.13555692561486024,1.4942603461511685
SP500_D6_FWD,3y,dSOX_M,-0.0445015647369937,0.41277593317947586,-0.8195059711361203
SP500_D6_FWD,3y,dSP500_D,-0.08232255018657203,0.585241551178356,-0.5459968732907611
SP500_D6_FWD,3y,dSP500_W,-0.0012907178854248587,0.986934085845227,-0.016382261552509596
SP500_D6_FWD,3y,dSP500_M,-0.5868071828614053,0.2444601452203038,-1.1648876896099571
SP500_D7_FWD,3y,const,0.014640080721798064,0.5551558982335896,0.5903356466220026
SP500_D7_FWD,3y,VIX,0.00018680272320929412,0.4051582372138902,0.8329471377288826
SP500_D7_FWD,3y,US10Y,0.002110954375430819,0.5684364700441508,0.5706253823963805
SP500_D7_FWD,3y,USDJPY,-0.00018822180634168225,0.13362101001935925,-1.5017150562226012
SP500_D7_FWD,3y,RET_QQQ,0.030317420502941207,0.7947424744452305,0.260256338406208
SP500_D7_FWD,3y,RET_SOX,0.00832743055928098,0.6639035714775736,0.4347143447949284
SP500_D7_FWD,3y,RET_SP500,0.20371815478240118,0.1792525454214298,1.3444043432221435
SP500_D7_FWD,3y,RET_NASDAQ,-0.35481315399313135,0.1381708507019003,-1.4843301554934838
SP500_D7_FWD,3y,RET_DOW,-0.18233479481296536,0.1655477519209994,-1.3880994396064497
SP500_D7_FWD,3y,RET_VIX,-0.0041998124736837665,0.5958011143342711,-0.5306908386038498
SP500_D7_FWD,3y,RET_US10Y,-0.06113128118882797,0.35637961605024465,-0.9228947081621304
SP500_D7_FWD,3y,RET_USDJPY,-0.024030165539048593,0.6944212369236968,-0.3930240118814527
SP500_D7_FWD,3y,RET_GOLD,0.0202953863125429,0.4767806168791546,0.7118724222615664
SP500_D7_FWD,3y,RET_TLT,-0.0306021554462151,0.7581466462978862,-0.3080357343598995
SP500_D7_FWD,3y,RET_QQQ_MA20,-12.84602707037761,0.37875286265378055,-0.880753961421723
SP500_D7_FWD,3y,RET_SOX_MA20,0.47277335823619676,0.8361448903739144,0.20690403373607447
SP500_D7_FWD,3y,RET_SP500_MA20,29.70059755419057,0.1453247020569525,1.4578682629126796
SP500_D7_FWD,3y,RET_NASDAQ_MA20,1.8263272096611674,0.32957307226130717,0.9756528719473884
SP500_D7_FWD,3y,RET_DOW_MA20,0.09753549137458217,0.9151664585266828,0.10656262493638548
SP500_D7_FWD,3y,RET_VIX_MA20,-0.022244247823530884,0.75374897426384,-0.3138228192501844
SP500_D7_FWD,3y,RET_US10Y_MA20,0.4682820523589624,0.5402487767866753,0.6127373001228086
SP500_D7_FWD,3y,RET_USDJPY_MA20,0.45331436377526113,0.3849261251541952,0.8693996975356305
SP500_D7_FWD,3y,RET_GOLD_MA20,-0.18715486655114622,0.3803385936017749,-0.8778265827890256
SP500_D7_FWD,3y,RET_TLT_MA20,0.7535757394258472,0.4806849624545762,0.7055780689608976
SP500_D7_FWD,3y,RET_QQQ_MA60,-0.8375136716732225,0.8268203765200964,-0.2188631255783721
SP500_D7_FWD,3y,RET_SOX_MA60,-0.10394377959578543,0.8574653282828913,-0.17966775716689817
SP500_D7_FWD,3y,RET_SP500_MA60,-0.5590778294618307,0.8979413914482639,-0.12830881338135477
SP500_D7_FWD,3y,RET_NASDAQ_MA60,0.7086275951143005,0.8708840846081551,0.1625951235008844
SP500_D7_FWD,3y,RET_DOW_MA60,0.32795747859472696,0.877167125297295,0.15461782079945732
SP500_D7_FWD,3y,RET_VIX_MA60,-0.002618782971878165,0.9870367639267644,-0.016253518918692235
SP500_D7_FWD,3y,RET_US10Y_MA60,-0.0297270120116589,0.987397298345737,-0.015801436707947283
SP500_D7_FWD,3y,RET_USDJPY_MA60,1.0331035464829106,0.4723452193286504,0.719057331273774
SP500_D7_FWD,3y,RET_GOLD_MA60,-0.32591327257749,0.471066643788823,-0.7211353978539548
SP500_D7_FWD,3y,RET_TLT_MA60,0.6829258827918953,0.8017456363776899,0.25118377874768766
SP500_D7_FWD,3y,MRDI_Short,-0.0015030290803208883,0.5938068634222262,-0.5335719380713534
SP500_D7_FWD,3y,MRDI_Long,-0.0009702658815768688,0.732489595491366,-0.3419518790094678
SP500_D7_FWD,3y,MA20_MRDI,0.0007441356744522415,0.17729137875631015,1.3505002641305675
SP500_D7_FWD,3y,MA60_MRDI,0.00033743631966610775,0.5685828068597741,0.5704094428904407
SP500_D7_FWD,3y,RiskScore,0.010706439636051326,0.668678638877257,0.42814283738719683
SP500_D7_FWD,3y,RET_QQQ_20D,0.2702846026145883,0.44497447692391506,0.764251623658367
SP500_D7_FWD,3y,RET_SP500_20D,-0.7371446960260666,0.14565510562034056,-1.4566705284459933
SP500_D7_FWD,3y,dQQQ_D,0.030317420962804223,0.7947424713959123,0.260256342361203
SP500_D7_FWD,3y,dQQQ_W,-0.03843030627334889,0.6043928274684496,-0.518328247286996
SP500_D7_FWD,3y,dQQQ_M,0.2702846026120444,0.4449744769256455,0.7642516236554608
SP500_D7_FWD,3y,RET_SOX_20D,-0.008170531733875174,0.8810073159684063,-0.14974697771161555
SP500_D7_FWD,3y,dSOX_D,0.008327431416962072,0.6639035390651029,0.43471438946490243
SP500_D7_FWD,3y,dSOX_W,0.015294585905051656,0.4508545691479852,0.7544130815947808
SP500_D7_FWD,3y,dSOX_M,-0.008170531740534167,0.8810073158787568,-0.14974697782528373
SP500_D7_FWD,3y,dSP500_D,0.20371815444493047,0.1792525461673559,1.3444043409130493
SP500_D7_FWD,3y,dSP500_W,0.020416699750818453,0.7968590314555897,0.2575121215999732
SP500_D7_FWD,3y,dSP500_M,-0.7371446961277439,0.14565510562831083,-1.456670528417126
SP500_D8_FWD,3y,const,0.021147495165811363,0.3940774346068972,0.8527720048715259
SP500_D8_FWD,3y,VIX,-0.0001958161864992,0.3813924092654679,-0.8758861037839768
SP500_D8_FWD,3y,US10Y,0.003588447690366992,0.331331486755462,0.9721102526286801
SP500_D8_FWD,3y,USDJPY,-0.0002290440830652229,0.06764691948151581,-1.8301878585545683
SP500_D8_FWD,3y,RET_QQQ,-0.0300283116795463,0.795995494320352,-0.2586316434689462
SP500_D8_FWD,3y,RET_SOX,0.021978535089002393,0.2500587545829869,1.1511617384052117
SP500_D8_FWD,3y,RET_SP500,-0.16523120421832607,0.2743349063963192,-1.0939917412512863
SP500_D8_FWD,3y,RET_NASDAQ,0.17394132679839897,0.4657374473530133,0.7298313256994852
SP500_D8_FWD,3y,RET_DOW,0.06691451863658965,0.6094348790122969,0.5111104562351012
SP500_D8_FWD,3y,RET_VIX,-0.003668513851680303,0.6419983825328707,-0.465108537356071
SP500_D8_FWD,3y,RET_US10Y,0.052367406778511476,0.4281381121652392,0.7928426882763194
SP500_D8_FWD,3y,RET_USDJPY,-0.012340880141579188,0.8395748384599793,-0.20251261905868623
SP500_D8_FWD,3y,RET_GOLD,-0.012677659856978357,0.6556651565746073,-0.44609696512788544
SP500_D8_FWD,3y,RET_TLT,0.12954881499868273,0.19117539484654295,1.3083755458820725
SP500_D8_FWD,3y,RET_QQQ_MA20,0.24748987598082547,0.986421233414431,0.017025362876677316
SP500_D8_FWD,3y,RET_SOX_MA20,-2.518056779480663,0.2694065854353842,-1.10530642278334
SP500_D8_FWD,3y,RET_SP500_MA20,17.554294709873464,0.3875826017430962,0.8645488832620108
SP500_D8_FWD,3y,RET_NASDAQ_MA20,1.6611352001785855,0.3741634829843298,0.8892699998020762
SP500_D8_FWD,3y,RET_DOW_MA20,0.19476784769446528,0.8311394189163207,0.21332008758157453
SP500_D8_FWD,3y,RET_VIX_MA20,0.06759922441659737,0.3390598874211599,0.9566783875252166
SP500_D8_FWD,3y,RET_US10Y_MA20,0.03833806090774735,0.9598769932962732,0.0503259599605766
SP500_D8_FWD,3y,RET_USDJPY_MA20,0.3157296971606975,0.5438545480105326,0.6072913009139964
SP500_D8_FWD,3y,RET_GOLD_MA20,-0.2564683881955222,0.2300438175584482,-1.2012931051274038
SP500_D8_FWD,3y,RET_TLT_MA20,-0.08560009479019855,0.9359308096923221,-0.08041421025233367
SP500_D8_FWD,3y,RET_QQQ_MA60,0.5628176034402369,0.8827276252768844,0.1475661989721534
SP500_D8_FWD,3y,RET_SOX_MA60,0.047422257113676584,0.9347780843210772,0.08186422551532574
SP500_D8_FWD,3y,RET_SP500_MA60,0.3059274952859386,0.9438639676505131,0.07043950447470912
SP500_D8_FWD,3y,RET_NASDAQ_MA60,-1.8054694913133444,0.6778019245145904,-0.4156385078357195
SP500_D8_FWD,3y,RET_DOW_MA60,0.6795449019981028,0.7480212267462697,0.32137623143203664
SP500_D8_FWD,3y,RET_VIX_MA60,0.042149601281234905,0.793090451504266,0.2623997710807588
SP500_D8_FWD,3y,RET_US10Y_MA60,-0.2097703933809954,0.9109683107145258,-0.11185769045374844
SP500_D8_FWD,3y,RET_USDJPY_MA60,1.7329096441364118,0.22666741177317326,1.2100519632365276
SP500_D8_FWD,3y,RET_GOLD_MA60,0.057934365153653765,0.8980287913945502,0.128198394878123
SP500_D8_FWD,3y,RET_TLT_MA60,0.6167424809066003,0.8200295524538096,0.22759244353666186
SP500_D8_FWD,3y,MRDI_Short,-0.0017001356898202259,0.5457833981988187,-0.6043852159871529
SP500_D8_FWD,3y,MRDI_Long,0.0025819673551557014,0.3617393505986857,0.9126528662508612
SP500_D8_FWD,3y,MA20_MRDI,0.0004720450503357938,0.3909917645831824,0.8583523035993359
SP500_D8_FWD,3y,MA60_MRDI,9.707598324564095e-05,0.8694229864856867,0.16445176931732583
SP500_D8_FWD,3y,RiskScore,-0.003062497644585468,0.9023432728437994,-0.12274624683355086
SP500_D8_FWD,3y,RET_QQQ_20D,-0.03934948392616104,0.9111433776133375,-0.11163682156417087
SP500_D8_FWD,3y,RET_SP500_20D,-0.4394863903928227,0.3838496947631987,-0.871372224604454
SP500_D8_FWD,3y,dQQQ_D,-0.03002831159430767,0.7959954948838615,-0.2586316427383772
SP500_D8_FWD,3y,dQQQ_W,-0.03664772543051245,0.6204663794139387,-0.49540977097518313
SP500_D8_FWD,3y,dQQQ_M,-0.039349483921616225,0.9111433776260761,-0.11163682154809994
SP500_D8_FWD,3y,RET_SOX_20D,0.06256250893989641,0.25045205133764636,1.1502054411488447
SP500_D8_FWD,3y,dSOX_D,0.021978534803595136,0.25005876062611315,1.151161723703324
SP500_D8_FWD,3y,dSOX_W,0.005652647658661744,0.7797914220445937,0.2796985425959455
SP500_D8_FWD,3y,dSOX_M,0.06256250894015462,0.25045205133190634,1.1502054411627938
SP500_D8_FWD,3y,dSP500_D,-0.16523120429960325,0.2743349061794736,-1.0939917417460532
SP500_D8_FWD,3y,dSP500_W,0.02641602848890803,0.7386116071412011,0.33382498385555315
SP500_D8_FWD,3y,dSP500_M,-0.43948639035771436,0.38384969473027764,-0.8713722246648088
SP500_D9_FWD,3y,const,-0.007624412207236261,0.7617444083929927,-0.30330930202352274
SP500_D9_FWD,3y,VIX,4.434271362681437e-05,0.843878989964908,0.19700743229695736
SP500_D9_FWD,3y,US10Y,0.005088176717357205,0.1724647688869776,1.365724382813737
SP500_D9_FWD,3y,USDJPY,-0.0001012371594054764,0.42342242503039007,-0.800967844985315
SP500_D9_FWD,3y,RET_QQQ,0.07150627641228965,0.5409845770260769,0.6116252777411306
SP500_D9_FWD,3y,RET_SOX,-0.009020695655937286,0.6389824890696961,-0.4693266995935151
SP500_D9_FWD,3y,RET_SP500,-0.19843085259427856,0.19269232429559474,-1.3039134526369522
SP500_D9_FWD,3y,RET_NASDAQ,0.07795375810258848,0.7453306965299751,0.324930764260092
SP500_D9_FWD,3y,RET_DOW,0.12097770503725591,0.3591436264410732,0.9176022599418886
SP500_D9_FWD,3y,RET_VIX,-0.001207270981657244,0.8793307272212131,-0.15187325315738698
SP500_D9_FWD,3y,RET_US10Y,0.06907953510550527,0.29917743921835416,1.0389710727488082
SP500_D9_FWD,3y,RET_USDJPY,-0.06613948480146456,0.28131577124333434,-1.0782015059123797
SP500_D9_FWD,3y,RET_GOLD,0.05997346312938023,0.03643111554781342,2.096113423924235
SP500_D9_FWD,3y,RET_TLT,0.040994186810853206,0.6809807800269368,0.4112970803839836
SP500_D9_FWD,3y,RET_QQQ_MA20,5.639846753896274,0.7003264036981258,0.3850379825443288
SP500_D9_FWD,3y,RET_SOX_MA20,-3.427353704120071,0.13603964256674295,-1.4924223535303527
SP500_D9_FWD,3y,RET_SP500_MA20,15.660414568910223,0.4442986038536688,0.7653884694926204
SP500_D9_FWD,3y,RET_NASDAQ_MA20,0.7750943944313435,0.6803325231758588,0.4121818361980875
SP500_D9_FWD,3y,RET_DOW_MA20,0.2062497935132211,0.8229072902933832,0.223891320675964
SP500_D9_FWD,3y,RET_VIX_MA20,0.07755778440160961,0.2764281216640228,1.0892293773279678
SP500_D9_FWD,3y,RET_US10Y_MA20,0.0611230462018017,0.9365139683971567,0.07968075954705044
SP500_D9_FWD,3y,RET_USDJPY_MA20,0.45829882792912646,0.3816252004678721,0.8754585062395398
SP500_D9_FWD,3y,RET_GOLD_MA20,-0.4489103310015896,0.0378264496587544,-2.080683802123444
SP500_D9_FWD,3y,RET_TLT_MA20,0.33007917722149843,0.7582467733260192,0.3079044378349576
SP500_D9_FWD,3y,RET_QQQ_MA60,-0.6033958357165927,0.8751710315884536,-0.15715124629543345
SP500_D9_FWD,3y,RET_SOX_MA60,0.011099189968965084,0.9848860492677484,0.01895044000540057
SP500_D9_FWD,3y,RET_SP500_MA60,1.3822692127009488,0.7519680687339808,0.316169730038205
SP500_D9_FWD,3y,RET_NASDAQ_MA60,-1.094834333235131,0.8023799222183763,-0.2503633689653712
SP500_D9_FWD,3y,RET_DOW_MA60,0.661206035357728,0.7562053837171264,0.310589387533538
SP500_D9_FWD,3y,RET_VIX_MA60,0.06129479966201749,0.7047855637682294,0.379023434443869
SP500_D9_FWD,3y,RET_US10Y_MA60,-1.462365310857682,0.43898116748142535,-0.7743576304990605
SP500_D9_FWD,3y,RET_USDJPY_MA60,1.1588733771811994,0.42208753933530013,0.8032772896961036
SP500_D9_FWD,3y,RET_GOLD_MA60,0.08080410964215701,0.8594895478159092,0.17708929811578586
SP500_D9_FWD,3y,RET_TLT_MA60,-1.383480092657797,0.6122660179063776,-0.5070694457601096
SP500_D9_FWD,3y,MRDI_Short,-0.0008835274528217118,0.7551686147504707,-0.31195386172545025
SP500_D9_FWD,3y,MRDI_Long,-0.0003075607532738618,0.9140661694019472,-0.10795020530265946
SP500_D9_FWD,3y,MA20_MRDI,0.00015765473862231703,0.7761072901576379,0.2845054903509113
SP500_D9_FWD,3y,MA60_MRDI,0.00013288444751987006,0.8233643061543932,0.22330380676760336
SP500_D9_FWD,3y,RiskScore,0.005168131532542098,0.837078058605657,0.2057090816774907
SP500_D9_FWD,3y,RET_QQQ_20D,-0.15126738475481544,0.6702726614468725,-0.42595376575222077
SP500_D9_FWD,3y,RET_SP500_20D,-0.382721529721943,0.4515879814598714,-0.7531922731261346
SP500_D9_FWD,3y,dQQQ_D,0.07150627640353663,0.5409845770766885,0.6116252776646076
SP500_D9_FWD,3y,dQQQ_W,-0.031547093483725856,0.6724359640494595,-0.4229854644822546
SP500_D9_FWD,3y,dQQQ_M,-0.1512673847548539,0.6702726614466185,-0.4259537657525693
SP500_D9_FWD,3y,RET_SOX_20D,0.084009329678576,0.12582464944391786,1.5326090828739938
SP500_D9_FWD,3y,dSOX_D,-0.009020695607234949,0.6389824909030494,-0.46932669702694696
SP500_D9_FWD,3y,dSOX_W,0.0038540088422380075,0.8498361852905061,0.18939760157844465
SP500_D9_FWD,3y,dSOX_M,0.08400932967853411,0.12582464944427849,1.532609082872531
SP500_D9_FWD,3y,dSP500_D,-0.19843085265429344,0.19269232419069668,-1.3039134529447414
SP500_D9_FWD,3y,dSP500_W,0.03152507082846169,0.6930833248041016,0.39483741986579335
SP500_D9_FWD,3y,dSP500_M,-0.38272152972440715,0.45158798146670015,-0.7531922731147618
SP500_D10_FWD,3y,const,-0.01996636564534776,0.42799961780597245,-0.7930818698740767
SP500_D10_FWD,3y,VIX,9.795289408951728e-05,0.6625254182808004,0.43661526102205844
SP500_D10_FWD,3y,US10Y,0.0032748742697558684,0.37848965229605896,0.8812429982003324
SP500_D10_FWD,3y,USDJPY,2.8947674687139655e-05,0.8190200385137074,0.2288918280588807
SP500_D10_FWD,3y,RET_QQQ,0.05669646874189788,0.6295217497764266,0.48261315944210714
SP500_D10_FWD,3y,RET_SOX,0.009595157044777378,0.6179285276417605,0.4990114774556313
SP500_D10_FWD,3y,RET_SP500,0.3211258086423629,0.03461377720378048,2.1169908869263234
SP500_D10_FWD,3y,RET_NASDAQ,-0.4654054273284822,0.05303801676603997,-1.9379030586153245
SP500_D10_FWD,3y,RET_DOW,-0.16562665999626305,0.2079592880139906,-1.2603639166135705
SP500_D10_FWD,3y,RET_VIX,0.003884922142169258,0.6244603068234479,0.4897562091429075
SP500_D10_FWD,3y,RET_US10Y,-0.009675196939562128,0.8840186811445472,-0.14593012657401236
SP500_D10_FWD,3y,RET_USDJPY,-0.03655482577868097,0.550563605977261,-0.5972058790402529
SP500_D10_FWD,3y,RET_GOLD,0.026625603352063452,0.35099584017084723,0.933284458031607
SP500_D10_FWD,3y,RET_TLT,0.010787564034988997,0.9135770098660917,0.1085671610166958
SP500_D10_FWD,3y,RET_QQQ_MA20,10.889825120807556,0.45597748517211745,0.7459024169723661
SP500_D10_FWD,3y,RET_SOX_MA20,-3.8977645682690993,0.08938394703462878,-1.701023582137272
SP500_D10_FWD,3y,RET_SP500_MA20,6.285847481686895,0.7580600609377215,0.3081500926814096
SP500_D10_FWD,3y,RET_NASDAQ_MA20,2.4825639602896574,0.18583120750425053,1.3243171338245157
SP500_D10_FWD,3y,RET_DOW_MA20,-0.04738687572905473,0.9588662543536907,-0.05159488777868558
SP500_D10_FWD,3y,RET_VIX_MA20,0.0016958842146590964,0.9809429086885335,0.023895355169733436
SP500_D10_FWD,3y,RET_US10Y_MA20,-0.1855476237847981,0.8084013677064235,-0.24258086462840522
SP500_D10_FWD,3y,RET_USDJPY_MA20,0.4013112118998341,0.44212687260946104,0.7690447738030678
SP500_D10_FWD,3y,RET_GOLD_MA20,-0.44162306972498155,0.04104053044038307,-2.0469136294522197
SP500_D10_FWD,3y,RET_TLT_MA20,0.06225567752795404,0.9535733899988245,0.05824092697004149
SP500_D10_FWD,3y,RET_QQQ_MA60,0.4091164609589969,0.9148972616638176,0.10690222989276188
SP500_D10_FWD,3y,RET_SOX_MA60,-0.029273388184465413,0.96030154373934,-0.049793057584048214
SP500_D10_FWD,3y,RET_SP500_MA60,0.7864992326087028,0.8568404321091573,0.18046433653943103
SP500_D10_FWD,3y,RET_NASDAQ_MA60,-1.0736994118585181,0.8055249925011034,-0.24629667812166978
SP500_D10_FWD,3y,RET_DOW_MA60,1.034124972083531,0.6265556592927991,0.48679609218891073
SP500_D10_FWD,3y,RET_VIX_MA60,0.1203839178798081,0.4563568895462992,0.7452741341125912
SP500_D10_FWD,3y,RET_US10Y_MA60,-1.2825278529519013,0.49592938228534633,-0.6812656277403687
SP500_D10_FWD,3y,RET_USDJPY_MA60,-0.7185695940732736,0.6176421408510551,-0.49941825108025995
SP500_D10_FWD,3y,RET_GOLD_MA60,0.16151861741591764,0.7231725530017586,0.35436478023266776
SP500_D10_FWD,3y,RET_TLT_MA60,-1.835791518677069,0.4998845854977869,-0.6750231580566386
SP500_D10_FWD,3y,MRDI_Short,-0.0010233343275934993,0.7177527316740757,-0.36161025946490366
SP500_D10_FWD,3y,MRDI_Long,-0.0021819730548288977,0.4430504621821788,-0.767488838369281
SP500_D10_FWD,3y,MA20_MRDI,-0.00012779867681595456,0.8170843250234711,-0.23138397461926202
SP500_D10_FWD,3y,MA60_MRDI,-6.850827424840297e-05,0.908548522633044,-0.11491124092065955
SP500_D10_FWD,3y,RiskScore,0.015819120986889777,0.5284819586953042,0.6306406115042881
SP500_D10_FWD,3y,RET_QQQ_20D,-0.307556807956607,0.38520641997738236,-0.8688891610169048
SP500_D10_FWD,3y,RET_SP500_20D,-0.18448380774002485,0.7158714884393431,-0.36412962728360715
SP500_D10_FWD,3y,dQQQ_D,0.056696468701819665,0.6295217500121139,0.4826131591100657
SP500_D10_FWD,3y,dQQQ_W,-0.02154478169412643,0.7721115988181306,-0.289726400688302
SP500_D10_FWD,3y,dQQQ_M,-0.30755680795660656,0.38520641997736393,-0.8688891610169386
SP500_D10_FWD,3y,RET_SOX_20D,0.09831873050497623,0.07262636932432547,1.7978906878322092
SP500_D10_FWD,3y,dSOX_D,0.009595157028329304,0.6179285282553272,0.49901147658423134
SP500_D10_FWD,3y,dSOX_W,-0.003063992380493212,0.8804379528964954,-0.15046915818274792
SP500_D10_FWD,3y,dSOX_M,0.09831873050497594,0.07262636932432912,1.7978906878321859
SP500_D10_FWD,3y,dSP500_D,0.321125808663072,0.03461377719693545,2.116990887006685
SP500_D10_FWD,3y,dSP500_W,0.004792638230255314,0.9519965727877143,0.06022135846289688
SP500_D10_FWD,3y,dSP500_M,-0.18448380773770293,0.715871488449095,-0.36412962727054166
